order_id,customer_id,order_date,product_id,category,price,quantity,payment_method,order_status,city
1,1102,2024-08-30,120,Beauty,690.08,2,COD,Delivered,Mumbai
2,1435,2024-03-13,126,Fashion,793.99,3,Card,Returned,Bangalore
3,1860,2024-02-18,55,Fashion,587.19,1,COD,Delivered,Chennai
4,1270,2024-04-10,27,Books,909.83,1,COD,Delivered,Ahmedabad
5,1106,2024-01-02,118,Sports,942.57,1,COD,Delivered,Ahmedabad
6,1071,2024-08-31,53,Home,73.68,2,Card,Delivered,Delhi
7,1700,2024-06-24,39,Beauty,408.35,3,UPI,Delivered,Kolkata
8,1020,2024-08-25,65,Fashion,33.22,2,Card,Delivered,Delhi
9,1614,2024-02-28,145,Beauty,336.12,3,UPI,Delivered,Hyderabad
10,1121,2024-12-18,158,Books,541.5,4,UPI,Delivered,Kolkata
11,1466,2024-04-08,181,Home,911.69,2,UPI,Delivered,Bangalore
12,1214,2024-12-24,13,Electronics,848.09,1,COD,Returned,Pune
13,1330,2024-01-02,21,Fashion,136.22,4,UPI,Delivered,Pune
14,1458,2024-08-30,147,Home,102.1,3,Card,Delivered,Kolkata
15,1087,2024-10-23,53,Beauty,593.37,2,Card,Delivered,Kolkata
16,1372,2024-07-29,19,Books,536.8,3,UPI,Delivered,Kolkata
17,1099,2024-05-02,57,Home,273.71,3,Card,Delivered,Pune
18,1871,2024-08-16,25,Electronics,900.46,2,Card,Delivered,Chennai
19,1663,2024-03-22,31,Home,928.09,2,COD,Cancelled,Ahmedabad
20,1130,2024-05-23,81,Books,408.59,3,UPI,Delivered,Ahmedabad
21,1661,2024-05-19,183,Beauty,891.4,3,UPI,Delivered,Pune
22,1308,2024-01-29,23,Fashion,390.11,4,Card,Delivered,Bangalore
23,1769,2024-09-26,32,Fashion,739.45,1,UPI,Delivered,Ahmedabad
24,1343,2024-09-03,190,Sports,481.18,3,UPI,Delivered,Hyderabad
25,1491,2024-01-12,74,Beauty,131.36,1,UPI,Delivered,Hyderabad
26,1413,2024-12-20,10,Sports,928.65,4,Card,Delivered,Ahmedabad
27,1805,2024-12-02,200,Sports,459.56,1,UPI,Returned,Bangalore
28,1385,2024-04-15,54,Books,737.14,1,Card,Delivered,Pune
29,1191,2024-02-01,52,Books,373.5,4,COD,Delivered,Bangalore
30,1955,2024-03-14,148,Books,28.69,3,Card,Delivered,Kolkata
31,1276,2024-06-19,160,Electronics,109.53,1,UPI,Returned,Ahmedabad
32,1160,2024-12-02,114,Beauty,501.26,3,UPI,Delivered,Ahmedabad
33,1459,2024-03-09,14,Fashion,693.06,3,UPI,Delivered,Kolkata
34,1313,2024-10-27,178,Beauty,341.39,2,UPI,Cancelled,Bangalore
35,1021,2024-12-27,156,Books,698.53,3,UPI,Delivered,Kolkata
36,1252,2024-05-16,110,Electronics,701.65,3,UPI,Delivered,Mumbai
37,1747,2024-04-09,53,Beauty,706.9,1,Card,Delivered,Hyderabad
38,1856,2024-05-25,152,Beauty,497.6,3,COD,Delivered,Delhi
39,1560,2024-01-09,79,Sports,915.74,3,COD,Delivered,Pune
40,1474,2024-03-02,22,Beauty,494.3,2,UPI,Returned,Pune
41,1058,2024-07-03,30,Sports,455.76,2,Card,Cancelled,Mumbai
42,1510,2024-01-29,191,Sports,207.39,1,UPI,Delivered,Chennai
43,1681,2024-04-23,4,Home,314.58,1,Card,Delivered,Delhi
44,1475,2024-05-22,59,Books,51.91,2,UPI,Delivered,Delhi
45,1699,2024-04-29,8,Electronics,637.2,2,COD,Delivered,Delhi
46,1975,2024-06-18,12,Sports,256.05,4,COD,Delivered,Kolkata
47,1782,2024-06-05,119,Beauty,311.11,3,UPI,Delivered,Hyderabad
48,1189,2024-11-30,159,Sports,773.11,1,Card,Delivered,Chennai
49,1957,2024-12-14,34,Sports,333.95,1,Card,Delivered,Mumbai
50,1686,2024-09-16,82,Sports,249.77,3,UPI,Returned,Kolkata
51,1957,2024-03-22,98,Fashion,177.37,3,Card,Delivered,Chennai
52,1562,2024-08-29,127,Fashion,777.11,1,Card,Delivered,Pune
53,1875,2024-06-20,75,Fashion,138.41,2,COD,Cancelled,Mumbai
54,1566,2024-08-18,105,Fashion,459.22,2,Card,Returned,Kolkata
55,1243,2024-07-26,49,Home,511.86,3,Card,Delivered,Hyderabad
56,1831,2024-03-15,79,Sports,690.52,1,COD,Delivered,Pune
57,1504,2024-09-26,185,Home,636.95,3,COD,Delivered,Chennai
58,1130,2024-04-23,93,Beauty,812.61,2,UPI,Delivered,Delhi
59,1484,2024-03-02,154,Books,54.3,4,UPI,Delivered,Ahmedabad
60,1818,2024-12-27,18,Electronics,303.48,4,Card,Returned,Chennai
61,1646,2024-11-15,96,Home,287.33,2,COD,Cancelled,Pune
62,1020,2024-04-11,38,Fashion,154.56,3,UPI,Delivered,Kolkata
63,1840,2024-12-27,87,Fashion,296.29,4,UPI,Delivered,Kolkata
64,1166,2024-07-28,88,Beauty,316.67,2,UPI,Delivered,Hyderabad
65,1273,2024-09-11,50,Sports,526.67,1,Card,Delivered,Hyderabad
66,1387,2024-01-20,8,Electronics,667.07,3,COD,Delivered,Hyderabad
67,1600,2024-02-27,169,Home,387.29,3,UPI,Cancelled,Mumbai
68,1315,2024-04-21,134,Sports,722.28,4,UPI,Delivered,Ahmedabad
69,1013,2024-11-08,69,Sports,342.8,3,COD,Delivered,Chennai
70,1241,2024-07-14,172,Books,297.38,4,UPI,Delivered,Delhi
71,1776,2024-12-18,121,Books,545.78,4,COD,Delivered,Kolkata
72,1345,2024-04-01,64,Home,33.48,2,UPI,Cancelled,Delhi
73,1564,2024-02-21,157,Home,88.99,4,Card,Delivered,Bangalore
74,1897,2024-10-19,156,Home,423.79,1,Card,Delivered,Hyderabad
75,1339,2024-01-08,139,Home,943.48,3,Card,Cancelled,Pune
76,1091,2024-10-26,121,Fashion,724.3,4,COD,Delivered,Delhi
77,1366,2024-04-07,65,Sports,97.25,3,COD,Delivered,Hyderabad
78,1955,2024-08-23,107,Sports,847.85,4,COD,Delivered,Delhi
79,1454,2024-03-09,147,Fashion,734.98,2,UPI,Delivered,Chennai
80,1427,2024-02-14,137,Sports,614.84,1,UPI,Delivered,Bangalore
81,1508,2024-05-16,155,Home,822.09,3,UPI,Delivered,Hyderabad
82,1775,2024-08-21,162,Electronics,410.07,2,COD,Delivered,Mumbai
83,1942,2024-02-01,172,Books,229.29,3,Card,Delivered,Mumbai
84,1034,2024-10-15,196,Books,516.9,2,COD,Returned,Ahmedabad
85,1205,2024-05-05,100,Sports,553.35,1,COD,Delivered,Delhi
86,1080,2024-03-07,82,Electronics,542.94,4,Card,Cancelled,Kolkata
87,1931,2024-01-30,143,Books,569.42,2,COD,Delivered,Chennai
88,1561,2024-04-23,51,Electronics,949.22,3,COD,Delivered,Pune
89,1871,2024-07-22,141,Fashion,903.22,3,COD,Delivered,Ahmedabad
90,1387,2024-01-29,83,Beauty,876.96,2,Card,Delivered,Ahmedabad
91,1001,2024-05-10,177,Sports,803.4,1,COD,Delivered,Kolkata
92,1389,2024-07-03,198,Fashion,943.99,1,UPI,Delivered,Hyderabad
93,1565,2024-09-09,112,Fashion,107.51,4,Card,Delivered,Bangalore
94,1105,2024-10-12,56,Electronics,272.47,4,UPI,Returned,Ahmedabad
95,1771,2024-03-02,179,Sports,500.11,3,UPI,Delivered,Ahmedabad
96,1821,2024-01-03,165,Fashion,848.07,3,COD,Delivered,Chennai
97,1476,2024-03-08,145,Home,510.11,4,Card,Delivered,Delhi
98,1702,2024-01-25,186,Fashion,750.55,4,UPI,Delivered,Chennai
99,1401,2024-06-27,157,Home,147.57,4,UPI,Returned,Bangalore
100,1729,2024-05-20,161,Beauty,259.89,2,COD,Delivered,Chennai
101,1555,2024-08-18,60,Home,734.46,4,COD,Delivered,Hyderabad
102,1161,2024-10-26,120,Home,173.09,2,UPI,Delivered,Ahmedabad
103,1201,2024-06-11,183,Electronics,357.84,2,COD,Delivered,Delhi
104,1957,2024-11-06,138,Fashion,272.22,4,UPI,Delivered,Bangalore
105,1995,2024-05-09,175,Beauty,356.36,1,Card,Delivered,Ahmedabad
106,1269,2024-09-02,23,Fashion,711.24,1,Card,Delivered,Delhi
107,1862,2024-10-23,149,Home,374.17,3,COD,Delivered,Pune
108,1815,2024-06-20,13,Books,559.71,4,COD,Delivered,Ahmedabad
109,1270,2024-03-04,101,Home,108.93,3,UPI,Delivered,Hyderabad
110,1455,2024-01-31,161,Fashion,806.97,4,Card,Returned,Bangalore
111,1461,2024-02-16,24,Beauty,376.19,3,UPI,Cancelled,Pune
112,1726,2024-05-09,108,Books,652.05,2,Card,Cancelled,Pune
113,1251,2024-12-17,11,Beauty,728.14,4,Card,Returned,Pune
114,1701,2024-11-28,17,Electronics,217.56,1,UPI,Delivered,Bangalore
115,1295,2024-04-19,196,Home,885.83,4,UPI,Delivered,Delhi
116,1724,2024-03-09,175,Home,620.06,3,UPI,Delivered,Chennai
117,1719,2024-02-27,25,Electronics,434.44,3,Card,Cancelled,Chennai
118,1748,2024-04-15,94,Fashion,190.51,3,Card,Delivered,Pune
119,1337,2024-10-26,21,Home,942.88,3,UPI,Delivered,Mumbai
120,1878,2024-11-25,84,Fashion,757.52,3,COD,Cancelled,Mumbai
121,1052,2024-09-12,140,Beauty,215.94,3,UPI,Delivered,Bangalore
122,1791,2024-11-07,37,Books,344.33,1,Card,Delivered,Delhi
123,1921,2024-06-19,42,Books,811.58,3,Card,Delivered,Bangalore
124,1216,2024-06-10,145,Books,698.72,1,UPI,Delivered,Delhi
125,1763,2024-10-12,101,Sports,768.13,4,UPI,Delivered,Hyderabad
126,1187,2024-03-11,48,Electronics,446.79,2,COD,Delivered,Mumbai
127,1379,2024-09-11,103,Books,719.31,1,Card,Delivered,Bangalore
128,1492,2024-02-24,28,Home,392.63,4,UPI,Delivered,Kolkata
129,1040,2024-11-18,41,Electronics,219.15,2,UPI,Delivered,Ahmedabad
130,1156,2024-01-03,99,Beauty,636.35,1,COD,Delivered,Hyderabad
131,1014,2024-01-26,47,Beauty,976.25,1,UPI,Returned,Chennai
132,1812,2024-11-08,146,Beauty,317.49,4,COD,Delivered,Mumbai
133,1064,2024-05-05,105,Beauty,466.36,3,UPI,Returned,Delhi
134,1856,2024-02-22,124,Sports,677.26,1,Card,Delivered,Pune
135,1838,2024-07-16,199,Fashion,546.09,1,UPI,Delivered,Ahmedabad
136,1520,2024-10-25,13,Fashion,844.99,4,COD,Delivered,Chennai
137,1343,2024-07-06,141,Books,764.13,3,Card,Delivered,Chennai
138,1128,2024-07-04,100,Sports,67.71,2,Card,Delivered,Hyderabad
139,1647,2024-10-31,31,Fashion,998.44,3,UPI,Delivered,Ahmedabad
140,1471,2024-10-24,130,Beauty,754.88,3,UPI,Delivered,Kolkata
141,1062,2024-07-22,16,Fashion,865.26,4,UPI,Returned,Ahmedabad
142,1138,2024-01-11,137,Electronics,654.69,3,UPI,Delivered,Bangalore
143,1498,2024-12-24,73,Books,857.72,4,COD,Returned,Pune
144,1592,2024-12-19,166,Fashion,121.26,2,Card,Delivered,Ahmedabad
145,1391,2024-05-25,54,Electronics,354.26,1,UPI,Delivered,Ahmedabad
146,1674,2024-03-25,184,Home,877.66,1,COD,Delivered,Ahmedabad
147,1418,2024-04-09,100,Electronics,209.64,4,COD,Delivered,Bangalore
148,1288,2024-04-13,109,Electronics,87.46,4,Card,Delivered,Hyderabad
149,1378,2024-02-15,87,Beauty,790.24,3,Card,Delivered,Ahmedabad
150,1772,2024-02-13,173,Beauty,837.13,3,COD,Delivered,Chennai
151,1489,2024-10-04,162,Books,171.03,1,Card,Delivered,Mumbai
152,1230,2024-06-29,137,Beauty,855.8,1,Card,Delivered,Chennai
153,1040,2024-07-05,8,Electronics,689.9,1,Card,Delivered,Hyderabad
154,1027,2024-04-23,7,Sports,524.88,4,UPI,Returned,Chennai
155,1134,2024-09-11,36,Beauty,831.95,2,COD,Cancelled,Pune
156,1200,2024-01-30,18,Beauty,425.06,2,Card,Delivered,Chennai
157,1839,2024-09-20,3,Electronics,202.05,4,Card,Delivered,Ahmedabad
158,1779,2024-04-07,28,Home,292.0,3,UPI,Delivered,Chennai
159,1929,2024-11-08,70,Home,510.11,2,UPI,Delivered,Chennai
160,1032,2024-11-24,172,Fashion,536.02,3,UPI,Delivered,Mumbai
161,1047,2024-04-24,149,Books,807.53,1,UPI,Delivered,Delhi
162,1502,2024-10-02,28,Home,793.44,1,Card,Delivered,Delhi
163,1406,2024-10-07,54,Beauty,585.55,3,UPI,Delivered,Bangalore
164,1573,2024-10-01,182,Sports,782.98,1,UPI,Returned,Ahmedabad
165,1727,2024-09-17,65,Fashion,199.86,4,Card,Delivered,Delhi
166,1804,2024-11-26,100,Books,59.56,3,Card,Delivered,Delhi
167,1098,2024-07-25,21,Sports,874.9,3,UPI,Delivered,Delhi
168,1683,2024-11-23,13,Sports,84.8,3,UPI,Delivered,Ahmedabad
169,1871,2024-07-29,57,Beauty,254.22,2,COD,Delivered,Kolkata
170,1725,2024-08-02,49,Electronics,698.37,3,UPI,Delivered,Ahmedabad
171,1986,2024-02-09,118,Electronics,415.35,3,COD,Delivered,Chennai
172,1546,2024-01-26,54,Electronics,877.55,3,UPI,Delivered,Kolkata
173,1960,2024-01-27,138,Home,305.0,2,Card,Delivered,Chennai
174,1738,2024-07-08,53,Electronics,21.75,1,UPI,Delivered,Pune
175,1612,2024-03-23,44,Books,307.65,2,COD,Delivered,Ahmedabad
176,1942,2024-06-18,47,Beauty,582.29,4,UPI,Delivered,Mumbai
177,1461,2024-06-15,53,Home,382.18,3,UPI,Delivered,Kolkata
178,1642,2024-07-06,74,Books,539.52,4,UPI,Delivered,Chennai
179,1768,2024-06-17,46,Electronics,877.83,2,COD,Delivered,Chennai
180,1004,2024-10-15,13,Books,913.36,1,COD,Delivered,Delhi
181,1217,2024-08-16,165,Sports,273.31,1,UPI,Delivered,Mumbai
182,1502,2024-04-06,102,Beauty,467.52,3,UPI,Delivered,Mumbai
183,1766,2024-01-16,24,Beauty,553.65,1,Card,Delivered,Delhi
184,1397,2024-10-05,2,Books,949.62,2,COD,Delivered,Kolkata
185,1870,2024-05-14,81,Fashion,998.63,2,Card,Delivered,Delhi
186,1794,2024-01-26,100,Beauty,243.05,1,COD,Delivered,Mumbai
187,1392,2024-12-17,142,Sports,729.71,3,UPI,Delivered,Hyderabad
188,1206,2024-01-12,138,Beauty,384.25,3,UPI,Delivered,Delhi
189,1014,2024-03-12,163,Fashion,18.03,2,UPI,Delivered,Delhi
190,1857,2024-05-12,153,Beauty,19.16,1,Card,Delivered,Mumbai
191,1553,2024-04-15,131,Beauty,465.96,2,UPI,Returned,Ahmedabad
192,1891,2024-08-07,111,Fashion,493.45,2,UPI,Delivered,Kolkata
193,1460,2024-06-25,102,Beauty,32.34,4,UPI,Delivered,Hyderabad
194,1690,2024-10-08,17,Books,690.06,2,Card,Delivered,Pune
195,1574,2024-05-12,12,Home,301.06,3,UPI,Delivered,Hyderabad
196,1863,2024-01-22,182,Books,564.29,1,UPI,Delivered,Bangalore
197,1742,2024-09-25,116,Beauty,307.91,1,COD,Delivered,Ahmedabad
198,1240,2024-06-09,24,Electronics,175.46,4,UPI,Delivered,Hyderabad
199,1563,2024-04-16,29,Electronics,413.1,4,UPI,Cancelled,Ahmedabad
200,1095,2024-10-05,171,Home,239.95,3,Card,Delivered,Delhi
201,1899,2024-12-18,153,Beauty,539.45,4,COD,Delivered,Chennai
202,1733,2024-08-22,122,Sports,206.84,2,Card,Delivered,Mumbai
203,1484,2024-01-18,188,Beauty,513.32,2,UPI,Delivered,Ahmedabad
204,1406,2024-08-29,90,Electronics,165.8,3,COD,Returned,Pune
205,1230,2024-04-26,65,Fashion,674.26,1,Card,Delivered,Delhi
206,1748,2024-10-12,84,Home,756.4,3,UPI,Delivered,Pune
207,1654,2024-10-08,119,Fashion,119.29,4,Card,Delivered,Mumbai
208,1170,2024-05-23,156,Sports,473.12,1,Card,Delivered,Pune
209,1540,2024-07-23,16,Beauty,80.16,1,Card,Delivered,Hyderabad
210,1035,2024-02-08,175,Sports,602.2,1,COD,Delivered,Mumbai
211,1524,2024-06-02,104,Fashion,271.76,4,Card,Delivered,Delhi
212,1159,2024-06-24,92,Beauty,532.35,2,COD,Delivered,Ahmedabad
213,1838,2024-08-28,186,Books,522.29,2,Card,Delivered,Chennai
214,1698,2024-05-13,27,Books,925.11,4,UPI,Delivered,Delhi
215,1242,2024-02-15,181,Sports,553.59,4,Card,Delivered,Kolkata
216,1085,2024-02-19,170,Books,587.17,3,UPI,Cancelled,Ahmedabad
217,1795,2024-06-14,187,Books,407.64,3,UPI,Returned,Bangalore
218,1577,2024-04-15,175,Electronics,949.59,2,Card,Delivered,Mumbai
219,1681,2024-08-03,162,Books,779.41,4,Card,Delivered,Delhi
220,1556,2024-05-25,165,Electronics,292.55,3,UPI,Delivered,Hyderabad
221,1573,2024-03-12,134,Home,845.77,4,UPI,Cancelled,Hyderabad
222,1952,2024-11-25,135,Electronics,438.07,4,UPI,Cancelled,Ahmedabad
223,1645,2024-09-29,153,Electronics,830.38,2,COD,Delivered,Kolkata
224,1795,2024-09-03,33,Fashion,824.66,2,UPI,Delivered,Pune
225,1027,2024-07-04,55,Electronics,196.98,4,Card,Delivered,Delhi
226,1619,2024-03-10,186,Electronics,704.13,1,Card,Cancelled,Pune
227,1555,2024-05-29,7,Fashion,297.74,1,UPI,Delivered,Bangalore
228,1339,2024-09-02,57,Electronics,304.52,4,UPI,Delivered,Mumbai
229,1797,2024-09-18,126,Books,303.38,2,UPI,Returned,Bangalore
230,1957,2024-01-26,12,Electronics,728.31,1,COD,Delivered,Chennai
231,1330,2024-05-19,16,Home,237.53,2,Card,Delivered,Kolkata
232,1639,2024-04-08,43,Electronics,10.9,1,Card,Delivered,Pune
233,1505,2024-10-04,117,Electronics,718.08,4,Card,Delivered,Delhi
234,1347,2024-02-20,135,Home,179.47,3,UPI,Delivered,Pune
235,1472,2024-05-30,111,Fashion,113.44,3,UPI,Delivered,Bangalore
236,1230,2024-04-13,51,Books,245.14,2,COD,Delivered,Ahmedabad
237,1189,2024-03-29,160,Electronics,386.1,2,COD,Delivered,Kolkata
238,1224,2024-05-20,75,Books,481.15,1,Card,Delivered,Chennai
239,1384,2024-07-31,8,Sports,54.12,4,Card,Returned,Bangalore
240,1376,2024-08-20,200,Books,970.87,1,UPI,Delivered,Chennai
241,1282,2024-07-01,45,Fashion,718.9,4,UPI,Delivered,Kolkata
242,1957,2024-09-07,59,Fashion,329.96,4,Card,Returned,Hyderabad
243,1632,2024-01-09,132,Electronics,325.51,2,COD,Delivered,Hyderabad
244,1627,2024-03-19,104,Home,454.06,3,UPI,Delivered,Delhi
245,1972,2024-02-21,195,Fashion,629.98,3,UPI,Delivered,Ahmedabad
246,1744,2024-09-25,157,Home,154.91,2,UPI,Delivered,Bangalore
247,1258,2024-08-13,157,Sports,197.04,3,UPI,Delivered,Hyderabad
248,1358,2024-02-20,98,Home,860.84,2,Card,Delivered,Pune
249,1709,2024-07-04,156,Beauty,263.69,1,COD,Delivered,Kolkata
250,1455,2024-02-03,79,Home,386.39,4,COD,Delivered,Mumbai
251,1410,2024-10-17,124,Fashion,872.56,3,COD,Delivered,Kolkata
252,1648,2024-08-17,172,Home,666.52,3,Card,Delivered,Pune
253,1317,2024-05-10,4,Home,348.29,1,UPI,Delivered,Hyderabad
254,1676,2024-04-29,90,Beauty,686.86,1,COD,Delivered,Hyderabad
255,1224,2024-11-21,104,Beauty,29.49,3,UPI,Delivered,Bangalore
256,1818,2024-09-03,137,Electronics,738.29,3,COD,Delivered,Chennai
257,1233,2024-07-10,119,Fashion,492.15,2,Card,Delivered,Mumbai
258,1683,2024-11-18,133,Electronics,815.05,2,UPI,Cancelled,Mumbai
259,1663,2024-07-28,56,Beauty,955.09,3,Card,Delivered,Chennai
260,1974,2024-04-12,96,Home,926.53,2,UPI,Delivered,Bangalore
261,1826,2024-11-24,178,Beauty,910.17,1,UPI,Delivered,Hyderabad
262,1373,2024-05-12,75,Sports,517.05,4,UPI,Delivered,Chennai
263,1671,2024-11-18,143,Home,366.54,2,COD,Delivered,Kolkata
264,1607,2024-05-18,32,Electronics,470.38,4,Card,Delivered,Kolkata
265,1471,2024-04-30,28,Home,693.0,2,UPI,Returned,Kolkata
266,1232,2024-04-03,22,Sports,885.16,3,UPI,Delivered,Mumbai
267,1691,2024-05-08,17,Beauty,214.92,2,Card,Cancelled,Mumbai
268,1112,2024-03-31,59,Fashion,919.01,4,UPI,Delivered,Kolkata
269,1829,2024-04-01,90,Books,817.03,4,Card,Delivered,Kolkata
270,1496,2024-03-03,199,Fashion,979.07,3,Card,Delivered,Kolkata
271,1441,2024-01-29,106,Fashion,881.45,4,UPI,Delivered,Hyderabad
272,1563,2024-07-28,185,Beauty,287.14,3,UPI,Delivered,Hyderabad
273,1267,2024-01-12,26,Fashion,114.9,3,Card,Delivered,Delhi
274,1509,2024-11-28,25,Sports,121.12,4,UPI,Delivered,Pune
275,1806,2024-10-23,138,Beauty,298.31,1,UPI,Delivered,Chennai
276,1385,2024-05-09,45,Fashion,618.04,4,UPI,Delivered,Hyderabad
277,1386,2024-10-19,83,Books,806.28,4,UPI,Returned,Delhi
278,1112,2024-06-21,11,Electronics,900.26,2,COD,Delivered,Bangalore
279,1612,2024-07-26,181,Beauty,627.52,4,Card,Delivered,Kolkata
280,1624,2024-01-24,200,Beauty,15.57,2,Card,Delivered,Mumbai
281,1951,2024-04-08,104,Home,194.45,2,UPI,Returned,Chennai
282,1080,2024-12-21,68,Fashion,108.73,4,UPI,Cancelled,Pune
283,1698,2024-05-18,95,Electronics,369.69,3,UPI,Delivered,Bangalore
284,1112,2024-11-09,156,Books,506.34,1,COD,Returned,Chennai
285,1001,2024-06-22,65,Sports,52.96,4,UPI,Delivered,Chennai
286,1641,2024-01-29,49,Beauty,354.99,4,Card,Delivered,Hyderabad
287,1219,2024-05-22,175,Sports,187.39,3,UPI,Delivered,Delhi
288,1565,2024-11-11,52,Sports,650.6,2,COD,Delivered,Chennai
289,1854,2024-12-16,102,Sports,469.63,3,COD,Delivered,Pune
290,1996,2024-02-11,182,Home,500.36,3,UPI,Delivered,Bangalore
291,1735,2024-10-25,188,Sports,433.41,2,Card,Delivered,Pune
292,1224,2024-07-26,57,Fashion,956.46,4,UPI,Delivered,Chennai
293,1384,2024-11-25,47,Fashion,222.59,3,Card,Delivered,Ahmedabad
294,1402,2024-07-10,159,Electronics,521.5,3,UPI,Delivered,Pune
295,1637,2024-06-08,174,Electronics,738.66,4,UPI,Delivered,Pune
296,1129,2024-03-04,26,Books,561.28,4,UPI,Delivered,Kolkata
297,1052,2024-08-30,114,Sports,929.73,1,COD,Delivered,Ahmedabad
298,1683,2024-09-14,5,Sports,384.19,3,COD,Returned,Delhi
299,1729,2024-05-31,84,Home,469.04,1,UPI,Delivered,Ahmedabad
300,1671,2024-08-02,52,Sports,97.64,2,Card,Delivered,Mumbai
301,1709,2024-11-17,105,Sports,612.91,4,UPI,Delivered,Ahmedabad
302,1415,2024-06-14,54,Sports,295.33,4,UPI,Delivered,Chennai
303,1246,2024-01-31,161,Beauty,168.71,1,COD,Delivered,Bangalore
304,1835,2024-08-19,178,Beauty,549.09,3,UPI,Delivered,Kolkata
305,1438,2024-10-08,166,Home,536.99,2,Card,Delivered,Kolkata
306,1202,2024-01-29,155,Home,85.11,3,UPI,Delivered,Mumbai
307,1183,2024-07-13,15,Fashion,701.23,3,UPI,Delivered,Pune
308,1122,2024-11-29,61,Home,627.53,1,UPI,Delivered,Mumbai
309,1400,2024-09-12,122,Books,197.13,3,COD,Delivered,Hyderabad
310,1766,2024-10-07,21,Fashion,474.74,1,Card,Delivered,Hyderabad
311,1293,2024-10-30,46,Sports,723.12,4,UPI,Delivered,Chennai
312,1279,2024-11-16,197,Home,534.14,4,COD,Delivered,Kolkata
313,1836,2024-11-18,134,Books,401.53,4,COD,Delivered,Bangalore
314,1883,2024-12-11,38,Home,329.12,2,UPI,Delivered,Ahmedabad
315,1609,2024-10-20,62,Home,614.29,2,UPI,Delivered,Hyderabad
316,1197,2024-03-27,86,Fashion,939.72,3,UPI,Delivered,Pune
317,1981,2024-05-28,190,Fashion,675.03,1,UPI,Delivered,Delhi
318,1906,2024-09-05,78,Electronics,84.0,3,Card,Delivered,Delhi
319,1510,2024-11-16,46,Fashion,466.08,4,UPI,Delivered,Ahmedabad
320,1751,2024-10-09,141,Fashion,891.92,3,UPI,Delivered,Pune
321,1143,2024-12-27,3,Beauty,103.52,3,UPI,Delivered,Ahmedabad
322,1608,2024-07-16,6,Home,988.99,3,UPI,Delivered,Ahmedabad
323,1200,2024-02-13,93,Fashion,949.58,4,Card,Delivered,Mumbai
324,1123,2024-12-21,8,Home,87.49,1,Card,Returned,Pune
325,1186,2024-01-28,172,Home,934.08,3,UPI,Delivered,Mumbai
326,1325,2024-01-17,108,Beauty,369.5,4,UPI,Delivered,Mumbai
327,1463,2024-05-06,161,Home,846.26,2,UPI,Delivered,Delhi
328,1348,2024-06-16,75,Books,424.2,1,COD,Delivered,Ahmedabad
329,1770,2024-08-31,77,Fashion,446.45,4,UPI,Delivered,Ahmedabad
330,1659,2024-03-16,50,Home,637.9,3,UPI,Cancelled,Hyderabad
331,1763,2024-08-18,11,Electronics,776.73,4,UPI,Delivered,Pune
332,1954,2024-07-22,95,Electronics,43.45,1,UPI,Delivered,Hyderabad
333,1931,2024-09-04,156,Beauty,597.22,3,UPI,Delivered,Chennai
334,1402,2024-10-28,70,Books,194.87,2,Card,Delivered,Bangalore
335,1345,2024-08-01,169,Fashion,352.49,2,COD,Delivered,Delhi
336,1962,2024-08-02,16,Beauty,354.49,2,UPI,Returned,Kolkata
337,1510,2024-06-06,68,Electronics,474.37,4,Card,Delivered,Mumbai
338,1146,2024-03-09,99,Books,340.8,1,Card,Delivered,Bangalore
339,1147,2024-03-25,48,Fashion,116.29,2,UPI,Delivered,Mumbai
340,1863,2024-09-23,184,Home,154.17,3,UPI,Delivered,Bangalore
341,1710,2024-03-09,64,Fashion,43.1,3,UPI,Delivered,Bangalore
342,1819,2024-04-08,187,Sports,475.55,3,COD,Delivered,Hyderabad
343,1488,2024-12-12,90,Fashion,954.9,4,COD,Returned,Kolkata
344,1928,2024-08-03,190,Home,124.52,1,UPI,Delivered,Chennai
345,1935,2024-06-09,76,Sports,946.8,1,UPI,Delivered,Chennai
346,1639,2024-04-03,139,Books,736.03,2,Card,Returned,Mumbai
347,1550,2024-06-22,101,Beauty,641.12,1,UPI,Delivered,Delhi
348,1337,2024-06-13,89,Books,648.82,3,Card,Delivered,Chennai
349,1871,2024-04-24,18,Fashion,828.46,3,UPI,Returned,Delhi
350,1640,2024-08-07,19,Beauty,115.85,4,COD,Delivered,Mumbai
351,1778,2024-01-31,55,Fashion,509.71,3,Card,Delivered,Delhi
352,1987,2024-01-11,102,Electronics,700.12,1,UPI,Delivered,Bangalore
353,1952,2024-12-08,118,Electronics,590.95,3,Card,Delivered,Bangalore
354,1472,2024-05-09,154,Home,834.45,2,UPI,Delivered,Mumbai
355,1945,2024-04-14,134,Books,81.55,4,UPI,Delivered,Delhi
356,1150,2024-01-27,4,Electronics,693.79,4,Card,Delivered,Ahmedabad
357,1414,2024-08-14,108,Sports,538.69,1,UPI,Delivered,Ahmedabad
358,1989,2024-01-02,115,Sports,385.37,3,Card,Delivered,Ahmedabad
359,1297,2024-12-24,29,Fashion,346.87,3,UPI,Delivered,Kolkata
360,1610,2024-04-10,59,Beauty,624.62,1,Card,Delivered,Kolkata
361,1262,2024-01-21,125,Sports,892.09,1,UPI,Delivered,Delhi
362,1763,2024-02-27,98,Fashion,501.21,2,Card,Delivered,Mumbai
363,1143,2024-06-28,17,Beauty,826.48,1,UPI,Delivered,Kolkata
364,1345,2024-12-06,107,Electronics,408.13,3,UPI,Delivered,Chennai
365,1623,2024-12-14,43,Fashion,111.37,2,UPI,Cancelled,Hyderabad
366,1571,2024-01-20,80,Beauty,70.89,4,UPI,Cancelled,Ahmedabad
367,1880,2024-09-11,194,Home,60.82,3,UPI,Delivered,Chennai
368,1001,2024-11-12,162,Books,386.35,4,UPI,Returned,Pune
369,1896,2024-02-07,8,Books,343.87,4,COD,Delivered,Hyderabad
370,1303,2024-05-27,141,Home,720.76,4,UPI,Delivered,Delhi
371,1253,2024-01-25,106,Sports,745.39,3,Card,Delivered,Hyderabad
372,1651,2024-04-30,8,Books,60.35,4,Card,Delivered,Kolkata
373,1452,2024-01-26,96,Beauty,228.91,3,UPI,Delivered,Hyderabad
374,1036,2024-06-17,94,Home,281.52,4,Card,Delivered,Delhi
375,1159,2024-11-18,65,Sports,552.14,1,COD,Delivered,Bangalore
376,1008,2024-08-12,171,Fashion,153.07,1,UPI,Returned,Hyderabad
377,1232,2024-01-01,39,Fashion,142.6,3,COD,Cancelled,Kolkata
378,1098,2024-11-02,81,Beauty,944.35,4,UPI,Delivered,Kolkata
379,1658,2024-09-17,187,Beauty,806.16,4,Card,Delivered,Ahmedabad
380,1815,2024-01-13,84,Beauty,188.85,4,UPI,Delivered,Mumbai
381,1207,2024-02-17,88,Books,412.5,1,UPI,Delivered,Chennai
382,1130,2024-11-08,86,Beauty,362.07,4,Card,Cancelled,Delhi
383,1403,2024-10-17,93,Home,793.09,4,UPI,Returned,Delhi
384,1151,2024-11-27,86,Home,515.11,3,UPI,Cancelled,Hyderabad
385,1053,2024-04-03,44,Sports,136.57,4,UPI,Delivered,Bangalore
386,1119,2024-09-17,137,Home,741.6,1,Card,Cancelled,Bangalore
387,1672,2024-10-04,165,Books,402.92,4,Card,Delivered,Chennai
388,1919,2024-12-24,74,Fashion,270.3,1,UPI,Delivered,Chennai
389,1627,2024-07-23,36,Sports,381.74,1,UPI,Delivered,Kolkata
390,1586,2024-07-03,101,Home,502.78,2,Card,Cancelled,Bangalore
391,1624,2024-06-23,156,Beauty,349.68,1,Card,Cancelled,Pune
392,1967,2024-11-04,170,Home,249.49,2,UPI,Delivered,Bangalore
393,1419,2024-03-09,171,Electronics,404.52,2,UPI,Delivered,Bangalore
394,1421,2024-04-13,170,Sports,28.98,4,UPI,Returned,Hyderabad
395,1103,2024-09-02,104,Books,774.77,2,COD,Delivered,Kolkata
396,1851,2024-06-09,66,Home,179.24,3,Card,Delivered,Mumbai
397,1253,2024-07-18,55,Home,53.47,1,UPI,Delivered,Chennai
398,1226,2024-08-03,200,Books,657.16,3,COD,Delivered,Pune
399,1111,2024-07-30,176,Fashion,776.2,2,UPI,Returned,Pune
400,1509,2024-01-16,91,Beauty,815.69,4,UPI,Delivered,Ahmedabad
401,1472,2024-11-27,22,Beauty,498.57,1,COD,Delivered,Delhi
402,1098,2024-07-23,101,Fashion,213.31,3,COD,Delivered,Bangalore
403,1152,2024-12-30,155,Fashion,739.86,4,Card,Delivered,Bangalore
404,1860,2024-02-08,121,Electronics,702.72,2,UPI,Delivered,Ahmedabad
405,1913,2024-03-29,93,Books,253.81,4,UPI,Cancelled,Mumbai
406,1895,2024-09-12,195,Sports,904.37,3,COD,Delivered,Kolkata
407,1877,2024-09-10,108,Beauty,113.33,4,Card,Returned,Bangalore
408,1337,2024-08-03,141,Fashion,982.86,3,UPI,Cancelled,Ahmedabad
409,1705,2024-10-29,173,Fashion,861.65,4,UPI,Delivered,Chennai
410,1821,2024-06-20,10,Books,691.02,1,COD,Delivered,Pune
411,1162,2024-05-16,9,Sports,939.36,4,COD,Delivered,Bangalore
412,1719,2024-06-26,182,Fashion,725.09,1,Card,Delivered,Mumbai
413,1956,2024-03-17,155,Electronics,198.55,3,Card,Delivered,Ahmedabad
414,1680,2024-07-06,34,Sports,447.73,1,UPI,Delivered,Hyderabad
415,1995,2024-01-15,129,Electronics,80.79,4,Card,Delivered,Chennai
416,1160,2024-10-18,160,Home,395.76,1,Card,Delivered,Hyderabad
417,1579,2024-11-14,89,Beauty,744.19,3,UPI,Delivered,Delhi
418,1800,2024-11-20,93,Fashion,392.58,4,COD,Delivered,Mumbai
419,1397,2024-08-01,71,Sports,336.99,1,COD,Delivered,Delhi
420,1276,2024-07-26,67,Electronics,599.4,1,UPI,Delivered,Ahmedabad
421,1815,2024-06-17,148,Beauty,873.48,2,COD,Delivered,Delhi
422,1915,2024-11-25,117,Beauty,57.11,1,Card,Delivered,Pune
423,1503,2024-10-06,94,Fashion,391.62,2,Card,Cancelled,Delhi
424,1895,2024-10-31,163,Beauty,166.66,3,COD,Delivered,Delhi
425,1391,2024-05-25,99,Fashion,698.4,2,UPI,Delivered,Mumbai
426,1134,2024-09-19,113,Home,114.67,3,Card,Delivered,Ahmedabad
427,1194,2024-01-04,103,Fashion,668.16,1,UPI,Delivered,Hyderabad
428,1400,2024-03-30,91,Books,293.32,1,Card,Delivered,Bangalore
429,1639,2024-02-29,90,Electronics,206.93,2,UPI,Delivered,Delhi
430,1032,2024-11-06,17,Books,936.99,3,UPI,Delivered,Pune
431,1687,2024-01-16,18,Beauty,28.34,1,UPI,Delivered,Kolkata
432,1459,2024-08-14,173,Beauty,443.4,2,UPI,Delivered,Bangalore
433,1954,2024-01-29,116,Beauty,31.41,2,UPI,Delivered,Pune
434,1882,2024-05-30,93,Fashion,488.76,2,UPI,Delivered,Ahmedabad
435,1469,2024-09-01,181,Sports,506.04,1,Card,Delivered,Bangalore
436,1374,2024-09-26,91,Fashion,328.45,3,COD,Delivered,Delhi
437,1021,2024-03-19,82,Electronics,140.84,1,COD,Delivered,Ahmedabad
438,1749,2024-10-15,68,Fashion,382.62,4,COD,Delivered,Chennai
439,1669,2024-06-01,193,Beauty,675.54,4,COD,Delivered,Kolkata
440,1037,2024-10-03,114,Home,784.57,1,UPI,Delivered,Bangalore
441,1229,2024-10-05,1,Electronics,535.44,3,Card,Delivered,Ahmedabad
442,1364,2024-02-26,58,Books,593.94,2,Card,Delivered,Chennai
443,1562,2024-07-04,154,Home,208.61,4,UPI,Delivered,Hyderabad
444,1437,2024-04-02,109,Electronics,294.46,4,Card,Delivered,Bangalore
445,1775,2024-10-02,148,Electronics,170.28,1,UPI,Delivered,Mumbai
446,1282,2024-06-06,116,Beauty,256.8,4,COD,Delivered,Pune
447,1026,2024-10-01,87,Books,232.64,4,Card,Delivered,Kolkata
448,1225,2024-06-29,10,Fashion,524.25,2,COD,Delivered,Ahmedabad
449,1276,2024-12-24,59,Books,567.06,2,UPI,Delivered,Ahmedabad
450,1797,2024-03-17,41,Beauty,945.5,3,UPI,Delivered,Hyderabad
451,1608,2024-05-30,105,Beauty,203.61,4,COD,Delivered,Hyderabad
452,1283,2024-08-25,133,Beauty,645.26,3,UPI,Delivered,Ahmedabad
453,1878,2024-10-15,122,Home,819.09,3,UPI,Delivered,Kolkata
454,1959,2024-08-18,193,Books,564.64,2,Card,Delivered,Chennai
455,1480,2024-01-18,145,Books,262.45,2,COD,Delivered,Ahmedabad
456,1452,2024-03-13,22,Electronics,269.92,1,UPI,Delivered,Ahmedabad
457,1828,2024-07-07,98,Sports,48.86,2,UPI,Delivered,Delhi
458,1815,2024-01-17,169,Fashion,312.39,3,Card,Cancelled,Pune
459,1658,2024-01-19,68,Beauty,747.16,4,UPI,Delivered,Mumbai
460,1515,2024-08-06,197,Books,57.04,3,UPI,Delivered,Kolkata
461,1546,2024-11-21,139,Books,227.1,3,COD,Delivered,Kolkata
462,1191,2024-04-29,56,Electronics,709.17,3,Card,Delivered,Mumbai
463,1048,2024-04-10,179,Fashion,784.83,2,COD,Cancelled,Chennai
464,1511,2024-02-03,149,Sports,460.77,3,UPI,Delivered,Chennai
465,1016,2024-03-24,99,Sports,701.09,1,Card,Delivered,Hyderabad
466,1171,2024-07-14,76,Beauty,394.07,4,COD,Delivered,Kolkata
467,1219,2024-11-25,26,Sports,168.31,2,Card,Delivered,Chennai
468,1157,2024-07-20,115,Sports,404.17,3,UPI,Delivered,Delhi
469,1476,2024-12-09,147,Fashion,584.17,1,COD,Delivered,Hyderabad
470,1045,2024-12-06,109,Fashion,948.57,4,Card,Delivered,Hyderabad
471,1372,2024-01-11,188,Beauty,78.06,3,COD,Delivered,Ahmedabad
472,1517,2024-12-12,199,Books,512.32,4,UPI,Delivered,Hyderabad
473,1098,2024-08-05,47,Electronics,335.63,2,Card,Delivered,Mumbai
474,1891,2024-09-09,71,Beauty,513.23,2,COD,Delivered,Ahmedabad
475,1744,2024-08-09,154,Home,33.74,1,Card,Cancelled,Pune
476,1036,2024-03-20,40,Sports,319.9,2,UPI,Delivered,Pune
477,1279,2024-01-07,133,Electronics,821.67,1,UPI,Delivered,Mumbai
478,1348,2024-09-28,149,Books,558.4,3,UPI,Delivered,Hyderabad
479,1496,2024-08-14,132,Books,456.08,4,UPI,Delivered,Delhi
480,1301,2024-01-16,23,Fashion,292.67,2,Card,Cancelled,Bangalore
481,1180,2024-01-12,106,Home,305.06,4,UPI,Delivered,Hyderabad
482,1606,2024-10-17,84,Books,389.27,4,UPI,Delivered,Chennai
483,1098,2024-08-28,143,Home,837.22,3,UPI,Delivered,Kolkata
484,1699,2024-01-21,116,Sports,967.54,3,UPI,Delivered,Ahmedabad
485,1992,2024-06-26,109,Fashion,444.27,2,Card,Delivered,Kolkata
486,1115,2024-08-15,136,Electronics,399.42,3,Card,Delivered,Ahmedabad
487,1190,2024-09-29,41,Fashion,848.09,4,COD,Delivered,Ahmedabad
488,1252,2024-10-14,112,Sports,432.64,1,UPI,Delivered,Pune
489,1980,2024-10-23,147,Books,556.5,1,Card,Delivered,Kolkata
490,1927,2024-05-13,112,Home,238.63,1,UPI,Delivered,Bangalore
491,1982,2024-10-09,103,Sports,746.07,2,UPI,Delivered,Mumbai
492,1160,2024-06-01,46,Books,536.67,3,Card,Delivered,Mumbai
493,1255,2024-03-06,156,Beauty,810.94,3,COD,Delivered,Bangalore
494,1322,2024-05-16,68,Home,782.93,3,UPI,Cancelled,Pune
495,1127,2024-04-01,122,Sports,222.85,3,UPI,Delivered,Pune
496,1017,2024-11-12,15,Electronics,718.48,4,Card,Cancelled,Ahmedabad
497,1792,2024-09-15,165,Electronics,802.05,1,Card,Delivered,Chennai
498,1734,2024-04-12,129,Books,352.65,4,UPI,Delivered,Mumbai
499,1565,2024-02-24,195,Books,180.88,2,Card,Delivered,Mumbai
500,1569,2024-09-13,111,Electronics,12.61,1,COD,Delivered,Hyderabad
501,1322,2024-04-10,24,Beauty,456.39,1,UPI,Delivered,Delhi
502,1871,2024-07-16,27,Fashion,358.91,4,UPI,Delivered,Chennai
503,1685,2024-10-27,40,Electronics,559.36,2,UPI,Delivered,Hyderabad
504,1791,2024-08-13,191,Books,196.16,2,Card,Delivered,Kolkata
505,1625,2024-08-24,189,Books,861.07,1,UPI,Delivered,Delhi
506,1287,2024-01-26,164,Beauty,265.18,3,COD,Delivered,Kolkata
507,1942,2024-04-30,24,Electronics,234.17,2,Card,Delivered,Mumbai
508,1853,2024-06-30,24,Beauty,485.91,4,UPI,Delivered,Ahmedabad
509,1662,2024-07-17,4,Electronics,503.86,2,UPI,Delivered,Delhi
510,1961,2024-10-28,67,Fashion,222.93,1,Card,Returned,Mumbai
511,1638,2024-09-11,34,Sports,279.14,3,UPI,Delivered,Pune
512,1154,2024-05-01,185,Electronics,178.01,2,COD,Delivered,Hyderabad
513,1489,2024-01-31,177,Sports,721.28,1,UPI,Cancelled,Ahmedabad
514,1385,2024-11-10,181,Electronics,772.39,2,UPI,Delivered,Mumbai
515,1985,2024-10-11,116,Fashion,467.71,3,Card,Delivered,Delhi
516,1784,2024-04-15,23,Books,716.95,4,UPI,Returned,Hyderabad
517,1103,2024-08-11,109,Sports,738.58,1,Card,Returned,Delhi
518,1928,2024-09-29,69,Beauty,146.89,1,UPI,Delivered,Delhi
519,1392,2024-08-19,95,Electronics,966.52,3,Card,Delivered,Bangalore
520,1810,2024-09-12,181,Books,822.82,1,Card,Delivered,Mumbai
521,1245,2024-01-24,62,Electronics,212.44,3,Card,Delivered,Mumbai
522,1175,2024-04-18,169,Beauty,194.3,1,Card,Delivered,Delhi
523,1038,2024-07-09,57,Fashion,134.4,3,UPI,Returned,Kolkata
524,1476,2024-12-12,188,Home,146.99,2,UPI,Delivered,Pune
525,1681,2024-01-25,54,Electronics,750.68,2,UPI,Returned,Mumbai
526,1758,2024-07-05,70,Beauty,474.96,2,UPI,Delivered,Chennai
527,1537,2024-10-14,101,Home,785.1,1,COD,Delivered,Pune
528,1866,2024-04-25,57,Electronics,748.79,3,UPI,Returned,Pune
529,1817,2024-12-03,138,Sports,608.57,3,Card,Delivered,Pune
530,1920,2024-02-06,168,Books,689.5,4,UPI,Delivered,Mumbai
531,1407,2024-10-08,135,Books,28.17,2,Card,Delivered,Pune
532,1524,2024-05-16,103,Beauty,318.66,4,Card,Delivered,Pune
533,1827,2024-08-14,166,Sports,641.44,2,UPI,Delivered,Hyderabad
534,1505,2024-11-15,85,Fashion,19.25,4,Card,Delivered,Mumbai
535,1902,2024-11-23,61,Home,42.65,2,UPI,Delivered,Pune
536,1824,2024-06-30,3,Beauty,853.37,3,UPI,Delivered,Kolkata
537,1035,2024-12-27,128,Electronics,687.18,2,Card,Delivered,Chennai
538,1684,2024-03-26,179,Books,272.72,1,UPI,Delivered,Pune
539,1019,2024-02-22,86,Electronics,691.08,2,Card,Delivered,Delhi
540,1320,2024-12-13,47,Home,794.53,2,UPI,Delivered,Ahmedabad
541,1775,2024-12-20,196,Sports,313.73,3,Card,Delivered,Ahmedabad
542,1511,2024-08-22,76,Sports,45.68,1,UPI,Delivered,Mumbai
543,1399,2024-09-23,38,Beauty,933.45,3,Card,Delivered,Ahmedabad
544,1653,2024-10-13,164,Beauty,351.73,4,COD,Delivered,Hyderabad
545,1971,2024-04-09,169,Sports,115.42,4,UPI,Delivered,Chennai
546,1882,2024-03-27,197,Beauty,496.94,1,UPI,Delivered,Bangalore
547,1470,2024-01-15,141,Sports,770.78,4,COD,Delivered,Delhi
548,1142,2024-04-10,87,Home,229.43,1,UPI,Delivered,Delhi
549,1091,2024-06-13,58,Beauty,276.8,2,Card,Returned,Ahmedabad
550,1353,2024-01-29,50,Sports,250.29,4,COD,Cancelled,Delhi
551,1833,2024-04-23,30,Beauty,991.76,2,Card,Delivered,Ahmedabad
552,1799,2024-04-16,190,Electronics,205.43,3,UPI,Delivered,Chennai
553,1726,2024-12-29,101,Books,579.77,4,UPI,Returned,Mumbai
554,1958,2024-05-09,25,Electronics,926.01,3,UPI,Delivered,Mumbai
555,1853,2024-03-24,112,Fashion,155.43,3,UPI,Delivered,Pune
556,1050,2024-09-27,155,Sports,971.15,1,UPI,Delivered,Ahmedabad
557,1664,2024-08-31,179,Fashion,948.0,3,Card,Returned,Ahmedabad
558,1697,2024-08-01,185,Sports,885.73,1,UPI,Delivered,Pune
559,1574,2024-11-01,126,Books,222.41,1,COD,Delivered,Mumbai
560,1189,2024-06-14,123,Beauty,637.71,1,COD,Delivered,Kolkata
561,1124,2024-10-05,47,Sports,763.28,1,COD,Returned,Ahmedabad
562,1149,2024-02-28,118,Electronics,986.17,1,UPI,Delivered,Ahmedabad
563,1313,2024-03-30,39,Beauty,188.62,2,Card,Delivered,Pune
564,1569,2024-11-26,16,Books,768.37,1,UPI,Delivered,Kolkata
565,1341,2024-07-12,22,Electronics,345.41,4,UPI,Delivered,Mumbai
566,1304,2024-05-02,54,Beauty,183.87,1,Card,Delivered,Ahmedabad
567,1691,2024-05-15,149,Sports,427.16,2,COD,Delivered,Delhi
568,1681,2024-05-18,200,Sports,795.9,4,UPI,Delivered,Bangalore
569,1837,2024-08-16,16,Electronics,470.2,4,UPI,Delivered,Delhi
570,1782,2024-09-30,59,Home,542.15,2,UPI,Delivered,Kolkata
571,1053,2024-02-19,31,Sports,995.21,4,Card,Delivered,Pune
572,1443,2024-04-27,170,Home,405.12,2,COD,Delivered,Bangalore
573,1612,2024-07-20,32,Beauty,619.25,3,UPI,Delivered,Ahmedabad
574,1992,2024-07-09,187,Home,371.59,3,UPI,Delivered,Bangalore
575,1263,2024-12-29,162,Electronics,398.86,1,COD,Delivered,Mumbai
576,1052,2024-11-18,9,Fashion,698.68,1,UPI,Delivered,Hyderabad
577,1571,2024-06-29,139,Fashion,938.51,1,Card,Delivered,Chennai
578,1619,2024-03-18,10,Electronics,546.94,1,UPI,Delivered,Hyderabad
579,1004,2024-03-15,17,Fashion,770.72,2,UPI,Delivered,Bangalore
580,1102,2024-10-21,68,Electronics,98.31,3,Card,Delivered,Hyderabad
581,1195,2024-10-07,48,Sports,219.05,2,Card,Returned,Pune
582,1773,2024-01-21,180,Home,507.11,4,UPI,Delivered,Bangalore
583,1876,2024-06-19,111,Fashion,29.81,4,UPI,Delivered,Delhi
584,1991,2024-01-15,153,Sports,260.33,4,UPI,Delivered,Pune
585,1883,2024-07-29,123,Fashion,522.23,4,Card,Delivered,Delhi
586,1349,2024-02-17,149,Beauty,24.81,4,COD,Delivered,Pune
587,1046,2024-03-26,101,Electronics,271.9,3,COD,Delivered,Mumbai
588,1866,2024-05-28,102,Electronics,518.89,2,UPI,Cancelled,Kolkata
589,1822,2024-07-06,65,Sports,577.42,4,COD,Delivered,Pune
590,1935,2024-11-01,191,Beauty,926.49,1,UPI,Delivered,Chennai
591,1819,2024-05-30,51,Home,648.89,3,UPI,Delivered,Ahmedabad
592,1655,2024-05-20,36,Beauty,420.59,1,Card,Delivered,Delhi
593,1268,2024-03-09,81,Beauty,931.05,3,UPI,Delivered,Pune
594,1369,2024-09-16,127,Books,787.03,3,UPI,Delivered,Chennai
595,1635,2024-11-29,88,Home,208.01,1,UPI,Delivered,Ahmedabad
596,1105,2024-01-09,194,Home,139.53,1,Card,Delivered,Ahmedabad
597,1669,2024-04-30,104,Beauty,679.05,4,Card,Delivered,Mumbai
598,1658,2024-04-10,15,Fashion,564.28,1,UPI,Delivered,Pune
599,1656,2024-05-28,96,Books,791.78,2,COD,Returned,Kolkata
600,1119,2024-05-25,167,Fashion,741.42,3,Card,Delivered,Chennai
601,1830,2024-12-18,123,Beauty,628.96,3,Card,Delivered,Kolkata
602,1786,2024-08-30,198,Fashion,986.52,4,UPI,Delivered,Pune
603,1603,2024-08-28,1,Home,538.25,3,UPI,Delivered,Delhi
604,1057,2024-12-02,151,Home,121.97,1,UPI,Delivered,Ahmedabad
605,1950,2024-02-12,122,Fashion,829.99,3,Card,Delivered,Delhi
606,1345,2024-04-04,167,Home,259.33,3,Card,Delivered,Hyderabad
607,1740,2024-08-13,126,Electronics,779.53,1,COD,Delivered,Hyderabad
608,1473,2024-01-06,57,Home,957.54,1,UPI,Delivered,Pune
609,1116,2024-08-01,81,Beauty,699.83,3,UPI,Delivered,Hyderabad
610,1829,2024-07-24,162,Sports,600.07,2,UPI,Delivered,Pune
611,1790,2024-03-07,169,Fashion,465.78,1,UPI,Delivered,Ahmedabad
612,1126,2024-04-09,73,Books,370.77,2,Card,Returned,Ahmedabad
613,1392,2024-01-12,141,Fashion,359.47,2,COD,Delivered,Pune
614,1907,2024-08-24,70,Home,640.01,4,Card,Delivered,Kolkata
615,1640,2024-11-17,6,Home,753.76,2,Card,Delivered,Chennai
616,1057,2024-09-14,84,Sports,681.73,4,Card,Delivered,Delhi
617,1633,2024-12-02,52,Sports,206.43,2,UPI,Delivered,Ahmedabad
618,1512,2024-05-14,3,Books,499.05,4,COD,Delivered,Mumbai
619,1750,2024-08-09,81,Beauty,793.72,1,Card,Delivered,Bangalore
620,1801,2024-06-04,63,Electronics,480.95,3,UPI,Delivered,Delhi
621,1095,2024-05-21,49,Beauty,541.26,3,Card,Delivered,Ahmedabad
622,1637,2024-06-06,76,Books,773.42,4,Card,Delivered,Hyderabad
623,1117,2024-11-21,112,Fashion,664.65,1,UPI,Delivered,Pune
624,1559,2024-12-09,175,Home,415.25,4,UPI,Delivered,Hyderabad
625,1600,2024-09-18,109,Beauty,896.46,4,UPI,Cancelled,Chennai
626,1487,2024-10-09,183,Home,170.94,1,UPI,Delivered,Hyderabad
627,1236,2024-12-03,192,Home,995.56,2,UPI,Returned,Chennai
628,1884,2024-12-09,65,Beauty,127.66,2,Card,Delivered,Mumbai
629,1896,2024-08-16,81,Beauty,24.8,1,UPI,Delivered,Pune
630,1271,2024-10-06,195,Sports,891.12,4,Card,Delivered,Hyderabad
631,1188,2024-12-23,15,Books,252.5,3,COD,Delivered,Chennai
632,1998,2024-10-16,100,Books,732.4,4,Card,Delivered,Hyderabad
633,1703,2024-06-16,32,Electronics,812.91,2,Card,Delivered,Chennai
634,1446,2024-02-16,96,Sports,860.4,1,COD,Returned,Kolkata
635,1580,2024-07-21,128,Electronics,991.68,1,Card,Delivered,Pune
636,1789,2024-08-01,196,Beauty,301.1,1,UPI,Delivered,Pune
637,1860,2024-09-02,146,Books,713.14,2,UPI,Delivered,Delhi
638,1246,2024-01-24,113,Books,124.25,4,Card,Delivered,Chennai
639,1962,2024-11-16,83,Electronics,412.74,1,Card,Delivered,Bangalore
640,1075,2024-09-30,43,Fashion,849.49,3,COD,Returned,Mumbai
641,1153,2024-02-13,116,Sports,373.98,1,Card,Delivered,Delhi
642,1655,2024-11-27,163,Sports,595.18,4,COD,Delivered,Mumbai
643,1434,2024-11-08,78,Sports,508.74,2,UPI,Delivered,Delhi
644,1996,2024-12-28,58,Books,649.49,3,Card,Returned,Hyderabad
645,1085,2024-06-04,33,Home,973.17,3,COD,Delivered,Chennai
646,1696,2024-07-17,14,Books,65.18,1,UPI,Returned,Hyderabad
647,1284,2024-06-10,162,Home,578.22,4,UPI,Delivered,Mumbai
648,1973,2024-08-21,189,Books,864.4,1,UPI,Delivered,Pune
649,1219,2024-06-11,132,Beauty,486.57,3,Card,Delivered,Ahmedabad
650,1068,2024-04-25,59,Books,87.74,1,UPI,Delivered,Mumbai
651,1046,2024-04-02,157,Beauty,564.93,4,Card,Delivered,Delhi
652,1093,2024-02-11,83,Home,338.75,2,UPI,Delivered,Mumbai
653,1749,2024-10-10,134,Sports,163.39,3,UPI,Delivered,Ahmedabad
654,1957,2024-07-28,121,Home,850.54,4,COD,Cancelled,Chennai
655,1452,2024-07-24,177,Electronics,526.38,1,UPI,Delivered,Mumbai
656,1203,2024-08-07,168,Sports,933.94,3,UPI,Returned,Hyderabad
657,1911,2024-10-06,83,Books,807.96,1,UPI,Delivered,Pune
658,1217,2024-05-15,193,Books,696.04,1,Card,Delivered,Chennai
659,1473,2024-04-15,197,Books,14.98,2,UPI,Cancelled,Mumbai
660,1431,2024-04-27,27,Books,433.55,1,Card,Delivered,Bangalore
661,1340,2024-08-24,80,Books,205.51,1,COD,Delivered,Bangalore
662,1550,2024-11-04,134,Home,911.69,4,UPI,Delivered,Pune
663,1611,2024-04-09,13,Beauty,182.84,1,UPI,Cancelled,Hyderabad
664,1288,2024-09-17,64,Home,293.2,2,UPI,Delivered,Delhi
665,1253,2024-10-31,190,Fashion,521.67,1,Card,Delivered,Delhi
666,1733,2024-12-19,147,Home,270.73,1,UPI,Delivered,Pune
667,1356,2024-10-12,80,Sports,217.77,1,Card,Delivered,Mumbai
668,1022,2024-11-23,123,Books,603.11,3,COD,Cancelled,Chennai
669,1761,2024-04-12,43,Home,98.04,2,UPI,Delivered,Pune
670,1521,2024-03-03,89,Beauty,67.59,3,Card,Delivered,Delhi
671,1757,2024-06-23,148,Books,378.52,2,UPI,Delivered,Bangalore
672,1836,2024-10-08,95,Electronics,723.46,2,Card,Delivered,Ahmedabad
673,1099,2024-10-19,196,Fashion,559.26,4,UPI,Delivered,Delhi
674,1801,2024-08-13,172,Sports,428.65,3,Card,Delivered,Bangalore
675,1179,2024-01-07,151,Beauty,570.09,2,Card,Delivered,Delhi
676,1222,2024-05-06,2,Fashion,371.8,2,UPI,Delivered,Hyderabad
677,1905,2024-04-01,120,Home,936.78,4,Card,Delivered,Pune
678,1761,2024-07-08,22,Fashion,64.36,3,Card,Delivered,Ahmedabad
679,1658,2024-12-24,115,Books,676.66,1,UPI,Delivered,Chennai
680,1441,2024-02-22,57,Books,892.37,4,COD,Delivered,Ahmedabad
681,1607,2024-08-29,72,Electronics,805.85,2,UPI,Delivered,Pune
682,1768,2024-05-11,7,Fashion,192.2,3,Card,Delivered,Kolkata
683,1324,2024-12-29,184,Fashion,302.97,2,UPI,Returned,Mumbai
684,1515,2024-04-21,119,Books,719.88,4,Card,Delivered,Bangalore
685,1015,2024-01-07,195,Home,93.43,4,UPI,Delivered,Delhi
686,1791,2024-08-17,114,Home,813.74,3,UPI,Delivered,Mumbai
687,1335,2024-06-04,16,Sports,721.72,4,UPI,Delivered,Bangalore
688,1758,2024-07-15,83,Home,732.31,4,Card,Delivered,Pune
689,1257,2024-11-18,179,Fashion,109.24,1,Card,Delivered,Bangalore
690,1496,2024-12-29,72,Electronics,720.58,2,Card,Delivered,Hyderabad
691,1987,2024-08-10,124,Home,683.02,1,COD,Delivered,Ahmedabad
692,1895,2024-09-06,113,Books,832.61,1,COD,Delivered,Delhi
693,1159,2024-03-23,12,Books,51.18,3,Card,Delivered,Kolkata
694,1474,2024-08-27,126,Sports,32.88,4,Card,Delivered,Pune
695,1851,2024-12-25,53,Sports,379.28,2,UPI,Delivered,Kolkata
696,1663,2024-11-18,75,Fashion,157.3,2,COD,Delivered,Mumbai
697,1907,2024-09-19,133,Home,562.8,2,COD,Delivered,Delhi
698,1689,2024-07-07,27,Home,918.18,4,UPI,Delivered,Pune
699,1674,2024-10-16,140,Sports,397.56,2,Card,Delivered,Kolkata
700,1379,2024-12-27,145,Home,846.5,2,COD,Delivered,Delhi
701,1544,2024-02-27,134,Fashion,10.24,4,UPI,Delivered,Chennai
702,1928,2024-01-09,97,Electronics,176.83,3,UPI,Cancelled,Bangalore
703,1956,2024-10-30,5,Books,40.12,2,UPI,Delivered,Kolkata
704,1690,2024-04-24,57,Fashion,334.87,4,UPI,Delivered,Bangalore
705,1426,2024-07-28,156,Home,909.11,1,UPI,Returned,Chennai
706,1612,2024-02-10,78,Fashion,105.98,4,UPI,Cancelled,Chennai
707,1267,2024-10-30,69,Books,610.35,1,UPI,Delivered,Delhi
708,1834,2024-06-21,118,Beauty,456.98,4,COD,Delivered,Bangalore
709,1576,2024-08-21,120,Books,939.08,2,UPI,Delivered,Mumbai
710,1416,2024-10-07,59,Books,131.29,3,UPI,Cancelled,Hyderabad
711,1167,2024-03-18,33,Beauty,219.91,3,UPI,Delivered,Pune
712,1841,2024-04-17,62,Home,39.25,2,UPI,Delivered,Chennai
713,1042,2024-10-07,50,Home,439.6,1,COD,Delivered,Mumbai
714,1555,2024-02-08,112,Electronics,285.05,4,COD,Delivered,Mumbai
715,1284,2024-04-28,19,Books,871.21,2,Card,Delivered,Delhi
716,1396,2024-11-30,197,Fashion,608.89,4,UPI,Delivered,Chennai
717,1011,2024-12-01,123,Electronics,617.95,2,Card,Delivered,Mumbai
718,1606,2024-01-27,194,Home,536.59,2,UPI,Delivered,Hyderabad
719,1301,2024-04-13,47,Home,100.93,4,UPI,Delivered,Ahmedabad
720,1897,2024-03-14,167,Sports,450.57,3,UPI,Delivered,Ahmedabad
721,1252,2024-07-09,196,Electronics,999.51,3,COD,Delivered,Mumbai
722,1498,2024-11-19,33,Home,836.88,1,UPI,Delivered,Hyderabad
723,1753,2024-05-26,141,Beauty,894.52,4,Card,Delivered,Kolkata
724,1034,2024-09-11,84,Sports,824.99,1,UPI,Delivered,Hyderabad
725,1726,2024-10-10,182,Fashion,112.01,2,UPI,Delivered,Hyderabad
726,1848,2024-07-31,135,Sports,235.17,1,Card,Delivered,Chennai
727,1089,2024-05-02,79,Books,13.09,2,UPI,Delivered,Kolkata
728,1775,2024-07-24,14,Books,310.48,4,COD,Delivered,Hyderabad
729,1604,2024-08-27,147,Fashion,117.52,4,UPI,Delivered,Chennai
730,1921,2024-12-04,128,Beauty,478.07,4,UPI,Delivered,Kolkata
731,1969,2024-10-12,54,Fashion,680.36,4,Card,Cancelled,Ahmedabad
732,1601,2024-01-22,148,Electronics,875.76,1,Card,Delivered,Mumbai
733,1417,2024-09-15,29,Fashion,751.72,2,UPI,Delivered,Kolkata
734,1114,2024-12-22,24,Fashion,939.2,3,Card,Delivered,Hyderabad
735,1616,2024-04-14,82,Sports,63.36,4,Card,Returned,Kolkata
736,1902,2024-09-14,63,Beauty,22.06,4,UPI,Delivered,Bangalore
737,1195,2024-07-22,105,Fashion,664.72,2,COD,Delivered,Mumbai
738,1825,2024-11-05,57,Electronics,296.46,3,UPI,Cancelled,Pune
739,1500,2024-09-18,136,Sports,260.97,4,UPI,Cancelled,Kolkata
740,1625,2024-04-16,62,Beauty,337.58,3,Card,Cancelled,Kolkata
741,1492,2024-09-07,157,Beauty,277.1,4,UPI,Delivered,Kolkata
742,1074,2024-08-08,17,Home,516.32,1,Card,Delivered,Bangalore
743,1412,2024-08-09,66,Books,445.75,1,UPI,Delivered,Bangalore
744,1375,2024-09-14,6,Electronics,517.3,3,UPI,Delivered,Delhi
745,1419,2024-07-19,58,Books,675.99,2,COD,Delivered,Chennai
746,1728,2024-09-14,69,Sports,393.26,2,Card,Delivered,Delhi
747,1276,2024-12-14,156,Sports,258.79,1,Card,Delivered,Chennai
748,1760,2024-08-12,62,Electronics,174.54,2,UPI,Delivered,Delhi
749,1675,2024-07-20,169,Beauty,355.98,2,UPI,Delivered,Mumbai
750,1393,2024-08-13,197,Fashion,744.39,2,Card,Delivered,Ahmedabad
751,1868,2024-08-23,82,Electronics,759.14,3,COD,Delivered,Bangalore
752,1456,2024-07-01,169,Sports,670.24,3,UPI,Delivered,Mumbai
753,1919,2024-07-18,177,Books,241.69,2,UPI,Delivered,Chennai
754,1191,2024-12-22,177,Electronics,592.21,1,UPI,Delivered,Bangalore
755,1738,2024-09-02,71,Beauty,574.98,2,UPI,Delivered,Ahmedabad
756,1688,2024-12-18,131,Home,489.42,4,Card,Delivered,Bangalore
757,1098,2024-04-20,10,Home,554.48,1,UPI,Delivered,Chennai
758,1547,2024-01-06,98,Fashion,496.87,3,UPI,Delivered,Mumbai
759,1977,2024-08-23,89,Fashion,569.8,4,UPI,Delivered,Bangalore
760,1998,2024-05-06,35,Beauty,718.35,2,UPI,Delivered,Pune
761,1095,2024-04-13,2,Books,118.53,2,UPI,Delivered,Kolkata
762,1663,2024-08-24,124,Fashion,752.13,1,COD,Delivered,Mumbai
763,1662,2024-06-03,24,Home,144.53,1,Card,Returned,Mumbai
764,1189,2024-09-13,74,Beauty,75.96,2,UPI,Delivered,Mumbai
765,1735,2024-08-22,166,Beauty,976.32,2,Card,Delivered,Ahmedabad
766,1036,2024-10-15,22,Beauty,957.42,1,Card,Cancelled,Bangalore
767,1779,2024-02-09,154,Electronics,69.83,4,UPI,Cancelled,Hyderabad
768,1368,2024-10-14,171,Books,448.82,3,UPI,Delivered,Kolkata
769,1694,2024-07-15,183,Books,194.38,1,UPI,Delivered,Ahmedabad
770,1524,2024-09-29,39,Fashion,490.49,4,UPI,Delivered,Delhi
771,1278,2024-09-20,157,Books,831.88,2,COD,Delivered,Chennai
772,1216,2024-02-26,20,Sports,951.11,3,UPI,Delivered,Mumbai
773,1866,2024-10-24,41,Home,637.91,4,COD,Delivered,Bangalore
774,1872,2024-04-07,182,Fashion,360.37,3,Card,Returned,Chennai
775,1797,2024-05-16,148,Books,607.29,3,UPI,Returned,Hyderabad
776,1272,2024-03-27,108,Home,318.88,3,COD,Cancelled,Pune
777,1880,2024-08-29,147,Fashion,910.73,4,UPI,Delivered,Ahmedabad
778,1061,2024-07-17,84,Sports,871.7,4,UPI,Delivered,Hyderabad
779,1595,2024-11-05,111,Home,562.65,2,Card,Delivered,Bangalore
780,1879,2024-03-24,66,Sports,331.55,3,UPI,Delivered,Mumbai
781,1728,2024-08-29,158,Home,300.46,1,UPI,Delivered,Hyderabad
782,1341,2024-10-07,53,Electronics,43.08,1,Card,Delivered,Kolkata
783,1396,2024-11-18,34,Electronics,817.66,1,COD,Cancelled,Ahmedabad
784,1698,2024-09-08,150,Home,455.88,4,UPI,Cancelled,Hyderabad
785,1018,2024-07-08,67,Home,331.88,2,UPI,Delivered,Hyderabad
786,1176,2024-05-31,134,Sports,476.4,4,Card,Delivered,Kolkata
787,1611,2024-10-28,27,Books,820.55,3,Card,Delivered,Pune
788,1395,2024-10-04,10,Beauty,133.37,1,UPI,Cancelled,Ahmedabad
789,1444,2024-05-18,73,Home,859.08,4,COD,Delivered,Ahmedabad
790,1232,2024-06-24,96,Fashion,898.53,1,Card,Returned,Bangalore
791,1914,2024-01-08,48,Fashion,947.24,4,Card,Delivered,Chennai
792,1075,2024-10-21,70,Fashion,403.51,1,COD,Returned,Delhi
793,1264,2024-08-22,187,Electronics,224.97,3,COD,Delivered,Bangalore
794,1454,2024-06-11,100,Books,379.9,1,UPI,Cancelled,Mumbai
795,1795,2024-02-18,59,Sports,339.58,3,UPI,Delivered,Bangalore
796,1717,2024-10-28,2,Books,184.39,3,Card,Delivered,Bangalore
797,1734,2024-02-07,157,Electronics,611.19,4,COD,Delivered,Pune
798,1383,2024-05-15,196,Books,481.86,4,Card,Cancelled,Delhi
799,1563,2024-11-05,65,Books,867.04,4,UPI,Delivered,Delhi
800,1850,2024-08-06,83,Fashion,41.79,3,Card,Delivered,Delhi
801,1505,2024-12-13,154,Home,647.43,2,UPI,Delivered,Chennai
802,1366,2024-10-22,10,Fashion,765.32,2,COD,Delivered,Ahmedabad
803,1143,2024-02-03,53,Books,761.89,3,UPI,Delivered,Bangalore
804,1884,2024-12-17,79,Home,887.21,3,COD,Delivered,Pune
805,1068,2024-03-19,59,Sports,731.74,4,UPI,Delivered,Ahmedabad
806,1098,2024-08-23,150,Beauty,928.53,4,COD,Delivered,Mumbai
807,1395,2024-09-29,179,Home,339.33,4,UPI,Cancelled,Delhi
808,1024,2024-06-09,48,Electronics,508.18,2,Card,Delivered,Kolkata
809,1947,2024-06-23,149,Fashion,23.94,2,COD,Returned,Ahmedabad
810,1890,2024-11-03,123,Fashion,16.89,3,Card,Delivered,Delhi
811,1468,2024-08-08,22,Books,247.73,2,Card,Delivered,Kolkata
812,1483,2024-01-09,100,Books,109.8,4,UPI,Delivered,Ahmedabad
813,1564,2024-10-15,98,Books,267.61,4,UPI,Delivered,Bangalore
814,1150,2024-04-22,158,Books,185.27,4,COD,Delivered,Mumbai
815,1143,2024-07-23,25,Fashion,38.23,4,UPI,Returned,Pune
816,1568,2024-07-04,28,Home,910.21,4,Card,Cancelled,Delhi
817,1038,2024-12-06,193,Sports,18.14,1,Card,Delivered,Bangalore
818,1108,2024-07-15,113,Home,738.72,3,UPI,Delivered,Hyderabad
819,1692,2024-09-22,45,Electronics,160.63,3,UPI,Delivered,Pune
820,1041,2024-09-18,68,Fashion,913.11,2,UPI,Returned,Kolkata
821,1185,2024-09-04,7,Home,893.87,4,UPI,Delivered,Chennai
822,1934,2024-04-24,49,Fashion,657.36,1,COD,Delivered,Pune
823,1397,2024-04-30,137,Electronics,675.51,4,Card,Delivered,Bangalore
824,1222,2024-05-20,164,Beauty,15.29,4,UPI,Delivered,Ahmedabad
825,1633,2024-03-05,83,Beauty,985.02,2,UPI,Delivered,Delhi
826,1132,2024-10-02,129,Beauty,879.05,1,Card,Returned,Pune
827,1162,2024-11-08,138,Fashion,896.16,1,UPI,Returned,Mumbai
828,1214,2024-08-26,164,Home,662.65,3,UPI,Cancelled,Kolkata
829,1732,2024-10-28,73,Fashion,351.34,4,UPI,Delivered,Hyderabad
830,1234,2024-01-10,46,Sports,894.71,1,COD,Delivered,Mumbai
831,1842,2024-08-20,106,Home,298.6,3,UPI,Delivered,Mumbai
832,1657,2024-07-13,160,Electronics,567.08,1,UPI,Delivered,Mumbai
833,1750,2024-01-12,32,Books,108.73,4,COD,Delivered,Bangalore
834,1587,2024-06-25,6,Beauty,922.74,3,UPI,Delivered,Bangalore
835,1008,2024-06-25,176,Home,149.36,1,COD,Delivered,Pune
836,1073,2024-08-04,166,Home,232.65,2,UPI,Delivered,Kolkata
837,1953,2024-01-11,145,Beauty,562.55,1,UPI,Delivered,Chennai
838,1491,2024-04-27,74,Electronics,766.45,4,UPI,Delivered,Kolkata
839,1912,2024-06-12,114,Fashion,623.16,2,UPI,Delivered,Hyderabad
840,1252,2024-02-08,27,Fashion,239.81,1,UPI,Delivered,Pune
841,1229,2024-02-22,54,Books,10.93,1,UPI,Delivered,Mumbai
842,1518,2024-08-05,178,Home,759.58,3,UPI,Delivered,Pune
843,1173,2024-07-24,163,Beauty,985.36,4,UPI,Cancelled,Kolkata
844,1652,2024-11-07,85,Sports,811.81,1,Card,Delivered,Delhi
845,1167,2024-12-25,127,Electronics,465.6,1,COD,Delivered,Pune
846,1169,2024-02-25,153,Fashion,904.73,1,COD,Delivered,Kolkata
847,1392,2024-04-27,156,Electronics,415.75,4,Card,Returned,Pune
848,1945,2024-09-09,111,Electronics,529.68,2,COD,Delivered,Kolkata
849,1794,2024-10-12,15,Books,482.36,4,UPI,Delivered,Mumbai
850,1633,2024-09-24,132,Electronics,453.15,3,UPI,Delivered,Pune
851,1193,2024-10-17,93,Beauty,777.44,3,UPI,Delivered,Ahmedabad
852,1516,2024-11-28,123,Books,531.5,4,Card,Delivered,Hyderabad
853,1028,2024-06-28,73,Beauty,323.55,1,COD,Delivered,Mumbai
854,1164,2024-12-23,155,Books,265.58,1,Card,Delivered,Bangalore
855,1421,2024-08-22,154,Beauty,47.37,2,UPI,Delivered,Bangalore
856,1338,2024-12-08,147,Books,587.36,4,Card,Delivered,Pune
857,1647,2024-07-14,92,Books,237.66,4,UPI,Delivered,Pune
858,1495,2024-11-03,17,Home,156.65,1,UPI,Delivered,Hyderabad
859,1364,2024-03-20,43,Beauty,657.29,3,Card,Delivered,Ahmedabad
860,1832,2024-05-14,121,Home,684.4,3,UPI,Delivered,Kolkata
861,1341,2024-01-22,41,Books,754.63,2,UPI,Delivered,Ahmedabad
862,1499,2024-11-26,170,Fashion,508.54,2,Card,Returned,Kolkata
863,1656,2024-08-12,178,Books,895.11,3,Card,Delivered,Chennai
864,1510,2024-02-27,168,Fashion,936.98,4,UPI,Delivered,Mumbai
865,1326,2024-04-02,39,Fashion,809.3,2,UPI,Delivered,Hyderabad
866,1216,2024-07-10,113,Fashion,639.24,1,COD,Delivered,Pune
867,1300,2024-04-12,151,Fashion,310.68,4,UPI,Delivered,Ahmedabad
868,1131,2024-01-07,111,Beauty,983.12,1,UPI,Delivered,Ahmedabad
869,1803,2024-05-07,180,Sports,281.39,2,UPI,Delivered,Ahmedabad
870,1069,2024-02-24,47,Beauty,210.63,3,Card,Delivered,Pune
871,1251,2024-08-18,63,Sports,447.73,2,UPI,Delivered,Ahmedabad
872,1414,2024-12-27,110,Beauty,66.27,3,UPI,Delivered,Pune
873,1786,2024-03-02,69,Fashion,978.71,4,UPI,Delivered,Ahmedabad
874,1444,2024-08-27,43,Electronics,592.55,2,UPI,Delivered,Pune
875,1875,2024-03-30,176,Books,561.38,2,UPI,Delivered,Delhi
876,1181,2024-08-19,34,Sports,659.24,2,Card,Delivered,Pune
877,1166,2024-08-20,40,Electronics,502.05,4,COD,Delivered,Pune
878,1090,2024-12-19,61,Fashion,41.74,1,COD,Delivered,Delhi
879,1713,2024-11-28,178,Sports,616.19,1,Card,Delivered,Chennai
880,1857,2024-10-18,195,Electronics,719.01,3,Card,Delivered,Kolkata
881,1530,2024-12-10,62,Beauty,422.58,2,COD,Returned,Bangalore
882,1038,2024-05-31,58,Fashion,759.72,1,COD,Delivered,Pune
883,1125,2024-05-24,161,Beauty,234.73,4,COD,Returned,Kolkata
884,1450,2024-05-09,75,Beauty,229.06,2,UPI,Delivered,Pune
885,1172,2024-05-20,16,Fashion,169.8,3,UPI,Delivered,Hyderabad
886,1652,2024-04-02,82,Sports,378.27,1,COD,Delivered,Mumbai
887,1753,2024-04-23,94,Books,848.54,4,COD,Cancelled,Hyderabad
888,1219,2024-10-10,48,Home,829.63,4,Card,Returned,Ahmedabad
889,1637,2024-05-22,138,Home,389.0,3,COD,Cancelled,Pune
890,1057,2024-08-10,82,Books,593.23,1,Card,Delivered,Ahmedabad
891,1659,2024-08-19,38,Fashion,723.61,2,Card,Delivered,Chennai
892,1475,2024-02-02,127,Home,248.79,4,UPI,Delivered,Hyderabad
893,1455,2024-10-02,19,Books,176.46,3,Card,Delivered,Chennai
894,1828,2024-06-18,164,Electronics,972.38,4,Card,Cancelled,Chennai
895,1894,2024-05-19,187,Books,621.38,4,COD,Delivered,Pune
896,1360,2024-12-22,63,Sports,981.6,1,UPI,Delivered,Chennai
897,1934,2024-07-19,77,Books,344.38,1,COD,Delivered,Hyderabad
898,1000,2024-01-23,174,Beauty,706.0,2,COD,Delivered,Delhi
899,1386,2024-08-11,131,Beauty,230.38,4,UPI,Delivered,Mumbai
900,1972,2024-09-26,102,Fashion,268.59,3,UPI,Delivered,Chennai
901,1347,2024-12-12,65,Beauty,516.78,4,Card,Delivered,Kolkata
902,1189,2024-06-01,120,Electronics,326.42,3,UPI,Delivered,Pune
903,1504,2024-11-28,91,Books,175.95,4,Card,Cancelled,Bangalore
904,1190,2024-03-25,8,Electronics,270.25,3,UPI,Delivered,Chennai
905,1507,2024-04-18,179,Fashion,45.39,4,UPI,Delivered,Kolkata
906,1368,2024-01-31,73,Beauty,707.38,4,UPI,Delivered,Ahmedabad
907,1408,2024-08-16,134,Home,497.2,2,UPI,Delivered,Hyderabad
908,1823,2024-08-27,107,Books,103.3,1,UPI,Delivered,Chennai
909,1928,2024-12-28,89,Home,179.98,1,COD,Delivered,Bangalore
910,1933,2024-11-05,39,Sports,111.51,3,UPI,Delivered,Kolkata
911,1116,2024-05-20,113,Fashion,616.47,4,COD,Delivered,Delhi
912,1133,2024-06-04,188,Sports,103.27,4,COD,Delivered,Hyderabad
913,1057,2024-10-25,28,Home,756.74,1,COD,Delivered,Hyderabad
914,1555,2024-12-10,97,Home,30.31,3,UPI,Cancelled,Pune
915,1684,2024-04-08,182,Home,256.88,2,Card,Delivered,Hyderabad
916,1671,2024-02-16,37,Sports,891.76,2,UPI,Delivered,Bangalore
917,1172,2024-11-22,137,Fashion,721.35,2,UPI,Cancelled,Kolkata
918,1828,2024-03-07,82,Books,82.24,4,COD,Cancelled,Hyderabad
919,1814,2024-03-02,56,Books,822.91,3,UPI,Delivered,Delhi
920,1148,2024-04-18,187,Electronics,498.1,1,COD,Delivered,Mumbai
921,1079,2024-06-15,85,Electronics,848.32,4,Card,Delivered,Mumbai
922,1885,2024-02-06,2,Home,604.73,4,UPI,Delivered,Chennai
923,1212,2024-04-28,189,Fashion,685.01,2,UPI,Delivered,Mumbai
924,1202,2024-03-26,58,Fashion,993.57,3,Card,Delivered,Bangalore
925,1763,2024-02-21,107,Beauty,240.01,3,Card,Cancelled,Mumbai
926,1228,2024-03-31,123,Beauty,627.71,2,Card,Delivered,Bangalore
927,1675,2024-10-15,188,Sports,465.72,2,UPI,Delivered,Bangalore
928,1226,2024-12-02,168,Beauty,49.06,2,UPI,Delivered,Chennai
929,1658,2024-10-24,164,Books,24.33,4,UPI,Delivered,Mumbai
930,1531,2024-07-22,114,Books,128.04,4,UPI,Delivered,Chennai
931,1440,2024-08-25,107,Sports,652.6,4,UPI,Delivered,Hyderabad
932,1401,2024-06-03,37,Electronics,571.49,1,UPI,Cancelled,Ahmedabad
933,1046,2024-08-27,79,Home,557.9,1,UPI,Returned,Delhi
934,1232,2024-05-15,92,Fashion,41.54,3,Card,Delivered,Kolkata
935,1304,2024-12-27,18,Electronics,474.61,2,Card,Cancelled,Mumbai
936,1525,2024-03-04,98,Books,925.38,2,UPI,Delivered,Hyderabad
937,1142,2024-05-02,63,Electronics,403.62,4,Card,Delivered,Pune
938,1414,2024-09-10,150,Sports,628.67,1,Card,Delivered,Kolkata
939,1512,2024-04-23,139,Home,782.02,2,Card,Delivered,Kolkata
940,1372,2024-01-20,186,Books,786.09,3,Card,Delivered,Kolkata
941,1565,2024-01-16,185,Sports,524.09,2,UPI,Delivered,Hyderabad
942,1885,2024-05-24,4,Electronics,859.37,4,UPI,Returned,Chennai
943,1258,2024-07-26,135,Fashion,397.46,4,UPI,Delivered,Chennai
944,1655,2024-01-19,61,Beauty,889.81,1,UPI,Delivered,Kolkata
945,1470,2024-06-14,107,Sports,247.82,3,Card,Delivered,Kolkata
946,1952,2024-02-07,54,Books,287.41,3,COD,Delivered,Delhi
947,1970,2024-06-29,88,Electronics,62.59,2,UPI,Delivered,Delhi
948,1011,2024-12-14,68,Beauty,797.63,3,Card,Returned,Kolkata
949,1329,2024-04-14,129,Beauty,422.88,2,COD,Delivered,Delhi
950,1735,2024-04-09,55,Electronics,236.83,2,UPI,Delivered,Ahmedabad
951,1783,2024-03-30,3,Home,239.47,1,COD,Delivered,Kolkata
952,1967,2024-10-26,166,Electronics,902.39,3,UPI,Delivered,Delhi
953,1357,2024-11-27,121,Books,835.58,4,COD,Delivered,Kolkata
954,1971,2024-03-19,129,Fashion,558.0,2,UPI,Delivered,Chennai
955,1407,2024-03-13,102,Books,619.95,2,UPI,Delivered,Ahmedabad
956,1667,2024-06-24,38,Beauty,479.58,2,Card,Delivered,Bangalore
957,1372,2024-04-05,85,Fashion,397.75,3,COD,Delivered,Chennai
958,1007,2024-12-10,157,Sports,916.32,3,UPI,Delivered,Bangalore
959,1121,2024-04-12,133,Beauty,134.36,3,Card,Delivered,Chennai
960,1347,2024-08-11,92,Home,424.26,2,Card,Delivered,Pune
961,1675,2024-01-06,21,Electronics,351.12,4,UPI,Delivered,Chennai
962,1089,2024-05-01,199,Sports,503.17,4,UPI,Returned,Ahmedabad
963,1647,2024-08-23,195,Books,463.06,3,UPI,Delivered,Ahmedabad
964,1697,2024-04-25,109,Fashion,523.7,4,UPI,Delivered,Delhi
965,1315,2024-06-11,47,Sports,148.52,2,Card,Delivered,Bangalore
966,1177,2024-08-13,84,Home,518.01,3,COD,Cancelled,Hyderabad
967,1539,2024-08-17,83,Electronics,249.99,3,Card,Cancelled,Pune
968,1731,2024-06-30,35,Sports,192.49,2,COD,Delivered,Hyderabad
969,1868,2024-09-05,196,Books,74.19,3,UPI,Delivered,Pune
970,1040,2024-11-13,69,Fashion,765.03,2,UPI,Delivered,Hyderabad
971,1739,2024-07-28,129,Sports,433.17,3,COD,Delivered,Delhi
972,1703,2024-05-23,196,Electronics,630.38,4,COD,Delivered,Hyderabad
973,1922,2024-12-10,140,Books,730.32,3,UPI,Delivered,Kolkata
974,1501,2024-04-05,188,Sports,682.52,3,UPI,Delivered,Chennai
975,1958,2024-12-11,27,Fashion,475.8,3,COD,Delivered,Ahmedabad
976,1144,2024-08-31,56,Electronics,394.02,1,UPI,Returned,Delhi
977,1200,2024-03-26,23,Home,382.2,4,UPI,Cancelled,Kolkata
978,1928,2024-07-02,153,Home,643.65,2,Card,Delivered,Hyderabad
979,1723,2024-04-30,21,Beauty,499.85,1,COD,Delivered,Delhi
980,1460,2024-11-27,61,Sports,850.64,4,Card,Delivered,Chennai
981,1731,2024-04-01,63,Fashion,875.95,3,Card,Delivered,Delhi
982,1751,2024-03-10,122,Sports,178.85,3,UPI,Delivered,Hyderabad
983,1924,2024-05-12,52,Electronics,144.87,2,Card,Delivered,Delhi
984,1908,2024-10-05,88,Beauty,634.1,2,UPI,Delivered,Pune
985,1557,2024-05-16,153,Fashion,308.21,4,COD,Delivered,Mumbai
986,1546,2024-11-09,55,Sports,28.39,4,UPI,Delivered,Ahmedabad
987,1252,2024-07-05,46,Fashion,889.76,2,Card,Delivered,Hyderabad
988,1389,2024-08-08,32,Electronics,234.63,4,COD,Delivered,Chennai
989,1593,2024-02-15,55,Beauty,929.99,2,UPI,Returned,Bangalore
990,1882,2024-10-04,96,Fashion,720.26,3,COD,Delivered,Delhi
991,1255,2024-07-10,133,Electronics,765.03,2,UPI,Delivered,Pune
992,1708,2024-01-08,36,Home,209.45,1,UPI,Delivered,Delhi
993,1814,2024-10-02,110,Fashion,241.85,2,UPI,Delivered,Ahmedabad
994,1920,2024-06-27,177,Beauty,526.06,2,COD,Cancelled,Hyderabad
995,1449,2024-11-29,106,Books,180.38,1,COD,Delivered,Pune
996,1009,2024-02-08,58,Books,312.38,1,UPI,Returned,Hyderabad
997,1823,2024-10-19,39,Fashion,328.25,1,UPI,Cancelled,Mumbai
998,1797,2024-06-26,80,Fashion,168.03,1,COD,Cancelled,Chennai
999,1241,2024-06-10,97,Electronics,213.13,2,UPI,Delivered,Ahmedabad
1000,1250,2024-11-26,113,Sports,790.67,4,Card,Delivered,Pune
1001,1876,2024-04-13,61,Books,175.52,1,Card,Delivered,Pune
1002,1004,2024-06-09,137,Sports,38.17,3,COD,Delivered,Delhi
1003,1118,2024-10-13,6,Books,633.06,2,Card,Delivered,Delhi
1004,1800,2024-05-02,109,Fashion,976.22,4,UPI,Delivered,Ahmedabad
1005,1373,2024-02-23,35,Beauty,337.9,3,COD,Delivered,Bangalore
1006,1064,2024-02-03,39,Beauty,127.47,2,UPI,Returned,Kolkata
1007,1145,2024-08-29,150,Books,574.68,2,UPI,Delivered,Pune
1008,1223,2024-04-22,169,Books,907.29,3,UPI,Delivered,Delhi
1009,1238,2024-11-13,118,Electronics,786.22,1,COD,Delivered,Delhi
1010,1176,2024-01-23,5,Fashion,626.29,1,Card,Delivered,Kolkata
1011,1778,2024-02-15,170,Fashion,321.91,3,UPI,Delivered,Mumbai
1012,1852,2024-11-07,87,Sports,546.46,4,Card,Delivered,Bangalore
1013,1281,2024-05-14,76,Electronics,100.33,1,UPI,Delivered,Ahmedabad
1014,1062,2024-04-27,195,Home,682.16,2,COD,Delivered,Kolkata
1015,1216,2024-07-07,158,Beauty,727.85,2,UPI,Delivered,Ahmedabad
1016,1853,2024-05-10,57,Beauty,965.38,4,Card,Delivered,Delhi
1017,1826,2024-07-30,127,Fashion,267.79,2,Card,Delivered,Ahmedabad
1018,1794,2024-04-22,29,Electronics,28.27,1,UPI,Delivered,Delhi
1019,1688,2024-02-13,165,Home,550.15,4,COD,Delivered,Chennai
1020,1460,2024-05-07,87,Beauty,709.72,1,UPI,Delivered,Pune
1021,1928,2024-12-29,141,Electronics,792.5,4,Card,Cancelled,Delhi
1022,1609,2024-06-06,160,Home,201.8,3,Card,Returned,Mumbai
1023,1104,2024-09-29,46,Books,269.14,2,Card,Delivered,Delhi
1024,1098,2024-11-10,116,Fashion,517.47,4,UPI,Delivered,Pune
1025,1510,2024-12-20,112,Sports,337.29,3,COD,Delivered,Delhi
1026,1384,2024-12-05,151,Beauty,861.91,1,UPI,Cancelled,Kolkata
1027,1404,2024-02-14,45,Beauty,479.02,3,Card,Delivered,Hyderabad
1028,1822,2024-04-17,145,Home,801.58,1,Card,Delivered,Delhi
1029,1517,2024-08-06,104,Sports,584.81,4,COD,Cancelled,Bangalore
1030,1475,2024-11-13,85,Books,775.36,4,Card,Delivered,Pune
1031,1976,2024-11-10,194,Electronics,339.35,2,UPI,Delivered,Ahmedabad
1032,1708,2024-06-25,134,Fashion,833.1,2,COD,Delivered,Pune
1033,1862,2024-08-15,108,Electronics,281.83,4,UPI,Delivered,Hyderabad
1034,1644,2024-07-09,18,Home,550.64,1,UPI,Returned,Bangalore
1035,1869,2024-06-08,94,Beauty,221.87,1,COD,Delivered,Bangalore
1036,1770,2024-09-23,150,Books,480.77,4,Card,Delivered,Pune
1037,1436,2024-12-23,33,Beauty,324.99,1,UPI,Delivered,Mumbai
1038,1022,2024-11-21,158,Electronics,274.04,4,Card,Delivered,Ahmedabad
1039,1996,2024-07-08,126,Books,967.32,2,UPI,Delivered,Delhi
1040,1564,2024-06-23,160,Fashion,168.47,1,UPI,Delivered,Bangalore
1041,1676,2024-10-16,170,Home,789.45,2,UPI,Delivered,Delhi
1042,1713,2024-12-22,122,Fashion,984.32,3,Card,Delivered,Ahmedabad
1043,1457,2024-05-24,138,Home,29.7,2,Card,Delivered,Delhi
1044,1082,2024-08-19,115,Fashion,702.04,3,Card,Delivered,Ahmedabad
1045,1144,2024-12-25,164,Electronics,260.38,2,UPI,Delivered,Kolkata
1046,1084,2024-07-22,162,Sports,50.08,2,Card,Delivered,Mumbai
1047,1077,2024-07-31,28,Books,408.86,1,UPI,Delivered,Mumbai
1048,1456,2024-02-09,11,Home,935.87,2,Card,Delivered,Bangalore
1049,1877,2024-10-01,167,Electronics,21.65,4,COD,Delivered,Bangalore
1050,1000,2024-11-18,47,Beauty,592.01,1,UPI,Delivered,Pune
1051,1050,2024-03-22,127,Beauty,506.38,1,Card,Delivered,Kolkata
1052,1684,2024-06-29,147,Fashion,874.65,1,COD,Delivered,Kolkata
1053,1716,2024-11-15,118,Beauty,93.16,2,UPI,Delivered,Hyderabad
1054,1771,2024-03-23,143,Sports,684.71,1,Card,Delivered,Delhi
1055,1445,2024-10-29,126,Home,683.31,3,Card,Delivered,Ahmedabad
1056,1448,2024-09-18,156,Fashion,672.39,3,UPI,Delivered,Pune
1057,1880,2024-09-28,152,Home,942.91,2,Card,Returned,Delhi
1058,1487,2024-07-18,72,Home,824.86,1,Card,Delivered,Mumbai
1059,1799,2024-08-27,107,Electronics,51.55,4,UPI,Delivered,Mumbai
1060,1033,2024-06-28,137,Beauty,476.37,4,UPI,Cancelled,Kolkata
1061,1347,2024-06-19,175,Books,403.97,3,COD,Delivered,Pune
1062,1094,2024-10-21,33,Home,317.05,2,Card,Delivered,Bangalore
1063,1071,2024-06-25,190,Sports,456.82,2,UPI,Delivered,Hyderabad
1064,1550,2024-08-24,19,Sports,390.35,2,UPI,Returned,Kolkata
1065,1153,2024-05-17,195,Books,438.01,2,Card,Delivered,Hyderabad
1066,1249,2024-11-22,74,Beauty,979.47,2,UPI,Delivered,Mumbai
1067,1673,2024-11-06,168,Beauty,97.75,1,UPI,Delivered,Mumbai
1068,1437,2024-05-08,175,Fashion,923.01,1,Card,Cancelled,Hyderabad
1069,1117,2024-02-18,193,Fashion,485.43,1,Card,Delivered,Hyderabad
1070,1770,2024-06-12,157,Fashion,627.5,4,UPI,Delivered,Ahmedabad
1071,1890,2024-10-03,178,Beauty,831.88,1,UPI,Delivered,Bangalore
1072,1305,2024-10-19,98,Home,366.86,2,UPI,Delivered,Hyderabad
1073,1267,2024-04-25,141,Electronics,436.12,2,UPI,Cancelled,Delhi
1074,1960,2024-01-24,129,Books,415.42,4,UPI,Delivered,Hyderabad
1075,1053,2024-11-06,162,Books,380.98,4,UPI,Cancelled,Chennai
1076,1235,2024-01-25,93,Books,926.27,3,UPI,Delivered,Hyderabad
1077,1388,2024-05-06,176,Fashion,830.64,4,UPI,Delivered,Mumbai
1078,1989,2024-08-21,48,Electronics,117.91,3,COD,Delivered,Mumbai
1079,1733,2024-07-27,177,Sports,117.04,1,UPI,Delivered,Kolkata
1080,1762,2024-04-02,64,Beauty,433.59,2,UPI,Delivered,Ahmedabad
1081,1824,2024-04-03,61,Sports,107.67,3,UPI,Delivered,Chennai
1082,1400,2024-11-22,157,Fashion,622.9,3,UPI,Delivered,Delhi
1083,1623,2024-08-12,39,Home,152.25,3,COD,Delivered,Hyderabad
1084,1766,2024-10-06,128,Fashion,527.15,4,UPI,Delivered,Hyderabad
1085,1302,2024-01-11,88,Electronics,17.15,4,COD,Delivered,Chennai
1086,1918,2024-11-24,26,Fashion,323.43,4,UPI,Delivered,Kolkata
1087,1206,2024-01-12,17,Books,680.42,3,COD,Delivered,Bangalore
1088,1228,2024-02-04,71,Home,489.2,1,UPI,Delivered,Ahmedabad
1089,1852,2024-08-15,13,Home,978.49,2,UPI,Delivered,Ahmedabad
1090,1909,2024-08-07,69,Beauty,875.36,4,UPI,Delivered,Bangalore
1091,1577,2024-05-20,26,Beauty,365.48,1,UPI,Delivered,Kolkata
1092,1074,2024-01-23,49,Books,55.03,4,Card,Returned,Delhi
1093,1434,2024-03-23,195,Home,847.17,4,UPI,Delivered,Hyderabad
1094,1102,2024-08-16,7,Books,912.12,3,Card,Delivered,Hyderabad
1095,1421,2024-12-09,58,Home,822.42,3,UPI,Delivered,Hyderabad
1096,1703,2024-03-20,49,Electronics,136.67,4,UPI,Delivered,Kolkata
1097,1763,2024-12-18,103,Fashion,997.94,2,UPI,Delivered,Mumbai
1098,1737,2024-10-16,53,Beauty,266.0,4,Card,Delivered,Pune
1099,1805,2024-11-26,193,Electronics,726.96,2,UPI,Delivered,Bangalore
1100,1305,2024-06-07,62,Fashion,908.95,1,UPI,Delivered,Kolkata
1101,1097,2024-05-07,17,Beauty,243.33,4,UPI,Delivered,Pune
1102,1849,2024-07-08,171,Books,909.18,2,COD,Delivered,Ahmedabad
1103,1797,2024-01-31,25,Electronics,316.39,1,Card,Delivered,Chennai
1104,1334,2024-12-24,131,Sports,976.65,1,UPI,Cancelled,Pune
1105,1858,2024-01-15,29,Sports,288.45,3,UPI,Delivered,Mumbai
1106,1434,2024-11-08,117,Beauty,953.9,1,UPI,Delivered,Ahmedabad
1107,1446,2024-03-15,160,Electronics,63.01,3,UPI,Cancelled,Mumbai
1108,1993,2024-02-03,26,Fashion,712.18,1,Card,Delivered,Ahmedabad
1109,1307,2024-12-24,124,Fashion,536.79,1,UPI,Delivered,Bangalore
1110,1248,2024-07-14,144,Electronics,483.1,2,UPI,Delivered,Hyderabad
1111,1165,2024-11-26,25,Sports,231.26,2,Card,Cancelled,Delhi
1112,1480,2024-01-29,54,Electronics,708.54,3,UPI,Delivered,Pune
1113,1983,2024-07-12,156,Sports,198.9,4,UPI,Delivered,Ahmedabad
1114,1334,2024-01-16,73,Sports,557.31,2,UPI,Cancelled,Ahmedabad
1115,1541,2024-03-17,120,Books,260.71,1,UPI,Delivered,Kolkata
1116,1758,2024-10-19,56,Books,956.07,3,COD,Delivered,Kolkata
1117,1105,2024-03-21,65,Fashion,38.34,3,Card,Delivered,Ahmedabad
1118,1562,2024-05-03,93,Beauty,207.73,3,UPI,Delivered,Chennai
1119,1080,2024-01-19,86,Home,249.89,1,UPI,Returned,Bangalore
1120,1132,2024-04-11,80,Electronics,419.93,2,UPI,Delivered,Delhi
1121,1796,2024-03-17,169,Sports,240.4,4,UPI,Delivered,Bangalore
1122,1899,2024-08-16,108,Electronics,496.44,3,COD,Returned,Bangalore
1123,1137,2024-10-23,179,Beauty,873.74,1,UPI,Delivered,Bangalore
1124,1183,2024-07-21,118,Beauty,714.94,2,COD,Delivered,Bangalore
1125,1400,2024-03-01,199,Home,584.16,2,Card,Delivered,Hyderabad
1126,1329,2024-01-26,157,Home,98.11,4,COD,Delivered,Kolkata
1127,1784,2024-03-11,83,Sports,697.05,3,Card,Delivered,Mumbai
1128,1507,2024-04-12,147,Books,174.75,1,Card,Cancelled,Kolkata
1129,1851,2024-11-21,194,Home,788.5,2,Card,Delivered,Kolkata
1130,1983,2024-12-28,169,Books,257.56,1,COD,Cancelled,Pune
1131,1068,2024-06-05,173,Books,422.88,2,UPI,Delivered,Bangalore
1132,1545,2024-12-28,15,Sports,356.97,3,COD,Returned,Delhi
1133,1773,2024-12-24,131,Fashion,860.23,3,Card,Returned,Pune
1134,1052,2024-07-12,139,Books,135.28,4,UPI,Delivered,Ahmedabad
1135,1449,2024-10-01,181,Sports,569.99,2,COD,Cancelled,Delhi
1136,1204,2024-11-19,174,Home,150.64,1,COD,Delivered,Delhi
1137,1125,2024-07-04,30,Electronics,707.75,2,Card,Delivered,Mumbai
1138,1746,2024-11-21,57,Home,906.03,1,UPI,Delivered,Mumbai
1139,1042,2024-04-22,146,Beauty,440.26,4,COD,Delivered,Delhi
1140,1751,2024-11-08,179,Home,493.21,2,Card,Delivered,Hyderabad
1141,1970,2024-06-13,128,Fashion,928.15,3,Card,Delivered,Mumbai
1142,1882,2024-03-01,48,Sports,525.78,1,COD,Delivered,Mumbai
1143,1110,2024-04-01,194,Books,492.72,3,UPI,Delivered,Hyderabad
1144,1760,2024-10-12,136,Beauty,582.55,4,UPI,Delivered,Bangalore
1145,1662,2024-06-01,22,Sports,692.34,4,Card,Cancelled,Mumbai
1146,1182,2024-08-12,6,Sports,115.81,1,UPI,Delivered,Pune
1147,1847,2024-05-06,185,Books,822.9,2,Card,Delivered,Delhi
1148,1094,2024-07-11,104,Home,441.15,3,UPI,Delivered,Delhi
1149,1970,2024-04-24,36,Electronics,81.63,3,UPI,Returned,Hyderabad
1150,1373,2024-09-18,79,Beauty,788.32,1,UPI,Delivered,Delhi
1151,1911,2024-01-18,116,Books,383.18,1,UPI,Delivered,Kolkata
1152,1519,2024-01-10,57,Fashion,109.36,1,UPI,Delivered,Ahmedabad
1153,1899,2024-04-01,49,Fashion,637.44,4,UPI,Delivered,Chennai
1154,1359,2024-05-18,173,Electronics,881.33,4,UPI,Delivered,Ahmedabad
1155,1899,2024-11-28,82,Electronics,888.88,3,Card,Delivered,Delhi
1156,1695,2024-12-22,66,Home,958.09,2,COD,Delivered,Hyderabad
1157,1280,2024-12-05,77,Fashion,869.03,1,UPI,Returned,Ahmedabad
1158,1194,2024-02-21,45,Beauty,12.12,4,Card,Delivered,Hyderabad
1159,1863,2024-07-13,79,Books,386.44,2,UPI,Delivered,Hyderabad
1160,1194,2024-07-24,20,Electronics,820.36,1,UPI,Delivered,Kolkata
1161,1666,2024-10-13,192,Electronics,372.59,2,COD,Delivered,Ahmedabad
1162,1092,2024-04-02,123,Electronics,605.53,1,UPI,Delivered,Pune
1163,1671,2024-11-04,67,Books,610.25,2,UPI,Delivered,Chennai
1164,1945,2024-05-24,83,Beauty,371.38,3,UPI,Delivered,Kolkata
1165,1060,2024-03-26,3,Fashion,905.43,1,COD,Delivered,Ahmedabad
1166,1633,2024-06-01,182,Beauty,508.2,1,UPI,Delivered,Mumbai
1167,1050,2024-01-02,64,Books,470.14,3,Card,Delivered,Bangalore
1168,1402,2024-12-07,40,Beauty,997.54,1,UPI,Delivered,Delhi
1169,1788,2024-09-16,59,Home,498.57,1,UPI,Delivered,Pune
1170,1004,2024-06-12,183,Books,186.61,4,COD,Delivered,Mumbai
1171,1465,2024-01-06,62,Electronics,517.94,3,UPI,Delivered,Hyderabad
1172,1603,2024-05-28,132,Fashion,815.88,4,Card,Delivered,Mumbai
1173,1681,2024-07-23,60,Home,779.09,3,Card,Delivered,Kolkata
1174,1828,2024-04-27,116,Home,790.7,2,UPI,Delivered,Mumbai
1175,1533,2024-03-29,75,Books,710.94,3,UPI,Delivered,Chennai
1176,1404,2024-06-02,122,Sports,261.68,3,Card,Delivered,Hyderabad
1177,1837,2024-06-15,107,Electronics,863.46,4,UPI,Delivered,Pune
1178,1512,2024-06-09,96,Fashion,894.51,1,UPI,Delivered,Ahmedabad
1179,1644,2024-09-26,91,Fashion,202.21,3,UPI,Delivered,Pune
1180,1232,2024-02-25,158,Fashion,139.15,1,Card,Delivered,Hyderabad
1181,1523,2024-08-15,130,Books,975.85,3,COD,Cancelled,Delhi
1182,1345,2024-12-02,62,Electronics,869.64,4,COD,Delivered,Ahmedabad
1183,1045,2024-05-28,49,Books,894.3,3,UPI,Delivered,Pune
1184,1545,2024-02-15,137,Fashion,887.51,2,Card,Delivered,Pune
1185,1944,2024-05-23,92,Beauty,546.27,3,UPI,Delivered,Delhi
1186,1077,2024-08-25,159,Beauty,649.94,3,UPI,Delivered,Delhi
1187,1729,2024-09-28,124,Electronics,549.91,1,COD,Delivered,Ahmedabad
1188,1812,2024-04-29,61,Fashion,60.69,1,Card,Returned,Kolkata
1189,1922,2024-12-05,48,Books,748.05,2,Card,Delivered,Pune
1190,1072,2024-08-07,153,Sports,510.28,3,UPI,Delivered,Pune
1191,1793,2024-01-08,164,Sports,651.23,1,COD,Delivered,Pune
1192,1248,2024-12-09,136,Sports,507.61,3,COD,Cancelled,Delhi
1193,1046,2024-10-01,58,Beauty,496.89,4,UPI,Delivered,Pune
1194,1120,2024-12-18,101,Books,180.07,4,UPI,Delivered,Mumbai
1195,1213,2024-03-06,112,Sports,285.93,2,UPI,Delivered,Mumbai
1196,1238,2024-03-19,173,Fashion,167.26,4,UPI,Delivered,Delhi
1197,1055,2024-03-26,62,Fashion,203.71,1,COD,Delivered,Delhi
1198,1349,2024-05-03,39,Sports,973.25,1,UPI,Delivered,Delhi
1199,1106,2024-07-20,58,Home,161.58,2,Card,Delivered,Bangalore
1200,1830,2024-05-29,99,Sports,276.58,3,Card,Delivered,Ahmedabad
1201,1047,2024-02-15,192,Home,594.68,1,Card,Cancelled,Delhi
1202,1572,2024-04-22,44,Electronics,614.08,4,UPI,Returned,Kolkata
1203,1336,2024-03-31,29,Electronics,162.43,1,COD,Delivered,Bangalore
1204,1025,2024-05-20,59,Fashion,795.78,2,UPI,Delivered,Delhi
1205,1803,2024-10-15,71,Books,787.35,4,Card,Delivered,Hyderabad
1206,1256,2024-08-05,92,Beauty,244.94,4,Card,Delivered,Chennai
1207,1007,2024-03-17,9,Books,295.78,4,UPI,Delivered,Pune
1208,1624,2024-11-29,127,Fashion,938.61,2,COD,Delivered,Pune
1209,1866,2024-05-31,134,Fashion,827.41,2,UPI,Delivered,Mumbai
1210,1252,2024-11-18,157,Books,700.82,3,Card,Delivered,Hyderabad
1211,1691,2024-08-26,186,Beauty,91.41,3,Card,Delivered,Chennai
1212,1718,2024-04-24,145,Fashion,424.08,3,Card,Delivered,Pune
1213,1302,2024-11-14,144,Beauty,563.71,2,UPI,Delivered,Pune
1214,1638,2024-04-03,131,Fashion,195.54,4,Card,Delivered,Bangalore
1215,1055,2024-02-17,21,Electronics,453.74,4,Card,Returned,Mumbai
1216,1725,2024-07-09,64,Home,605.02,1,UPI,Delivered,Bangalore
1217,1525,2024-01-12,90,Fashion,334.1,3,Card,Delivered,Kolkata
1218,1473,2024-06-04,36,Home,783.14,4,Card,Delivered,Kolkata
1219,1027,2024-06-20,62,Sports,842.05,4,Card,Delivered,Bangalore
1220,1982,2024-10-22,170,Fashion,330.37,4,UPI,Delivered,Mumbai
1221,1077,2024-06-25,76,Electronics,840.27,4,UPI,Delivered,Chennai
1222,1215,2024-12-06,170,Beauty,112.54,2,UPI,Delivered,Mumbai
1223,1385,2024-02-26,189,Electronics,839.35,3,UPI,Returned,Delhi
1224,1364,2024-12-08,13,Home,161.22,4,COD,Cancelled,Ahmedabad
1225,1665,2024-12-05,11,Beauty,92.1,4,UPI,Delivered,Bangalore
1226,1525,2024-07-21,54,Electronics,645.36,4,UPI,Delivered,Delhi
1227,1698,2024-07-03,16,Electronics,477.22,4,Card,Delivered,Mumbai
1228,1311,2024-04-30,8,Electronics,908.81,1,UPI,Delivered,Mumbai
1229,1882,2024-08-13,104,Books,369.56,4,UPI,Delivered,Pune
1230,1006,2024-07-20,59,Beauty,294.28,4,Card,Delivered,Kolkata
1231,1002,2024-11-25,57,Electronics,505.73,4,Card,Delivered,Chennai
1232,1622,2024-12-28,40,Electronics,461.39,1,Card,Delivered,Bangalore
1233,1918,2024-12-21,187,Home,350.98,2,Card,Delivered,Kolkata
1234,1749,2024-08-03,130,Electronics,696.8,1,UPI,Delivered,Hyderabad
1235,1362,2024-02-12,94,Electronics,761.97,4,COD,Delivered,Mumbai
1236,1750,2024-01-23,138,Sports,854.45,2,UPI,Delivered,Pune
1237,1507,2024-06-03,44,Beauty,973.13,4,UPI,Delivered,Hyderabad
1238,1273,2024-07-04,139,Sports,273.99,2,UPI,Delivered,Bangalore
1239,1505,2024-09-05,80,Books,718.93,4,UPI,Delivered,Delhi
1240,1805,2024-08-24,81,Home,400.32,4,UPI,Delivered,Ahmedabad
1241,1738,2024-10-19,2,Sports,680.31,2,Card,Delivered,Ahmedabad
1242,1882,2024-05-13,178,Books,481.22,2,Card,Delivered,Ahmedabad
1243,1014,2024-11-16,140,Fashion,993.84,4,UPI,Delivered,Bangalore
1244,1191,2024-01-22,115,Beauty,731.61,1,Card,Delivered,Kolkata
1245,1984,2024-12-26,90,Electronics,952.97,1,Card,Delivered,Chennai
1246,1630,2024-03-28,23,Sports,836.62,1,UPI,Delivered,Hyderabad
1247,1484,2024-06-01,146,Sports,903.87,1,UPI,Delivered,Pune
1248,1027,2024-05-04,62,Electronics,816.28,2,UPI,Delivered,Kolkata
1249,1713,2024-03-19,113,Electronics,464.57,2,UPI,Delivered,Hyderabad
1250,1038,2024-12-11,128,Home,259.27,1,Card,Delivered,Delhi
1251,1952,2024-02-20,62,Sports,376.62,3,UPI,Delivered,Kolkata
1252,1272,2024-08-03,38,Sports,30.03,3,UPI,Cancelled,Pune
1253,1230,2024-06-24,195,Fashion,528.75,3,UPI,Delivered,Delhi
1254,1085,2024-12-23,166,Books,510.01,4,COD,Delivered,Mumbai
1255,1473,2024-09-09,195,Fashion,530.0,1,UPI,Delivered,Kolkata
1256,1125,2024-09-02,61,Sports,974.29,4,Card,Delivered,Bangalore
1257,1811,2024-08-14,129,Fashion,912.34,2,UPI,Delivered,Kolkata
1258,1536,2024-04-15,173,Sports,170.1,2,Card,Delivered,Kolkata
1259,1144,2024-07-11,156,Beauty,375.19,3,COD,Delivered,Chennai
1260,1524,2024-11-11,149,Home,429.72,3,UPI,Cancelled,Mumbai
1261,1211,2024-10-28,122,Fashion,366.93,2,COD,Delivered,Ahmedabad
1262,1024,2024-02-05,110,Sports,800.51,3,Card,Delivered,Bangalore
1263,1579,2024-07-22,13,Fashion,528.8,3,Card,Delivered,Delhi
1264,1393,2024-09-23,155,Books,576.38,2,Card,Delivered,Chennai
1265,1066,2024-09-24,100,Home,854.48,4,UPI,Delivered,Delhi
1266,1232,2024-06-18,135,Beauty,807.87,3,UPI,Delivered,Pune
1267,1108,2024-02-08,22,Electronics,140.89,4,COD,Delivered,Delhi
1268,1145,2024-05-18,74,Electronics,716.78,3,UPI,Delivered,Ahmedabad
1269,1110,2024-10-18,181,Fashion,441.08,1,COD,Delivered,Hyderabad
1270,1227,2024-02-21,132,Sports,301.7,4,Card,Delivered,Bangalore
1271,1110,2024-10-13,23,Books,59.52,4,UPI,Delivered,Mumbai
1272,1469,2024-10-15,119,Home,492.38,3,Card,Delivered,Kolkata
1273,1033,2024-05-20,70,Beauty,361.88,4,COD,Delivered,Hyderabad
1274,1622,2024-05-25,84,Beauty,259.0,1,UPI,Delivered,Ahmedabad
1275,1775,2024-11-09,101,Beauty,697.73,2,UPI,Delivered,Pune
1276,1935,2024-07-02,84,Electronics,771.79,1,Card,Delivered,Bangalore
1277,1368,2024-05-31,161,Home,252.34,2,COD,Returned,Pune
1278,1747,2024-07-19,28,Electronics,58.95,1,Card,Delivered,Ahmedabad
1279,1594,2024-05-07,136,Fashion,850.27,1,UPI,Delivered,Bangalore
1280,1553,2024-10-13,1,Beauty,19.86,4,UPI,Delivered,Bangalore
1281,1424,2024-11-06,165,Home,937.74,1,COD,Delivered,Chennai
1282,1612,2024-09-09,63,Beauty,631.34,3,UPI,Delivered,Hyderabad
1283,1517,2024-09-22,22,Electronics,328.63,3,Card,Delivered,Ahmedabad
1284,1691,2024-07-06,70,Electronics,254.01,3,UPI,Delivered,Mumbai
1285,1281,2024-08-17,125,Electronics,18.92,3,UPI,Delivered,Hyderabad
1286,1319,2024-09-27,149,Beauty,243.12,4,UPI,Delivered,Pune
1287,1737,2024-09-15,96,Home,146.35,3,UPI,Delivered,Delhi
1288,1442,2024-10-25,163,Home,616.04,1,Card,Delivered,Pune
1289,1951,2024-07-16,79,Fashion,174.88,3,UPI,Delivered,Bangalore
1290,1314,2024-11-18,5,Beauty,533.34,4,UPI,Delivered,Delhi
1291,1876,2024-02-25,60,Fashion,594.22,2,UPI,Delivered,Hyderabad
1292,1965,2024-11-14,120,Books,305.06,1,COD,Delivered,Mumbai
1293,1740,2024-07-21,46,Fashion,44.71,1,Card,Delivered,Delhi
1294,1376,2024-09-27,178,Fashion,46.88,4,UPI,Delivered,Delhi
1295,1288,2024-04-18,176,Fashion,36.08,2,UPI,Delivered,Kolkata
1296,1436,2024-04-25,134,Electronics,741.73,3,Card,Delivered,Ahmedabad
1297,1661,2024-04-01,56,Books,324.83,2,COD,Delivered,Chennai
1298,1276,2024-05-17,110,Fashion,798.34,1,UPI,Delivered,Hyderabad
1299,1709,2024-10-29,187,Home,437.42,1,UPI,Delivered,Delhi
1300,1581,2024-02-26,157,Fashion,458.47,1,Card,Delivered,Hyderabad
1301,1502,2024-02-19,199,Electronics,517.75,2,Card,Delivered,Mumbai
1302,1623,2024-03-11,104,Sports,715.9,3,Card,Delivered,Delhi
1303,1515,2024-03-22,77,Books,280.77,1,UPI,Delivered,Ahmedabad
1304,1349,2024-04-14,146,Sports,130.37,4,UPI,Delivered,Mumbai
1305,1842,2024-03-28,2,Sports,560.5,3,UPI,Delivered,Pune
1306,1445,2024-01-02,8,Books,333.71,1,UPI,Returned,Delhi
1307,1829,2024-12-25,75,Beauty,448.07,3,COD,Delivered,Ahmedabad
1308,1349,2024-03-24,182,Home,650.48,4,UPI,Delivered,Kolkata
1309,1606,2024-02-12,125,Electronics,499.18,2,Card,Delivered,Bangalore
1310,1663,2024-06-02,38,Books,624.08,1,Card,Delivered,Chennai
1311,1822,2024-11-22,176,Sports,548.76,4,UPI,Delivered,Ahmedabad
1312,1136,2024-04-03,27,Electronics,742.4,1,COD,Delivered,Chennai
1313,1758,2024-10-24,20,Electronics,708.88,1,Card,Delivered,Ahmedabad
1314,1898,2024-05-12,140,Beauty,538.85,2,COD,Delivered,Chennai
1315,1242,2024-03-05,43,Sports,682.11,2,UPI,Cancelled,Mumbai
1316,1542,2024-10-16,189,Fashion,874.82,3,UPI,Delivered,Hyderabad
1317,1039,2024-09-13,31,Electronics,437.95,4,UPI,Delivered,Kolkata
1318,1228,2024-07-31,91,Sports,418.64,4,UPI,Delivered,Chennai
1319,1547,2024-05-27,61,Electronics,766.6,2,UPI,Delivered,Ahmedabad
1320,1919,2024-03-01,195,Beauty,586.73,1,COD,Delivered,Ahmedabad
1321,1222,2024-05-28,109,Beauty,80.3,3,UPI,Delivered,Ahmedabad
1322,1005,2024-03-28,91,Fashion,893.19,2,COD,Delivered,Pune
1323,1321,2024-11-19,163,Beauty,40.48,3,UPI,Delivered,Ahmedabad
1324,1467,2024-10-04,95,Sports,750.91,3,Card,Delivered,Ahmedabad
1325,1731,2024-03-22,143,Books,761.21,4,UPI,Delivered,Delhi
1326,1074,2024-05-08,144,Beauty,953.58,3,UPI,Delivered,Delhi
1327,1003,2024-10-12,13,Books,63.59,4,COD,Delivered,Bangalore
1328,1846,2024-12-18,113,Fashion,600.89,1,UPI,Delivered,Ahmedabad
1329,1645,2024-10-06,35,Home,433.56,1,Card,Delivered,Mumbai
1330,1117,2024-09-26,187,Electronics,337.33,2,Card,Delivered,Delhi
1331,1880,2024-10-18,149,Electronics,99.42,1,COD,Delivered,Delhi
1332,1605,2024-07-21,182,Sports,567.03,4,Card,Delivered,Kolkata
1333,1503,2024-01-24,158,Fashion,484.25,3,UPI,Delivered,Bangalore
1334,1997,2024-12-16,48,Fashion,113.51,3,Card,Delivered,Bangalore
1335,1946,2024-11-06,35,Fashion,616.36,1,UPI,Delivered,Hyderabad
1336,1573,2024-07-26,86,Electronics,740.57,4,UPI,Delivered,Hyderabad
1337,1440,2024-10-06,166,Beauty,769.61,3,UPI,Delivered,Hyderabad
1338,1193,2024-07-23,159,Electronics,906.32,1,UPI,Delivered,Delhi
1339,1846,2024-05-31,152,Electronics,415.38,4,UPI,Delivered,Bangalore
1340,1714,2024-01-26,114,Electronics,953.54,4,COD,Delivered,Pune
1341,1391,2024-07-12,177,Beauty,866.78,3,Card,Delivered,Mumbai
1342,1025,2024-12-01,100,Home,303.54,2,COD,Delivered,Hyderabad
1343,1434,2024-08-25,160,Sports,167.69,2,UPI,Delivered,Pune
1344,1172,2024-11-16,183,Home,441.04,4,Card,Delivered,Chennai
1345,1299,2024-03-15,186,Home,407.88,4,UPI,Delivered,Delhi
1346,1644,2024-06-11,99,Electronics,579.96,1,UPI,Delivered,Mumbai
1347,1325,2024-10-25,3,Home,587.55,4,COD,Returned,Delhi
1348,1409,2024-01-29,197,Electronics,752.49,1,COD,Delivered,Pune
1349,1117,2024-06-13,85,Electronics,514.79,1,UPI,Delivered,Hyderabad
1350,1835,2024-12-02,125,Sports,113.77,1,COD,Delivered,Pune
1351,1786,2024-07-04,138,Fashion,859.71,4,Card,Delivered,Pune
1352,1723,2024-02-23,83,Electronics,316.67,4,COD,Delivered,Kolkata
1353,1224,2024-10-21,25,Home,971.58,1,Card,Delivered,Delhi
1354,1531,2024-02-11,68,Sports,126.68,3,COD,Delivered,Hyderabad
1355,1112,2024-10-11,61,Books,958.67,4,COD,Delivered,Delhi
1356,1139,2024-05-17,29,Books,100.1,2,UPI,Delivered,Hyderabad
1357,1558,2024-07-05,127,Books,238.73,3,UPI,Delivered,Kolkata
1358,1000,2024-07-22,19,Home,56.11,2,UPI,Returned,Ahmedabad
1359,1089,2024-02-11,171,Fashion,708.06,4,Card,Delivered,Bangalore
1360,1653,2024-12-15,194,Beauty,851.8,3,COD,Delivered,Bangalore
1361,1319,2024-10-14,74,Fashion,439.73,4,Card,Cancelled,Kolkata
1362,1549,2024-01-26,61,Sports,929.24,4,Card,Cancelled,Kolkata
1363,1804,2024-02-25,171,Fashion,594.4,3,UPI,Delivered,Kolkata
1364,1893,2024-09-09,153,Books,633.71,4,UPI,Delivered,Ahmedabad
1365,1138,2024-05-01,20,Fashion,846.97,3,UPI,Delivered,Kolkata
1366,1510,2024-04-15,48,Sports,303.83,4,Card,Delivered,Bangalore
1367,1867,2024-05-09,87,Sports,360.72,1,UPI,Delivered,Bangalore
1368,1844,2024-12-02,152,Books,906.89,2,UPI,Delivered,Kolkata
1369,1258,2024-06-06,139,Home,901.95,1,UPI,Delivered,Bangalore
1370,1672,2024-08-18,110,Electronics,976.72,4,UPI,Delivered,Chennai
1371,1901,2024-11-03,183,Beauty,902.82,4,UPI,Delivered,Delhi
1372,1689,2024-03-31,28,Beauty,136.1,4,UPI,Delivered,Pune
1373,1009,2024-01-22,197,Books,825.49,1,COD,Delivered,Kolkata
1374,1260,2024-10-16,191,Beauty,415.74,4,UPI,Delivered,Bangalore
1375,1918,2024-04-19,59,Fashion,990.89,3,COD,Delivered,Chennai
1376,1649,2024-02-18,133,Sports,477.56,2,UPI,Delivered,Kolkata
1377,1171,2024-05-08,51,Sports,558.3,4,COD,Returned,Chennai
1378,1897,2024-03-13,149,Books,534.48,4,Card,Delivered,Delhi
1379,1012,2024-12-05,12,Sports,328.52,2,COD,Cancelled,Ahmedabad
1380,1167,2024-02-22,50,Electronics,84.27,2,COD,Delivered,Delhi
1381,1641,2024-12-21,132,Sports,896.69,2,Card,Returned,Hyderabad
1382,1595,2024-06-16,113,Sports,804.65,1,COD,Delivered,Hyderabad
1383,1320,2024-02-14,170,Fashion,148.13,1,Card,Delivered,Ahmedabad
1384,1318,2024-04-14,166,Home,779.0,4,Card,Delivered,Bangalore
1385,1612,2024-05-29,153,Beauty,629.59,2,UPI,Delivered,Mumbai
1386,1328,2024-05-25,14,Fashion,415.05,4,COD,Delivered,Hyderabad
1387,1784,2024-07-22,32,Fashion,261.48,4,COD,Delivered,Mumbai
1388,1776,2024-12-27,139,Fashion,861.13,4,UPI,Delivered,Pune
1389,1970,2024-10-25,189,Beauty,703.19,1,Card,Cancelled,Hyderabad
1390,1910,2024-06-15,146,Books,552.26,2,COD,Delivered,Pune
1391,1919,2024-07-19,155,Fashion,613.47,4,Card,Delivered,Chennai
1392,1549,2024-05-13,55,Home,100.16,1,COD,Delivered,Chennai
1393,1418,2024-07-29,182,Books,479.18,3,UPI,Delivered,Pune
1394,1605,2024-02-17,120,Sports,201.76,3,UPI,Delivered,Chennai
1395,1094,2024-05-05,75,Home,216.3,4,Card,Delivered,Pune
1396,1816,2024-08-26,21,Books,664.69,4,UPI,Delivered,Mumbai
1397,1580,2024-01-07,172,Sports,912.14,2,UPI,Delivered,Bangalore
1398,1317,2024-09-28,133,Sports,409.72,2,Card,Delivered,Pune
1399,1955,2024-02-06,87,Fashion,215.67,4,UPI,Delivered,Hyderabad
1400,1235,2024-07-29,169,Fashion,652.26,1,UPI,Delivered,Hyderabad
1401,1945,2024-06-13,59,Beauty,872.48,4,UPI,Delivered,Ahmedabad
1402,1333,2024-05-04,89,Electronics,750.84,2,Card,Delivered,Mumbai
1403,1884,2024-12-02,182,Home,870.07,2,UPI,Returned,Pune
1404,1375,2024-07-10,150,Beauty,541.19,1,UPI,Delivered,Chennai
1405,1458,2024-08-05,83,Beauty,754.36,4,Card,Delivered,Ahmedabad
1406,1136,2024-08-01,65,Home,148.66,2,UPI,Delivered,Bangalore
1407,1929,2024-03-02,64,Books,354.79,4,COD,Delivered,Hyderabad
1408,1587,2024-11-23,71,Home,395.65,2,UPI,Delivered,Ahmedabad
1409,1994,2024-06-09,4,Sports,516.18,3,COD,Delivered,Ahmedabad
1410,1546,2024-03-06,193,Electronics,929.79,3,UPI,Delivered,Bangalore
1411,1512,2024-10-12,143,Books,875.55,3,COD,Delivered,Bangalore
1412,1295,2024-08-26,104,Fashion,143.18,2,UPI,Returned,Delhi
1413,1319,2024-01-20,150,Electronics,181.06,1,UPI,Delivered,Bangalore
1414,1917,2024-07-06,175,Electronics,364.06,3,COD,Delivered,Pune
1415,1571,2024-03-22,93,Fashion,297.84,2,UPI,Delivered,Kolkata
1416,1831,2024-12-28,174,Electronics,618.62,4,Card,Delivered,Delhi
1417,1348,2024-07-20,142,Books,903.75,3,UPI,Delivered,Ahmedabad
1418,1839,2024-05-11,178,Books,962.67,1,Card,Delivered,Kolkata
1419,1778,2024-02-06,148,Books,657.07,1,COD,Delivered,Mumbai
1420,1872,2024-05-11,178,Beauty,839.78,1,COD,Delivered,Chennai
1421,1228,2024-03-17,112,Beauty,529.95,4,UPI,Delivered,Delhi
1422,1269,2024-03-29,161,Books,216.24,4,UPI,Delivered,Kolkata
1423,1827,2024-09-09,119,Fashion,529.44,1,COD,Delivered,Bangalore
1424,1797,2024-12-09,59,Fashion,559.53,1,COD,Delivered,Chennai
1425,1290,2024-07-12,43,Home,745.03,1,UPI,Delivered,Bangalore
1426,1724,2024-06-24,12,Home,227.68,4,Card,Delivered,Bangalore
1427,1164,2024-02-02,40,Books,374.63,4,UPI,Returned,Delhi
1428,1004,2024-02-27,118,Electronics,370.39,2,COD,Delivered,Ahmedabad
1429,1850,2024-07-19,20,Electronics,959.85,3,UPI,Delivered,Mumbai
1430,1378,2024-01-28,166,Fashion,449.51,4,Card,Delivered,Ahmedabad
1431,1077,2024-02-04,131,Electronics,757.54,1,Card,Delivered,Kolkata
1432,1409,2024-05-04,156,Sports,753.3,3,COD,Delivered,Bangalore
1433,1573,2024-11-16,184,Beauty,272.89,4,COD,Delivered,Pune
1434,1131,2024-02-11,90,Electronics,576.15,3,UPI,Delivered,Ahmedabad
1435,1600,2024-03-25,94,Electronics,895.36,2,Card,Delivered,Ahmedabad
1436,1748,2024-07-06,13,Home,480.45,4,COD,Delivered,Delhi
1437,1041,2024-04-20,66,Sports,945.67,1,Card,Returned,Ahmedabad
1438,1088,2024-09-27,37,Electronics,222.31,1,Card,Delivered,Pune
1439,1401,2024-11-20,177,Beauty,83.42,2,Card,Delivered,Pune
1440,1295,2024-04-14,66,Electronics,892.54,2,UPI,Delivered,Kolkata
1441,1839,2024-11-15,36,Fashion,849.2,2,Card,Cancelled,Bangalore
1442,1294,2024-02-10,182,Sports,992.66,2,UPI,Delivered,Kolkata
1443,1615,2024-08-02,26,Electronics,682.6,2,UPI,Cancelled,Pune
1444,1525,2024-03-11,75,Sports,937.32,4,COD,Delivered,Kolkata
1445,1799,2024-02-25,200,Electronics,828.68,4,UPI,Delivered,Chennai
1446,1690,2024-08-23,108,Beauty,845.98,3,UPI,Delivered,Mumbai
1447,1636,2024-10-07,168,Beauty,573.45,2,UPI,Delivered,Bangalore
1448,1421,2024-04-14,43,Sports,388.54,1,UPI,Delivered,Pune
1449,1864,2024-06-10,150,Books,935.21,1,COD,Delivered,Mumbai
1450,1022,2024-07-09,148,Home,437.8,2,Card,Delivered,Kolkata
1451,1574,2024-01-09,8,Home,543.43,2,UPI,Delivered,Mumbai
1452,1142,2024-02-29,29,Fashion,451.65,2,UPI,Delivered,Chennai
1453,1992,2024-10-31,40,Books,569.17,2,UPI,Delivered,Chennai
1454,1664,2024-08-12,158,Home,475.8,2,UPI,Delivered,Hyderabad
1455,1144,2024-11-02,128,Sports,57.49,1,Card,Delivered,Mumbai
1456,1224,2024-07-06,84,Home,883.23,3,UPI,Returned,Bangalore
1457,1502,2024-03-10,116,Fashion,449.95,2,Card,Delivered,Chennai
1458,1961,2024-10-19,183,Electronics,593.05,2,UPI,Delivered,Bangalore
1459,1973,2024-10-13,144,Home,147.8,2,UPI,Delivered,Mumbai
1460,1820,2024-06-17,174,Sports,13.35,4,UPI,Delivered,Chennai
1461,1615,2024-03-02,62,Sports,252.84,1,UPI,Delivered,Hyderabad
1462,1103,2024-12-14,7,Fashion,707.54,1,COD,Delivered,Mumbai
1463,1946,2024-01-14,45,Fashion,108.2,3,UPI,Delivered,Bangalore
1464,1038,2024-06-12,187,Beauty,909.8,4,UPI,Delivered,Ahmedabad
1465,1946,2024-09-01,184,Beauty,222.87,4,COD,Delivered,Hyderabad
1466,1197,2024-11-30,176,Beauty,212.55,4,Card,Delivered,Mumbai
1467,1645,2024-01-08,155,Electronics,189.69,3,UPI,Delivered,Chennai
1468,1578,2024-06-02,181,Sports,23.84,3,COD,Delivered,Pune
1469,1390,2024-02-05,88,Beauty,774.09,3,UPI,Delivered,Mumbai
1470,1178,2024-02-17,73,Sports,876.28,4,Card,Delivered,Delhi
1471,1967,2024-03-25,163,Fashion,618.02,1,UPI,Delivered,Bangalore
1472,1553,2024-01-28,179,Electronics,196.32,4,Card,Delivered,Chennai
1473,1447,2024-07-14,37,Fashion,292.43,3,Card,Delivered,Chennai
1474,1499,2024-07-26,119,Sports,481.17,4,UPI,Delivered,Delhi
1475,1014,2024-07-22,57,Books,954.8,2,Card,Delivered,Pune
1476,1622,2024-11-02,8,Books,254.88,4,Card,Cancelled,Hyderabad
1477,1668,2024-04-13,95,Beauty,734.33,4,Card,Delivered,Ahmedabad
1478,1288,2024-08-17,117,Books,445.05,1,COD,Delivered,Chennai
1479,1477,2024-04-10,110,Fashion,304.87,1,Card,Delivered,Kolkata
1480,1230,2024-01-29,20,Books,461.36,1,UPI,Returned,Hyderabad
1481,1922,2024-05-06,124,Home,80.49,2,Card,Delivered,Hyderabad
1482,1419,2024-12-03,53,Electronics,800.7,1,Card,Delivered,Hyderabad
1483,1156,2024-01-10,119,Sports,250.87,2,UPI,Cancelled,Pune
1484,1549,2024-04-15,12,Beauty,728.16,3,Card,Delivered,Mumbai
1485,1440,2024-06-15,177,Fashion,77.66,1,Card,Delivered,Delhi
1486,1096,2024-09-13,17,Electronics,955.55,4,COD,Delivered,Bangalore
1487,1996,2024-10-21,64,Beauty,201.08,4,Card,Delivered,Delhi
1488,1410,2024-10-03,42,Fashion,883.91,2,UPI,Delivered,Chennai
1489,1950,2024-03-05,94,Books,811.38,1,Card,Delivered,Delhi
1490,1288,2024-09-27,157,Sports,968.18,4,COD,Delivered,Bangalore
1491,1253,2024-07-06,147,Home,483.11,3,COD,Cancelled,Mumbai
1492,1195,2024-11-12,11,Home,730.12,1,COD,Delivered,Chennai
1493,1597,2024-05-17,98,Books,377.0,3,COD,Delivered,Mumbai
1494,1833,2024-12-08,178,Sports,192.52,4,UPI,Delivered,Chennai
1495,1521,2024-04-14,71,Electronics,448.65,1,Card,Delivered,Bangalore
1496,1516,2024-02-03,108,Sports,174.09,2,Card,Delivered,Mumbai
1497,1634,2024-04-19,58,Books,982.22,4,UPI,Delivered,Bangalore
1498,1841,2024-02-02,34,Fashion,105.28,3,UPI,Delivered,Bangalore
1499,1864,2024-12-19,20,Electronics,593.32,1,COD,Delivered,Pune
1500,1117,2024-08-18,50,Home,630.2,3,Card,Returned,Delhi
1501,1805,2024-11-12,102,Books,542.7,3,COD,Delivered,Chennai
1502,1908,2024-09-22,138,Fashion,665.56,2,COD,Delivered,Hyderabad
1503,1158,2024-06-30,160,Books,125.02,2,UPI,Delivered,Hyderabad
1504,1814,2024-12-05,52,Beauty,559.47,4,COD,Cancelled,Mumbai
1505,1227,2024-03-05,15,Beauty,294.34,2,UPI,Delivered,Bangalore
1506,1876,2024-11-28,84,Beauty,940.77,2,Card,Cancelled,Delhi
1507,1215,2024-01-01,131,Home,764.45,4,UPI,Delivered,Chennai
1508,1947,2024-05-12,37,Sports,972.79,4,UPI,Cancelled,Mumbai
1509,1695,2024-03-20,126,Electronics,47.18,4,COD,Delivered,Bangalore
1510,1014,2024-09-27,40,Home,292.28,4,UPI,Delivered,Pune
1511,1156,2024-08-28,72,Fashion,203.47,3,Card,Delivered,Hyderabad
1512,1647,2024-01-28,40,Fashion,21.04,3,UPI,Delivered,Hyderabad
1513,1260,2024-08-10,56,Beauty,249.9,4,UPI,Cancelled,Chennai
1514,1156,2024-01-23,151,Electronics,681.99,4,UPI,Delivered,Chennai
1515,1046,2024-04-18,104,Beauty,238.78,1,Card,Delivered,Chennai
1516,1323,2024-04-16,139,Fashion,513.91,1,UPI,Delivered,Mumbai
1517,1843,2024-05-24,110,Fashion,888.94,1,UPI,Delivered,Chennai
1518,1684,2024-12-19,192,Sports,696.82,2,Card,Delivered,Ahmedabad
1519,1129,2024-05-18,136,Sports,400.68,3,UPI,Delivered,Mumbai
1520,1410,2024-10-10,93,Sports,378.74,3,UPI,Cancelled,Delhi
1521,1094,2024-10-24,94,Beauty,461.18,1,COD,Cancelled,Bangalore
1522,1626,2024-04-08,56,Books,185.27,1,UPI,Delivered,Hyderabad
1523,1754,2024-11-12,60,Electronics,637.66,3,UPI,Delivered,Kolkata
1524,1931,2024-05-02,138,Sports,370.51,2,Card,Delivered,Kolkata
1525,1291,2024-11-15,39,Home,853.84,1,Card,Delivered,Mumbai
1526,1793,2024-10-13,28,Sports,758.99,4,Card,Delivered,Bangalore
1527,1810,2024-03-21,49,Beauty,614.41,1,COD,Delivered,Pune
1528,1282,2024-01-10,164,Electronics,370.56,3,UPI,Delivered,Chennai
1529,1068,2024-01-08,125,Sports,217.83,3,COD,Delivered,Hyderabad
1530,1659,2024-07-23,13,Electronics,778.39,1,COD,Delivered,Pune
1531,1010,2024-11-10,36,Home,491.55,1,COD,Delivered,Ahmedabad
1532,1253,2024-07-15,101,Fashion,232.5,4,UPI,Delivered,Mumbai
1533,1841,2024-07-16,26,Electronics,203.22,4,COD,Delivered,Chennai
1534,1871,2024-01-30,86,Books,173.75,2,UPI,Delivered,Ahmedabad
1535,1549,2024-01-20,4,Sports,779.39,2,Card,Delivered,Bangalore
1536,1133,2024-02-17,82,Beauty,236.7,4,UPI,Delivered,Ahmedabad
1537,1711,2024-05-09,192,Books,531.38,2,COD,Delivered,Delhi
1538,1022,2024-10-19,166,Books,457.03,2,Card,Delivered,Bangalore
1539,1814,2024-05-11,127,Beauty,583.81,1,UPI,Delivered,Mumbai
1540,1345,2024-12-21,88,Beauty,878.38,4,COD,Delivered,Delhi
1541,1301,2024-02-23,127,Beauty,869.07,1,Card,Delivered,Delhi
1542,1362,2024-10-07,120,Books,456.57,1,Card,Delivered,Chennai
1543,1395,2024-09-21,22,Electronics,25.21,2,UPI,Delivered,Bangalore
1544,1217,2024-08-02,130,Beauty,432.18,1,COD,Delivered,Mumbai
1545,1140,2024-10-16,31,Fashion,610.13,3,Card,Delivered,Pune
1546,1615,2024-02-12,119,Books,562.19,2,UPI,Delivered,Pune
1547,1957,2024-03-14,11,Books,654.82,3,Card,Delivered,Delhi
1548,1209,2024-12-15,46,Books,162.53,2,Card,Delivered,Chennai
1549,1984,2024-10-04,96,Home,650.07,1,Card,Delivered,Ahmedabad
1550,1992,2024-11-21,190,Electronics,190.83,2,UPI,Delivered,Pune
1551,1622,2024-08-29,197,Electronics,753.02,3,UPI,Delivered,Delhi
1552,1615,2024-05-09,192,Beauty,345.7,2,Card,Delivered,Kolkata
1553,1827,2024-12-15,10,Books,712.8,3,COD,Delivered,Ahmedabad
1554,1682,2024-07-12,168,Books,57.39,4,Card,Delivered,Bangalore
1555,1459,2024-02-01,128,Beauty,413.78,1,UPI,Delivered,Pune
1556,1355,2024-04-15,152,Electronics,707.98,3,UPI,Delivered,Hyderabad
1557,1323,2024-07-22,99,Beauty,234.6,4,Card,Delivered,Kolkata
1558,1132,2024-01-01,172,Beauty,797.33,1,COD,Delivered,Mumbai
1559,1887,2024-09-01,112,Beauty,634.47,4,UPI,Delivered,Kolkata
1560,1804,2024-03-12,60,Beauty,591.69,3,Card,Delivered,Hyderabad
1561,1839,2024-11-01,190,Beauty,360.01,1,UPI,Delivered,Bangalore
1562,1126,2024-01-15,87,Sports,487.63,4,UPI,Delivered,Ahmedabad
1563,1105,2024-02-22,145,Sports,601.38,3,UPI,Delivered,Hyderabad
1564,1603,2024-01-08,65,Books,477.74,4,COD,Returned,Bangalore
1565,1798,2024-11-25,57,Books,701.33,1,COD,Delivered,Bangalore
1566,1377,2024-02-15,183,Sports,439.36,1,UPI,Delivered,Chennai
1567,1904,2024-11-20,106,Electronics,210.25,1,Card,Delivered,Kolkata
1568,1050,2024-04-23,181,Home,221.79,3,UPI,Delivered,Hyderabad
1569,1028,2024-05-26,184,Electronics,15.75,4,Card,Delivered,Delhi
1570,1461,2024-06-14,9,Books,307.95,4,Card,Delivered,Bangalore
1571,1295,2024-05-18,22,Sports,751.43,3,UPI,Delivered,Kolkata
1572,1296,2024-04-26,141,Electronics,796.22,1,UPI,Delivered,Hyderabad
1573,1725,2024-10-25,89,Home,210.44,2,COD,Delivered,Delhi
1574,1778,2024-10-02,176,Beauty,959.45,1,Card,Delivered,Mumbai
1575,1406,2024-10-03,18,Fashion,507.38,2,UPI,Delivered,Delhi
1576,1768,2024-12-03,115,Sports,917.81,1,Card,Delivered,Hyderabad
1577,1813,2024-11-08,168,Sports,709.7,3,COD,Delivered,Ahmedabad
1578,1612,2024-06-26,145,Home,725.21,2,Card,Delivered,Ahmedabad
1579,1404,2024-11-25,143,Beauty,94.19,3,UPI,Delivered,Hyderabad
1580,1345,2024-12-19,106,Beauty,227.79,2,Card,Cancelled,Delhi
1581,1621,2024-06-02,15,Fashion,18.73,4,Card,Delivered,Delhi
1582,1419,2024-07-19,63,Beauty,718.97,2,Card,Delivered,Pune
1583,1181,2024-04-24,167,Home,350.99,2,COD,Delivered,Bangalore
1584,1982,2024-06-07,13,Books,788.79,2,UPI,Delivered,Hyderabad
1585,1824,2024-02-11,81,Beauty,345.55,4,Card,Delivered,Bangalore
1586,1000,2024-09-03,32,Books,821.14,3,UPI,Delivered,Bangalore
1587,1830,2024-03-08,137,Books,139.39,4,UPI,Delivered,Kolkata
1588,1949,2024-11-21,40,Home,181.64,2,Card,Delivered,Mumbai
1589,1566,2024-11-29,148,Sports,347.47,1,COD,Delivered,Kolkata
1590,1370,2024-07-14,82,Sports,414.4,4,UPI,Delivered,Hyderabad
1591,1935,2024-03-30,77,Sports,355.22,1,COD,Returned,Bangalore
1592,1910,2024-04-20,191,Electronics,766.01,4,UPI,Delivered,Ahmedabad
1593,1660,2024-12-24,76,Sports,105.98,4,UPI,Delivered,Mumbai
1594,1430,2024-05-24,172,Home,357.7,2,UPI,Delivered,Pune
1595,1968,2024-10-01,38,Fashion,838.87,3,Card,Delivered,Ahmedabad
1596,1308,2024-06-27,188,Beauty,76.13,3,Card,Returned,Bangalore
1597,1136,2024-08-28,71,Sports,942.92,2,UPI,Delivered,Ahmedabad
1598,1201,2024-11-21,48,Electronics,986.45,4,UPI,Delivered,Bangalore
1599,1435,2024-11-14,18,Books,97.68,3,Card,Delivered,Pune
1600,1312,2024-11-26,144,Electronics,298.36,3,Card,Delivered,Hyderabad
1601,1116,2024-06-01,183,Home,378.68,3,UPI,Delivered,Kolkata
1602,1665,2024-04-13,39,Fashion,778.63,2,COD,Cancelled,Ahmedabad
1603,1936,2024-03-15,196,Sports,599.97,1,Card,Delivered,Delhi
1604,1802,2024-05-07,187,Sports,647.92,1,UPI,Delivered,Pune
1605,1574,2024-07-17,89,Electronics,759.93,1,UPI,Delivered,Delhi
1606,1243,2024-06-02,62,Home,126.8,1,Card,Cancelled,Hyderabad
1607,1536,2024-02-25,141,Electronics,834.88,1,UPI,Delivered,Ahmedabad
1608,1601,2024-10-04,109,Electronics,708.56,3,Card,Delivered,Kolkata
1609,1074,2024-12-10,81,Fashion,581.57,3,UPI,Delivered,Delhi
1610,1805,2024-01-19,134,Home,890.84,4,Card,Delivered,Kolkata
1611,1385,2024-06-07,77,Fashion,703.3,3,UPI,Delivered,Ahmedabad
1612,1902,2024-01-26,188,Home,209.68,2,COD,Delivered,Chennai
1613,1209,2024-06-17,90,Sports,435.45,4,COD,Returned,Delhi
1614,1474,2024-01-23,14,Beauty,499.1,3,COD,Delivered,Kolkata
1615,1417,2024-02-16,95,Books,64.67,4,UPI,Delivered,Pune
1616,1346,2024-01-13,54,Beauty,955.09,4,COD,Delivered,Bangalore
1617,1528,2024-08-04,132,Home,137.29,1,Card,Delivered,Bangalore
1618,1639,2024-11-17,39,Beauty,700.49,4,Card,Delivered,Mumbai
1619,1938,2024-07-12,72,Electronics,511.17,3,UPI,Returned,Ahmedabad
1620,1954,2024-05-23,25,Sports,35.38,1,Card,Delivered,Pune
1621,1875,2024-03-13,77,Books,925.5,3,COD,Delivered,Ahmedabad
1622,1762,2024-06-04,160,Books,853.32,1,UPI,Delivered,Kolkata
1623,1178,2024-03-17,187,Books,529.02,3,UPI,Cancelled,Hyderabad
1624,1181,2024-06-17,191,Sports,236.65,1,UPI,Delivered,Mumbai
1625,1663,2024-10-13,166,Beauty,130.41,1,UPI,Delivered,Ahmedabad
1626,1024,2024-03-25,120,Books,369.76,2,Card,Delivered,Bangalore
1627,1966,2024-06-30,53,Books,262.87,3,COD,Delivered,Bangalore
1628,1179,2024-11-10,195,Home,511.62,4,UPI,Delivered,Mumbai
1629,1709,2024-10-23,156,Electronics,966.75,1,Card,Delivered,Pune
1630,1500,2024-04-21,131,Home,579.2,3,UPI,Delivered,Chennai
1631,1855,2024-08-17,150,Beauty,891.03,1,UPI,Cancelled,Delhi
1632,1160,2024-04-05,96,Sports,654.37,2,Card,Delivered,Kolkata
1633,1176,2024-06-16,166,Sports,480.49,2,UPI,Delivered,Ahmedabad
1634,1284,2024-06-04,200,Home,856.06,2,Card,Returned,Kolkata
1635,1062,2024-04-14,72,Fashion,476.65,2,UPI,Delivered,Chennai
1636,1661,2024-07-11,62,Home,869.94,4,Card,Delivered,Chennai
1637,1665,2024-11-25,185,Fashion,298.66,4,UPI,Delivered,Ahmedabad
1638,1155,2024-05-11,6,Home,137.52,1,COD,Delivered,Chennai
1639,1881,2024-12-20,32,Fashion,856.76,3,COD,Delivered,Kolkata
1640,1468,2024-05-17,99,Fashion,591.54,2,UPI,Delivered,Ahmedabad
1641,1048,2024-11-26,138,Books,890.2,2,UPI,Delivered,Pune
1642,1966,2024-09-26,131,Books,938.45,4,UPI,Delivered,Chennai
1643,1848,2024-02-07,187,Fashion,63.09,4,Card,Delivered,Delhi
1644,1083,2024-02-14,76,Fashion,505.96,2,UPI,Delivered,Hyderabad
1645,1360,2024-06-11,177,Electronics,381.21,3,Card,Delivered,Mumbai
1646,1688,2024-11-26,59,Fashion,629.6,1,UPI,Delivered,Ahmedabad
1647,1147,2024-09-09,31,Books,795.66,1,UPI,Delivered,Chennai
1648,1629,2024-06-17,93,Fashion,287.78,1,UPI,Delivered,Chennai
1649,1341,2024-10-11,69,Sports,561.23,1,UPI,Delivered,Mumbai
1650,1475,2024-09-30,190,Electronics,711.64,3,Card,Delivered,Ahmedabad
1651,1062,2024-01-20,52,Fashion,143.09,3,UPI,Cancelled,Ahmedabad
1652,1700,2024-08-26,89,Books,815.93,3,COD,Delivered,Kolkata
1653,1359,2024-09-26,127,Books,610.05,4,Card,Delivered,Kolkata
1654,1560,2024-11-05,169,Beauty,950.04,2,UPI,Cancelled,Ahmedabad
1655,1326,2024-01-31,31,Books,346.13,3,UPI,Cancelled,Ahmedabad
1656,1768,2024-11-09,84,Electronics,117.06,1,UPI,Delivered,Mumbai
1657,1735,2024-04-13,127,Books,511.44,3,Card,Delivered,Kolkata
1658,1140,2024-06-18,150,Sports,94.95,2,UPI,Cancelled,Kolkata
1659,1989,2024-07-04,132,Home,969.83,4,UPI,Delivered,Hyderabad
1660,1214,2024-05-07,13,Sports,48.3,1,UPI,Delivered,Bangalore
1661,1434,2024-07-28,45,Sports,755.97,4,UPI,Delivered,Hyderabad
1662,1890,2024-10-07,127,Electronics,529.85,3,COD,Delivered,Bangalore
1663,1951,2024-09-09,170,Electronics,374.93,1,COD,Delivered,Pune
1664,1722,2024-01-19,114,Beauty,75.18,1,UPI,Delivered,Delhi
1665,1317,2024-07-18,177,Books,625.95,3,Card,Delivered,Kolkata
1666,1031,2024-08-07,20,Beauty,589.37,3,COD,Delivered,Hyderabad
1667,1669,2024-05-15,81,Electronics,288.07,2,UPI,Delivered,Delhi
1668,1284,2024-08-10,182,Books,911.12,3,Card,Cancelled,Mumbai
1669,1304,2024-01-03,164,Electronics,311.07,3,UPI,Delivered,Hyderabad
1670,1428,2024-08-23,129,Electronics,455.23,3,Card,Delivered,Pune
1671,1476,2024-12-07,143,Home,548.32,1,Card,Delivered,Mumbai
1672,1285,2024-08-15,17,Sports,109.23,2,COD,Delivered,Pune
1673,1143,2024-05-21,152,Beauty,932.84,1,UPI,Delivered,Pune
1674,1423,2024-01-09,58,Beauty,380.79,3,Card,Delivered,Chennai
1675,1018,2024-07-08,72,Fashion,89.97,2,UPI,Delivered,Mumbai
1676,1017,2024-12-15,109,Home,393.42,3,UPI,Delivered,Kolkata
1677,1768,2024-06-13,23,Electronics,604.2,1,COD,Cancelled,Pune
1678,1589,2024-05-18,174,Electronics,518.52,1,Card,Delivered,Chennai
1679,1370,2024-10-02,72,Home,697.6,3,UPI,Delivered,Bangalore
1680,1174,2024-10-17,8,Books,64.93,2,Card,Delivered,Chennai
1681,1193,2024-02-22,59,Beauty,291.7,1,UPI,Delivered,Kolkata
1682,1501,2024-06-23,111,Electronics,821.04,3,UPI,Delivered,Bangalore
1683,1987,2024-04-19,187,Fashion,89.09,4,Card,Delivered,Chennai
1684,1112,2024-07-21,13,Beauty,856.93,3,Card,Delivered,Chennai
1685,1113,2024-05-15,167,Sports,100.98,3,UPI,Cancelled,Delhi
1686,1221,2024-01-04,156,Home,836.11,2,Card,Delivered,Delhi
1687,1677,2024-06-03,189,Beauty,367.18,3,UPI,Delivered,Kolkata
1688,1946,2024-06-20,16,Sports,616.09,4,UPI,Returned,Mumbai
1689,1830,2024-12-23,119,Fashion,161.36,3,UPI,Delivered,Pune
1690,1643,2024-02-16,2,Books,75.51,4,COD,Delivered,Kolkata
1691,1896,2024-04-03,145,Home,223.78,1,COD,Delivered,Delhi
1692,1263,2024-02-17,30,Books,136.58,3,UPI,Delivered,Bangalore
1693,1924,2024-08-27,103,Electronics,319.28,2,UPI,Delivered,Delhi
1694,1054,2024-12-12,13,Books,519.24,3,Card,Delivered,Mumbai
1695,1870,2024-07-31,96,Electronics,592.87,4,Card,Delivered,Ahmedabad
1696,1642,2024-12-05,94,Sports,791.97,4,UPI,Delivered,Hyderabad
1697,1799,2024-11-19,82,Beauty,659.68,2,UPI,Delivered,Bangalore
1698,1777,2024-05-18,13,Fashion,612.67,4,COD,Returned,Hyderabad
1699,1457,2024-07-23,171,Sports,417.66,3,Card,Delivered,Ahmedabad
1700,1978,2024-03-13,94,Fashion,479.07,4,UPI,Delivered,Bangalore
1701,1877,2024-01-04,149,Books,420.38,3,Card,Delivered,Ahmedabad
1702,1161,2024-03-16,112,Fashion,843.74,3,UPI,Delivered,Pune
1703,1379,2024-11-24,55,Books,237.7,4,UPI,Delivered,Pune
1704,1992,2024-03-17,81,Fashion,15.66,2,COD,Delivered,Pune
1705,1086,2024-10-30,168,Home,654.81,1,UPI,Delivered,Mumbai
1706,1054,2024-09-12,116,Sports,210.44,2,UPI,Delivered,Delhi
1707,1475,2024-04-11,143,Home,891.21,1,Card,Returned,Hyderabad
1708,1799,2024-04-15,180,Beauty,860.46,2,COD,Delivered,Hyderabad
1709,1177,2024-11-28,108,Beauty,85.96,3,Card,Delivered,Delhi
1710,1390,2024-02-08,53,Electronics,115.32,3,UPI,Delivered,Mumbai
1711,1348,2024-11-09,128,Electronics,500.22,4,Card,Delivered,Delhi
1712,1007,2024-10-01,180,Electronics,613.13,1,Card,Delivered,Chennai
1713,1832,2024-03-28,158,Beauty,282.16,1,UPI,Delivered,Chennai
1714,1312,2024-07-29,161,Fashion,719.63,4,Card,Delivered,Pune
1715,1758,2024-03-17,57,Books,598.97,2,UPI,Delivered,Chennai
1716,1834,2024-03-17,52,Fashion,331.58,4,COD,Returned,Hyderabad
1717,1983,2024-01-28,137,Sports,35.12,2,Card,Delivered,Pune
1718,1982,2024-09-01,182,Beauty,752.65,4,UPI,Returned,Hyderabad
1719,1442,2024-03-06,111,Books,222.61,1,Card,Delivered,Mumbai
1720,1766,2024-09-22,1,Books,836.13,1,UPI,Delivered,Bangalore
1721,1327,2024-07-23,44,Books,426.09,2,Card,Delivered,Delhi
1722,1053,2024-02-27,75,Electronics,581.31,1,UPI,Delivered,Kolkata
1723,1760,2024-07-19,98,Books,874.22,1,UPI,Delivered,Kolkata
1724,1238,2024-08-12,9,Books,864.99,1,Card,Delivered,Kolkata
1725,1228,2024-05-21,32,Beauty,377.8,1,COD,Delivered,Bangalore
1726,1578,2024-03-24,15,Fashion,216.8,3,UPI,Delivered,Hyderabad
1727,1050,2024-05-22,140,Fashion,777.39,4,Card,Delivered,Delhi
1728,1608,2024-12-17,185,Home,438.75,4,Card,Delivered,Hyderabad
1729,1603,2024-02-02,136,Home,200.12,3,UPI,Delivered,Mumbai
1730,1263,2024-05-31,72,Sports,905.38,1,UPI,Delivered,Pune
1731,1417,2024-06-06,155,Beauty,206.12,4,Card,Delivered,Delhi
1732,1802,2024-05-20,190,Home,35.55,4,UPI,Delivered,Hyderabad
1733,1095,2024-09-07,12,Home,30.08,4,COD,Delivered,Chennai
1734,1087,2024-10-29,65,Beauty,626.09,2,Card,Delivered,Kolkata
1735,1077,2024-04-21,107,Fashion,665.06,3,COD,Delivered,Chennai
1736,1287,2024-05-23,42,Sports,317.93,2,UPI,Delivered,Ahmedabad
1737,1119,2024-07-27,190,Sports,326.81,2,COD,Delivered,Hyderabad
1738,1813,2024-08-11,115,Sports,346.1,3,UPI,Cancelled,Ahmedabad
1739,1490,2024-02-12,139,Home,683.36,4,Card,Delivered,Bangalore
1740,1911,2024-09-20,103,Fashion,67.55,2,UPI,Delivered,Pune
1741,1451,2024-08-31,171,Sports,929.83,4,UPI,Delivered,Mumbai
1742,1499,2024-01-03,95,Beauty,230.3,2,UPI,Delivered,Mumbai
1743,1164,2024-05-04,17,Sports,999.68,4,UPI,Delivered,Kolkata
1744,1181,2024-09-24,160,Electronics,179.81,1,Card,Delivered,Hyderabad
1745,1468,2024-03-24,85,Fashion,773.83,1,Card,Delivered,Mumbai
1746,1909,2024-01-16,168,Electronics,231.18,1,Card,Delivered,Delhi
1747,1734,2024-11-29,151,Fashion,90.04,3,UPI,Delivered,Mumbai
1748,1822,2024-02-28,56,Books,876.18,1,UPI,Delivered,Ahmedabad
1749,1943,2024-06-25,134,Beauty,860.16,2,COD,Delivered,Chennai
1750,1977,2024-03-03,86,Books,409.53,4,Card,Delivered,Hyderabad
1751,1006,2024-02-18,178,Home,705.37,4,UPI,Delivered,Delhi
1752,1329,2024-11-02,102,Home,561.5,4,Card,Delivered,Kolkata
1753,1774,2024-09-02,165,Books,854.43,4,COD,Returned,Ahmedabad
1754,1672,2024-10-15,192,Fashion,321.91,2,COD,Delivered,Ahmedabad
1755,1150,2024-10-12,54,Sports,528.44,4,UPI,Delivered,Mumbai
1756,1084,2024-11-27,200,Electronics,490.52,2,COD,Delivered,Kolkata
1757,1146,2024-01-15,177,Beauty,360.37,2,UPI,Delivered,Ahmedabad
1758,1623,2024-12-03,115,Sports,892.54,4,Card,Delivered,Chennai
1759,1380,2024-09-11,139,Home,174.22,4,UPI,Delivered,Pune
1760,1914,2024-04-01,88,Sports,158.01,4,Card,Delivered,Bangalore
1761,1547,2024-10-05,49,Books,581.14,2,Card,Delivered,Mumbai
1762,1284,2024-07-24,149,Books,660.92,3,UPI,Delivered,Kolkata
1763,1699,2024-04-03,115,Electronics,202.67,2,Card,Delivered,Ahmedabad
1764,1081,2024-08-12,194,Home,396.81,3,Card,Delivered,Chennai
1765,1513,2024-10-27,63,Fashion,947.1,4,UPI,Delivered,Pune
1766,1896,2024-11-13,104,Beauty,254.15,2,UPI,Delivered,Pune
1767,1814,2024-07-17,83,Books,671.68,4,UPI,Delivered,Chennai
1768,1708,2024-09-27,103,Beauty,742.75,3,Card,Delivered,Chennai
1769,1915,2024-08-21,156,Home,453.65,3,COD,Delivered,Kolkata
1770,1522,2024-02-15,17,Fashion,938.15,2,Card,Delivered,Chennai
1771,1745,2024-03-04,6,Books,739.29,2,UPI,Delivered,Bangalore
1772,1385,2024-08-17,147,Electronics,463.35,2,UPI,Delivered,Hyderabad
1773,1706,2024-09-05,184,Beauty,573.64,2,UPI,Delivered,Chennai
1774,1470,2024-09-02,28,Home,695.69,1,COD,Cancelled,Hyderabad
1775,1118,2024-03-15,194,Beauty,596.27,1,UPI,Delivered,Pune
1776,1395,2024-06-05,38,Fashion,879.91,4,UPI,Cancelled,Bangalore
1777,1531,2024-08-10,119,Electronics,363.32,3,Card,Delivered,Kolkata
1778,1260,2024-07-08,37,Fashion,306.89,3,COD,Delivered,Pune
1779,1804,2024-02-21,115,Books,221.7,4,UPI,Delivered,Ahmedabad
1780,1933,2024-03-28,68,Sports,47.41,4,UPI,Cancelled,Bangalore
1781,1255,2024-11-08,177,Fashion,52.58,4,Card,Delivered,Pune
1782,1733,2024-12-04,43,Fashion,871.35,1,Card,Returned,Delhi
1783,1904,2024-03-06,164,Beauty,681.61,4,UPI,Delivered,Delhi
1784,1225,2024-05-29,58,Fashion,663.93,3,Card,Delivered,Chennai
1785,1052,2024-01-20,13,Home,618.5,4,Card,Returned,Hyderabad
1786,1939,2024-02-02,52,Books,850.73,2,COD,Returned,Pune
1787,1866,2024-11-23,58,Beauty,485.46,3,UPI,Delivered,Ahmedabad
1788,1499,2024-10-07,32,Beauty,871.71,3,UPI,Cancelled,Bangalore
1789,1505,2024-02-15,105,Sports,365.85,3,Card,Delivered,Mumbai
1790,1853,2024-03-13,188,Books,927.44,1,Card,Cancelled,Delhi
1791,1363,2024-12-19,83,Home,701.67,1,Card,Cancelled,Delhi
1792,1279,2024-11-08,186,Books,264.61,3,Card,Cancelled,Pune
1793,1592,2024-12-08,99,Fashion,568.44,2,UPI,Cancelled,Kolkata
1794,1713,2024-05-12,104,Sports,537.7,3,UPI,Delivered,Mumbai
1795,1157,2024-02-24,184,Home,146.52,1,UPI,Delivered,Ahmedabad
1796,1631,2024-03-01,28,Sports,595.33,2,COD,Delivered,Ahmedabad
1797,1058,2024-12-10,129,Books,321.64,3,UPI,Delivered,Hyderabad
1798,1726,2024-01-08,170,Electronics,61.83,1,UPI,Delivered,Ahmedabad
1799,1127,2024-09-28,48,Books,949.17,2,UPI,Delivered,Ahmedabad
1800,1735,2024-09-02,40,Fashion,645.08,4,COD,Delivered,Hyderabad
1801,1720,2024-06-24,97,Sports,878.15,4,COD,Delivered,Hyderabad
1802,1881,2024-04-25,191,Electronics,679.3,3,COD,Delivered,Chennai
1803,1114,2024-11-12,200,Fashion,363.41,4,UPI,Delivered,Chennai
1804,1208,2024-09-27,114,Sports,517.56,1,Card,Delivered,Kolkata
1805,1525,2024-07-11,132,Sports,678.99,2,UPI,Delivered,Pune
1806,1520,2024-05-29,166,Books,960.65,3,UPI,Delivered,Mumbai
1807,1551,2024-05-10,155,Sports,261.13,2,UPI,Delivered,Pune
1808,1961,2024-04-11,137,Sports,876.23,2,UPI,Delivered,Bangalore
1809,1236,2024-11-05,111,Beauty,924.84,2,Card,Delivered,Mumbai
1810,1280,2024-09-26,144,Sports,673.71,1,COD,Delivered,Bangalore
1811,1358,2024-10-18,184,Books,931.95,3,UPI,Delivered,Mumbai
1812,1200,2024-07-28,76,Beauty,403.9,4,COD,Delivered,Chennai
1813,1757,2024-12-26,31,Beauty,953.49,2,UPI,Delivered,Hyderabad
1814,1277,2024-12-03,119,Electronics,705.76,2,UPI,Delivered,Delhi
1815,1234,2024-03-07,142,Fashion,51.59,2,UPI,Delivered,Kolkata
1816,1493,2024-01-10,25,Beauty,907.8,1,UPI,Delivered,Ahmedabad
1817,1003,2024-02-18,34,Home,489.63,4,UPI,Delivered,Mumbai
1818,1665,2024-04-20,67,Beauty,465.72,2,Card,Delivered,Mumbai
1819,1441,2024-11-16,152,Home,570.8,1,Card,Delivered,Kolkata
1820,1028,2024-08-06,118,Electronics,157.89,1,COD,Delivered,Delhi
1821,1108,2024-02-26,73,Home,474.47,2,UPI,Delivered,Kolkata
1822,1609,2024-10-09,26,Electronics,832.82,2,Card,Delivered,Mumbai
1823,1726,2024-04-22,148,Electronics,25.33,1,Card,Delivered,Ahmedabad
1824,1804,2024-05-12,192,Electronics,280.19,1,COD,Delivered,Kolkata
1825,1074,2024-03-11,104,Home,12.43,2,UPI,Delivered,Hyderabad
1826,1837,2024-03-23,10,Home,421.55,1,COD,Delivered,Pune
1827,1145,2024-02-26,67,Electronics,731.03,1,Card,Delivered,Delhi
1828,1127,2024-12-14,152,Electronics,800.78,2,Card,Delivered,Ahmedabad
1829,1852,2024-09-27,5,Fashion,945.74,2,UPI,Delivered,Delhi
1830,1041,2024-04-20,195,Electronics,612.42,3,UPI,Delivered,Hyderabad
1831,1355,2024-12-22,186,Sports,262.08,4,Card,Cancelled,Ahmedabad
1832,1040,2024-03-16,27,Fashion,924.91,2,UPI,Delivered,Hyderabad
1833,1933,2024-06-06,113,Fashion,777.56,2,UPI,Cancelled,Delhi
1834,1033,2024-01-20,15,Fashion,578.68,2,COD,Cancelled,Hyderabad
1835,1016,2024-05-10,163,Sports,698.68,4,UPI,Delivered,Pune
1836,1676,2024-11-24,105,Fashion,925.07,3,UPI,Delivered,Hyderabad
1837,1152,2024-05-01,181,Fashion,715.27,1,Card,Delivered,Ahmedabad
1838,1997,2024-02-10,44,Home,374.69,4,UPI,Returned,Pune
1839,1377,2024-06-15,26,Books,715.9,2,Card,Delivered,Ahmedabad
1840,1587,2024-05-09,175,Home,49.88,2,Card,Returned,Hyderabad
1841,1598,2024-01-23,162,Electronics,392.55,3,UPI,Delivered,Delhi
1842,1628,2024-10-05,95,Electronics,412.26,3,Card,Cancelled,Mumbai
1843,1873,2024-09-07,178,Beauty,175.17,3,UPI,Delivered,Bangalore
1844,1341,2024-01-09,84,Books,32.85,1,COD,Cancelled,Delhi
1845,1980,2024-01-13,140,Sports,142.05,4,COD,Delivered,Ahmedabad
1846,1026,2024-11-02,132,Home,658.08,4,UPI,Delivered,Kolkata
1847,1824,2024-11-15,87,Electronics,804.27,3,COD,Delivered,Bangalore
1848,1286,2024-02-21,176,Sports,988.32,1,Card,Delivered,Hyderabad
1849,1645,2024-07-27,183,Fashion,352.9,4,UPI,Delivered,Hyderabad
1850,1730,2024-02-07,112,Sports,603.39,2,UPI,Delivered,Mumbai
1851,1167,2024-04-09,129,Home,937.77,2,UPI,Delivered,Hyderabad
1852,1609,2024-07-11,89,Books,175.37,2,COD,Delivered,Kolkata
1853,1267,2024-07-09,66,Beauty,720.47,4,UPI,Delivered,Ahmedabad
1854,1748,2024-02-20,158,Home,757.43,3,UPI,Delivered,Bangalore
1855,1820,2024-05-20,131,Books,98.09,2,UPI,Delivered,Delhi
1856,1454,2024-06-16,122,Electronics,862.64,3,Card,Delivered,Delhi
1857,1905,2024-11-06,149,Electronics,814.97,1,COD,Delivered,Kolkata
1858,1684,2024-04-18,84,Sports,43.07,2,Card,Delivered,Pune
1859,1400,2024-07-25,177,Home,100.17,1,UPI,Cancelled,Mumbai
1860,1921,2024-10-26,116,Electronics,58.64,3,UPI,Delivered,Kolkata
1861,1980,2024-04-19,190,Fashion,341.4,4,UPI,Delivered,Bangalore
1862,1475,2024-07-14,116,Fashion,514.2,3,UPI,Delivered,Hyderabad
1863,1701,2024-05-31,38,Beauty,537.02,2,Card,Delivered,Chennai
1864,1633,2024-08-30,143,Sports,274.99,2,UPI,Delivered,Ahmedabad
1865,1557,2024-05-07,110,Electronics,912.48,3,COD,Delivered,Mumbai
1866,1575,2024-04-14,180,Beauty,374.58,2,Card,Delivered,Mumbai
1867,1129,2024-01-10,46,Fashion,55.09,2,COD,Delivered,Chennai
1868,1821,2024-12-21,25,Beauty,307.22,1,COD,Delivered,Kolkata
1869,1362,2024-05-27,21,Beauty,535.8,4,COD,Cancelled,Delhi
1870,1704,2024-12-30,121,Electronics,414.14,3,UPI,Delivered,Pune
1871,1818,2024-12-29,122,Electronics,281.1,1,COD,Cancelled,Ahmedabad
1872,1692,2024-05-19,133,Electronics,140.01,2,Card,Delivered,Ahmedabad
1873,1291,2024-07-08,70,Sports,820.97,1,Card,Delivered,Delhi
1874,1370,2024-04-03,113,Beauty,996.18,4,UPI,Delivered,Delhi
1875,1793,2024-08-16,107,Beauty,336.25,3,UPI,Delivered,Chennai
1876,1028,2024-03-03,112,Sports,387.8,4,COD,Delivered,Ahmedabad
1877,1148,2024-12-05,108,Fashion,621.86,4,UPI,Delivered,Hyderabad
1878,1778,2024-01-25,47,Home,721.26,1,UPI,Delivered,Ahmedabad
1879,1295,2024-09-24,196,Fashion,398.11,1,UPI,Delivered,Hyderabad
1880,1010,2024-10-07,91,Sports,905.88,4,COD,Delivered,Pune
1881,1511,2024-01-11,18,Beauty,564.4,2,UPI,Delivered,Pune
1882,1675,2024-11-15,149,Beauty,455.89,3,COD,Returned,Bangalore
1883,1112,2024-07-19,104,Electronics,650.21,2,UPI,Delivered,Bangalore
1884,1186,2024-05-05,151,Electronics,953.28,2,UPI,Delivered,Delhi
1885,1806,2024-11-01,192,Beauty,796.61,3,UPI,Delivered,Chennai
1886,1743,2024-07-08,195,Beauty,49.61,1,Card,Delivered,Pune
1887,1226,2024-03-29,40,Books,338.99,2,UPI,Delivered,Mumbai
1888,1309,2024-12-20,138,Electronics,475.84,1,UPI,Delivered,Hyderabad
1889,1097,2024-04-25,89,Electronics,321.37,3,UPI,Delivered,Kolkata
1890,1054,2024-12-17,180,Fashion,703.19,2,UPI,Delivered,Chennai
1891,1622,2024-06-25,200,Beauty,828.01,1,Card,Delivered,Ahmedabad
1892,1663,2024-01-14,61,Beauty,734.03,1,UPI,Delivered,Pune
1893,1757,2024-09-13,192,Sports,989.44,2,UPI,Delivered,Bangalore
1894,1405,2024-07-27,5,Fashion,279.82,3,UPI,Delivered,Pune
1895,1068,2024-10-07,122,Home,876.24,4,UPI,Delivered,Ahmedabad
1896,1311,2024-11-23,181,Home,768.96,1,COD,Delivered,Hyderabad
1897,1288,2024-11-20,55,Home,368.56,3,UPI,Delivered,Pune
1898,1761,2024-04-14,37,Books,736.78,2,UPI,Cancelled,Hyderabad
1899,1547,2024-05-26,56,Electronics,113.04,1,UPI,Returned,Ahmedabad
1900,1750,2024-10-05,187,Home,791.44,1,Card,Delivered,Chennai
1901,1147,2024-01-09,102,Sports,537.01,1,Card,Delivered,Pune
1902,1466,2024-04-27,93,Electronics,299.37,3,UPI,Delivered,Pune
1903,1738,2024-04-03,197,Electronics,659.22,1,Card,Delivered,Bangalore
1904,1243,2024-05-23,73,Home,645.2,1,Card,Delivered,Chennai
1905,1490,2024-10-15,59,Electronics,217.39,2,UPI,Delivered,Mumbai
1906,1848,2024-01-14,2,Fashion,40.09,1,UPI,Delivered,Hyderabad
1907,1957,2024-09-13,193,Fashion,439.29,3,Card,Delivered,Kolkata
1908,1506,2024-12-11,104,Home,573.82,2,Card,Delivered,Kolkata
1909,1364,2024-07-04,188,Sports,877.84,4,COD,Delivered,Chennai
1910,1481,2024-12-10,51,Electronics,928.93,2,UPI,Delivered,Kolkata
1911,1200,2024-07-25,30,Beauty,533.52,1,Card,Delivered,Chennai
1912,1153,2024-12-11,11,Home,756.27,4,UPI,Delivered,Kolkata
1913,1449,2024-06-20,108,Books,444.91,2,COD,Delivered,Mumbai
1914,1500,2024-09-26,76,Electronics,748.62,1,Card,Delivered,Chennai
1915,1072,2024-08-08,167,Home,212.75,2,Card,Delivered,Hyderabad
1916,1712,2024-05-31,90,Home,377.35,3,UPI,Delivered,Ahmedabad
1917,1295,2024-04-20,123,Sports,637.89,1,UPI,Delivered,Kolkata
1918,1016,2024-07-01,200,Beauty,27.98,3,Card,Cancelled,Ahmedabad
1919,1640,2024-12-04,191,Electronics,725.24,1,UPI,Delivered,Delhi
1920,1216,2024-03-12,192,Home,837.18,3,UPI,Delivered,Delhi
1921,1060,2024-10-09,189,Home,405.15,4,UPI,Returned,Bangalore
1922,1938,2024-03-14,125,Electronics,453.46,3,UPI,Delivered,Mumbai
1923,1615,2024-12-20,182,Home,852.77,2,Card,Delivered,Ahmedabad
1924,1041,2024-08-02,122,Home,777.9,1,UPI,Delivered,Bangalore
1925,1024,2024-11-23,94,Home,295.27,2,UPI,Delivered,Delhi
1926,1038,2024-01-23,103,Fashion,330.74,3,UPI,Delivered,Mumbai
1927,1802,2024-03-08,186,Fashion,682.09,1,COD,Delivered,Ahmedabad
1928,1130,2024-12-27,184,Beauty,567.57,3,COD,Delivered,Chennai
1929,1497,2024-04-02,162,Sports,170.61,4,UPI,Returned,Chennai
1930,1228,2024-11-16,31,Electronics,316.83,4,Card,Delivered,Hyderabad
1931,1107,2024-11-19,52,Sports,900.98,4,UPI,Returned,Ahmedabad
1932,1171,2024-03-03,89,Sports,691.29,3,Card,Delivered,Pune
1933,1434,2024-08-11,76,Fashion,986.11,3,Card,Delivered,Delhi
1934,1477,2024-08-12,129,Beauty,769.34,4,UPI,Delivered,Chennai
1935,1101,2024-12-11,183,Sports,942.55,3,UPI,Delivered,Mumbai
1936,1865,2024-12-02,22,Sports,224.03,2,Card,Delivered,Pune
1937,1523,2024-04-12,40,Home,773.77,3,COD,Delivered,Pune
1938,1274,2024-08-02,101,Electronics,30.02,2,COD,Delivered,Chennai
1939,1612,2024-07-10,111,Beauty,674.05,4,Card,Cancelled,Bangalore
1940,1043,2024-06-08,129,Electronics,474.59,3,UPI,Delivered,Bangalore
1941,1954,2024-07-25,65,Fashion,353.29,4,UPI,Delivered,Bangalore
1942,1816,2024-09-25,191,Sports,863.78,1,COD,Delivered,Ahmedabad
1943,1956,2024-07-12,182,Sports,855.73,3,UPI,Delivered,Pune
1944,1016,2024-05-31,170,Books,32.08,3,Card,Delivered,Bangalore
1945,1329,2024-08-24,149,Electronics,613.41,4,UPI,Returned,Bangalore
1946,1568,2024-03-28,79,Fashion,374.15,4,UPI,Delivered,Pune
1947,1822,2024-01-11,22,Books,421.5,4,UPI,Delivered,Hyderabad
1948,1496,2024-07-05,166,Books,833.72,1,COD,Delivered,Bangalore
1949,1814,2024-08-01,99,Home,316.74,1,UPI,Delivered,Hyderabad
1950,1011,2024-01-15,8,Books,943.62,4,Card,Delivered,Hyderabad
1951,1317,2024-09-22,190,Books,187.84,3,COD,Delivered,Chennai
1952,1591,2024-10-23,175,Home,666.1,3,COD,Delivered,Pune
1953,1215,2024-03-13,17,Sports,675.38,4,UPI,Delivered,Mumbai
1954,1338,2024-02-21,17,Sports,259.67,2,Card,Delivered,Bangalore
1955,1775,2024-05-07,90,Beauty,331.5,1,COD,Delivered,Mumbai
1956,1990,2024-01-28,141,Books,836.45,1,UPI,Delivered,Delhi
1957,1660,2024-03-05,145,Electronics,764.19,2,Card,Returned,Ahmedabad
1958,1080,2024-01-17,166,Sports,335.8,4,UPI,Delivered,Hyderabad
1959,1726,2024-12-16,81,Fashion,538.62,3,UPI,Delivered,Kolkata
1960,1484,2024-05-17,78,Electronics,71.06,3,UPI,Delivered,Delhi
1961,1373,2024-11-14,173,Beauty,216.66,1,Card,Delivered,Hyderabad
1962,1975,2024-08-16,6,Books,490.96,2,Card,Delivered,Bangalore
1963,1709,2024-09-10,163,Home,95.11,3,UPI,Delivered,Delhi
1964,1199,2024-07-28,110,Beauty,844.9,1,COD,Delivered,Pune
1965,1536,2024-10-20,14,Electronics,720.83,3,UPI,Delivered,Chennai
1966,1465,2024-08-18,72,Home,944.2,3,Card,Delivered,Ahmedabad
1967,1088,2024-08-28,189,Fashion,696.53,3,COD,Cancelled,Delhi
1968,1267,2024-03-10,143,Home,941.0,1,UPI,Cancelled,Ahmedabad
1969,1654,2024-04-13,54,Home,558.97,2,Card,Delivered,Hyderabad
1970,1570,2024-07-22,27,Fashion,604.22,4,Card,Cancelled,Pune
1971,1921,2024-02-22,13,Sports,977.2,2,Card,Returned,Hyderabad
1972,1488,2024-11-25,159,Sports,645.71,3,UPI,Delivered,Mumbai
1973,1876,2024-02-23,163,Home,40.48,2,UPI,Delivered,Kolkata
1974,1537,2024-10-02,60,Home,726.56,3,Card,Delivered,Kolkata
1975,1046,2024-11-30,6,Beauty,906.41,1,UPI,Returned,Delhi
1976,1287,2024-01-31,197,Sports,797.62,1,UPI,Delivered,Chennai
1977,1777,2024-05-14,58,Fashion,587.99,1,COD,Delivered,Bangalore
1978,1015,2024-02-27,49,Books,674.59,3,UPI,Delivered,Mumbai
1979,1710,2024-04-14,151,Books,990.29,2,COD,Delivered,Delhi
1980,1400,2024-09-22,162,Home,99.76,4,UPI,Delivered,Mumbai
1981,1918,2024-01-10,26,Home,670.57,4,Card,Delivered,Delhi
1982,1793,2024-09-09,47,Books,290.56,1,COD,Cancelled,Kolkata
1983,1980,2024-10-21,5,Beauty,643.69,4,COD,Delivered,Bangalore
1984,1085,2024-06-04,20,Beauty,611.55,3,UPI,Delivered,Bangalore
1985,1249,2024-06-06,134,Beauty,161.92,2,COD,Delivered,Kolkata
1986,1390,2024-02-06,198,Electronics,214.68,4,UPI,Delivered,Ahmedabad
1987,1781,2024-04-28,59,Fashion,625.41,4,UPI,Delivered,Chennai
1988,1334,2024-03-07,192,Electronics,136.95,2,Card,Returned,Mumbai
1989,1628,2024-08-29,146,Home,272.53,4,COD,Delivered,Chennai
1990,1518,2024-10-25,132,Beauty,836.89,2,COD,Delivered,Delhi
1991,1136,2024-07-31,17,Beauty,333.82,3,UPI,Cancelled,Bangalore
1992,1882,2024-11-03,14,Books,493.18,3,Card,Returned,Bangalore
1993,1687,2024-04-10,13,Books,941.73,3,COD,Delivered,Hyderabad
1994,1839,2024-02-25,135,Beauty,234.88,1,UPI,Delivered,Hyderabad
1995,1497,2024-11-27,128,Sports,395.73,3,Card,Delivered,Kolkata
1996,1826,2024-11-19,44,Books,610.39,4,UPI,Delivered,Chennai
1997,1726,2024-08-26,119,Fashion,757.79,1,UPI,Delivered,Mumbai
1998,1476,2024-08-18,143,Electronics,902.64,1,Card,Delivered,Kolkata
1999,1593,2024-12-27,19,Fashion,916.32,1,UPI,Delivered,Delhi
2000,1222,2024-04-01,63,Books,778.87,3,UPI,Cancelled,Chennai
2001,1989,2024-10-05,163,Beauty,236.05,1,UPI,Delivered,Bangalore
2002,1371,2024-04-18,81,Home,34.56,3,Card,Delivered,Bangalore
2003,1934,2024-11-12,163,Sports,389.94,3,UPI,Delivered,Ahmedabad
2004,1994,2024-06-16,147,Books,150.13,1,UPI,Delivered,Ahmedabad
2005,1401,2024-10-26,148,Fashion,713.28,1,Card,Delivered,Bangalore
2006,1442,2024-08-05,100,Home,664.52,4,UPI,Delivered,Delhi
2007,1489,2024-08-09,163,Books,53.53,1,COD,Delivered,Kolkata
2008,1614,2024-06-09,160,Beauty,838.23,3,UPI,Delivered,Chennai
2009,1272,2024-01-16,122,Beauty,256.26,4,UPI,Delivered,Delhi
2010,1525,2024-10-04,176,Beauty,437.9,4,UPI,Delivered,Pune
2011,1158,2024-02-26,44,Beauty,671.25,3,UPI,Delivered,Ahmedabad
2012,1151,2024-03-02,104,Books,435.12,1,COD,Delivered,Bangalore
2013,1994,2024-12-28,152,Sports,446.87,1,UPI,Returned,Hyderabad
2014,1619,2024-11-22,61,Sports,74.97,2,Card,Delivered,Chennai
2015,1187,2024-08-29,125,Fashion,407.43,1,UPI,Delivered,Hyderabad
2016,1812,2024-03-30,145,Books,767.2,2,Card,Delivered,Chennai
2017,1097,2024-03-12,71,Beauty,916.02,4,COD,Delivered,Kolkata
2018,1130,2024-11-21,107,Sports,419.36,4,UPI,Delivered,Bangalore
2019,1804,2024-01-30,50,Books,429.35,4,Card,Cancelled,Hyderabad
2020,1170,2024-12-24,65,Home,705.6,2,COD,Delivered,Ahmedabad
2021,1935,2024-10-14,99,Sports,943.34,3,Card,Delivered,Hyderabad
2022,1985,2024-03-26,32,Sports,274.39,3,UPI,Delivered,Chennai
2023,1182,2024-08-21,164,Fashion,445.74,4,UPI,Delivered,Pune
2024,1982,2024-08-22,141,Sports,798.01,2,UPI,Delivered,Pune
2025,1363,2024-11-08,198,Home,613.6,2,COD,Delivered,Hyderabad
2026,1038,2024-12-30,58,Beauty,119.48,4,Card,Delivered,Hyderabad
2027,1526,2024-09-21,128,Electronics,631.46,1,COD,Cancelled,Kolkata
2028,1887,2024-10-13,142,Fashion,194.88,4,UPI,Delivered,Ahmedabad
2029,1496,2024-11-22,165,Home,515.11,2,UPI,Delivered,Bangalore
2030,1515,2024-09-25,112,Fashion,533.81,1,UPI,Delivered,Chennai
2031,1348,2024-07-04,68,Books,877.44,3,UPI,Delivered,Chennai
2032,1981,2024-05-10,40,Beauty,467.87,1,UPI,Cancelled,Mumbai
2033,1920,2024-10-17,187,Sports,286.65,3,UPI,Delivered,Chennai
2034,1396,2024-10-03,144,Books,238.66,2,COD,Delivered,Ahmedabad
2035,1721,2024-11-15,190,Sports,875.51,4,UPI,Delivered,Ahmedabad
2036,1160,2024-12-16,132,Home,179.3,4,UPI,Delivered,Bangalore
2037,1015,2024-06-28,173,Beauty,431.61,4,COD,Delivered,Hyderabad
2038,1492,2024-10-16,90,Electronics,195.3,4,COD,Delivered,Kolkata
2039,1425,2024-06-11,28,Electronics,775.57,4,UPI,Delivered,Mumbai
2040,1107,2024-09-27,96,Sports,479.63,2,COD,Delivered,Kolkata
2041,1893,2024-04-05,194,Books,357.63,2,UPI,Delivered,Kolkata
2042,1449,2024-09-18,31,Beauty,367.49,4,UPI,Returned,Hyderabad
2043,1310,2024-12-30,3,Beauty,853.69,1,COD,Delivered,Chennai
2044,1738,2024-12-18,136,Home,558.24,4,Card,Delivered,Delhi
2045,1169,2024-10-14,24,Books,720.69,3,COD,Cancelled,Ahmedabad
2046,1545,2024-03-23,15,Electronics,898.07,3,COD,Cancelled,Hyderabad
2047,1413,2024-08-12,171,Home,902.72,3,UPI,Delivered,Pune
2048,1250,2024-08-10,159,Fashion,335.22,3,Card,Delivered,Chennai
2049,1758,2024-04-27,45,Beauty,952.93,4,UPI,Cancelled,Pune
2050,1780,2024-07-10,194,Electronics,34.63,3,UPI,Returned,Bangalore
2051,1140,2024-03-19,8,Home,383.07,1,UPI,Delivered,Pune
2052,1273,2024-03-18,71,Sports,896.84,4,UPI,Cancelled,Chennai
2053,1415,2024-05-26,108,Fashion,281.89,3,COD,Delivered,Mumbai
2054,1607,2024-04-16,115,Home,280.35,4,COD,Delivered,Pune
2055,1738,2024-09-27,103,Sports,309.6,4,Card,Delivered,Ahmedabad
2056,1890,2024-08-31,125,Electronics,616.19,4,UPI,Delivered,Delhi
2057,1038,2024-03-13,57,Electronics,443.95,2,Card,Delivered,Kolkata
2058,1813,2024-12-22,30,Fashion,729.47,3,Card,Delivered,Delhi
2059,1028,2024-12-19,146,Sports,895.96,2,COD,Delivered,Delhi
2060,1957,2024-01-26,114,Beauty,677.46,1,UPI,Delivered,Pune
2061,1476,2024-07-28,197,Electronics,212.42,1,UPI,Returned,Bangalore
2062,1317,2024-04-01,117,Books,933.36,2,COD,Delivered,Delhi
2063,1244,2024-05-04,167,Beauty,271.85,3,COD,Delivered,Hyderabad
2064,1747,2024-03-13,60,Beauty,158.4,4,UPI,Delivered,Kolkata
2065,1696,2024-05-02,98,Home,99.07,1,UPI,Delivered,Ahmedabad
2066,1271,2024-11-04,171,Home,567.75,1,COD,Returned,Bangalore
2067,1439,2024-07-02,126,Electronics,122.62,1,Card,Delivered,Chennai
2068,1747,2024-07-05,173,Beauty,147.39,3,Card,Delivered,Mumbai
2069,1238,2024-07-16,151,Home,307.03,2,UPI,Delivered,Bangalore
2070,1376,2024-03-18,197,Sports,288.84,2,UPI,Delivered,Kolkata
2071,1265,2024-12-13,94,Sports,608.2,3,UPI,Delivered,Kolkata
2072,1925,2024-07-04,134,Sports,818.58,1,Card,Delivered,Mumbai
2073,1920,2024-12-09,184,Sports,763.74,3,UPI,Cancelled,Bangalore
2074,1358,2024-09-09,122,Beauty,269.86,3,UPI,Delivered,Chennai
2075,1339,2024-01-13,108,Sports,252.86,2,UPI,Delivered,Mumbai
2076,1388,2024-10-25,4,Beauty,966.13,3,UPI,Delivered,Kolkata
2077,1576,2024-03-16,93,Electronics,18.15,3,UPI,Delivered,Bangalore
2078,1989,2024-02-20,151,Electronics,880.92,1,UPI,Delivered,Kolkata
2079,1688,2024-10-01,6,Sports,207.73,4,COD,Delivered,Mumbai
2080,1002,2024-05-28,32,Sports,947.81,1,UPI,Delivered,Delhi
2081,1428,2024-08-06,106,Sports,348.88,2,UPI,Delivered,Kolkata
2082,1141,2024-05-01,146,Electronics,445.95,4,UPI,Delivered,Delhi
2083,1375,2024-07-29,15,Home,710.05,1,COD,Delivered,Pune
2084,1669,2024-10-06,168,Electronics,591.79,3,UPI,Delivered,Delhi
2085,1323,2024-01-26,122,Sports,324.76,3,UPI,Delivered,Hyderabad
2086,1145,2024-06-21,96,Home,558.29,4,UPI,Delivered,Delhi
2087,1957,2024-06-04,6,Home,733.4,4,Card,Delivered,Delhi
2088,1292,2024-08-25,112,Fashion,51.91,3,Card,Delivered,Chennai
2089,1664,2024-03-22,120,Beauty,21.09,2,UPI,Delivered,Ahmedabad
2090,1431,2024-12-21,123,Sports,463.49,1,UPI,Delivered,Mumbai
2091,1704,2024-09-29,191,Beauty,140.52,3,UPI,Delivered,Mumbai
2092,1948,2024-03-08,67,Fashion,667.7,1,Card,Delivered,Delhi
2093,1974,2024-02-13,106,Beauty,221.91,1,Card,Delivered,Mumbai
2094,1584,2024-03-01,139,Sports,438.52,1,UPI,Delivered,Bangalore
2095,1398,2024-05-02,43,Fashion,205.69,1,Card,Delivered,Pune
2096,1816,2024-12-14,145,Beauty,553.0,2,UPI,Delivered,Kolkata
2097,1888,2024-07-14,96,Electronics,124.89,2,Card,Delivered,Delhi
2098,1343,2024-11-25,132,Home,32.88,2,Card,Delivered,Pune
2099,1963,2024-11-18,191,Fashion,60.62,3,COD,Delivered,Delhi
2100,1139,2024-04-20,196,Electronics,954.72,3,UPI,Delivered,Hyderabad
2101,1186,2024-09-14,81,Sports,150.86,3,Card,Delivered,Pune
2102,1804,2024-03-29,41,Home,711.39,2,UPI,Delivered,Bangalore
2103,1060,2024-07-16,133,Fashion,77.25,1,UPI,Delivered,Delhi
2104,1996,2024-10-08,160,Home,117.08,2,UPI,Delivered,Delhi
2105,1938,2024-07-18,198,Books,513.79,3,UPI,Delivered,Mumbai
2106,1379,2024-04-08,35,Books,470.22,4,UPI,Delivered,Delhi
2107,1709,2024-01-27,22,Fashion,952.06,3,COD,Delivered,Pune
2108,1806,2024-03-29,193,Fashion,945.39,1,Card,Delivered,Pune
2109,1439,2024-05-25,150,Beauty,781.81,2,UPI,Delivered,Delhi
2110,1318,2024-06-30,112,Home,606.08,4,UPI,Delivered,Delhi
2111,1301,2024-09-13,11,Books,460.41,4,UPI,Delivered,Delhi
2112,1343,2024-07-07,3,Books,362.62,1,UPI,Delivered,Hyderabad
2113,1010,2024-08-27,137,Home,947.62,2,UPI,Delivered,Bangalore
2114,1061,2024-12-24,60,Books,606.88,4,UPI,Delivered,Ahmedabad
2115,1844,2024-07-14,76,Electronics,583.28,3,COD,Delivered,Kolkata
2116,1225,2024-10-23,87,Books,239.58,1,Card,Delivered,Ahmedabad
2117,1152,2024-06-13,14,Books,56.23,4,Card,Returned,Pune
2118,1710,2024-11-02,18,Sports,945.74,1,COD,Delivered,Hyderabad
2119,1563,2024-09-27,113,Electronics,320.6,2,UPI,Delivered,Kolkata
2120,1771,2024-01-08,73,Beauty,448.16,2,UPI,Delivered,Mumbai
2121,1570,2024-02-07,23,Fashion,123.49,2,UPI,Delivered,Chennai
2122,1583,2024-04-23,83,Books,838.56,3,Card,Delivered,Delhi
2123,1659,2024-12-04,125,Beauty,37.36,4,UPI,Delivered,Pune
2124,1860,2024-02-25,175,Beauty,835.65,2,UPI,Delivered,Kolkata
2125,1574,2024-12-24,69,Electronics,148.88,3,COD,Delivered,Mumbai
2126,1309,2024-05-17,47,Fashion,887.7,2,UPI,Delivered,Pune
2127,1884,2024-04-11,116,Sports,732.47,2,Card,Delivered,Ahmedabad
2128,1242,2024-11-29,30,Beauty,173.02,4,COD,Delivered,Ahmedabad
2129,1492,2024-06-25,25,Sports,570.16,3,UPI,Delivered,Chennai
2130,1365,2024-06-17,156,Fashion,319.53,2,COD,Delivered,Kolkata
2131,1329,2024-12-04,112,Fashion,186.45,3,Card,Delivered,Delhi
2132,1106,2024-10-12,25,Electronics,860.59,3,COD,Delivered,Pune
2133,1225,2024-09-17,74,Home,409.49,2,UPI,Delivered,Delhi
2134,1824,2024-08-10,58,Books,404.56,2,COD,Delivered,Chennai
2135,1217,2024-07-17,94,Electronics,178.19,1,UPI,Delivered,Hyderabad
2136,1936,2024-07-29,119,Sports,389.24,4,Card,Delivered,Kolkata
2137,1752,2024-10-13,127,Electronics,872.9,2,UPI,Delivered,Chennai
2138,1505,2024-06-28,169,Fashion,369.5,1,UPI,Delivered,Chennai
2139,1258,2024-09-06,25,Beauty,952.09,4,UPI,Cancelled,Pune
2140,1887,2024-08-18,78,Books,946.85,2,UPI,Delivered,Ahmedabad
2141,1773,2024-01-23,99,Books,153.45,3,UPI,Delivered,Kolkata
2142,1516,2024-02-17,116,Home,185.54,4,UPI,Delivered,Bangalore
2143,1772,2024-04-18,48,Fashion,864.05,3,UPI,Delivered,Delhi
2144,1053,2024-10-22,10,Books,398.83,1,UPI,Delivered,Kolkata
2145,1046,2024-01-06,99,Books,14.33,2,UPI,Delivered,Ahmedabad
2146,1726,2024-02-07,11,Beauty,281.13,1,UPI,Delivered,Pune
2147,1688,2024-06-17,85,Sports,601.65,2,COD,Delivered,Delhi
2148,1520,2024-12-21,149,Sports,801.27,2,Card,Delivered,Hyderabad
2149,1098,2024-10-09,173,Sports,142.05,3,UPI,Delivered,Kolkata
2150,1019,2024-07-21,135,Electronics,119.44,1,Card,Delivered,Hyderabad
2151,1889,2024-11-20,192,Sports,922.87,3,Card,Delivered,Bangalore
2152,1752,2024-11-08,126,Sports,753.64,3,UPI,Delivered,Bangalore
2153,1572,2024-09-29,64,Electronics,593.88,3,UPI,Delivered,Bangalore
2154,1890,2024-08-31,2,Beauty,771.49,1,UPI,Cancelled,Ahmedabad
2155,1489,2024-11-22,76,Fashion,434.57,2,COD,Delivered,Hyderabad
2156,1418,2024-02-16,121,Books,760.87,2,UPI,Delivered,Chennai
2157,1689,2024-09-05,42,Home,378.08,1,Card,Delivered,Ahmedabad
2158,1849,2024-03-19,54,Books,251.65,2,UPI,Delivered,Pune
2159,1061,2024-04-19,75,Sports,731.72,1,Card,Delivered,Delhi
2160,1144,2024-01-13,16,Sports,425.48,1,UPI,Delivered,Delhi
2161,1215,2024-12-30,18,Books,981.56,2,UPI,Delivered,Pune
2162,1002,2024-03-30,187,Books,355.99,4,UPI,Delivered,Mumbai
2163,1159,2024-12-07,90,Sports,922.51,3,COD,Delivered,Hyderabad
2164,1738,2024-12-13,144,Electronics,933.63,1,UPI,Delivered,Hyderabad
2165,1997,2024-10-06,6,Electronics,249.43,1,UPI,Returned,Bangalore
2166,1780,2024-08-08,185,Electronics,800.24,4,Card,Delivered,Ahmedabad
2167,1119,2024-03-13,108,Home,438.74,1,Card,Returned,Kolkata
2168,1892,2024-08-21,175,Fashion,918.35,1,UPI,Delivered,Kolkata
2169,1088,2024-09-16,48,Sports,455.62,2,UPI,Delivered,Pune
2170,1328,2024-04-22,42,Beauty,746.86,2,UPI,Delivered,Mumbai
2171,1579,2024-02-15,76,Books,472.3,4,UPI,Delivered,Mumbai
2172,1909,2024-09-30,188,Books,235.52,1,COD,Cancelled,Hyderabad
2173,1356,2024-02-12,77,Sports,207.36,3,UPI,Delivered,Bangalore
2174,1609,2024-07-26,132,Sports,431.18,2,COD,Delivered,Delhi
2175,1266,2024-12-14,130,Sports,757.94,3,UPI,Cancelled,Bangalore
2176,1616,2024-04-12,59,Books,609.02,3,UPI,Cancelled,Delhi
2177,1951,2024-05-03,155,Sports,691.74,4,Card,Delivered,Kolkata
2178,1322,2024-01-10,27,Books,289.5,4,Card,Delivered,Hyderabad
2179,1634,2024-11-24,79,Fashion,486.62,1,UPI,Delivered,Ahmedabad
2180,1987,2024-07-05,72,Beauty,53.95,4,Card,Delivered,Bangalore
2181,1540,2024-01-31,7,Electronics,819.36,2,Card,Returned,Mumbai
2182,1648,2024-06-04,191,Beauty,989.99,1,UPI,Delivered,Pune
2183,1194,2024-02-29,111,Sports,412.81,1,UPI,Delivered,Chennai
2184,1920,2024-09-05,119,Beauty,20.85,3,UPI,Cancelled,Mumbai
2185,1737,2024-09-26,174,Sports,178.09,3,Card,Delivered,Kolkata
2186,1331,2024-08-04,63,Beauty,656.0,3,UPI,Cancelled,Pune
2187,1169,2024-01-02,124,Home,615.96,1,Card,Delivered,Delhi
2188,1520,2024-01-24,12,Beauty,789.99,4,Card,Delivered,Hyderabad
2189,1462,2024-07-24,141,Electronics,261.35,4,Card,Delivered,Bangalore
2190,1039,2024-11-15,43,Electronics,766.0,4,Card,Delivered,Kolkata
2191,1536,2024-07-17,17,Beauty,691.1,1,UPI,Delivered,Kolkata
2192,1260,2024-12-21,63,Books,329.59,1,COD,Delivered,Hyderabad
2193,1394,2024-04-23,120,Books,550.03,1,Card,Delivered,Hyderabad
2194,1954,2024-10-06,36,Books,155.8,1,UPI,Delivered,Delhi
2195,1225,2024-06-03,8,Beauty,458.04,1,Card,Delivered,Hyderabad
2196,1983,2024-06-13,69,Books,882.39,4,Card,Delivered,Bangalore
2197,1123,2024-08-09,90,Fashion,426.98,1,UPI,Delivered,Kolkata
2198,1974,2024-03-31,36,Beauty,841.17,4,UPI,Delivered,Mumbai
2199,1037,2024-06-15,28,Electronics,594.35,1,UPI,Delivered,Hyderabad
2200,1327,2024-07-25,118,Books,199.96,4,COD,Delivered,Bangalore
2201,1250,2024-10-08,93,Home,585.3,2,Card,Delivered,Bangalore
2202,1900,2024-03-05,175,Books,510.92,2,UPI,Delivered,Delhi
2203,1175,2024-01-04,76,Electronics,404.65,4,Card,Delivered,Hyderabad
2204,1601,2024-06-05,101,Fashion,128.43,2,UPI,Delivered,Kolkata
2205,1913,2024-09-05,158,Beauty,422.54,2,UPI,Delivered,Delhi
2206,1453,2024-09-13,151,Books,82.03,4,UPI,Delivered,Mumbai
2207,1036,2024-08-22,144,Home,107.78,1,Card,Delivered,Mumbai
2208,1315,2024-11-01,14,Electronics,421.76,1,COD,Delivered,Pune
2209,1687,2024-03-14,71,Home,312.33,4,COD,Delivered,Ahmedabad
2210,1972,2024-07-05,180,Sports,926.29,3,UPI,Delivered,Bangalore
2211,1795,2024-03-02,124,Electronics,381.95,3,Card,Delivered,Hyderabad
2212,1964,2024-12-02,125,Sports,760.28,2,COD,Delivered,Pune
2213,1972,2024-06-12,37,Home,534.95,3,UPI,Delivered,Kolkata
2214,1592,2024-02-25,29,Beauty,707.04,2,Card,Delivered,Bangalore
2215,1113,2024-04-20,195,Beauty,267.51,1,COD,Cancelled,Kolkata
2216,1039,2024-08-05,143,Beauty,942.49,4,Card,Delivered,Hyderabad
2217,1300,2024-08-27,175,Sports,534.79,1,UPI,Cancelled,Ahmedabad
2218,1223,2024-01-21,174,Beauty,833.01,4,COD,Delivered,Delhi
2219,1317,2024-05-20,180,Fashion,371.4,3,COD,Delivered,Mumbai
2220,1348,2024-09-21,19,Electronics,109.21,1,Card,Delivered,Pune
2221,1114,2024-05-18,106,Electronics,676.97,1,UPI,Delivered,Kolkata
2222,1697,2024-03-10,21,Home,17.68,2,Card,Delivered,Pune
2223,1322,2024-04-27,64,Books,480.54,4,UPI,Delivered,Mumbai
2224,1567,2024-07-16,165,Sports,200.87,3,UPI,Delivered,Delhi
2225,1039,2024-07-23,27,Electronics,631.1,1,Card,Cancelled,Chennai
2226,1865,2024-08-01,55,Sports,979.63,4,COD,Delivered,Chennai
2227,1039,2024-02-25,29,Home,469.76,3,COD,Delivered,Kolkata
2228,1858,2024-10-13,148,Beauty,819.32,1,Card,Returned,Chennai
2229,1972,2024-10-19,25,Books,512.71,4,UPI,Returned,Hyderabad
2230,1748,2024-06-23,70,Home,500.88,2,UPI,Delivered,Pune
2231,1288,2024-12-12,63,Fashion,931.12,1,COD,Cancelled,Delhi
2232,1261,2024-05-07,164,Beauty,891.07,4,Card,Delivered,Hyderabad
2233,1215,2024-11-20,130,Beauty,787.94,3,COD,Delivered,Hyderabad
2234,1146,2024-10-18,150,Beauty,303.29,3,UPI,Delivered,Kolkata
2235,1335,2024-10-14,16,Home,549.56,2,Card,Delivered,Delhi
2236,1167,2024-08-13,146,Fashion,231.66,1,COD,Delivered,Hyderabad
2237,1091,2024-03-04,197,Books,449.48,2,UPI,Delivered,Kolkata
2238,1352,2024-02-17,182,Sports,489.37,4,UPI,Delivered,Pune
2239,1570,2024-07-20,100,Home,833.32,3,UPI,Delivered,Delhi
2240,1570,2024-12-02,30,Electronics,897.07,2,COD,Delivered,Ahmedabad
2241,1815,2024-02-29,45,Electronics,420.47,1,Card,Delivered,Chennai
2242,1680,2024-09-13,19,Home,27.53,4,Card,Delivered,Chennai
2243,1780,2024-03-05,34,Sports,863.16,1,UPI,Delivered,Hyderabad
2244,1362,2024-08-26,141,Electronics,182.54,2,Card,Delivered,Mumbai
2245,1556,2024-10-15,171,Sports,625.66,3,Card,Delivered,Delhi
2246,1344,2024-02-07,62,Beauty,34.72,3,UPI,Returned,Bangalore
2247,1692,2024-01-25,118,Home,405.51,2,COD,Delivered,Kolkata
2248,1169,2024-02-28,100,Beauty,986.1,1,UPI,Delivered,Ahmedabad
2249,1355,2024-12-22,22,Electronics,109.69,1,UPI,Returned,Bangalore
2250,1190,2024-10-23,180,Sports,429.46,1,UPI,Delivered,Hyderabad
2251,1666,2024-06-06,180,Beauty,314.08,1,UPI,Delivered,Mumbai
2252,1421,2024-02-26,111,Electronics,906.04,3,Card,Delivered,Delhi
2253,1699,2024-02-17,164,Fashion,870.65,1,UPI,Delivered,Chennai
2254,1006,2024-11-23,73,Beauty,245.32,2,COD,Delivered,Hyderabad
2255,1132,2024-02-25,147,Fashion,90.38,2,UPI,Delivered,Delhi
2256,1746,2024-03-05,38,Fashion,630.87,2,UPI,Delivered,Delhi
2257,1556,2024-09-24,70,Books,343.01,2,Card,Delivered,Delhi
2258,1825,2024-03-09,116,Electronics,675.36,1,Card,Delivered,Mumbai
2259,1760,2024-08-03,79,Home,41.8,3,UPI,Delivered,Delhi
2260,1030,2024-03-29,185,Sports,142.07,4,COD,Delivered,Mumbai
2261,1534,2024-10-07,148,Electronics,689.51,1,Card,Delivered,Mumbai
2262,1425,2024-09-13,9,Books,220.25,4,UPI,Delivered,Pune
2263,1393,2024-06-08,32,Books,859.01,3,UPI,Delivered,Ahmedabad
2264,1671,2024-08-21,132,Beauty,68.0,1,UPI,Delivered,Delhi
2265,1362,2024-05-10,50,Sports,223.33,4,COD,Delivered,Pune
2266,1436,2024-02-18,82,Books,998.57,3,UPI,Delivered,Chennai
2267,1669,2024-05-26,5,Home,438.75,4,UPI,Delivered,Pune
2268,1550,2024-11-11,148,Electronics,705.94,2,UPI,Returned,Ahmedabad
2269,1926,2024-01-02,87,Home,190.84,2,UPI,Returned,Pune
2270,1081,2024-11-24,126,Beauty,613.77,3,Card,Delivered,Ahmedabad
2271,1355,2024-05-24,75,Electronics,728.85,3,Card,Returned,Kolkata
2272,1257,2024-03-01,165,Beauty,321.33,4,UPI,Delivered,Kolkata
2273,1717,2024-09-29,22,Sports,830.61,3,UPI,Returned,Kolkata
2274,1588,2024-02-18,186,Sports,607.38,2,UPI,Delivered,Delhi
2275,1988,2024-11-27,68,Home,395.23,2,Card,Delivered,Chennai
2276,1523,2024-05-10,44,Home,562.07,1,COD,Delivered,Hyderabad
2277,1294,2024-02-12,34,Sports,580.99,4,UPI,Returned,Bangalore
2278,1961,2024-02-26,77,Fashion,173.88,3,UPI,Delivered,Hyderabad
2279,1223,2024-02-19,42,Sports,408.71,3,UPI,Delivered,Mumbai
2280,1524,2024-06-26,137,Electronics,350.0,3,COD,Returned,Ahmedabad
2281,1045,2024-10-19,106,Beauty,406.89,4,Card,Delivered,Hyderabad
2282,1666,2024-02-15,95,Sports,763.5,2,UPI,Delivered,Bangalore
2283,1112,2024-06-18,135,Sports,487.71,3,UPI,Delivered,Ahmedabad
2284,1232,2024-09-27,68,Books,940.91,3,UPI,Cancelled,Bangalore
2285,1016,2024-12-01,147,Beauty,300.74,2,Card,Returned,Chennai
2286,1359,2024-05-18,159,Books,421.55,3,UPI,Returned,Kolkata
2287,1222,2024-09-03,128,Beauty,789.09,1,UPI,Delivered,Hyderabad
2288,1865,2024-05-27,163,Electronics,550.56,2,Card,Delivered,Mumbai
2289,1699,2024-08-17,185,Beauty,551.56,2,UPI,Delivered,Pune
2290,1447,2024-10-06,85,Home,62.81,2,Card,Delivered,Pune
2291,1855,2024-05-04,189,Sports,404.61,1,UPI,Delivered,Mumbai
2292,1364,2024-07-10,159,Beauty,278.03,2,Card,Delivered,Chennai
2293,1674,2024-03-20,83,Electronics,999.34,4,UPI,Delivered,Ahmedabad
2294,1325,2024-04-03,95,Beauty,315.27,4,COD,Returned,Pune
2295,1466,2024-08-13,181,Sports,885.65,4,UPI,Delivered,Chennai
2296,1413,2024-03-05,32,Fashion,679.47,2,UPI,Delivered,Pune
2297,1454,2024-03-28,66,Beauty,347.51,2,COD,Delivered,Pune
2298,1585,2024-03-28,187,Home,548.1,2,COD,Delivered,Hyderabad
2299,1232,2024-07-19,116,Sports,842.13,1,UPI,Delivered,Chennai
2300,1223,2024-08-01,138,Electronics,884.53,4,COD,Delivered,Bangalore
2301,1993,2024-07-22,130,Sports,168.79,3,UPI,Returned,Mumbai
2302,1830,2024-03-29,194,Books,346.18,3,Card,Delivered,Pune
2303,1411,2024-03-01,60,Fashion,341.87,2,UPI,Delivered,Kolkata
2304,1571,2024-09-27,17,Electronics,51.62,1,UPI,Delivered,Bangalore
2305,1334,2024-04-03,96,Fashion,602.26,2,UPI,Delivered,Delhi
2306,1221,2024-11-02,144,Fashion,856.27,3,Card,Delivered,Bangalore
2307,1036,2024-01-27,16,Home,387.76,4,Card,Cancelled,Kolkata
2308,1988,2024-08-01,46,Beauty,742.64,3,UPI,Delivered,Mumbai
2309,1277,2024-03-14,167,Home,631.42,4,COD,Cancelled,Delhi
2310,1195,2024-03-01,159,Home,381.89,4,UPI,Delivered,Hyderabad
2311,1915,2024-07-04,107,Books,149.65,1,UPI,Delivered,Kolkata
2312,1863,2024-01-31,88,Home,712.23,3,Card,Delivered,Delhi
2313,1483,2024-08-06,129,Electronics,856.02,2,UPI,Delivered,Chennai
2314,1241,2024-01-12,139,Beauty,689.0,1,UPI,Delivered,Mumbai
2315,1323,2024-10-28,119,Beauty,27.7,4,UPI,Delivered,Chennai
2316,1730,2024-02-01,85,Electronics,224.07,3,UPI,Delivered,Bangalore
2317,1191,2024-06-08,4,Home,78.79,2,COD,Delivered,Hyderabad
2318,1016,2024-08-24,71,Home,574.68,1,UPI,Cancelled,Mumbai
2319,1523,2024-08-14,154,Fashion,758.91,2,UPI,Cancelled,Hyderabad
2320,1917,2024-06-29,111,Fashion,119.47,3,UPI,Delivered,Pune
2321,1400,2024-11-12,50,Books,839.95,2,UPI,Delivered,Mumbai
2322,1905,2024-02-15,140,Sports,559.95,1,UPI,Cancelled,Kolkata
2323,1885,2024-12-06,95,Fashion,693.07,2,Card,Delivered,Chennai
2324,1704,2024-03-20,92,Beauty,971.69,3,Card,Delivered,Bangalore
2325,1021,2024-05-14,65,Electronics,92.84,1,COD,Delivered,Delhi
2326,1473,2024-09-16,47,Home,902.21,4,UPI,Delivered,Ahmedabad
2327,1119,2024-11-03,181,Sports,134.84,1,UPI,Delivered,Ahmedabad
2328,1209,2024-09-03,106,Fashion,399.03,3,COD,Delivered,Hyderabad
2329,1305,2024-06-07,199,Sports,852.92,2,UPI,Returned,Mumbai
2330,1269,2024-07-21,130,Electronics,907.19,4,COD,Delivered,Mumbai
2331,1703,2024-04-21,106,Electronics,511.31,4,COD,Cancelled,Pune
2332,1686,2024-10-18,24,Sports,598.16,2,COD,Delivered,Hyderabad
2333,1284,2024-11-05,4,Sports,711.07,3,UPI,Delivered,Delhi
2334,1715,2024-04-28,108,Books,834.43,1,UPI,Delivered,Bangalore
2335,1675,2024-01-17,19,Sports,130.3,3,Card,Returned,Mumbai
2336,1762,2024-11-26,154,Home,811.97,4,Card,Delivered,Ahmedabad
2337,1226,2024-08-14,40,Beauty,486.46,1,UPI,Delivered,Mumbai
2338,1947,2024-12-26,50,Fashion,456.12,1,Card,Delivered,Hyderabad
2339,1380,2024-04-26,171,Fashion,429.66,2,UPI,Delivered,Hyderabad
2340,1459,2024-02-12,75,Fashion,514.12,3,UPI,Delivered,Mumbai
2341,1006,2024-04-24,195,Sports,945.6,1,COD,Delivered,Mumbai
2342,1028,2024-10-09,12,Sports,552.72,2,UPI,Cancelled,Pune
2343,1906,2024-02-06,195,Books,953.65,3,UPI,Delivered,Mumbai
2344,1032,2024-10-28,27,Sports,188.49,4,UPI,Delivered,Chennai
2345,1645,2024-04-22,113,Books,726.89,4,UPI,Cancelled,Mumbai
2346,1878,2024-02-04,182,Books,814.12,3,UPI,Delivered,Bangalore
2347,1078,2024-05-11,194,Home,682.34,1,UPI,Cancelled,Bangalore
2348,1927,2024-12-01,49,Home,610.85,1,UPI,Delivered,Kolkata
2349,1946,2024-12-01,144,Home,569.16,4,COD,Cancelled,Pune
2350,1458,2024-08-15,130,Home,862.32,4,COD,Delivered,Delhi
2351,1569,2024-05-26,60,Electronics,823.43,1,UPI,Delivered,Hyderabad
2352,1982,2024-05-01,182,Home,131.07,3,UPI,Delivered,Delhi
2353,1537,2024-03-21,30,Home,850.1,4,UPI,Delivered,Mumbai
2354,1481,2024-06-21,84,Home,419.93,1,Card,Delivered,Hyderabad
2355,1429,2024-06-02,166,Books,261.16,3,Card,Delivered,Mumbai
2356,1737,2024-05-29,28,Fashion,871.07,2,COD,Delivered,Hyderabad
2357,1284,2024-02-27,25,Fashion,437.7,3,UPI,Returned,Pune
2358,1515,2024-03-03,96,Fashion,810.28,1,Card,Delivered,Kolkata
2359,1976,2024-06-04,125,Beauty,270.77,3,Card,Delivered,Chennai
2360,1098,2024-12-21,10,Electronics,13.89,1,COD,Delivered,Ahmedabad
2361,1396,2024-11-17,188,Books,500.5,4,Card,Delivered,Kolkata
2362,1488,2024-06-16,42,Sports,109.23,2,UPI,Delivered,Chennai
2363,1038,2024-06-14,40,Books,756.83,4,Card,Delivered,Chennai
2364,1270,2024-03-25,77,Home,283.31,4,COD,Delivered,Kolkata
2365,1886,2024-05-16,105,Fashion,449.21,1,UPI,Delivered,Pune
2366,1796,2024-07-07,118,Books,96.16,1,UPI,Delivered,Kolkata
2367,1156,2024-01-02,42,Electronics,293.79,1,UPI,Delivered,Delhi
2368,1074,2024-04-15,47,Home,783.68,1,UPI,Delivered,Hyderabad
2369,1883,2024-12-29,165,Beauty,160.07,4,UPI,Delivered,Delhi
2370,1799,2024-03-12,22,Sports,650.69,1,COD,Delivered,Ahmedabad
2371,1129,2024-05-05,185,Home,918.25,1,Card,Delivered,Hyderabad
2372,1686,2024-06-18,107,Sports,683.04,4,Card,Delivered,Ahmedabad
2373,1973,2024-07-23,27,Books,812.91,2,Card,Delivered,Ahmedabad
2374,1083,2024-11-08,41,Home,117.88,2,COD,Delivered,Mumbai
2375,1021,2024-12-02,80,Beauty,258.22,3,COD,Delivered,Ahmedabad
2376,1458,2024-07-13,162,Books,895.59,4,Card,Delivered,Chennai
2377,1538,2024-06-06,160,Electronics,717.95,1,UPI,Delivered,Chennai
2378,1706,2024-05-20,89,Sports,643.16,3,UPI,Delivered,Hyderabad
2379,1848,2024-10-01,66,Sports,667.13,2,UPI,Delivered,Delhi
2380,1381,2024-01-07,12,Electronics,420.06,2,UPI,Delivered,Delhi
2381,1747,2024-02-23,168,Sports,54.11,4,UPI,Delivered,Bangalore
2382,1439,2024-04-13,73,Books,786.6,1,Card,Delivered,Chennai
2383,1603,2024-12-07,76,Fashion,681.93,1,Card,Delivered,Chennai
2384,1988,2024-12-03,90,Electronics,478.08,3,UPI,Delivered,Delhi
2385,1020,2024-03-01,10,Beauty,900.76,2,COD,Delivered,Chennai
2386,1302,2024-03-27,96,Home,342.8,3,UPI,Delivered,Delhi
2387,1975,2024-09-14,176,Home,301.38,3,Card,Returned,Bangalore
2388,1868,2024-06-26,20,Electronics,874.07,3,Card,Delivered,Hyderabad
2389,1954,2024-08-29,39,Fashion,799.02,1,Card,Delivered,Ahmedabad
2390,1083,2024-07-21,60,Books,519.83,2,UPI,Returned,Hyderabad
2391,1773,2024-01-31,66,Beauty,139.43,3,Card,Delivered,Bangalore
2392,1658,2024-10-15,65,Home,222.92,2,UPI,Delivered,Chennai
2393,1952,2024-03-20,179,Home,659.67,2,Card,Delivered,Kolkata
2394,1452,2024-01-11,124,Books,391.19,3,UPI,Delivered,Mumbai
2395,1386,2024-09-10,164,Fashion,838.11,3,Card,Returned,Chennai
2396,1506,2024-10-13,152,Sports,950.46,4,UPI,Returned,Ahmedabad
2397,1256,2024-06-24,155,Electronics,807.58,1,Card,Cancelled,Delhi
2398,1569,2024-05-05,130,Fashion,383.77,2,UPI,Returned,Pune
2399,1891,2024-02-16,159,Fashion,790.8,3,COD,Delivered,Ahmedabad
2400,1933,2024-07-24,57,Fashion,357.93,3,COD,Delivered,Mumbai
2401,1526,2024-04-16,78,Fashion,175.43,2,UPI,Delivered,Bangalore
2402,1161,2024-10-01,194,Sports,43.06,3,UPI,Delivered,Hyderabad
2403,1956,2024-12-02,29,Books,391.86,4,Card,Delivered,Hyderabad
2404,1162,2024-05-02,15,Beauty,904.52,2,UPI,Delivered,Kolkata
2405,1831,2024-05-13,12,Fashion,246.6,3,UPI,Returned,Chennai
2406,1792,2024-04-16,101,Fashion,214.45,2,UPI,Delivered,Hyderabad
2407,1791,2024-10-31,156,Electronics,970.12,3,Card,Delivered,Ahmedabad
2408,1523,2024-11-24,84,Home,34.75,3,UPI,Delivered,Chennai
2409,1785,2024-02-19,125,Sports,787.92,1,UPI,Delivered,Kolkata
2410,1270,2024-12-02,103,Fashion,328.16,2,Card,Delivered,Kolkata
2411,1491,2024-04-04,24,Beauty,47.11,1,UPI,Delivered,Delhi
2412,1207,2024-09-24,149,Beauty,918.62,3,UPI,Delivered,Delhi
2413,1538,2024-01-23,138,Beauty,148.25,2,COD,Delivered,Bangalore
2414,1583,2024-02-23,110,Electronics,556.26,2,Card,Delivered,Pune
2415,1059,2024-09-10,78,Beauty,281.31,4,UPI,Delivered,Delhi
2416,1429,2024-08-22,101,Books,74.54,4,UPI,Delivered,Chennai
2417,1984,2024-02-28,146,Electronics,59.42,3,Card,Delivered,Hyderabad
2418,1656,2024-06-12,142,Sports,124.4,3,UPI,Cancelled,Delhi
2419,1604,2024-09-15,162,Beauty,80.65,3,COD,Returned,Delhi
2420,1308,2024-11-09,128,Home,762.95,3,Card,Delivered,Chennai
2421,1519,2024-08-03,58,Fashion,490.71,4,COD,Cancelled,Kolkata
2422,1590,2024-07-01,76,Sports,349.46,2,COD,Delivered,Delhi
2423,1026,2024-02-26,150,Books,424.19,1,UPI,Returned,Hyderabad
2424,1685,2024-05-24,198,Home,929.66,2,Card,Delivered,Pune
2425,1561,2024-03-30,36,Sports,911.64,2,COD,Delivered,Hyderabad
2426,1198,2024-11-06,173,Books,718.52,4,Card,Delivered,Kolkata
2427,1386,2024-02-14,164,Beauty,885.84,2,UPI,Delivered,Pune
2428,1348,2024-09-13,22,Sports,326.45,2,UPI,Delivered,Hyderabad
2429,1959,2024-01-21,127,Sports,387.3,3,UPI,Delivered,Ahmedabad
2430,1939,2024-01-21,80,Sports,617.58,1,Card,Delivered,Ahmedabad
2431,1692,2024-02-21,189,Electronics,627.39,2,Card,Delivered,Kolkata
2432,1535,2024-12-03,100,Home,486.88,2,COD,Delivered,Hyderabad
2433,1827,2024-06-19,184,Books,406.65,1,Card,Delivered,Mumbai
2434,1377,2024-03-07,96,Beauty,986.32,3,COD,Delivered,Kolkata
2435,1898,2024-04-22,161,Fashion,822.91,4,UPI,Delivered,Hyderabad
2436,1915,2024-10-26,173,Beauty,440.63,4,UPI,Delivered,Kolkata
2437,1557,2024-06-08,164,Beauty,730.02,2,COD,Delivered,Kolkata
2438,1526,2024-09-22,148,Electronics,276.87,3,Card,Delivered,Mumbai
2439,1152,2024-11-15,18,Electronics,109.17,4,Card,Delivered,Hyderabad
2440,1733,2024-08-19,38,Sports,358.91,4,UPI,Delivered,Kolkata
2441,1205,2024-11-20,195,Beauty,408.94,4,Card,Delivered,Kolkata
2442,1454,2024-03-08,151,Home,26.37,4,COD,Delivered,Hyderabad
2443,1272,2024-01-28,109,Electronics,816.64,4,UPI,Delivered,Chennai
2444,1893,2024-04-25,123,Books,365.6,2,Card,Delivered,Pune
2445,1235,2024-02-20,144,Electronics,584.61,4,UPI,Delivered,Hyderabad
2446,1851,2024-06-29,187,Home,83.22,2,UPI,Delivered,Delhi
2447,1739,2024-09-16,197,Electronics,183.25,1,Card,Delivered,Hyderabad
2448,1520,2024-03-19,196,Home,890.8,1,UPI,Delivered,Ahmedabad
2449,1677,2024-09-29,149,Fashion,612.6,3,UPI,Delivered,Bangalore
2450,1943,2024-04-17,104,Home,950.78,2,Card,Delivered,Ahmedabad
2451,1955,2024-03-14,198,Fashion,998.76,3,Card,Delivered,Chennai
2452,1830,2024-06-23,140,Books,378.14,1,UPI,Returned,Chennai
2453,1725,2024-07-02,144,Sports,305.82,1,COD,Delivered,Hyderabad
2454,1500,2024-01-23,81,Sports,859.77,1,UPI,Delivered,Bangalore
2455,1116,2024-09-30,87,Electronics,998.63,1,COD,Delivered,Kolkata
2456,1385,2024-05-08,142,Home,633.34,4,Card,Delivered,Pune
2457,1343,2024-10-17,61,Electronics,797.19,1,UPI,Delivered,Hyderabad
2458,1583,2024-11-15,199,Home,783.93,4,UPI,Delivered,Delhi
2459,1394,2024-07-04,46,Electronics,361.79,4,UPI,Delivered,Kolkata
2460,1063,2024-02-28,32,Sports,578.53,3,UPI,Delivered,Chennai
2461,1716,2024-01-01,15,Books,834.73,4,Card,Delivered,Kolkata
2462,1720,2024-05-10,44,Sports,691.23,3,UPI,Delivered,Chennai
2463,1071,2024-03-07,145,Electronics,30.95,4,UPI,Delivered,Pune
2464,1788,2024-10-19,169,Home,343.34,4,Card,Delivered,Bangalore
2465,1273,2024-10-11,54,Beauty,153.03,1,UPI,Delivered,Mumbai
2466,1989,2024-03-29,44,Books,240.64,2,Card,Delivered,Pune
2467,1319,2024-04-09,98,Home,906.43,4,UPI,Delivered,Bangalore
2468,1337,2024-07-07,5,Electronics,46.52,2,Card,Delivered,Ahmedabad
2469,1365,2024-12-11,109,Home,227.6,2,Card,Delivered,Kolkata
2470,1494,2024-08-28,27,Fashion,316.47,2,Card,Delivered,Delhi
2471,1606,2024-09-26,116,Home,620.72,4,UPI,Delivered,Bangalore
2472,1165,2024-08-06,87,Sports,538.76,2,UPI,Returned,Pune
2473,1543,2024-06-24,104,Sports,226.09,4,UPI,Cancelled,Mumbai
2474,1010,2024-12-06,123,Fashion,172.6,1,UPI,Delivered,Kolkata
2475,1300,2024-08-20,79,Books,244.43,4,UPI,Delivered,Delhi
2476,1728,2024-05-30,43,Home,507.5,3,Card,Delivered,Delhi
2477,1800,2024-10-03,97,Books,278.47,1,Card,Delivered,Ahmedabad
2478,1101,2024-08-16,31,Beauty,948.13,2,COD,Delivered,Mumbai
2479,1424,2024-06-19,99,Home,469.23,2,UPI,Delivered,Ahmedabad
2480,1391,2024-08-10,17,Sports,68.21,3,Card,Delivered,Hyderabad
2481,1778,2024-07-31,83,Sports,731.97,1,COD,Delivered,Bangalore
2482,1213,2024-10-08,110,Books,335.56,3,Card,Delivered,Pune
2483,1690,2024-02-10,182,Electronics,656.95,2,Card,Delivered,Delhi
2484,1087,2024-05-01,190,Sports,286.8,4,COD,Delivered,Pune
2485,1552,2024-08-14,32,Electronics,575.04,2,COD,Delivered,Bangalore
2486,1400,2024-10-20,168,Sports,774.43,3,UPI,Delivered,Kolkata
2487,1587,2024-03-28,141,Sports,928.73,4,Card,Delivered,Mumbai
2488,1888,2024-09-23,35,Beauty,268.52,4,UPI,Delivered,Ahmedabad
2489,1045,2024-01-29,133,Electronics,341.51,2,Card,Delivered,Chennai
2490,1671,2024-09-03,29,Electronics,469.62,4,COD,Delivered,Mumbai
2491,1462,2024-11-11,70,Sports,927.9,1,UPI,Delivered,Bangalore
2492,1591,2024-08-31,153,Electronics,902.37,2,COD,Delivered,Delhi
2493,1309,2024-03-01,95,Sports,98.98,2,Card,Cancelled,Kolkata
2494,1085,2024-05-26,22,Sports,140.61,1,UPI,Delivered,Bangalore
2495,1091,2024-06-22,194,Books,500.55,2,Card,Delivered,Kolkata
2496,1659,2024-10-04,173,Home,115.55,3,UPI,Delivered,Chennai
2497,1672,2024-11-29,69,Electronics,352.13,3,UPI,Returned,Delhi
2498,1713,2024-05-21,89,Fashion,156.9,2,COD,Delivered,Kolkata
2499,1935,2024-02-13,72,Books,639.68,1,UPI,Delivered,Chennai
2500,1927,2024-05-23,129,Electronics,950.0,4,Card,Delivered,Kolkata
2501,1241,2024-12-18,172,Electronics,996.77,1,COD,Delivered,Hyderabad
2502,1864,2024-11-28,87,Beauty,381.49,3,COD,Delivered,Pune
2503,1001,2024-02-24,96,Fashion,603.02,2,COD,Delivered,Mumbai
2504,1224,2024-11-02,75,Fashion,857.7,1,Card,Delivered,Hyderabad
2505,1800,2024-12-23,167,Beauty,126.29,4,Card,Delivered,Bangalore
2506,1744,2024-06-09,54,Beauty,692.67,4,UPI,Delivered,Ahmedabad
2507,1972,2024-10-11,88,Electronics,414.76,4,UPI,Delivered,Hyderabad
2508,1925,2024-11-20,157,Home,214.08,4,COD,Delivered,Mumbai
2509,1928,2024-07-16,54,Beauty,408.73,1,Card,Delivered,Delhi
2510,1588,2024-06-07,16,Fashion,85.2,4,UPI,Delivered,Pune
2511,1115,2024-03-20,99,Fashion,698.45,3,UPI,Delivered,Chennai
2512,1665,2024-01-31,20,Electronics,260.22,4,COD,Delivered,Kolkata
2513,1917,2024-04-21,46,Home,318.29,3,COD,Returned,Ahmedabad
2514,1102,2024-02-15,195,Sports,129.87,1,UPI,Delivered,Delhi
2515,1193,2024-12-18,193,Beauty,866.01,3,Card,Delivered,Pune
2516,1165,2024-07-23,127,Beauty,498.51,1,UPI,Delivered,Hyderabad
2517,1870,2024-02-21,58,Electronics,576.43,4,Card,Returned,Bangalore
2518,1089,2024-05-17,181,Books,573.74,2,Card,Delivered,Hyderabad
2519,1685,2024-03-14,111,Books,416.39,3,Card,Delivered,Mumbai
2520,1121,2024-02-10,129,Home,200.6,3,UPI,Delivered,Mumbai
2521,1142,2024-03-17,81,Fashion,747.68,2,UPI,Delivered,Bangalore
2522,1993,2024-07-05,194,Fashion,135.79,1,UPI,Returned,Pune
2523,1105,2024-02-21,157,Sports,112.84,1,COD,Cancelled,Delhi
2524,1886,2024-03-27,84,Fashion,713.04,4,COD,Delivered,Kolkata
2525,1427,2024-04-18,70,Books,216.75,3,COD,Delivered,Kolkata
2526,1304,2024-08-12,8,Books,313.71,1,COD,Delivered,Mumbai
2527,1871,2024-09-04,29,Beauty,480.48,4,Card,Delivered,Mumbai
2528,1970,2024-03-09,112,Sports,454.86,1,UPI,Delivered,Bangalore
2529,1316,2024-04-29,179,Home,711.49,2,Card,Returned,Delhi
2530,1962,2024-03-07,161,Sports,627.2,2,UPI,Delivered,Ahmedabad
2531,1634,2024-03-01,131,Home,647.95,2,UPI,Delivered,Ahmedabad
2532,1901,2024-11-22,188,Books,716.91,4,UPI,Delivered,Hyderabad
2533,1008,2024-07-09,163,Fashion,299.69,3,UPI,Returned,Chennai
2534,1773,2024-07-07,197,Electronics,329.11,2,Card,Delivered,Bangalore
2535,1072,2024-05-30,108,Sports,443.62,2,UPI,Delivered,Delhi
2536,1358,2024-10-12,109,Sports,314.39,1,UPI,Delivered,Chennai
2537,1222,2024-04-05,20,Beauty,985.09,2,Card,Delivered,Kolkata
2538,1415,2024-11-07,73,Beauty,815.91,3,Card,Delivered,Bangalore
2539,1552,2024-11-04,167,Books,173.01,4,Card,Cancelled,Hyderabad
2540,1369,2024-09-19,4,Home,15.54,2,UPI,Delivered,Hyderabad
2541,1715,2024-04-06,19,Electronics,52.36,4,UPI,Delivered,Delhi
2542,1263,2024-04-22,102,Beauty,251.62,4,Card,Delivered,Delhi
2543,1839,2024-05-04,173,Beauty,123.15,3,Card,Delivered,Hyderabad
2544,1689,2024-05-11,171,Fashion,538.0,1,UPI,Delivered,Hyderabad
2545,1859,2024-04-30,141,Fashion,859.42,1,COD,Delivered,Bangalore
2546,1317,2024-07-15,141,Books,739.38,4,UPI,Returned,Pune
2547,1083,2024-10-20,188,Books,223.45,2,UPI,Delivered,Kolkata
2548,1317,2024-05-01,185,Beauty,405.31,4,UPI,Delivered,Pune
2549,1110,2024-10-08,86,Home,512.82,1,UPI,Delivered,Delhi
2550,1250,2024-09-16,52,Electronics,812.1,2,COD,Delivered,Chennai
2551,1382,2024-02-08,111,Beauty,840.73,1,UPI,Delivered,Hyderabad
2552,1006,2024-02-23,181,Home,910.62,3,UPI,Delivered,Chennai
2553,1458,2024-06-09,109,Home,514.15,1,UPI,Delivered,Delhi
2554,1083,2024-10-15,86,Beauty,697.33,2,UPI,Delivered,Kolkata
2555,1207,2024-07-18,43,Home,120.68,2,UPI,Cancelled,Delhi
2556,1899,2024-10-02,200,Sports,569.64,4,UPI,Cancelled,Mumbai
2557,1389,2024-01-16,200,Home,256.2,2,UPI,Delivered,Hyderabad
2558,1313,2024-06-21,42,Beauty,437.4,3,Card,Delivered,Kolkata
2559,1021,2024-09-04,90,Home,637.71,1,Card,Delivered,Pune
2560,1409,2024-08-05,115,Beauty,264.42,4,Card,Cancelled,Pune
2561,1894,2024-03-27,26,Fashion,61.66,4,Card,Delivered,Ahmedabad
2562,1514,2024-03-22,151,Beauty,20.13,2,UPI,Delivered,Delhi
2563,1126,2024-03-02,43,Home,31.94,3,COD,Delivered,Delhi
2564,1808,2024-10-13,77,Beauty,18.27,4,UPI,Delivered,Hyderabad
2565,1699,2024-02-11,156,Electronics,119.25,3,UPI,Delivered,Mumbai
2566,1873,2024-01-12,137,Beauty,247.09,3,Card,Delivered,Mumbai
2567,1013,2024-11-16,20,Beauty,229.01,1,Card,Delivered,Mumbai
2568,1970,2024-08-21,184,Electronics,986.93,1,UPI,Delivered,Mumbai
2569,1977,2024-11-24,39,Electronics,312.95,1,UPI,Delivered,Kolkata
2570,1011,2024-05-10,179,Electronics,136.15,3,UPI,Delivered,Bangalore
2571,1086,2024-04-24,12,Books,550.11,1,COD,Delivered,Hyderabad
2572,1523,2024-08-05,183,Sports,859.38,4,UPI,Delivered,Hyderabad
2573,1908,2024-05-16,11,Books,681.28,4,Card,Delivered,Hyderabad
2574,1536,2024-04-15,154,Beauty,303.12,2,UPI,Returned,Kolkata
2575,1300,2024-06-27,42,Books,566.0,3,UPI,Delivered,Pune
2576,1242,2024-01-16,155,Books,717.71,1,UPI,Delivered,Kolkata
2577,1121,2024-08-29,11,Electronics,730.82,4,UPI,Delivered,Mumbai
2578,1146,2024-11-29,38,Electronics,669.87,3,UPI,Delivered,Mumbai
2579,1566,2024-08-13,98,Fashion,872.1,3,Card,Delivered,Pune
2580,1749,2024-08-29,171,Books,871.4,1,UPI,Cancelled,Ahmedabad
2581,1355,2024-05-20,19,Sports,583.15,3,Card,Delivered,Kolkata
2582,1684,2024-07-17,192,Beauty,435.56,1,UPI,Delivered,Pune
2583,1903,2024-04-21,134,Home,645.15,1,COD,Delivered,Delhi
2584,1732,2024-05-06,174,Sports,820.03,1,COD,Delivered,Bangalore
2585,1630,2024-01-21,116,Sports,15.6,3,UPI,Returned,Pune
2586,1308,2024-05-26,113,Fashion,992.08,3,COD,Delivered,Hyderabad
2587,1694,2024-03-29,170,Beauty,191.06,1,UPI,Delivered,Bangalore
2588,1287,2024-10-29,65,Beauty,475.55,3,Card,Delivered,Kolkata
2589,1306,2024-07-21,99,Electronics,873.31,1,UPI,Delivered,Pune
2590,1811,2024-03-25,72,Electronics,232.79,2,Card,Delivered,Ahmedabad
2591,1593,2024-06-15,187,Sports,482.03,3,Card,Delivered,Hyderabad
2592,1965,2024-03-12,52,Fashion,141.26,3,UPI,Delivered,Mumbai
2593,1913,2024-10-24,118,Beauty,401.13,2,Card,Delivered,Kolkata
2594,1722,2024-01-09,175,Fashion,185.36,2,Card,Delivered,Mumbai
2595,1661,2024-10-07,120,Home,369.99,2,Card,Delivered,Hyderabad
2596,1548,2024-09-14,7,Beauty,379.73,1,COD,Delivered,Ahmedabad
2597,1351,2024-10-01,11,Electronics,993.24,1,COD,Delivered,Chennai
2598,1311,2024-08-25,103,Sports,994.86,4,COD,Delivered,Kolkata
2599,1872,2024-01-20,61,Fashion,123.64,2,COD,Delivered,Mumbai
2600,1058,2024-08-20,68,Electronics,728.71,4,UPI,Delivered,Ahmedabad
2601,1642,2024-08-08,153,Sports,61.23,1,UPI,Cancelled,Ahmedabad
2602,1923,2024-11-21,140,Electronics,39.89,3,UPI,Cancelled,Delhi
2603,1713,2024-01-17,154,Beauty,114.28,2,COD,Delivered,Pune
2604,1754,2024-03-29,102,Fashion,965.83,3,UPI,Delivered,Mumbai
2605,1034,2024-07-14,110,Home,941.45,1,UPI,Delivered,Delhi
2606,1444,2024-12-15,140,Books,201.99,2,UPI,Returned,Ahmedabad
2607,1092,2024-03-24,171,Electronics,170.06,4,UPI,Delivered,Bangalore
2608,1949,2024-03-27,51,Books,248.13,4,UPI,Delivered,Kolkata
2609,1958,2024-11-02,117,Fashion,520.39,1,Card,Delivered,Mumbai
2610,1206,2024-12-03,165,Beauty,574.01,3,UPI,Delivered,Pune
2611,1352,2024-06-02,46,Electronics,229.38,1,Card,Delivered,Mumbai
2612,1902,2024-08-15,53,Beauty,759.06,3,COD,Cancelled,Pune
2613,1331,2024-09-20,88,Home,316.46,1,Card,Delivered,Bangalore
2614,1816,2024-08-10,121,Home,922.91,4,UPI,Delivered,Pune
2615,1861,2024-04-30,13,Sports,660.16,3,COD,Delivered,Delhi
2616,1724,2024-06-21,89,Sports,441.99,1,Card,Delivered,Chennai
2617,1158,2024-01-04,125,Sports,792.01,2,UPI,Delivered,Kolkata
2618,1953,2024-12-07,118,Beauty,819.74,4,Card,Delivered,Pune
2619,1956,2024-05-07,54,Sports,297.58,4,Card,Delivered,Kolkata
2620,1023,2024-04-19,185,Fashion,346.32,2,UPI,Delivered,Pune
2621,1403,2024-12-20,116,Books,936.6,1,UPI,Delivered,Kolkata
2622,1804,2024-02-06,118,Books,173.09,3,Card,Delivered,Delhi
2623,1515,2024-03-11,4,Beauty,51.73,4,Card,Delivered,Ahmedabad
2624,1731,2024-10-15,75,Beauty,459.51,1,UPI,Delivered,Kolkata
2625,1363,2024-01-31,49,Sports,803.2,2,Card,Delivered,Hyderabad
2626,1381,2024-09-24,7,Books,773.95,3,UPI,Delivered,Hyderabad
2627,1531,2024-01-11,110,Books,920.34,1,Card,Delivered,Hyderabad
2628,1955,2024-12-09,122,Sports,537.87,1,UPI,Delivered,Pune
2629,1151,2024-11-23,11,Beauty,109.06,4,UPI,Delivered,Bangalore
2630,1561,2024-02-01,92,Home,592.8,4,COD,Delivered,Delhi
2631,1688,2024-02-26,182,Home,780.61,3,Card,Delivered,Pune
2632,1946,2024-06-14,173,Sports,102.39,1,UPI,Delivered,Kolkata
2633,1607,2024-07-06,23,Home,180.93,2,UPI,Cancelled,Mumbai
2634,1616,2024-12-07,28,Fashion,22.17,2,Card,Delivered,Pune
2635,1419,2024-01-19,111,Fashion,597.72,3,COD,Delivered,Hyderabad
2636,1249,2024-04-25,57,Fashion,887.87,1,Card,Delivered,Delhi
2637,1116,2024-07-02,26,Beauty,673.96,4,Card,Delivered,Mumbai
2638,1865,2024-09-26,153,Beauty,982.22,1,COD,Delivered,Ahmedabad
2639,1511,2024-02-02,54,Beauty,72.4,4,Card,Delivered,Delhi
2640,1739,2024-01-10,29,Beauty,903.97,2,UPI,Delivered,Bangalore
2641,1577,2024-03-20,97,Beauty,815.93,3,Card,Delivered,Hyderabad
2642,1334,2024-07-10,164,Sports,321.1,3,UPI,Delivered,Chennai
2643,1417,2024-11-15,14,Home,973.79,3,Card,Delivered,Pune
2644,1931,2024-07-08,78,Sports,295.06,4,UPI,Delivered,Kolkata
2645,1773,2024-03-08,35,Home,890.41,2,UPI,Delivered,Hyderabad
2646,1294,2024-12-13,30,Sports,881.94,2,UPI,Delivered,Hyderabad
2647,1937,2024-05-04,92,Fashion,760.08,3,UPI,Delivered,Bangalore
2648,1754,2024-12-01,17,Electronics,567.84,3,UPI,Delivered,Mumbai
2649,1370,2024-02-28,195,Beauty,128.8,4,Card,Delivered,Hyderabad
2650,1185,2024-04-06,158,Electronics,536.65,4,UPI,Delivered,Mumbai
2651,1245,2024-10-01,93,Electronics,363.23,1,Card,Delivered,Mumbai
2652,1636,2024-05-28,173,Fashion,794.29,4,Card,Delivered,Bangalore
2653,1267,2024-10-04,79,Electronics,760.55,1,Card,Delivered,Hyderabad
2654,1642,2024-09-21,110,Electronics,911.51,3,Card,Cancelled,Pune
2655,1236,2024-01-09,179,Fashion,24.68,2,UPI,Delivered,Bangalore
2656,1529,2024-10-09,102,Home,811.01,4,UPI,Delivered,Bangalore
2657,1551,2024-09-29,106,Sports,939.08,2,COD,Returned,Chennai
2658,1020,2024-10-27,47,Books,791.41,4,Card,Delivered,Pune
2659,1910,2024-01-08,181,Electronics,138.89,4,Card,Delivered,Bangalore
2660,1736,2024-07-26,64,Beauty,90.47,1,Card,Returned,Chennai
2661,1866,2024-05-04,166,Fashion,30.64,4,UPI,Delivered,Ahmedabad
2662,1793,2024-05-02,64,Electronics,632.46,3,Card,Delivered,Mumbai
2663,1519,2024-02-02,87,Books,633.38,2,UPI,Delivered,Pune
2664,1099,2024-01-01,7,Home,987.04,4,COD,Delivered,Pune
2665,1751,2024-07-22,22,Home,404.06,2,UPI,Delivered,Mumbai
2666,1477,2024-01-06,81,Books,338.59,2,Card,Delivered,Ahmedabad
2667,1598,2024-10-23,169,Beauty,628.18,2,UPI,Returned,Delhi
2668,1297,2024-01-05,74,Electronics,827.35,4,COD,Delivered,Pune
2669,1939,2024-03-20,138,Beauty,937.41,1,COD,Delivered,Ahmedabad
2670,1525,2024-09-30,185,Home,805.09,2,UPI,Delivered,Kolkata
2671,1333,2024-06-25,135,Home,432.41,2,UPI,Delivered,Delhi
2672,1001,2024-12-03,125,Sports,638.57,4,UPI,Delivered,Mumbai
2673,1374,2024-11-16,50,Home,857.74,4,Card,Delivered,Hyderabad
2674,1292,2024-12-04,52,Fashion,495.7,3,UPI,Delivered,Delhi
2675,1836,2024-05-15,161,Sports,224.52,3,Card,Delivered,Bangalore
2676,1933,2024-01-25,1,Beauty,178.03,1,UPI,Delivered,Pune
2677,1552,2024-11-20,181,Home,10.16,1,Card,Delivered,Kolkata
2678,1317,2024-07-01,188,Books,721.06,1,Card,Delivered,Delhi
2679,1501,2024-06-16,162,Fashion,119.99,1,Card,Delivered,Pune
2680,1827,2024-12-03,4,Sports,251.4,2,Card,Delivered,Mumbai
2681,1380,2024-06-26,145,Fashion,304.9,4,UPI,Delivered,Hyderabad
2682,1622,2024-04-04,132,Sports,564.78,3,Card,Delivered,Ahmedabad
2683,1013,2024-02-02,171,Sports,403.98,2,Card,Cancelled,Mumbai
2684,1503,2024-04-20,4,Sports,677.93,4,Card,Delivered,Ahmedabad
2685,1230,2024-05-25,1,Books,65.08,4,UPI,Delivered,Hyderabad
2686,1984,2024-08-18,71,Beauty,132.7,2,Card,Delivered,Ahmedabad
2687,1083,2024-09-28,178,Sports,504.22,2,COD,Delivered,Pune
2688,1129,2024-12-01,189,Sports,343.6,3,COD,Delivered,Delhi
2689,1742,2024-02-07,35,Fashion,302.86,1,Card,Delivered,Bangalore
2690,1837,2024-05-14,8,Sports,76.36,1,UPI,Delivered,Bangalore
2691,1144,2024-11-29,152,Beauty,896.76,3,UPI,Delivered,Ahmedabad
2692,1890,2024-08-22,36,Books,694.9,3,UPI,Delivered,Ahmedabad
2693,1856,2024-11-14,178,Books,130.4,1,UPI,Cancelled,Ahmedabad
2694,1027,2024-12-10,123,Fashion,74.4,2,UPI,Delivered,Mumbai
2695,1065,2024-06-08,43,Sports,975.12,1,UPI,Delivered,Pune
2696,1162,2024-02-07,27,Fashion,684.36,4,COD,Delivered,Hyderabad
2697,1228,2024-05-29,32,Books,423.28,4,COD,Delivered,Ahmedabad
2698,1260,2024-11-03,78,Beauty,704.71,3,COD,Delivered,Delhi
2699,1448,2024-01-29,121,Fashion,758.77,1,UPI,Delivered,Kolkata
2700,1423,2024-05-23,146,Beauty,782.16,1,COD,Delivered,Ahmedabad
2701,1459,2024-03-16,156,Home,483.1,4,UPI,Delivered,Hyderabad
2702,1951,2024-05-24,157,Sports,435.58,1,Card,Delivered,Hyderabad
2703,1675,2024-08-16,16,Beauty,20.92,3,Card,Delivered,Hyderabad
2704,1300,2024-03-04,99,Sports,927.29,3,UPI,Delivered,Pune
2705,1918,2024-12-12,47,Beauty,607.27,4,COD,Delivered,Delhi
2706,1302,2024-12-10,187,Electronics,211.12,1,UPI,Delivered,Pune
2707,1286,2024-09-25,31,Electronics,920.41,1,Card,Delivered,Kolkata
2708,1394,2024-11-23,4,Electronics,915.78,4,UPI,Delivered,Hyderabad
2709,1009,2024-07-02,165,Beauty,989.29,2,COD,Delivered,Kolkata
2710,1706,2024-09-17,17,Books,875.32,2,UPI,Returned,Kolkata
2711,1629,2024-09-24,39,Books,997.81,1,Card,Delivered,Pune
2712,1269,2024-06-17,48,Sports,252.24,3,Card,Delivered,Ahmedabad
2713,1591,2024-09-15,174,Electronics,843.83,2,Card,Delivered,Ahmedabad
2714,1969,2024-08-14,176,Sports,824.8,1,Card,Delivered,Bangalore
2715,1604,2024-02-02,39,Beauty,238.63,2,UPI,Returned,Mumbai
2716,1777,2024-08-01,132,Sports,107.45,4,Card,Delivered,Chennai
2717,1843,2024-02-19,30,Sports,979.63,2,COD,Delivered,Ahmedabad
2718,1861,2024-07-28,158,Electronics,303.06,2,COD,Delivered,Hyderabad
2719,1360,2024-01-29,22,Books,872.18,4,UPI,Returned,Kolkata
2720,1256,2024-02-08,66,Fashion,14.09,3,UPI,Delivered,Bangalore
2721,1132,2024-12-12,108,Home,30.81,1,UPI,Delivered,Pune
2722,1275,2024-04-09,12,Beauty,471.21,3,Card,Delivered,Kolkata
2723,1775,2024-06-21,36,Beauty,246.33,3,UPI,Cancelled,Bangalore
2724,1682,2024-01-17,18,Beauty,692.94,2,Card,Delivered,Mumbai
2725,1971,2024-02-25,90,Home,569.91,1,COD,Cancelled,Mumbai
2726,1512,2024-08-13,181,Fashion,86.71,2,UPI,Cancelled,Chennai
2727,1312,2024-02-15,199,Books,171.0,4,UPI,Delivered,Chennai
2728,1575,2024-03-07,1,Sports,394.17,3,COD,Delivered,Kolkata
2729,1885,2024-07-15,127,Books,193.75,3,UPI,Delivered,Ahmedabad
2730,1979,2024-05-21,186,Beauty,794.3,4,UPI,Delivered,Chennai
2731,1283,2024-11-18,90,Sports,421.91,1,UPI,Delivered,Delhi
2732,1120,2024-01-23,87,Electronics,102.5,3,UPI,Delivered,Delhi
2733,1106,2024-04-03,90,Books,489.5,3,Card,Delivered,Bangalore
2734,1932,2024-08-29,134,Electronics,99.93,1,UPI,Returned,Pune
2735,1686,2024-08-24,70,Electronics,137.65,2,UPI,Delivered,Mumbai
2736,1996,2024-02-23,44,Books,247.21,4,Card,Delivered,Hyderabad
2737,1203,2024-05-17,200,Beauty,860.93,1,UPI,Delivered,Ahmedabad
2738,1164,2024-11-28,152,Home,925.37,4,UPI,Delivered,Mumbai
2739,1304,2024-09-28,86,Beauty,828.0,4,Card,Delivered,Delhi
2740,1496,2024-02-10,19,Electronics,340.74,3,COD,Delivered,Bangalore
2741,1631,2024-04-07,101,Electronics,279.72,1,UPI,Delivered,Hyderabad
2742,1555,2024-07-01,146,Beauty,553.66,4,UPI,Delivered,Chennai
2743,1823,2024-05-07,95,Home,724.63,2,Card,Delivered,Chennai
2744,1155,2024-08-16,101,Home,993.44,4,Card,Delivered,Delhi
2745,1366,2024-11-12,30,Sports,140.26,3,UPI,Delivered,Bangalore
2746,1718,2024-03-26,170,Fashion,58.8,2,UPI,Cancelled,Kolkata
2747,1901,2024-09-12,33,Electronics,697.41,2,UPI,Delivered,Pune
2748,1619,2024-07-27,12,Home,833.9,1,Card,Delivered,Mumbai
2749,1250,2024-08-02,118,Books,847.89,2,UPI,Delivered,Delhi
2750,1956,2024-04-09,94,Electronics,681.68,1,COD,Delivered,Pune
2751,1915,2024-02-18,155,Fashion,954.48,1,Card,Delivered,Pune
2752,1881,2024-07-19,167,Books,515.89,2,Card,Delivered,Mumbai
2753,1333,2024-09-14,137,Electronics,914.68,1,COD,Returned,Hyderabad
2754,1641,2024-06-26,149,Home,968.13,1,UPI,Delivered,Mumbai
2755,1968,2024-09-01,76,Sports,848.69,2,Card,Delivered,Hyderabad
2756,1510,2024-05-02,29,Beauty,316.66,3,UPI,Delivered,Ahmedabad
2757,1292,2024-12-07,161,Books,204.25,4,UPI,Delivered,Pune
2758,1019,2024-06-19,190,Beauty,552.64,1,UPI,Delivered,Bangalore
2759,1281,2024-11-28,117,Home,458.48,1,UPI,Delivered,Delhi
2760,1796,2024-05-15,15,Home,878.98,2,COD,Cancelled,Mumbai
2761,1000,2024-02-28,2,Books,109.03,4,Card,Delivered,Bangalore
2762,1118,2024-07-11,180,Fashion,265.16,4,COD,Cancelled,Bangalore
2763,1034,2024-09-24,117,Books,754.28,1,UPI,Delivered,Mumbai
2764,1197,2024-09-16,172,Electronics,104.04,2,Card,Delivered,Chennai
2765,1484,2024-04-04,182,Fashion,327.56,3,UPI,Cancelled,Pune
2766,1756,2024-05-04,18,Beauty,393.28,4,UPI,Delivered,Chennai
2767,1058,2024-02-10,3,Electronics,626.37,3,Card,Delivered,Hyderabad
2768,1836,2024-09-10,135,Fashion,166.55,2,UPI,Delivered,Ahmedabad
2769,1160,2024-01-07,171,Beauty,862.0,3,Card,Delivered,Bangalore
2770,1690,2024-08-03,166,Electronics,453.07,2,UPI,Delivered,Delhi
2771,1205,2024-03-09,165,Sports,917.85,1,UPI,Cancelled,Delhi
2772,1011,2024-03-09,186,Books,473.19,3,Card,Delivered,Bangalore
2773,1489,2024-03-21,161,Books,282.29,1,COD,Cancelled,Chennai
2774,1275,2024-01-30,108,Books,150.41,1,UPI,Cancelled,Pune
2775,1692,2024-03-13,187,Sports,13.71,2,Card,Delivered,Bangalore
2776,1241,2024-09-18,95,Fashion,536.84,3,Card,Cancelled,Kolkata
2777,1215,2024-03-29,122,Home,116.09,4,UPI,Delivered,Hyderabad
2778,1250,2024-07-26,11,Electronics,397.81,3,Card,Delivered,Bangalore
2779,1810,2024-07-31,68,Fashion,593.38,4,UPI,Delivered,Mumbai
2780,1125,2024-11-17,123,Home,282.93,1,UPI,Delivered,Chennai
2781,1993,2024-09-22,196,Books,183.47,1,UPI,Delivered,Mumbai
2782,1216,2024-10-19,113,Books,776.97,2,COD,Delivered,Mumbai
2783,1305,2024-07-25,98,Books,947.32,4,UPI,Delivered,Bangalore
2784,1796,2024-11-28,93,Home,109.44,3,UPI,Delivered,Pune
2785,1184,2024-03-17,22,Electronics,164.03,2,UPI,Returned,Bangalore
2786,1038,2024-10-14,194,Electronics,960.41,2,UPI,Delivered,Pune
2787,1222,2024-02-16,172,Home,47.41,2,UPI,Delivered,Delhi
2788,1183,2024-04-19,127,Beauty,977.86,3,UPI,Delivered,Pune
2789,1494,2024-07-18,134,Books,14.6,2,UPI,Delivered,Ahmedabad
2790,1426,2024-07-28,170,Fashion,874.93,3,UPI,Delivered,Mumbai
2791,1177,2024-06-02,25,Electronics,314.25,2,COD,Delivered,Ahmedabad
2792,1918,2024-01-10,185,Home,939.2,4,Card,Returned,Bangalore
2793,1427,2024-12-18,85,Beauty,323.78,1,UPI,Delivered,Ahmedabad
2794,1293,2024-06-05,55,Sports,657.76,4,UPI,Delivered,Delhi
2795,1851,2024-09-17,144,Home,89.23,4,UPI,Delivered,Kolkata
2796,1150,2024-03-17,95,Beauty,249.91,2,Card,Cancelled,Mumbai
2797,1383,2024-09-13,142,Sports,775.94,4,UPI,Delivered,Delhi
2798,1637,2024-05-10,167,Beauty,533.4,4,UPI,Delivered,Chennai
2799,1812,2024-03-07,156,Electronics,928.69,4,UPI,Delivered,Hyderabad
2800,1307,2024-08-15,179,Home,434.46,2,UPI,Delivered,Mumbai
2801,1335,2024-06-11,119,Sports,871.11,3,COD,Delivered,Bangalore
2802,1945,2024-01-15,177,Beauty,454.47,1,UPI,Delivered,Pune
2803,1745,2024-08-19,9,Sports,979.46,1,UPI,Delivered,Chennai
2804,1891,2024-07-13,186,Fashion,960.24,3,Card,Delivered,Ahmedabad
2805,1374,2024-12-14,173,Home,335.85,3,Card,Delivered,Kolkata
2806,1007,2024-01-30,150,Electronics,887.06,4,UPI,Delivered,Delhi
2807,1340,2024-12-24,160,Sports,849.14,1,UPI,Delivered,Hyderabad
2808,1128,2024-12-03,197,Books,218.57,3,UPI,Delivered,Pune
2809,1775,2024-11-26,197,Beauty,628.05,4,UPI,Returned,Mumbai
2810,1668,2024-11-11,42,Books,81.96,1,UPI,Returned,Hyderabad
2811,1351,2024-10-22,53,Sports,838.34,2,UPI,Returned,Ahmedabad
2812,1357,2024-11-25,187,Books,182.8,2,Card,Delivered,Chennai
2813,1516,2024-08-07,74,Beauty,80.11,1,COD,Delivered,Ahmedabad
2814,1494,2024-05-26,39,Sports,406.22,1,Card,Cancelled,Hyderabad
2815,1085,2024-09-15,122,Electronics,581.15,2,UPI,Delivered,Ahmedabad
2816,1174,2024-10-18,15,Electronics,856.37,2,Card,Delivered,Mumbai
2817,1801,2024-10-25,199,Home,974.5,1,Card,Delivered,Chennai
2818,1192,2024-05-22,157,Electronics,445.1,4,COD,Delivered,Delhi
2819,1310,2024-08-22,123,Sports,69.84,3,Card,Delivered,Mumbai
2820,1118,2024-04-24,111,Sports,751.62,3,Card,Delivered,Hyderabad
2821,1217,2024-12-30,131,Electronics,569.52,1,UPI,Delivered,Mumbai
2822,1426,2024-03-30,83,Fashion,453.41,3,UPI,Delivered,Ahmedabad
2823,1969,2024-07-26,10,Sports,316.18,2,UPI,Delivered,Ahmedabad
2824,1413,2024-06-12,92,Home,507.37,2,UPI,Delivered,Ahmedabad
2825,1113,2024-03-24,29,Fashion,345.29,3,UPI,Returned,Chennai
2826,1977,2024-03-17,35,Electronics,759.44,1,UPI,Returned,Hyderabad
2827,1144,2024-06-09,6,Beauty,548.45,2,Card,Delivered,Delhi
2828,1537,2024-01-05,140,Sports,878.08,4,COD,Returned,Kolkata
2829,1647,2024-03-18,111,Beauty,548.11,4,UPI,Delivered,Kolkata
2830,1302,2024-03-31,38,Books,245.88,2,UPI,Delivered,Pune
2831,1743,2024-03-27,77,Home,852.58,2,COD,Delivered,Bangalore
2832,1880,2024-09-26,93,Fashion,561.65,3,COD,Cancelled,Delhi
2833,1587,2024-04-13,147,Beauty,214.77,1,UPI,Delivered,Mumbai
2834,1986,2024-12-04,67,Home,627.27,3,UPI,Delivered,Bangalore
2835,1839,2024-06-23,136,Beauty,364.14,1,UPI,Delivered,Pune
2836,1344,2024-02-23,8,Beauty,845.96,4,UPI,Delivered,Pune
2837,1813,2024-07-29,122,Home,458.77,4,COD,Delivered,Ahmedabad
2838,1963,2024-04-04,84,Sports,729.18,1,Card,Delivered,Chennai
2839,1800,2024-08-10,175,Beauty,104.58,3,UPI,Delivered,Pune
2840,1000,2024-01-09,132,Home,402.06,2,COD,Delivered,Kolkata
2841,1146,2024-02-22,179,Beauty,983.41,1,Card,Delivered,Hyderabad
2842,1286,2024-03-17,85,Sports,810.38,3,COD,Delivered,Ahmedabad
2843,1975,2024-07-24,195,Home,168.34,4,COD,Delivered,Hyderabad
2844,1653,2024-11-11,45,Beauty,284.99,2,UPI,Delivered,Chennai
2845,1052,2024-10-28,136,Electronics,336.52,4,UPI,Returned,Pune
2846,1303,2024-11-05,87,Sports,653.86,1,Card,Returned,Mumbai
2847,1068,2024-11-25,16,Beauty,759.42,4,COD,Delivered,Delhi
2848,1360,2024-04-21,77,Fashion,752.03,4,COD,Delivered,Ahmedabad
2849,1601,2024-12-16,195,Home,514.78,1,Card,Delivered,Kolkata
2850,1957,2024-06-13,9,Beauty,812.71,2,UPI,Delivered,Bangalore
2851,1219,2024-10-05,60,Sports,442.71,1,UPI,Returned,Chennai
2852,1961,2024-01-27,78,Sports,132.64,3,Card,Delivered,Ahmedabad
2853,1703,2024-03-10,77,Fashion,568.8,1,Card,Delivered,Pune
2854,1965,2024-08-05,71,Fashion,952.78,1,Card,Delivered,Mumbai
2855,1574,2024-12-30,15,Books,795.06,2,UPI,Delivered,Ahmedabad
2856,1584,2024-07-07,71,Books,582.91,3,Card,Delivered,Mumbai
2857,1160,2024-11-28,102,Beauty,650.34,4,COD,Cancelled,Bangalore
2858,1680,2024-11-01,169,Electronics,931.26,4,UPI,Delivered,Ahmedabad
2859,1088,2024-05-03,22,Sports,434.06,4,UPI,Delivered,Chennai
2860,1687,2024-01-19,152,Electronics,338.08,4,Card,Delivered,Delhi
2861,1780,2024-09-13,113,Electronics,977.47,2,COD,Delivered,Kolkata
2862,1584,2024-10-22,172,Beauty,864.81,3,UPI,Delivered,Delhi
2863,1756,2024-01-22,1,Home,329.81,2,UPI,Delivered,Chennai
2864,1588,2024-02-09,10,Home,469.14,1,UPI,Delivered,Hyderabad
2865,1158,2024-02-07,110,Home,420.93,3,UPI,Delivered,Kolkata
2866,1488,2024-02-17,200,Fashion,157.6,3,UPI,Delivered,Pune
2867,1970,2024-07-01,184,Sports,958.24,4,Card,Delivered,Delhi
2868,1323,2024-03-15,113,Fashion,410.27,4,UPI,Delivered,Hyderabad
2869,1609,2024-07-27,50,Sports,876.58,4,Card,Delivered,Chennai
2870,1380,2024-07-01,12,Books,197.46,4,UPI,Delivered,Pune
2871,1101,2024-04-16,89,Sports,552.39,1,UPI,Delivered,Mumbai
2872,1493,2024-07-06,188,Sports,33.72,4,Card,Delivered,Chennai
2873,1643,2024-09-20,154,Beauty,766.58,2,Card,Delivered,Mumbai
2874,1613,2024-03-26,112,Home,585.1,3,UPI,Cancelled,Ahmedabad
2875,1018,2024-11-19,78,Fashion,629.33,1,COD,Cancelled,Chennai
2876,1453,2024-11-26,169,Books,61.2,1,UPI,Delivered,Kolkata
2877,1481,2024-05-16,164,Fashion,218.93,3,UPI,Delivered,Hyderabad
2878,1593,2024-12-11,121,Beauty,83.59,3,Card,Delivered,Pune
2879,1396,2024-12-01,23,Sports,296.03,3,COD,Delivered,Hyderabad
2880,1278,2024-04-04,171,Books,631.16,1,UPI,Delivered,Pune
2881,1850,2024-11-21,134,Home,570.52,2,UPI,Delivered,Kolkata
2882,1364,2024-09-01,197,Electronics,616.03,2,Card,Delivered,Chennai
2883,1330,2024-03-30,171,Electronics,553.76,3,UPI,Delivered,Mumbai
2884,1640,2024-02-28,25,Beauty,280.3,1,Card,Delivered,Chennai
2885,1343,2024-01-28,18,Home,252.06,4,UPI,Delivered,Mumbai
2886,1821,2024-03-12,190,Electronics,145.69,1,COD,Delivered,Hyderabad
2887,1454,2024-09-26,141,Electronics,850.58,3,UPI,Cancelled,Bangalore
2888,1600,2024-01-24,43,Books,620.31,1,COD,Delivered,Delhi
2889,1724,2024-04-21,78,Books,194.65,1,UPI,Delivered,Hyderabad
2890,1654,2024-10-26,28,Fashion,185.44,1,COD,Delivered,Chennai
2891,1064,2024-02-25,146,Home,874.31,4,UPI,Delivered,Chennai
2892,1075,2024-08-10,59,Electronics,745.3,3,UPI,Returned,Mumbai
2893,1710,2024-04-29,188,Books,662.81,3,UPI,Delivered,Delhi
2894,1142,2024-06-27,63,Books,412.8,3,COD,Cancelled,Pune
2895,1916,2024-10-14,185,Books,269.36,2,UPI,Delivered,Hyderabad
2896,1914,2024-10-07,92,Fashion,979.66,2,UPI,Delivered,Kolkata
2897,1827,2024-07-07,179,Home,799.27,3,UPI,Delivered,Delhi
2898,1604,2024-03-06,56,Sports,308.76,1,COD,Delivered,Ahmedabad
2899,1472,2024-10-24,155,Books,849.09,1,UPI,Delivered,Delhi
2900,1416,2024-09-05,160,Home,761.34,3,UPI,Delivered,Hyderabad
2901,1304,2024-03-16,111,Beauty,304.11,4,COD,Delivered,Mumbai
2902,1735,2024-05-16,137,Fashion,432.29,4,COD,Delivered,Pune
2903,1496,2024-06-12,68,Sports,194.09,1,UPI,Cancelled,Mumbai
2904,1290,2024-08-20,46,Books,119.94,1,COD,Delivered,Kolkata
2905,1939,2024-09-11,67,Books,725.53,2,UPI,Delivered,Mumbai
2906,1101,2024-10-20,154,Fashion,274.84,4,UPI,Returned,Bangalore
2907,1985,2024-06-18,136,Fashion,821.86,1,COD,Delivered,Delhi
2908,1266,2024-11-12,6,Electronics,995.65,1,Card,Delivered,Bangalore
2909,1866,2024-06-22,24,Books,85.85,3,UPI,Cancelled,Mumbai
2910,1967,2024-12-10,176,Home,478.3,2,UPI,Returned,Pune
2911,1621,2024-01-18,94,Fashion,804.04,4,UPI,Delivered,Hyderabad
2912,1973,2024-03-10,173,Fashion,791.06,4,Card,Delivered,Delhi
2913,1841,2024-12-03,13,Beauty,762.4,2,COD,Delivered,Hyderabad
2914,1961,2024-04-25,197,Beauty,355.5,1,UPI,Delivered,Chennai
2915,1941,2024-03-20,25,Beauty,459.31,4,COD,Delivered,Delhi
2916,1776,2024-01-15,148,Fashion,599.02,4,UPI,Delivered,Hyderabad
2917,1002,2024-06-24,118,Sports,974.2,4,Card,Delivered,Mumbai
2918,1084,2024-09-25,82,Home,334.27,3,UPI,Delivered,Bangalore
2919,1793,2024-04-28,111,Fashion,923.91,2,Card,Delivered,Hyderabad
2920,1327,2024-10-25,82,Electronics,276.66,4,UPI,Delivered,Kolkata
2921,1815,2024-07-06,66,Books,989.18,2,COD,Delivered,Pune
2922,1449,2024-02-26,45,Sports,673.56,1,UPI,Cancelled,Ahmedabad
2923,1453,2024-07-17,114,Sports,468.88,2,UPI,Delivered,Chennai
2924,1923,2024-01-17,175,Home,617.26,3,COD,Cancelled,Mumbai
2925,1628,2024-10-14,63,Sports,279.81,3,UPI,Returned,Kolkata
2926,1220,2024-02-24,76,Home,281.43,2,UPI,Delivered,Chennai
2927,1153,2024-09-25,114,Sports,122.42,3,Card,Delivered,Pune
2928,1664,2024-10-29,111,Books,122.91,4,COD,Delivered,Pune
2929,1011,2024-03-27,183,Home,354.2,3,UPI,Returned,Bangalore
2930,1132,2024-11-13,147,Beauty,765.23,1,UPI,Delivered,Ahmedabad
2931,1993,2024-01-29,35,Beauty,611.89,2,UPI,Delivered,Chennai
2932,1303,2024-01-22,53,Sports,111.56,2,COD,Delivered,Pune
2933,1292,2024-11-16,26,Sports,853.71,1,UPI,Delivered,Hyderabad
2934,1974,2024-10-11,14,Home,605.35,1,UPI,Delivered,Pune
2935,1299,2024-02-17,118,Home,961.25,1,Card,Delivered,Pune
2936,1739,2024-01-05,45,Books,673.48,1,UPI,Delivered,Ahmedabad
2937,1782,2024-09-06,172,Fashion,183.42,4,UPI,Delivered,Hyderabad
2938,1042,2024-06-11,193,Beauty,479.05,3,COD,Delivered,Mumbai
2939,1943,2024-07-20,51,Fashion,652.01,3,UPI,Cancelled,Bangalore
2940,1342,2024-04-10,171,Fashion,37.98,4,Card,Delivered,Bangalore
2941,1325,2024-03-11,119,Electronics,24.76,1,COD,Delivered,Delhi
2942,1813,2024-06-11,151,Home,138.11,2,UPI,Cancelled,Kolkata
2943,1497,2024-06-21,184,Electronics,259.15,2,UPI,Delivered,Delhi
2944,1363,2024-05-20,19,Electronics,435.25,2,COD,Delivered,Hyderabad
2945,1890,2024-05-17,82,Fashion,492.57,1,Card,Delivered,Pune
2946,1426,2024-03-06,76,Electronics,146.65,4,UPI,Delivered,Chennai
2947,1020,2024-07-16,183,Books,676.66,4,UPI,Delivered,Pune
2948,1406,2024-11-23,92,Home,600.18,4,Card,Returned,Pune
2949,1618,2024-08-15,188,Fashion,301.52,3,UPI,Delivered,Chennai
2950,1335,2024-10-07,187,Home,23.52,3,Card,Delivered,Mumbai
2951,1814,2024-06-20,33,Books,86.87,3,COD,Delivered,Bangalore
2952,1116,2024-11-11,147,Sports,397.78,3,UPI,Delivered,Ahmedabad
2953,1123,2024-02-09,28,Electronics,162.43,2,COD,Delivered,Hyderabad
2954,1398,2024-01-07,123,Fashion,383.05,2,Card,Delivered,Chennai
2955,1792,2024-06-22,180,Beauty,631.9,4,UPI,Cancelled,Ahmedabad
2956,1803,2024-05-30,126,Home,551.77,3,Card,Delivered,Delhi
2957,1714,2024-07-29,177,Books,238.86,4,Card,Delivered,Hyderabad
2958,1050,2024-10-28,37,Electronics,350.38,1,UPI,Delivered,Mumbai
2959,1782,2024-03-26,154,Home,617.89,3,UPI,Delivered,Hyderabad
2960,1323,2024-09-09,99,Books,862.25,3,Card,Cancelled,Chennai
2961,1788,2024-01-21,98,Home,755.68,4,Card,Delivered,Kolkata
2962,1140,2024-09-13,127,Sports,557.87,4,COD,Delivered,Mumbai
2963,1469,2024-02-02,168,Books,368.67,1,COD,Delivered,Pune
2964,1786,2024-09-16,80,Home,371.4,4,UPI,Delivered,Delhi
2965,1801,2024-08-21,38,Sports,880.62,3,Card,Delivered,Delhi
2966,1333,2024-01-03,77,Sports,48.85,2,UPI,Delivered,Chennai
2967,1892,2024-12-12,126,Sports,988.1,1,UPI,Returned,Mumbai
2968,1963,2024-11-03,87,Electronics,667.73,1,UPI,Delivered,Delhi
2969,1372,2024-08-14,54,Books,684.33,3,Card,Delivered,Ahmedabad
2970,1563,2024-10-10,150,Home,47.62,2,UPI,Returned,Mumbai
2971,1493,2024-03-10,16,Home,609.47,4,UPI,Delivered,Hyderabad
2972,1538,2024-11-08,28,Books,489.93,4,UPI,Delivered,Kolkata
2973,1668,2024-12-29,163,Sports,114.72,2,UPI,Delivered,Bangalore
2974,1750,2024-09-10,188,Home,285.14,2,COD,Delivered,Bangalore
2975,1155,2024-05-23,173,Home,891.41,3,COD,Delivered,Bangalore
2976,1290,2024-01-24,46,Sports,554.49,4,Card,Delivered,Delhi
2977,1647,2024-08-21,72,Beauty,419.28,3,Card,Delivered,Chennai
2978,1143,2024-11-28,183,Beauty,81.96,4,Card,Delivered,Bangalore
2979,1105,2024-06-23,85,Sports,716.98,4,Card,Cancelled,Pune
2980,1419,2024-11-27,26,Electronics,705.82,2,Card,Returned,Kolkata
2981,1669,2024-11-20,85,Home,617.9,3,UPI,Delivered,Chennai
2982,1657,2024-12-22,153,Home,515.16,2,UPI,Delivered,Kolkata
2983,1001,2024-06-07,65,Beauty,439.45,3,UPI,Cancelled,Bangalore
2984,1944,2024-12-13,134,Sports,597.34,4,UPI,Cancelled,Ahmedabad
2985,1588,2024-12-13,151,Books,241.06,1,UPI,Delivered,Hyderabad
2986,1643,2024-10-12,115,Books,941.85,1,Card,Delivered,Ahmedabad
2987,1089,2024-01-18,64,Electronics,592.91,3,Card,Cancelled,Ahmedabad
2988,1344,2024-02-13,87,Sports,318.08,3,UPI,Cancelled,Kolkata
2989,1349,2024-06-03,171,Beauty,455.18,2,UPI,Delivered,Bangalore
2990,1458,2024-12-20,107,Beauty,807.63,4,Card,Returned,Ahmedabad
2991,1262,2024-08-18,151,Home,170.0,1,UPI,Delivered,Chennai
2992,1350,2024-11-11,96,Fashion,299.91,2,UPI,Returned,Delhi
2993,1107,2024-08-12,158,Electronics,682.71,3,COD,Delivered,Kolkata
2994,1585,2024-08-04,77,Electronics,322.33,4,UPI,Delivered,Ahmedabad
2995,1038,2024-02-25,146,Fashion,794.58,2,COD,Delivered,Pune
2996,1908,2024-01-31,87,Books,139.15,2,COD,Cancelled,Ahmedabad
2997,1158,2024-12-22,149,Books,765.06,3,COD,Delivered,Hyderabad
2998,1582,2024-02-28,57,Books,77.67,4,UPI,Delivered,Chennai
2999,1958,2024-12-18,103,Beauty,22.47,1,UPI,Delivered,Mumbai
3000,1311,2024-08-22,151,Sports,899.24,2,UPI,Delivered,Bangalore
3001,1240,2024-04-16,91,Electronics,585.53,3,UPI,Delivered,Hyderabad
3002,1937,2024-07-09,45,Fashion,358.31,2,UPI,Delivered,Delhi
3003,1444,2024-01-18,172,Home,240.27,3,Card,Delivered,Kolkata
3004,1297,2024-08-13,88,Home,620.72,3,COD,Delivered,Mumbai
3005,1951,2024-06-15,115,Beauty,513.91,3,COD,Delivered,Kolkata
3006,1035,2024-03-11,47,Electronics,991.68,4,UPI,Delivered,Bangalore
3007,1083,2024-12-27,168,Sports,983.38,1,Card,Delivered,Hyderabad
3008,1451,2024-02-23,179,Electronics,638.67,4,UPI,Delivered,Pune
3009,1885,2024-09-01,170,Books,448.44,1,UPI,Delivered,Chennai
3010,1774,2024-12-15,135,Home,496.23,3,COD,Delivered,Kolkata
3011,1821,2024-03-16,50,Electronics,685.65,1,UPI,Delivered,Bangalore
3012,1384,2024-02-04,176,Home,110.56,4,Card,Delivered,Hyderabad
3013,1171,2024-09-23,84,Fashion,335.07,2,COD,Delivered,Bangalore
3014,1375,2024-11-12,91,Fashion,84.52,4,UPI,Delivered,Pune
3015,1684,2024-10-26,134,Home,82.63,4,COD,Delivered,Hyderabad
3016,1361,2024-04-30,91,Sports,203.88,4,UPI,Delivered,Chennai
3017,1558,2024-11-19,137,Sports,490.4,4,COD,Delivered,Bangalore
3018,1890,2024-01-25,109,Electronics,786.93,4,UPI,Cancelled,Kolkata
3019,1140,2024-06-08,57,Home,490.64,1,UPI,Delivered,Hyderabad
3020,1886,2024-03-24,31,Beauty,342.12,1,UPI,Delivered,Kolkata
3021,1917,2024-04-23,21,Sports,91.53,2,Card,Delivered,Mumbai
3022,1117,2024-08-10,90,Sports,554.79,4,COD,Cancelled,Delhi
3023,1276,2024-06-14,40,Books,278.56,4,Card,Delivered,Pune
3024,1725,2024-07-09,112,Fashion,618.78,2,COD,Cancelled,Hyderabad
3025,1219,2024-06-23,45,Sports,977.42,2,COD,Delivered,Kolkata
3026,1904,2024-01-01,77,Sports,120.2,3,UPI,Delivered,Ahmedabad
3027,1025,2024-08-16,177,Books,220.0,2,Card,Delivered,Ahmedabad
3028,1520,2024-03-26,87,Sports,478.36,2,UPI,Delivered,Hyderabad
3029,1782,2024-03-02,148,Books,968.93,2,UPI,Delivered,Hyderabad
3030,1009,2024-11-15,101,Home,774.09,3,UPI,Delivered,Ahmedabad
3031,1983,2024-07-24,117,Home,899.25,1,UPI,Delivered,Bangalore
3032,1377,2024-04-14,92,Fashion,340.38,3,Card,Cancelled,Pune
3033,1632,2024-11-13,145,Electronics,992.12,1,UPI,Delivered,Delhi
3034,1636,2024-10-17,28,Books,111.8,2,Card,Delivered,Pune
3035,1681,2024-09-06,169,Sports,62.44,3,COD,Cancelled,Bangalore
3036,1583,2024-01-13,194,Electronics,857.05,3,UPI,Delivered,Kolkata
3037,1151,2024-06-11,25,Home,927.99,1,Card,Delivered,Hyderabad
3038,1719,2024-02-12,58,Sports,99.68,3,Card,Delivered,Pune
3039,1048,2024-04-20,41,Electronics,122.29,3,UPI,Delivered,Hyderabad
3040,1153,2024-07-23,134,Books,42.84,4,Card,Cancelled,Delhi
3041,1858,2024-09-12,75,Books,113.46,1,UPI,Delivered,Mumbai
3042,1292,2024-11-02,38,Electronics,217.33,3,UPI,Delivered,Bangalore
3043,1579,2024-05-23,134,Books,970.38,3,UPI,Delivered,Mumbai
3044,1049,2024-05-25,173,Beauty,671.18,2,Card,Delivered,Pune
3045,1663,2024-10-27,75,Home,780.77,4,UPI,Cancelled,Hyderabad
3046,1530,2024-06-12,142,Fashion,778.38,4,UPI,Delivered,Kolkata
3047,1611,2024-06-17,66,Fashion,539.72,2,UPI,Delivered,Kolkata
3048,1059,2024-10-24,168,Beauty,799.51,2,COD,Returned,Hyderabad
3049,1166,2024-08-20,3,Electronics,599.85,2,COD,Delivered,Chennai
3050,1201,2024-09-27,117,Books,321.4,2,Card,Delivered,Chennai
3051,1856,2024-02-29,99,Beauty,565.5,4,UPI,Delivered,Mumbai
3052,1145,2024-10-22,152,Beauty,538.17,3,UPI,Delivered,Chennai
3053,1914,2024-08-22,19,Books,825.22,3,COD,Delivered,Kolkata
3054,1675,2024-06-13,146,Home,981.91,2,UPI,Delivered,Pune
3055,1969,2024-07-12,192,Books,416.93,1,UPI,Delivered,Ahmedabad
3056,1992,2024-08-21,116,Books,765.76,2,UPI,Delivered,Delhi
3057,1438,2024-07-01,125,Sports,108.77,3,Card,Delivered,Pune
3058,1241,2024-11-28,88,Electronics,779.06,1,UPI,Delivered,Mumbai
3059,1580,2024-08-19,35,Fashion,377.7,2,UPI,Delivered,Pune
3060,1686,2024-12-26,190,Fashion,49.0,1,Card,Cancelled,Chennai
3061,1560,2024-04-16,1,Beauty,369.61,2,Card,Cancelled,Chennai
3062,1482,2024-08-10,153,Beauty,614.54,4,Card,Delivered,Delhi
3063,1107,2024-03-20,173,Beauty,128.06,3,UPI,Returned,Ahmedabad
3064,1225,2024-08-21,177,Electronics,924.79,2,Card,Delivered,Pune
3065,1672,2024-07-02,126,Beauty,86.9,1,UPI,Delivered,Delhi
3066,1630,2024-07-03,89,Beauty,930.71,3,Card,Delivered,Kolkata
3067,1660,2024-05-13,144,Sports,710.07,2,Card,Delivered,Mumbai
3068,1976,2024-08-07,147,Electronics,336.42,2,UPI,Delivered,Bangalore
3069,1661,2024-10-14,151,Home,396.84,2,UPI,Delivered,Ahmedabad
3070,1431,2024-12-29,25,Home,743.4,2,UPI,Delivered,Pune
3071,1804,2024-07-20,16,Books,605.46,4,UPI,Delivered,Kolkata
3072,1654,2024-05-25,182,Sports,674.93,3,UPI,Delivered,Kolkata
3073,1418,2024-11-19,73,Fashion,395.27,4,Card,Delivered,Pune
3074,1987,2024-05-06,129,Books,492.94,3,UPI,Delivered,Delhi
3075,1454,2024-05-14,42,Home,989.97,2,COD,Delivered,Chennai
3076,1159,2024-04-23,147,Electronics,221.78,3,UPI,Delivered,Mumbai
3077,1522,2024-09-20,162,Fashion,423.68,1,UPI,Delivered,Bangalore
3078,1649,2024-03-04,80,Beauty,298.9,3,UPI,Delivered,Pune
3079,1968,2024-05-14,104,Electronics,767.46,1,Card,Cancelled,Mumbai
3080,1589,2024-02-10,183,Fashion,766.37,1,Card,Delivered,Chennai
3081,1076,2024-10-22,146,Home,299.52,4,COD,Delivered,Ahmedabad
3082,1508,2024-01-03,34,Books,90.58,3,UPI,Cancelled,Bangalore
3083,1440,2024-07-12,89,Beauty,21.32,2,UPI,Returned,Bangalore
3084,1253,2024-04-19,125,Beauty,433.18,3,Card,Delivered,Kolkata
3085,1920,2024-08-08,45,Electronics,416.23,4,Card,Delivered,Delhi
3086,1769,2024-01-04,134,Books,988.51,1,COD,Delivered,Hyderabad
3087,1319,2024-08-31,21,Beauty,475.1,1,UPI,Delivered,Chennai
3088,1802,2024-06-14,122,Fashion,263.85,4,Card,Delivered,Hyderabad
3089,1262,2024-01-26,70,Sports,892.32,4,UPI,Delivered,Chennai
3090,1596,2024-01-17,96,Home,496.16,3,UPI,Delivered,Mumbai
3091,1657,2024-08-03,105,Electronics,603.18,1,UPI,Delivered,Hyderabad
3092,1834,2024-04-01,48,Books,104.71,4,Card,Delivered,Kolkata
3093,1553,2024-01-31,39,Sports,389.09,3,Card,Returned,Pune
3094,1373,2024-07-23,31,Sports,944.78,3,UPI,Returned,Ahmedabad
3095,1636,2024-07-25,10,Electronics,593.61,2,UPI,Delivered,Kolkata
3096,1166,2024-04-16,30,Fashion,351.06,1,UPI,Delivered,Kolkata
3097,1936,2024-05-25,18,Books,629.41,3,UPI,Returned,Pune
3098,1752,2024-04-10,188,Home,911.31,4,UPI,Delivered,Pune
3099,1458,2024-11-13,88,Electronics,281.25,1,UPI,Delivered,Bangalore
3100,1998,2024-08-28,125,Books,510.07,4,Card,Delivered,Delhi
3101,1279,2024-09-03,73,Sports,959.1,4,UPI,Delivered,Kolkata
3102,1699,2024-06-11,15,Sports,180.67,3,UPI,Delivered,Chennai
3103,1301,2024-06-21,4,Electronics,722.47,3,COD,Cancelled,Delhi
3104,1530,2024-02-04,191,Books,618.34,2,UPI,Delivered,Chennai
3105,1579,2024-10-10,168,Sports,682.88,4,Card,Cancelled,Pune
3106,1217,2024-12-24,9,Electronics,357.71,3,UPI,Delivered,Bangalore
3107,1101,2024-12-23,109,Electronics,320.74,2,COD,Delivered,Bangalore
3108,1553,2024-01-21,137,Home,687.37,1,UPI,Delivered,Bangalore
3109,1287,2024-11-03,154,Electronics,223.39,2,Card,Delivered,Bangalore
3110,1166,2024-06-11,132,Books,425.46,2,UPI,Delivered,Kolkata
3111,1620,2024-04-06,16,Books,196.29,4,COD,Cancelled,Bangalore
3112,1035,2024-11-02,143,Sports,18.22,1,UPI,Delivered,Pune
3113,1743,2024-12-04,99,Beauty,970.36,4,Card,Delivered,Delhi
3114,1740,2024-02-24,121,Home,437.39,4,UPI,Delivered,Mumbai
3115,1352,2024-11-28,52,Books,969.66,2,COD,Cancelled,Hyderabad
3116,1675,2024-05-06,69,Sports,148.92,2,Card,Delivered,Delhi
3117,1898,2024-07-11,5,Sports,591.49,3,UPI,Delivered,Pune
3118,1072,2024-08-30,20,Home,208.96,2,UPI,Delivered,Ahmedabad
3119,1647,2024-12-14,79,Home,792.17,3,UPI,Delivered,Hyderabad
3120,1352,2024-03-28,146,Sports,785.87,4,UPI,Delivered,Mumbai
3121,1890,2024-12-01,111,Beauty,121.48,2,UPI,Returned,Chennai
3122,1069,2024-08-02,2,Fashion,912.94,1,COD,Delivered,Kolkata
3123,1424,2024-04-01,93,Sports,202.68,1,Card,Delivered,Mumbai
3124,1998,2024-10-29,13,Home,616.85,4,COD,Cancelled,Mumbai
3125,1707,2024-08-22,4,Electronics,985.78,4,UPI,Cancelled,Ahmedabad
3126,1780,2024-07-02,170,Electronics,883.57,2,Card,Delivered,Pune
3127,1560,2024-02-07,109,Home,957.0,3,UPI,Delivered,Kolkata
3128,1827,2024-05-18,74,Home,349.17,2,UPI,Returned,Chennai
3129,1641,2024-07-13,189,Fashion,114.52,3,Card,Delivered,Hyderabad
3130,1955,2024-01-15,95,Books,196.46,2,UPI,Cancelled,Kolkata
3131,1516,2024-09-13,105,Home,505.49,1,COD,Delivered,Bangalore
3132,1427,2024-05-14,8,Electronics,795.3,1,UPI,Delivered,Ahmedabad
3133,1538,2024-01-01,67,Beauty,158.65,3,COD,Delivered,Chennai
3134,1159,2024-02-18,191,Home,663.13,2,Card,Cancelled,Chennai
3135,1148,2024-04-05,110,Fashion,330.34,4,UPI,Returned,Mumbai
3136,1775,2024-07-19,9,Beauty,347.79,3,UPI,Delivered,Chennai
3137,1229,2024-01-26,117,Fashion,665.3,1,UPI,Delivered,Kolkata
3138,1711,2024-12-08,11,Beauty,472.33,3,UPI,Delivered,Delhi
3139,1561,2024-08-22,99,Home,813.91,2,Card,Delivered,Kolkata
3140,1066,2024-12-14,42,Electronics,164.36,4,COD,Delivered,Bangalore
3141,1811,2024-08-31,141,Beauty,792.05,4,UPI,Cancelled,Ahmedabad
3142,1380,2024-12-23,164,Sports,73.59,3,COD,Delivered,Kolkata
3143,1057,2024-11-22,120,Books,202.11,2,UPI,Delivered,Mumbai
3144,1258,2024-12-16,141,Fashion,659.59,2,Card,Delivered,Hyderabad
3145,1341,2024-02-20,12,Beauty,856.38,4,UPI,Delivered,Hyderabad
3146,1837,2024-03-21,37,Fashion,260.15,1,UPI,Delivered,Hyderabad
3147,1129,2024-02-05,74,Electronics,333.92,2,UPI,Returned,Hyderabad
3148,1726,2024-03-07,73,Fashion,541.75,4,UPI,Delivered,Hyderabad
3149,1171,2024-05-08,52,Fashion,219.46,4,UPI,Delivered,Mumbai
3150,1769,2024-06-03,199,Sports,813.04,2,UPI,Cancelled,Delhi
3151,1613,2024-09-01,130,Fashion,775.9,2,UPI,Cancelled,Delhi
3152,1208,2024-04-20,56,Beauty,153.84,3,UPI,Delivered,Hyderabad
3153,1802,2024-06-16,60,Fashion,469.19,1,UPI,Delivered,Delhi
3154,1353,2024-05-21,23,Home,777.08,3,Card,Delivered,Bangalore
3155,1470,2024-12-21,103,Fashion,343.96,3,COD,Delivered,Delhi
3156,1797,2024-07-15,40,Home,636.78,4,UPI,Delivered,Kolkata
3157,1115,2024-04-18,64,Books,59.71,4,UPI,Delivered,Chennai
3158,1263,2024-03-19,85,Fashion,612.6,1,Card,Delivered,Hyderabad
3159,1661,2024-06-09,151,Books,161.13,3,UPI,Cancelled,Kolkata
3160,1811,2024-01-19,157,Fashion,832.28,3,Card,Delivered,Chennai
3161,1441,2024-05-06,179,Beauty,361.89,4,UPI,Returned,Chennai
3162,1547,2024-07-23,197,Home,288.74,4,UPI,Cancelled,Hyderabad
3163,1452,2024-01-29,89,Books,842.48,2,UPI,Delivered,Pune
3164,1844,2024-07-25,31,Books,59.64,3,UPI,Delivered,Mumbai
3165,1476,2024-10-06,178,Home,402.64,1,Card,Delivered,Pune
3166,1286,2024-05-30,20,Sports,376.3,3,UPI,Delivered,Delhi
3167,1302,2024-08-27,183,Fashion,291.95,4,COD,Delivered,Pune
3168,1310,2024-09-22,130,Fashion,912.64,2,UPI,Delivered,Bangalore
3169,1207,2024-06-30,153,Beauty,753.42,3,COD,Cancelled,Pune
3170,1617,2024-04-14,13,Sports,73.28,1,UPI,Delivered,Pune
3171,1445,2024-08-23,122,Sports,717.54,4,UPI,Cancelled,Mumbai
3172,1669,2024-06-21,103,Beauty,532.03,2,Card,Delivered,Ahmedabad
3173,1632,2024-06-06,106,Books,901.86,3,UPI,Delivered,Bangalore
3174,1054,2024-06-20,119,Home,319.82,1,COD,Delivered,Pune
3175,1911,2024-11-06,70,Books,578.42,4,UPI,Delivered,Hyderabad
3176,1011,2024-06-05,195,Electronics,505.75,1,Card,Delivered,Delhi
3177,1656,2024-09-14,186,Beauty,494.67,3,UPI,Delivered,Pune
3178,1399,2024-06-12,99,Home,461.54,4,Card,Delivered,Mumbai
3179,1907,2024-05-26,82,Books,213.57,3,Card,Delivered,Hyderabad
3180,1647,2024-06-02,75,Books,758.15,2,Card,Delivered,Mumbai
3181,1979,2024-02-07,118,Sports,456.82,3,UPI,Delivered,Chennai
3182,1514,2024-05-10,84,Beauty,958.93,2,COD,Delivered,Pune
3183,1655,2024-12-23,192,Electronics,268.2,3,COD,Delivered,Delhi
3184,1541,2024-09-11,69,Fashion,685.92,1,COD,Delivered,Delhi
3185,1236,2024-07-26,59,Beauty,941.31,1,Card,Delivered,Ahmedabad
3186,1278,2024-04-04,188,Electronics,666.82,4,UPI,Delivered,Hyderabad
3187,1347,2024-12-13,126,Electronics,872.56,1,UPI,Delivered,Hyderabad
3188,1626,2024-11-22,111,Beauty,829.21,1,COD,Delivered,Hyderabad
3189,1103,2024-06-19,62,Home,366.52,2,COD,Delivered,Delhi
3190,1629,2024-09-06,144,Beauty,604.12,1,UPI,Delivered,Pune
3191,1516,2024-07-08,128,Books,164.7,2,UPI,Cancelled,Chennai
3192,1979,2024-07-17,105,Sports,540.17,2,COD,Delivered,Delhi
3193,1871,2024-08-08,68,Books,238.12,2,UPI,Cancelled,Hyderabad
3194,1247,2024-01-24,15,Electronics,746.3,3,UPI,Delivered,Bangalore
3195,1363,2024-08-31,183,Electronics,532.78,2,COD,Delivered,Pune
3196,1320,2024-11-19,35,Fashion,417.12,3,COD,Delivered,Ahmedabad
3197,1632,2024-05-07,183,Electronics,276.11,2,COD,Delivered,Chennai
3198,1285,2024-04-02,14,Fashion,998.71,3,UPI,Returned,Delhi
3199,1148,2024-10-26,177,Electronics,80.99,4,UPI,Delivered,Bangalore
3200,1083,2024-05-12,102,Electronics,53.13,4,Card,Delivered,Ahmedabad
3201,1965,2024-02-24,100,Beauty,225.08,3,Card,Delivered,Pune
3202,1405,2024-06-06,7,Beauty,971.36,4,UPI,Returned,Ahmedabad
3203,1977,2024-01-29,30,Sports,979.45,1,COD,Cancelled,Kolkata
3204,1455,2024-07-29,49,Books,658.38,2,COD,Delivered,Kolkata
3205,1742,2024-06-02,144,Home,881.31,3,UPI,Delivered,Chennai
3206,1799,2024-10-19,111,Sports,221.82,4,UPI,Delivered,Kolkata
3207,1160,2024-08-09,179,Electronics,972.32,4,UPI,Delivered,Delhi
3208,1783,2024-04-24,72,Sports,151.36,1,UPI,Delivered,Kolkata
3209,1459,2024-06-06,80,Beauty,110.11,2,UPI,Delivered,Pune
3210,1549,2024-09-15,83,Books,121.09,1,UPI,Delivered,Pune
3211,1499,2024-09-07,42,Electronics,577.4,3,UPI,Cancelled,Hyderabad
3212,1737,2024-05-01,17,Electronics,783.16,4,COD,Delivered,Delhi
3213,1508,2024-10-25,191,Sports,373.0,4,UPI,Delivered,Pune
3214,1653,2024-09-19,173,Books,978.12,4,Card,Delivered,Chennai
3215,1803,2024-02-18,7,Fashion,440.08,1,Card,Returned,Hyderabad
3216,1480,2024-11-24,155,Home,158.94,1,Card,Delivered,Pune
3217,1662,2024-10-23,10,Books,471.31,2,COD,Delivered,Mumbai
3218,1113,2024-12-27,34,Sports,682.25,3,Card,Delivered,Ahmedabad
3219,1748,2024-03-17,36,Sports,833.9,2,COD,Delivered,Bangalore
3220,1577,2024-05-06,153,Home,464.18,2,UPI,Delivered,Pune
3221,1360,2024-07-15,6,Electronics,597.67,4,Card,Delivered,Kolkata
3222,1340,2024-08-08,152,Electronics,274.67,1,Card,Delivered,Hyderabad
3223,1769,2024-03-31,146,Fashion,649.46,3,COD,Delivered,Hyderabad
3224,1986,2024-01-08,134,Sports,986.11,2,UPI,Delivered,Chennai
3225,1760,2024-02-01,29,Home,58.56,3,UPI,Delivered,Pune
3226,1968,2024-11-15,126,Sports,887.67,4,Card,Delivered,Pune
3227,1448,2024-09-25,153,Beauty,566.66,2,UPI,Delivered,Chennai
3228,1842,2024-07-09,183,Sports,259.58,1,Card,Delivered,Bangalore
3229,1834,2024-12-14,81,Sports,955.34,2,COD,Delivered,Ahmedabad
3230,1179,2024-06-11,174,Beauty,488.52,4,COD,Delivered,Chennai
3231,1701,2024-03-01,152,Beauty,338.37,2,UPI,Delivered,Hyderabad
3232,1406,2024-09-20,75,Home,189.68,4,UPI,Delivered,Bangalore
3233,1665,2024-10-11,26,Electronics,252.01,2,Card,Delivered,Kolkata
3234,1195,2024-04-04,127,Fashion,834.52,3,Card,Delivered,Bangalore
3235,1465,2024-02-10,115,Beauty,618.27,1,Card,Delivered,Delhi
3236,1310,2024-05-28,126,Electronics,914.11,4,Card,Delivered,Hyderabad
3237,1261,2024-07-22,28,Home,239.65,3,Card,Returned,Hyderabad
3238,1418,2024-09-23,131,Books,129.93,4,UPI,Cancelled,Chennai
3239,1405,2024-01-02,75,Sports,16.03,2,Card,Delivered,Hyderabad
3240,1938,2024-06-26,166,Home,512.78,4,UPI,Delivered,Pune
3241,1142,2024-07-12,189,Home,998.32,4,UPI,Returned,Chennai
3242,1341,2024-12-01,78,Beauty,698.02,1,Card,Delivered,Kolkata
3243,1315,2024-07-14,179,Fashion,315.31,3,Card,Delivered,Hyderabad
3244,1100,2024-12-08,90,Beauty,878.09,2,Card,Delivered,Pune
3245,1243,2024-09-05,176,Sports,783.91,1,UPI,Delivered,Delhi
3246,1489,2024-07-30,21,Beauty,25.26,4,UPI,Delivered,Hyderabad
3247,1011,2024-06-01,54,Sports,818.69,1,UPI,Delivered,Delhi
3248,1238,2024-06-06,184,Beauty,307.52,4,Card,Delivered,Kolkata
3249,1560,2024-12-27,103,Books,158.18,2,UPI,Delivered,Hyderabad
3250,1041,2024-05-18,59,Fashion,234.07,4,Card,Delivered,Ahmedabad
3251,1677,2024-08-08,72,Books,473.89,1,Card,Delivered,Hyderabad
3252,1593,2024-09-29,179,Electronics,430.62,1,UPI,Delivered,Mumbai
3253,1428,2024-06-02,20,Fashion,296.0,4,COD,Cancelled,Kolkata
3254,1802,2024-09-05,112,Beauty,180.5,3,COD,Delivered,Pune
3255,1157,2024-10-05,59,Home,764.61,1,COD,Delivered,Ahmedabad
3256,1215,2024-10-30,71,Electronics,990.21,3,Card,Delivered,Hyderabad
3257,1669,2024-10-02,137,Home,780.01,3,UPI,Delivered,Delhi
3258,1461,2024-01-02,109,Books,302.98,3,UPI,Delivered,Bangalore
3259,1133,2024-03-28,129,Fashion,252.36,3,Card,Delivered,Delhi
3260,1066,2024-10-13,157,Electronics,225.49,1,UPI,Returned,Pune
3261,1847,2024-05-09,191,Books,145.33,1,Card,Delivered,Hyderabad
3262,1006,2024-03-18,200,Beauty,555.82,3,Card,Delivered,Chennai
3263,1947,2024-09-16,56,Home,609.35,1,UPI,Delivered,Mumbai
3264,1525,2024-08-28,196,Beauty,708.45,3,Card,Delivered,Chennai
3265,1072,2024-05-20,35,Sports,683.41,3,UPI,Delivered,Mumbai
3266,1398,2024-08-15,123,Electronics,299.41,3,UPI,Delivered,Mumbai
3267,1404,2024-06-11,131,Home,337.01,4,COD,Cancelled,Ahmedabad
3268,1674,2024-08-23,104,Fashion,684.7,2,UPI,Cancelled,Chennai
3269,1577,2024-05-07,7,Fashion,355.95,1,Card,Delivered,Pune
3270,1858,2024-07-18,27,Fashion,220.5,1,UPI,Delivered,Hyderabad
3271,1129,2024-01-31,1,Books,380.59,3,Card,Delivered,Delhi
3272,1930,2024-05-17,199,Fashion,279.36,4,UPI,Delivered,Chennai
3273,1465,2024-01-21,172,Home,97.43,4,Card,Delivered,Bangalore
3274,1205,2024-08-21,87,Books,831.84,1,COD,Delivered,Mumbai
3275,1787,2024-07-20,41,Sports,854.58,3,COD,Delivered,Ahmedabad
3276,1977,2024-10-05,123,Fashion,227.55,1,UPI,Cancelled,Delhi
3277,1767,2024-05-10,75,Fashion,74.12,3,Card,Delivered,Kolkata
3278,1265,2024-05-27,42,Books,741.44,3,COD,Delivered,Kolkata
3279,1536,2024-01-29,117,Fashion,219.41,2,UPI,Delivered,Bangalore
3280,1961,2024-12-26,161,Sports,399.5,3,UPI,Delivered,Delhi
3281,1792,2024-11-03,178,Books,73.49,2,COD,Delivered,Hyderabad
3282,1252,2024-06-10,63,Books,234.01,1,Card,Delivered,Bangalore
3283,1821,2024-12-22,165,Electronics,794.97,1,UPI,Delivered,Pune
3284,1288,2024-12-05,187,Books,806.35,4,UPI,Delivered,Pune
3285,1163,2024-03-01,127,Fashion,215.01,2,Card,Delivered,Chennai
3286,1094,2024-05-04,176,Books,342.55,1,UPI,Delivered,Delhi
3287,1781,2024-03-11,133,Fashion,142.9,2,Card,Delivered,Ahmedabad
3288,1832,2024-11-21,48,Fashion,83.43,1,UPI,Delivered,Ahmedabad
3289,1109,2024-12-29,3,Books,992.25,2,Card,Delivered,Kolkata
3290,1335,2024-08-30,116,Electronics,659.04,2,Card,Delivered,Pune
3291,1821,2024-09-05,175,Fashion,546.68,3,Card,Delivered,Pune
3292,1237,2024-08-08,190,Electronics,767.84,1,Card,Delivered,Chennai
3293,1380,2024-01-21,99,Electronics,841.68,4,UPI,Delivered,Chennai
3294,1435,2024-03-22,116,Books,808.65,3,UPI,Returned,Pune
3295,1898,2024-12-09,14,Beauty,26.37,4,UPI,Delivered,Delhi
3296,1482,2024-01-10,191,Beauty,194.94,2,UPI,Delivered,Delhi
3297,1936,2024-01-12,112,Fashion,658.36,3,COD,Delivered,Mumbai
3298,1901,2024-09-19,61,Home,382.0,2,Card,Delivered,Mumbai
3299,1024,2024-05-24,159,Beauty,982.66,1,UPI,Delivered,Ahmedabad
3300,1652,2024-07-10,95,Books,668.75,1,UPI,Delivered,Bangalore
3301,1116,2024-09-06,17,Books,956.98,4,UPI,Delivered,Kolkata
3302,1481,2024-04-23,124,Beauty,209.43,1,UPI,Delivered,Bangalore
3303,1391,2024-01-26,24,Home,865.32,4,UPI,Delivered,Bangalore
3304,1916,2024-09-27,116,Sports,328.14,2,UPI,Returned,Mumbai
3305,1993,2024-02-02,151,Fashion,989.67,3,UPI,Delivered,Chennai
3306,1963,2024-03-02,82,Sports,166.11,1,UPI,Delivered,Pune
3307,1536,2024-08-16,50,Sports,521.18,2,Card,Delivered,Hyderabad
3308,1078,2024-10-29,79,Electronics,794.92,3,Card,Delivered,Hyderabad
3309,1579,2024-04-04,79,Electronics,438.32,2,COD,Delivered,Kolkata
3310,1172,2024-02-04,70,Fashion,473.4,4,UPI,Delivered,Pune
3311,1955,2024-07-11,27,Home,986.49,2,COD,Delivered,Delhi
3312,1011,2024-03-16,15,Electronics,431.06,4,Card,Delivered,Mumbai
3313,1799,2024-09-05,50,Beauty,608.03,4,UPI,Delivered,Delhi
3314,1127,2024-03-23,36,Fashion,63.99,1,UPI,Delivered,Ahmedabad
3315,1607,2024-01-25,8,Books,843.79,4,UPI,Delivered,Hyderabad
3316,1091,2024-02-26,79,Sports,651.69,4,UPI,Delivered,Delhi
3317,1652,2024-02-01,131,Fashion,409.98,2,UPI,Delivered,Mumbai
3318,1542,2024-11-14,190,Books,26.01,4,COD,Delivered,Ahmedabad
3319,1845,2024-01-12,47,Books,595.75,4,UPI,Delivered,Mumbai
3320,1531,2024-11-14,105,Electronics,22.53,2,UPI,Delivered,Mumbai
3321,1657,2024-11-28,98,Books,11.19,3,UPI,Returned,Hyderabad
3322,1988,2024-04-01,96,Home,619.94,1,Card,Delivered,Mumbai
3323,1827,2024-01-01,189,Books,197.13,2,COD,Delivered,Bangalore
3324,1446,2024-11-21,160,Books,199.97,4,COD,Delivered,Bangalore
3325,1389,2024-05-15,116,Sports,656.74,2,UPI,Delivered,Kolkata
3326,1671,2024-07-14,13,Home,63.16,3,UPI,Delivered,Pune
3327,1860,2024-05-12,1,Fashion,320.27,2,COD,Delivered,Ahmedabad
3328,1042,2024-03-26,34,Home,157.94,2,UPI,Returned,Kolkata
3329,1253,2024-10-21,190,Home,584.37,2,Card,Delivered,Mumbai
3330,1129,2024-10-05,79,Fashion,665.15,2,COD,Cancelled,Bangalore
3331,1059,2024-11-19,78,Sports,723.92,4,Card,Delivered,Mumbai
3332,1662,2024-06-28,121,Books,262.68,2,UPI,Delivered,Hyderabad
3333,1466,2024-01-04,93,Home,98.36,3,COD,Delivered,Bangalore
3334,1286,2024-05-05,98,Home,87.9,2,COD,Delivered,Hyderabad
3335,1516,2024-06-23,82,Fashion,431.89,2,Card,Delivered,Bangalore
3336,1466,2024-09-07,199,Beauty,946.39,4,UPI,Delivered,Chennai
3337,1929,2024-01-21,159,Home,225.55,4,COD,Delivered,Chennai
3338,1777,2024-04-14,192,Electronics,264.17,2,COD,Returned,Pune
3339,1344,2024-03-06,153,Books,109.88,4,COD,Delivered,Pune
3340,1641,2024-09-19,38,Books,609.51,4,UPI,Delivered,Pune
3341,1381,2024-02-18,14,Sports,683.07,2,Card,Delivered,Kolkata
3342,1778,2024-01-16,136,Home,646.5,4,Card,Returned,Hyderabad
3343,1689,2024-05-24,91,Fashion,862.52,1,UPI,Returned,Bangalore
3344,1252,2024-12-05,54,Electronics,491.56,1,Card,Delivered,Chennai
3345,1926,2024-09-06,130,Fashion,143.11,1,Card,Delivered,Ahmedabad
3346,1055,2024-12-08,101,Home,296.51,4,COD,Delivered,Mumbai
3347,1462,2024-12-19,89,Electronics,665.81,1,COD,Delivered,Delhi
3348,1456,2024-03-15,56,Sports,616.99,3,UPI,Delivered,Chennai
3349,1982,2024-10-16,94,Sports,535.69,1,UPI,Delivered,Kolkata
3350,1082,2024-10-08,93,Sports,686.13,3,UPI,Returned,Chennai
3351,1904,2024-03-06,84,Beauty,641.02,4,COD,Cancelled,Mumbai
3352,1098,2024-05-04,85,Fashion,882.51,1,UPI,Delivered,Chennai
3353,1148,2024-11-14,189,Home,590.16,3,Card,Delivered,Ahmedabad
3354,1328,2024-03-27,22,Electronics,780.82,4,Card,Delivered,Chennai
3355,1155,2024-02-10,35,Books,256.22,1,COD,Delivered,Chennai
3356,1189,2024-07-04,16,Books,681.4,2,UPI,Cancelled,Pune
3357,1493,2024-12-19,50,Fashion,903.17,1,Card,Delivered,Pune
3358,1882,2024-11-30,122,Home,391.88,1,COD,Delivered,Bangalore
3359,1262,2024-09-22,128,Beauty,781.31,1,Card,Delivered,Pune
3360,1079,2024-09-27,113,Home,727.54,2,UPI,Cancelled,Chennai
3361,1399,2024-02-11,171,Fashion,68.93,3,UPI,Delivered,Delhi
3362,1763,2024-04-02,17,Home,585.69,3,COD,Delivered,Ahmedabad
3363,1608,2024-07-03,80,Books,138.89,2,UPI,Delivered,Kolkata
3364,1259,2024-08-02,186,Books,967.65,1,Card,Delivered,Pune
3365,1771,2024-01-17,130,Electronics,813.29,1,Card,Delivered,Bangalore
3366,1614,2024-09-21,132,Beauty,118.63,1,COD,Delivered,Kolkata
3367,1551,2024-04-23,85,Books,130.53,3,UPI,Cancelled,Bangalore
3368,1784,2024-10-18,167,Electronics,598.53,3,Card,Delivered,Hyderabad
3369,1100,2024-10-18,94,Beauty,351.44,2,UPI,Delivered,Chennai
3370,1358,2024-02-17,134,Books,44.56,4,UPI,Delivered,Ahmedabad
3371,1379,2024-11-02,81,Beauty,546.23,2,UPI,Delivered,Kolkata
3372,1819,2024-04-06,69,Home,393.97,3,COD,Delivered,Delhi
3373,1220,2024-04-04,69,Electronics,110.07,1,COD,Delivered,Delhi
3374,1819,2024-11-21,148,Beauty,803.9,1,UPI,Delivered,Hyderabad
3375,1419,2024-03-14,192,Beauty,915.93,1,UPI,Delivered,Delhi
3376,1123,2024-12-01,16,Home,759.03,1,Card,Delivered,Kolkata
3377,1421,2024-03-08,51,Books,824.2,4,Card,Delivered,Bangalore
3378,1230,2024-09-02,105,Books,224.33,2,Card,Delivered,Mumbai
3379,1689,2024-03-17,165,Fashion,270.94,2,COD,Delivered,Bangalore
3380,1062,2024-07-26,197,Fashion,216.44,3,COD,Delivered,Pune
3381,1484,2024-09-10,170,Books,767.41,2,UPI,Delivered,Mumbai
3382,1627,2024-08-08,185,Sports,948.44,4,UPI,Cancelled,Delhi
3383,1702,2024-09-18,66,Sports,719.67,4,Card,Delivered,Ahmedabad
3384,1573,2024-11-26,9,Beauty,882.65,4,COD,Delivered,Chennai
3385,1767,2024-12-09,107,Books,642.31,1,UPI,Delivered,Kolkata
3386,1482,2024-09-15,100,Fashion,393.78,3,Card,Delivered,Mumbai
3387,1518,2024-11-03,86,Beauty,431.5,4,UPI,Delivered,Bangalore
3388,1154,2024-03-14,64,Electronics,84.57,2,COD,Returned,Bangalore
3389,1091,2024-05-04,22,Fashion,41.14,2,Card,Delivered,Pune
3390,1981,2024-07-06,162,Fashion,698.52,2,UPI,Delivered,Bangalore
3391,1525,2024-09-10,183,Fashion,444.04,4,UPI,Delivered,Kolkata
3392,1454,2024-11-16,157,Sports,556.69,4,UPI,Returned,Kolkata
3393,1740,2024-11-03,166,Home,562.08,2,COD,Delivered,Pune
3394,1597,2024-08-22,110,Home,284.6,4,Card,Delivered,Bangalore
3395,1644,2024-09-06,97,Sports,481.13,2,Card,Delivered,Hyderabad
3396,1509,2024-11-27,18,Books,476.05,1,UPI,Delivered,Delhi
3397,1182,2024-12-10,71,Books,394.54,4,UPI,Delivered,Ahmedabad
3398,1385,2024-03-12,193,Sports,822.47,1,UPI,Delivered,Chennai
3399,1573,2024-08-22,127,Sports,456.65,1,UPI,Delivered,Pune
3400,1730,2024-11-19,97,Books,607.61,4,UPI,Delivered,Hyderabad
3401,1404,2024-06-04,1,Home,896.56,2,UPI,Delivered,Delhi
3402,1245,2024-04-24,132,Beauty,867.57,3,UPI,Delivered,Kolkata
3403,1741,2024-11-08,4,Sports,891.52,1,Card,Delivered,Pune
3404,1590,2024-08-15,125,Beauty,277.3,4,COD,Delivered,Mumbai
3405,1660,2024-11-17,82,Beauty,44.63,1,UPI,Cancelled,Hyderabad
3406,1649,2024-12-11,27,Electronics,268.46,2,Card,Delivered,Pune
3407,1470,2024-09-01,171,Home,285.92,4,UPI,Delivered,Kolkata
3408,1825,2024-11-01,59,Beauty,910.27,3,Card,Delivered,Hyderabad
3409,1887,2024-01-14,32,Home,652.75,4,COD,Delivered,Hyderabad
3410,1422,2024-01-16,161,Home,90.89,1,UPI,Delivered,Hyderabad
3411,1900,2024-02-11,28,Electronics,144.02,4,UPI,Delivered,Mumbai
3412,1064,2024-04-19,106,Books,164.12,4,UPI,Delivered,Bangalore
3413,1012,2024-10-04,105,Home,634.12,1,Card,Delivered,Kolkata
3414,1212,2024-11-19,183,Beauty,738.06,3,Card,Delivered,Hyderabad
3415,1985,2024-01-19,188,Books,861.05,2,UPI,Delivered,Delhi
3416,1241,2024-03-06,70,Books,941.23,4,UPI,Delivered,Ahmedabad
3417,1492,2024-06-15,62,Fashion,209.69,3,COD,Delivered,Bangalore
3418,1212,2024-03-13,34,Beauty,316.67,2,UPI,Delivered,Mumbai
3419,1692,2024-11-05,87,Beauty,247.92,1,UPI,Delivered,Chennai
3420,1337,2024-04-21,114,Home,365.17,3,COD,Cancelled,Ahmedabad
3421,1996,2024-09-30,106,Beauty,915.52,3,UPI,Delivered,Mumbai
3422,1172,2024-03-25,56,Fashion,579.36,4,COD,Delivered,Chennai
3423,1671,2024-05-18,113,Home,740.81,1,COD,Cancelled,Delhi
3424,1163,2024-02-08,13,Sports,495.22,4,UPI,Delivered,Chennai
3425,1464,2024-04-14,184,Beauty,38.57,1,Card,Delivered,Pune
3426,1994,2024-11-19,18,Beauty,73.55,2,Card,Delivered,Hyderabad
3427,1496,2024-10-07,182,Electronics,542.54,4,COD,Delivered,Bangalore
3428,1699,2024-05-02,113,Sports,721.6,1,UPI,Delivered,Kolkata
3429,1394,2024-08-05,171,Sports,223.18,1,Card,Delivered,Pune
3430,1702,2024-03-01,39,Fashion,724.69,3,COD,Delivered,Bangalore
3431,1916,2024-04-09,189,Sports,812.56,4,COD,Cancelled,Hyderabad
3432,1307,2024-11-02,170,Electronics,417.78,4,COD,Delivered,Bangalore
3433,1767,2024-12-19,79,Fashion,748.96,2,Card,Delivered,Mumbai
3434,1182,2024-07-22,146,Sports,409.99,1,COD,Delivered,Hyderabad
3435,1628,2024-09-14,151,Fashion,681.57,3,UPI,Delivered,Hyderabad
3436,1793,2024-01-05,182,Sports,766.36,1,Card,Delivered,Bangalore
3437,1509,2024-07-15,30,Sports,992.01,1,Card,Delivered,Kolkata
3438,1707,2024-06-28,98,Books,351.94,1,UPI,Delivered,Pune
3439,1545,2024-12-07,58,Sports,416.93,4,UPI,Delivered,Chennai
3440,1563,2024-05-12,196,Beauty,173.96,1,Card,Delivered,Kolkata
3441,1623,2024-11-19,67,Sports,212.03,2,UPI,Delivered,Kolkata
3442,1763,2024-09-09,71,Beauty,696.46,3,UPI,Cancelled,Delhi
3443,1593,2024-09-21,146,Home,917.88,3,UPI,Delivered,Kolkata
3444,1743,2024-04-02,106,Books,400.66,1,COD,Returned,Chennai
3445,1226,2024-05-29,7,Electronics,188.05,3,UPI,Delivered,Mumbai
3446,1744,2024-05-17,40,Fashion,292.25,1,COD,Delivered,Hyderabad
3447,1732,2024-07-26,70,Fashion,460.5,4,UPI,Delivered,Hyderabad
3448,1435,2024-05-04,193,Home,297.74,3,Card,Delivered,Mumbai
3449,1924,2024-08-21,68,Sports,241.24,4,Card,Delivered,Delhi
3450,1421,2024-03-01,49,Electronics,738.62,4,Card,Delivered,Hyderabad
3451,1553,2024-11-02,52,Home,17.77,2,COD,Delivered,Chennai
3452,1020,2024-09-22,114,Home,543.84,2,Card,Delivered,Mumbai
3453,1553,2024-05-13,107,Fashion,795.83,3,Card,Delivered,Hyderabad
3454,1396,2024-11-13,29,Beauty,273.57,1,UPI,Returned,Chennai
3455,1624,2024-04-22,149,Beauty,607.26,1,Card,Delivered,Mumbai
3456,1104,2024-07-09,78,Sports,672.21,1,UPI,Delivered,Mumbai
3457,1191,2024-07-05,9,Sports,658.47,1,UPI,Delivered,Mumbai
3458,1016,2024-11-14,175,Home,451.39,2,COD,Delivered,Ahmedabad
3459,1119,2024-03-29,76,Sports,353.11,1,COD,Delivered,Delhi
3460,1392,2024-07-05,42,Beauty,837.56,1,UPI,Delivered,Mumbai
3461,1424,2024-11-02,179,Electronics,760.86,4,COD,Delivered,Kolkata
3462,1128,2024-05-11,184,Fashion,328.04,1,Card,Cancelled,Pune
3463,1129,2024-12-25,179,Beauty,111.99,1,UPI,Delivered,Bangalore
3464,1571,2024-05-02,198,Books,81.09,2,UPI,Delivered,Bangalore
3465,1559,2024-02-17,128,Sports,103.33,3,COD,Delivered,Mumbai
3466,1028,2024-10-14,20,Fashion,587.04,4,Card,Delivered,Hyderabad
3467,1096,2024-06-27,155,Books,61.15,4,UPI,Delivered,Kolkata
3468,1009,2024-06-28,166,Fashion,343.56,3,Card,Cancelled,Kolkata
3469,1241,2024-04-08,72,Home,755.67,4,Card,Returned,Bangalore
3470,1825,2024-11-25,65,Sports,301.4,1,Card,Cancelled,Chennai
3471,1955,2024-02-03,182,Home,765.67,1,Card,Cancelled,Chennai
3472,1231,2024-03-10,113,Fashion,748.01,3,Card,Returned,Hyderabad
3473,1788,2024-06-19,24,Home,253.37,2,Card,Cancelled,Chennai
3474,1283,2024-09-28,128,Sports,731.53,2,COD,Delivered,Pune
3475,1714,2024-02-28,175,Beauty,750.3,4,COD,Delivered,Hyderabad
3476,1758,2024-06-29,199,Electronics,403.48,2,Card,Delivered,Chennai
3477,1801,2024-01-19,83,Books,218.32,2,COD,Delivered,Mumbai
3478,1775,2024-08-13,63,Beauty,526.06,2,COD,Delivered,Kolkata
3479,1954,2024-04-04,185,Fashion,922.18,2,UPI,Delivered,Chennai
3480,1725,2024-10-23,183,Beauty,643.22,2,COD,Delivered,Kolkata
3481,1199,2024-03-21,60,Home,181.19,2,UPI,Delivered,Mumbai
3482,1944,2024-06-23,99,Sports,685.93,2,UPI,Delivered,Chennai
3483,1078,2024-08-09,62,Beauty,432.93,4,Card,Delivered,Chennai
3484,1912,2024-04-12,30,Beauty,595.61,1,Card,Delivered,Chennai
3485,1955,2024-02-23,22,Sports,736.72,2,Card,Delivered,Mumbai
3486,1854,2024-07-01,126,Home,519.8,1,Card,Delivered,Ahmedabad
3487,1855,2024-12-16,157,Electronics,815.84,3,UPI,Delivered,Chennai
3488,1172,2024-11-13,169,Beauty,724.93,1,COD,Delivered,Chennai
3489,1466,2024-12-20,42,Books,618.92,3,UPI,Delivered,Kolkata
3490,1580,2024-12-14,98,Fashion,159.28,4,COD,Delivered,Pune
3491,1415,2024-11-16,193,Home,837.59,1,UPI,Delivered,Delhi
3492,1939,2024-03-08,31,Home,936.55,3,Card,Delivered,Ahmedabad
3493,1448,2024-01-28,158,Beauty,145.6,1,UPI,Delivered,Mumbai
3494,1086,2024-09-30,112,Books,493.36,4,Card,Delivered,Pune
3495,1100,2024-10-08,146,Sports,266.3,1,UPI,Delivered,Bangalore
3496,1007,2024-12-25,122,Beauty,756.98,3,UPI,Returned,Kolkata
3497,1844,2024-11-06,17,Beauty,724.41,2,UPI,Delivered,Hyderabad
3498,1199,2024-04-28,38,Sports,149.48,2,Card,Delivered,Kolkata
3499,1504,2024-05-13,142,Fashion,878.26,2,COD,Cancelled,Delhi
3500,1086,2024-05-08,110,Sports,189.16,4,UPI,Returned,Pune
3501,1042,2024-01-08,184,Beauty,799.29,2,Card,Delivered,Pune
3502,1384,2024-02-20,22,Electronics,462.41,4,Card,Delivered,Chennai
3503,1620,2024-12-06,195,Sports,334.99,2,UPI,Delivered,Bangalore
3504,1434,2024-10-07,56,Fashion,166.66,4,UPI,Delivered,Bangalore
3505,1407,2024-06-23,119,Sports,175.94,4,UPI,Delivered,Chennai
3506,1482,2024-07-01,147,Sports,665.27,1,UPI,Delivered,Pune
3507,1663,2024-07-10,57,Home,554.93,2,UPI,Delivered,Kolkata
3508,1016,2024-09-05,172,Home,130.86,1,UPI,Delivered,Pune
3509,1644,2024-08-22,35,Beauty,121.57,3,UPI,Delivered,Chennai
3510,1147,2024-03-23,114,Beauty,81.59,2,COD,Cancelled,Delhi
3511,1276,2024-04-02,125,Sports,746.33,2,COD,Delivered,Ahmedabad
3512,1231,2024-11-07,129,Electronics,714.76,2,Card,Cancelled,Mumbai
3513,1825,2024-09-24,52,Books,67.85,2,Card,Delivered,Delhi
3514,1926,2024-04-29,85,Beauty,564.67,1,UPI,Delivered,Mumbai
3515,1365,2024-03-11,198,Sports,93.83,1,UPI,Delivered,Bangalore
3516,1227,2024-01-17,165,Sports,904.71,4,UPI,Delivered,Hyderabad
3517,1650,2024-09-09,65,Books,908.05,1,Card,Delivered,Chennai
3518,1435,2024-05-01,179,Sports,701.25,4,COD,Delivered,Delhi
3519,1398,2024-01-10,129,Books,926.93,3,UPI,Delivered,Bangalore
3520,1210,2024-10-13,21,Books,813.34,1,UPI,Delivered,Delhi
3521,1390,2024-11-11,181,Sports,830.25,4,Card,Delivered,Pune
3522,1498,2024-11-21,16,Sports,574.01,2,COD,Delivered,Mumbai
3523,1539,2024-09-29,123,Home,313.0,3,UPI,Delivered,Chennai
3524,1562,2024-11-01,61,Books,225.62,4,UPI,Delivered,Pune
3525,1490,2024-10-19,54,Fashion,333.93,3,COD,Delivered,Mumbai
3526,1441,2024-07-28,168,Books,632.21,2,UPI,Delivered,Pune
3527,1260,2024-08-05,26,Fashion,180.93,2,Card,Delivered,Mumbai
3528,1772,2024-08-28,80,Sports,266.05,4,COD,Delivered,Ahmedabad
3529,1349,2024-07-18,65,Beauty,473.38,4,COD,Delivered,Mumbai
3530,1351,2024-08-03,100,Electronics,240.72,2,UPI,Delivered,Pune
3531,1519,2024-07-23,74,Sports,592.76,4,UPI,Returned,Bangalore
3532,1319,2024-08-03,192,Electronics,923.94,2,UPI,Delivered,Chennai
3533,1137,2024-03-20,171,Home,750.61,1,Card,Delivered,Hyderabad
3534,1549,2024-09-23,17,Fashion,669.76,4,Card,Delivered,Ahmedabad
3535,1622,2024-02-04,121,Home,586.89,3,COD,Delivered,Ahmedabad
3536,1991,2024-10-15,187,Beauty,493.07,2,Card,Cancelled,Ahmedabad
3537,1367,2024-01-18,23,Beauty,194.7,1,Card,Delivered,Delhi
3538,1219,2024-06-13,135,Books,895.76,4,UPI,Delivered,Ahmedabad
3539,1336,2024-01-13,172,Sports,256.05,2,UPI,Cancelled,Kolkata
3540,1222,2024-07-20,181,Books,100.4,1,UPI,Delivered,Mumbai
3541,1647,2024-08-16,71,Beauty,752.52,4,UPI,Delivered,Ahmedabad
3542,1767,2024-12-11,108,Beauty,183.86,2,COD,Delivered,Chennai
3543,1359,2024-01-01,79,Books,378.18,2,Card,Delivered,Delhi
3544,1920,2024-11-14,162,Home,38.0,2,UPI,Delivered,Chennai
3545,1328,2024-08-04,46,Electronics,145.7,4,UPI,Returned,Pune
3546,1961,2024-02-03,196,Fashion,181.47,1,UPI,Delivered,Delhi
3547,1462,2024-12-24,78,Beauty,63.87,2,UPI,Delivered,Chennai
3548,1945,2024-09-22,16,Books,660.09,1,COD,Delivered,Hyderabad
3549,1962,2024-05-07,71,Beauty,838.64,1,COD,Delivered,Kolkata
3550,1560,2024-07-30,96,Home,379.58,3,UPI,Delivered,Chennai
3551,1803,2024-09-19,147,Fashion,875.83,1,Card,Delivered,Kolkata
3552,1381,2024-11-07,2,Home,221.21,1,UPI,Delivered,Chennai
3553,1835,2024-03-20,10,Electronics,332.14,1,UPI,Delivered,Kolkata
3554,1589,2024-06-13,178,Home,159.23,1,Card,Delivered,Mumbai
3555,1616,2024-09-08,125,Fashion,624.35,1,UPI,Delivered,Kolkata
3556,1168,2024-01-12,81,Fashion,425.67,4,UPI,Delivered,Kolkata
3557,1216,2024-10-30,140,Beauty,617.15,3,UPI,Delivered,Mumbai
3558,1377,2024-07-30,70,Electronics,764.06,2,UPI,Returned,Mumbai
3559,1118,2024-10-08,150,Sports,550.25,3,UPI,Delivered,Pune
3560,1189,2024-04-21,32,Beauty,631.35,3,UPI,Delivered,Kolkata
3561,1766,2024-07-29,105,Books,935.9,2,UPI,Delivered,Chennai
3562,1369,2024-08-26,84,Home,306.07,1,Card,Delivered,Ahmedabad
3563,1777,2024-09-24,129,Home,365.57,2,UPI,Delivered,Hyderabad
3564,1148,2024-10-24,182,Fashion,720.53,1,UPI,Delivered,Delhi
3565,1675,2024-11-12,58,Books,615.19,2,UPI,Delivered,Ahmedabad
3566,1651,2024-02-27,198,Fashion,186.75,4,COD,Delivered,Mumbai
3567,1858,2024-02-03,146,Books,382.39,3,UPI,Cancelled,Bangalore
3568,1487,2024-09-19,134,Fashion,473.16,1,COD,Delivered,Chennai
3569,1769,2024-12-30,45,Sports,425.2,3,UPI,Cancelled,Hyderabad
3570,1373,2024-02-04,97,Sports,186.49,1,COD,Cancelled,Hyderabad
3571,1780,2024-09-27,23,Beauty,925.19,2,UPI,Delivered,Mumbai
3572,1692,2024-08-14,23,Sports,764.7,2,UPI,Returned,Pune
3573,1159,2024-01-25,154,Books,486.54,2,Card,Delivered,Mumbai
3574,1350,2024-08-21,135,Fashion,683.26,4,Card,Returned,Pune
3575,1911,2024-02-28,79,Books,898.31,2,Card,Delivered,Ahmedabad
3576,1287,2024-09-07,44,Beauty,144.81,2,UPI,Delivered,Bangalore
3577,1287,2024-11-30,27,Beauty,257.87,4,UPI,Delivered,Bangalore
3578,1891,2024-03-26,26,Electronics,547.27,3,Card,Delivered,Mumbai
3579,1225,2024-09-07,97,Sports,801.02,3,COD,Delivered,Delhi
3580,1522,2024-06-28,36,Home,45.89,1,COD,Returned,Ahmedabad
3581,1521,2024-07-25,109,Home,984.18,3,Card,Cancelled,Kolkata
3582,1782,2024-12-09,55,Electronics,460.36,1,UPI,Delivered,Mumbai
3583,1272,2024-05-28,192,Fashion,365.64,1,UPI,Delivered,Mumbai
3584,1935,2024-03-11,185,Electronics,299.8,3,COD,Delivered,Ahmedabad
3585,1401,2024-04-30,69,Fashion,182.61,3,COD,Delivered,Hyderabad
3586,1182,2024-09-09,61,Sports,793.66,4,COD,Delivered,Mumbai
3587,1968,2024-04-02,130,Sports,955.86,1,Card,Delivered,Mumbai
3588,1664,2024-09-12,55,Beauty,419.51,3,COD,Delivered,Mumbai
3589,1487,2024-09-10,122,Beauty,952.9,3,COD,Delivered,Delhi
3590,1826,2024-12-17,97,Beauty,825.56,4,Card,Delivered,Hyderabad
3591,1845,2024-10-14,80,Beauty,486.24,3,Card,Delivered,Chennai
3592,1123,2024-11-04,87,Home,677.29,2,UPI,Delivered,Ahmedabad
3593,1984,2024-02-28,38,Beauty,440.63,2,Card,Delivered,Chennai
3594,1625,2024-03-09,119,Beauty,563.14,1,COD,Delivered,Chennai
3595,1789,2024-03-26,78,Beauty,67.47,4,UPI,Delivered,Chennai
3596,1413,2024-09-30,157,Fashion,699.3,3,Card,Delivered,Hyderabad
3597,1979,2024-08-14,154,Books,62.3,1,UPI,Delivered,Mumbai
3598,1724,2024-03-21,35,Beauty,818.91,3,COD,Delivered,Chennai
3599,1171,2024-04-23,79,Electronics,826.7,2,Card,Delivered,Ahmedabad
3600,1287,2024-07-02,67,Beauty,244.71,3,COD,Delivered,Mumbai
3601,1434,2024-10-06,87,Beauty,330.43,3,Card,Delivered,Kolkata
3602,1685,2024-11-17,157,Home,486.5,3,UPI,Delivered,Kolkata
3603,1112,2024-11-13,34,Books,600.7,2,UPI,Returned,Chennai
3604,1887,2024-02-23,97,Beauty,294.48,2,Card,Delivered,Delhi
3605,1916,2024-07-15,169,Books,596.56,4,UPI,Delivered,Ahmedabad
3606,1994,2024-10-19,169,Fashion,304.81,2,Card,Returned,Mumbai
3607,1121,2024-10-19,151,Sports,64.94,1,UPI,Delivered,Hyderabad
3608,1543,2024-10-17,71,Books,12.5,3,COD,Delivered,Pune
3609,1221,2024-06-28,3,Books,110.14,2,UPI,Delivered,Delhi
3610,1630,2024-08-09,58,Beauty,794.33,1,COD,Delivered,Ahmedabad
3611,1038,2024-09-30,32,Beauty,961.82,2,Card,Delivered,Pune
3612,1496,2024-08-31,31,Beauty,432.7,3,UPI,Delivered,Delhi
3613,1779,2024-06-02,82,Home,517.56,1,Card,Delivered,Hyderabad
3614,1232,2024-10-30,43,Sports,155.38,2,COD,Delivered,Delhi
3615,1942,2024-09-29,135,Home,555.52,2,Card,Delivered,Kolkata
3616,1529,2024-05-14,105,Home,153.21,1,UPI,Delivered,Mumbai
3617,1148,2024-11-08,1,Home,615.1,4,COD,Delivered,Bangalore
3618,1396,2024-01-08,61,Fashion,933.93,1,UPI,Delivered,Bangalore
3619,1660,2024-05-07,14,Sports,203.74,1,UPI,Delivered,Chennai
3620,1637,2024-02-25,180,Fashion,766.92,1,Card,Delivered,Kolkata
3621,1903,2024-05-05,6,Fashion,33.27,1,UPI,Delivered,Chennai
3622,1301,2024-06-07,103,Sports,381.74,2,Card,Delivered,Mumbai
3623,1359,2024-02-28,10,Fashion,119.64,1,Card,Delivered,Hyderabad
3624,1237,2024-02-27,71,Sports,358.95,1,Card,Delivered,Mumbai
3625,1646,2024-05-19,90,Books,181.8,3,UPI,Delivered,Chennai
3626,1662,2024-06-24,158,Books,379.57,2,Card,Delivered,Delhi
3627,1235,2024-04-17,149,Beauty,423.35,3,Card,Delivered,Pune
3628,1735,2024-07-29,126,Home,307.59,2,Card,Delivered,Kolkata
3629,1202,2024-03-14,188,Books,660.06,4,COD,Delivered,Mumbai
3630,1255,2024-06-15,97,Books,919.66,4,UPI,Delivered,Mumbai
3631,1597,2024-12-22,74,Fashion,406.59,2,Card,Delivered,Hyderabad
3632,1661,2024-10-30,115,Sports,200.42,4,Card,Returned,Chennai
3633,1234,2024-08-20,191,Electronics,278.02,4,Card,Delivered,Ahmedabad
3634,1344,2024-11-22,170,Fashion,855.46,2,Card,Delivered,Mumbai
3635,1533,2024-06-30,51,Fashion,575.92,1,UPI,Delivered,Delhi
3636,1859,2024-05-01,192,Sports,460.46,3,UPI,Delivered,Pune
3637,1796,2024-11-29,56,Electronics,158.14,2,Card,Delivered,Delhi
3638,1780,2024-07-21,41,Electronics,455.23,2,UPI,Delivered,Bangalore
3639,1465,2024-01-29,32,Beauty,285.71,2,UPI,Delivered,Chennai
3640,1769,2024-07-20,15,Fashion,943.73,3,Card,Delivered,Delhi
3641,1540,2024-04-02,62,Home,885.23,2,COD,Delivered,Hyderabad
3642,1212,2024-11-24,155,Books,93.06,3,UPI,Delivered,Pune
3643,1462,2024-12-21,28,Fashion,521.49,3,COD,Delivered,Chennai
3644,1435,2024-06-24,64,Home,232.81,4,UPI,Delivered,Delhi
3645,1282,2024-11-25,187,Home,416.67,1,Card,Delivered,Mumbai
3646,1561,2024-07-29,186,Sports,878.08,4,Card,Cancelled,Chennai
3647,1606,2024-07-02,130,Fashion,532.24,2,UPI,Cancelled,Delhi
3648,1462,2024-04-04,127,Sports,340.87,2,COD,Delivered,Ahmedabad
3649,1406,2024-09-29,36,Beauty,215.81,3,UPI,Delivered,Kolkata
3650,1087,2024-05-16,114,Home,802.32,4,UPI,Delivered,Mumbai
3651,1043,2024-08-24,199,Electronics,628.27,3,Card,Returned,Bangalore
3652,1460,2024-12-18,13,Home,473.38,4,Card,Cancelled,Pune
3653,1277,2024-09-21,15,Beauty,225.31,4,COD,Delivered,Chennai
3654,1682,2024-05-14,89,Home,340.9,4,UPI,Delivered,Chennai
3655,1420,2024-05-23,188,Sports,960.24,4,UPI,Delivered,Delhi
3656,1700,2024-01-19,22,Fashion,524.89,4,UPI,Delivered,Bangalore
3657,1352,2024-08-18,191,Electronics,406.69,1,Card,Returned,Hyderabad
3658,1695,2024-05-13,74,Sports,526.21,2,Card,Delivered,Delhi
3659,1514,2024-04-23,25,Books,781.2,4,COD,Delivered,Delhi
3660,1702,2024-05-18,101,Fashion,346.71,4,Card,Delivered,Hyderabad
3661,1629,2024-05-04,176,Electronics,186.92,3,COD,Delivered,Ahmedabad
3662,1018,2024-07-22,171,Beauty,589.09,2,COD,Delivered,Hyderabad
3663,1022,2024-03-01,117,Home,668.55,2,UPI,Delivered,Hyderabad
3664,1412,2024-09-06,166,Electronics,715.59,2,UPI,Delivered,Pune
3665,1029,2024-10-24,41,Books,883.17,4,UPI,Delivered,Hyderabad
3666,1806,2024-01-13,173,Beauty,377.46,3,UPI,Returned,Kolkata
3667,1107,2024-09-11,88,Fashion,84.6,2,Card,Returned,Hyderabad
3668,1366,2024-03-25,168,Electronics,958.77,3,UPI,Delivered,Mumbai
3669,1280,2024-01-20,110,Beauty,440.66,1,UPI,Delivered,Mumbai
3670,1127,2024-02-19,120,Fashion,627.02,1,UPI,Delivered,Hyderabad
3671,1228,2024-06-12,97,Sports,669.64,3,UPI,Delivered,Pune
3672,1110,2024-04-01,145,Home,551.05,4,UPI,Delivered,Pune
3673,1135,2024-03-28,57,Beauty,213.2,2,UPI,Delivered,Bangalore
3674,1361,2024-03-09,130,Sports,757.59,1,UPI,Delivered,Pune
3675,1185,2024-02-06,96,Books,805.71,1,UPI,Delivered,Kolkata
3676,1655,2024-09-09,121,Books,557.45,3,COD,Delivered,Kolkata
3677,1583,2024-09-08,62,Fashion,493.68,4,UPI,Delivered,Bangalore
3678,1128,2024-05-19,137,Electronics,122.8,3,COD,Cancelled,Hyderabad
3679,1875,2024-12-20,68,Home,93.11,3,Card,Delivered,Pune
3680,1260,2024-06-16,81,Fashion,346.17,3,UPI,Returned,Mumbai
3681,1514,2024-02-23,17,Beauty,317.74,3,Card,Delivered,Bangalore
3682,1448,2024-06-26,117,Home,954.12,3,UPI,Delivered,Mumbai
3683,1899,2024-10-23,50,Sports,785.79,4,UPI,Delivered,Kolkata
3684,1103,2024-10-27,112,Home,663.33,3,Card,Delivered,Delhi
3685,1482,2024-12-24,94,Sports,522.47,4,COD,Delivered,Ahmedabad
3686,1223,2024-04-15,168,Fashion,175.69,2,COD,Delivered,Kolkata
3687,1831,2024-05-16,186,Electronics,978.67,2,Card,Delivered,Kolkata
3688,1873,2024-07-08,85,Books,381.29,2,UPI,Delivered,Mumbai
3689,1865,2024-05-07,149,Home,115.86,2,UPI,Delivered,Hyderabad
3690,1490,2024-12-07,146,Electronics,498.86,1,Card,Delivered,Pune
3691,1472,2024-02-16,183,Electronics,875.26,4,COD,Delivered,Kolkata
3692,1009,2024-01-05,157,Books,888.42,2,UPI,Returned,Pune
3693,1404,2024-09-13,152,Home,20.86,1,COD,Delivered,Ahmedabad
3694,1895,2024-10-26,74,Home,887.43,4,UPI,Delivered,Chennai
3695,1301,2024-05-29,109,Electronics,278.77,1,Card,Delivered,Ahmedabad
3696,1230,2024-10-20,145,Beauty,48.58,1,COD,Delivered,Ahmedabad
3697,1730,2024-08-30,18,Beauty,849.31,3,COD,Delivered,Hyderabad
3698,1922,2024-10-01,42,Home,865.23,1,Card,Delivered,Ahmedabad
3699,1065,2024-07-26,101,Electronics,600.27,1,UPI,Delivered,Delhi
3700,1936,2024-04-24,45,Electronics,578.69,4,UPI,Delivered,Pune
3701,1111,2024-07-13,82,Fashion,814.99,1,UPI,Delivered,Mumbai
3702,1012,2024-12-08,17,Electronics,788.45,3,Card,Delivered,Bangalore
3703,1392,2024-06-18,73,Books,891.2,2,Card,Delivered,Kolkata
3704,1499,2024-03-22,14,Beauty,557.22,2,Card,Delivered,Hyderabad
3705,1931,2024-06-02,177,Fashion,967.97,4,UPI,Delivered,Ahmedabad
3706,1597,2024-05-20,157,Books,996.19,4,UPI,Returned,Pune
3707,1233,2024-11-09,132,Beauty,125.38,1,Card,Delivered,Bangalore
3708,1601,2024-05-25,82,Books,851.05,4,COD,Delivered,Mumbai
3709,1313,2024-11-18,148,Sports,504.82,1,UPI,Cancelled,Ahmedabad
3710,1565,2024-05-01,120,Home,393.69,4,COD,Cancelled,Pune
3711,1011,2024-09-08,120,Sports,616.94,2,UPI,Delivered,Ahmedabad
3712,1208,2024-12-08,47,Home,65.41,2,Card,Cancelled,Ahmedabad
3713,1973,2024-11-06,107,Beauty,511.4,2,COD,Delivered,Delhi
3714,1013,2024-03-29,108,Beauty,872.18,2,UPI,Cancelled,Kolkata
3715,1632,2024-02-27,9,Sports,221.33,1,UPI,Delivered,Kolkata
3716,1417,2024-03-03,79,Books,432.13,1,UPI,Delivered,Hyderabad
3717,1436,2024-12-12,155,Home,940.09,1,UPI,Delivered,Bangalore
3718,1376,2024-11-03,15,Home,434.28,2,Card,Returned,Pune
3719,1019,2024-10-06,19,Fashion,364.78,3,UPI,Delivered,Kolkata
3720,1586,2024-03-12,90,Electronics,446.13,2,UPI,Delivered,Hyderabad
3721,1911,2024-01-09,180,Books,524.26,2,Card,Delivered,Ahmedabad
3722,1754,2024-04-03,26,Books,635.67,3,Card,Delivered,Pune
3723,1734,2024-12-04,154,Fashion,802.69,3,UPI,Delivered,Hyderabad
3724,1069,2024-12-01,154,Beauty,457.58,4,Card,Delivered,Bangalore
3725,1823,2024-05-31,174,Sports,819.31,2,Card,Delivered,Delhi
3726,1210,2024-12-21,92,Books,538.38,3,UPI,Delivered,Hyderabad
3727,1100,2024-02-09,177,Home,345.1,4,Card,Delivered,Delhi
3728,1697,2024-12-24,82,Fashion,661.37,3,COD,Delivered,Delhi
3729,1131,2024-03-02,181,Sports,720.55,3,UPI,Returned,Kolkata
3730,1622,2024-09-10,131,Sports,562.47,4,Card,Delivered,Kolkata
3731,1380,2024-03-09,194,Books,66.05,2,COD,Delivered,Mumbai
3732,1131,2024-09-01,42,Electronics,178.18,4,COD,Delivered,Pune
3733,1019,2024-12-30,19,Home,292.44,2,Card,Delivered,Bangalore
3734,1905,2024-06-18,17,Sports,289.8,3,Card,Delivered,Ahmedabad
3735,1535,2024-06-26,161,Home,676.69,4,Card,Delivered,Mumbai
3736,1226,2024-07-07,76,Books,28.17,1,Card,Delivered,Chennai
3737,1153,2024-09-16,177,Fashion,758.12,3,UPI,Delivered,Ahmedabad
3738,1804,2024-03-12,184,Sports,272.69,4,UPI,Delivered,Kolkata
3739,1741,2024-01-17,63,Books,316.92,3,UPI,Delivered,Pune
3740,1468,2024-12-06,131,Sports,532.63,4,UPI,Returned,Mumbai
3741,1821,2024-02-26,107,Fashion,223.77,2,UPI,Delivered,Ahmedabad
3742,1999,2024-08-05,49,Home,885.63,1,UPI,Delivered,Hyderabad
3743,1870,2024-04-16,55,Home,94.52,3,COD,Cancelled,Hyderabad
3744,1404,2024-10-30,154,Sports,449.94,1,COD,Delivered,Hyderabad
3745,1201,2024-06-21,99,Books,850.93,2,Card,Delivered,Chennai
3746,1037,2024-08-06,200,Fashion,619.69,4,COD,Delivered,Delhi
3747,1941,2024-09-03,52,Beauty,299.41,1,COD,Delivered,Kolkata
3748,1771,2024-08-05,100,Home,426.55,4,COD,Delivered,Hyderabad
3749,1187,2024-01-31,117,Beauty,709.63,2,UPI,Delivered,Ahmedabad
3750,1056,2024-02-16,118,Sports,973.53,3,UPI,Delivered,Pune
3751,1940,2024-05-13,7,Beauty,894.21,2,Card,Delivered,Pune
3752,1019,2024-04-17,46,Books,349.01,1,UPI,Delivered,Kolkata
3753,1272,2024-03-12,46,Books,998.22,1,COD,Delivered,Mumbai
3754,1118,2024-11-22,100,Beauty,13.47,1,UPI,Delivered,Delhi
3755,1582,2024-04-17,144,Books,37.35,4,UPI,Delivered,Mumbai
3756,1515,2024-11-04,152,Home,825.6,3,UPI,Returned,Mumbai
3757,1220,2024-09-28,189,Sports,207.47,1,Card,Delivered,Hyderabad
3758,1525,2024-06-19,54,Beauty,70.16,1,Card,Delivered,Mumbai
3759,1514,2024-04-25,62,Home,244.78,1,Card,Delivered,Ahmedabad
3760,1727,2024-11-24,129,Beauty,431.84,2,UPI,Delivered,Ahmedabad
3761,1740,2024-03-14,49,Home,733.26,1,Card,Cancelled,Kolkata
3762,1335,2024-09-12,25,Books,628.09,2,Card,Cancelled,Chennai
3763,1697,2024-03-21,10,Books,245.25,1,Card,Delivered,Pune
3764,1054,2024-09-24,118,Sports,508.24,2,UPI,Delivered,Pune
3765,1499,2024-05-07,144,Books,926.95,4,UPI,Delivered,Pune
3766,1899,2024-11-21,186,Fashion,816.86,4,UPI,Delivered,Kolkata
3767,1887,2024-08-22,200,Home,329.96,2,Card,Delivered,Ahmedabad
3768,1765,2024-02-10,157,Home,982.44,3,UPI,Delivered,Ahmedabad
3769,1535,2024-06-29,92,Beauty,711.53,3,UPI,Delivered,Delhi
3770,1161,2024-06-05,134,Sports,71.82,2,UPI,Cancelled,Hyderabad
3771,1669,2024-02-28,144,Electronics,44.81,4,Card,Delivered,Hyderabad
3772,1593,2024-12-10,148,Books,176.72,2,Card,Delivered,Kolkata
3773,1914,2024-09-05,80,Electronics,730.58,3,Card,Delivered,Mumbai
3774,1158,2024-07-10,71,Fashion,191.9,2,Card,Delivered,Mumbai
3775,1187,2024-01-24,78,Sports,516.37,4,UPI,Delivered,Bangalore
3776,1059,2024-03-20,43,Home,102.33,3,UPI,Delivered,Bangalore
3777,1914,2024-05-13,154,Electronics,921.68,3,UPI,Delivered,Hyderabad
3778,1816,2024-07-31,90,Fashion,350.52,1,UPI,Delivered,Kolkata
3779,1318,2024-12-13,78,Sports,909.05,1,COD,Delivered,Hyderabad
3780,1877,2024-06-14,199,Fashion,945.43,3,Card,Delivered,Mumbai
3781,1210,2024-12-13,161,Books,16.07,3,Card,Cancelled,Kolkata
3782,1405,2024-12-02,26,Electronics,469.49,2,UPI,Delivered,Ahmedabad
3783,1663,2024-03-11,121,Beauty,34.41,4,UPI,Delivered,Chennai
3784,1108,2024-08-01,45,Beauty,909.61,3,UPI,Delivered,Chennai
3785,1075,2024-03-05,63,Sports,523.22,4,Card,Delivered,Pune
3786,1541,2024-08-08,195,Fashion,84.19,3,UPI,Delivered,Mumbai
3787,1313,2024-11-03,180,Home,119.17,4,UPI,Cancelled,Kolkata
3788,1997,2024-10-12,68,Electronics,389.67,1,Card,Delivered,Bangalore
3789,1116,2024-07-03,154,Beauty,940.83,3,COD,Delivered,Ahmedabad
3790,1926,2024-07-25,2,Beauty,695.98,2,UPI,Delivered,Bangalore
3791,1867,2024-04-08,142,Fashion,868.94,4,UPI,Delivered,Chennai
3792,1703,2024-08-29,108,Beauty,372.79,3,UPI,Delivered,Hyderabad
3793,1018,2024-06-06,30,Fashion,52.78,1,Card,Delivered,Mumbai
3794,1431,2024-04-07,49,Electronics,974.57,1,UPI,Delivered,Pune
3795,1684,2024-02-11,140,Fashion,27.0,1,Card,Delivered,Ahmedabad
3796,1739,2024-05-18,44,Beauty,948.18,1,Card,Delivered,Pune
3797,1349,2024-10-09,161,Fashion,374.99,3,UPI,Returned,Hyderabad
3798,1182,2024-08-14,13,Beauty,19.99,2,UPI,Delivered,Bangalore
3799,1112,2024-03-12,78,Books,692.27,4,UPI,Delivered,Chennai
3800,1182,2024-08-30,126,Sports,980.73,2,UPI,Delivered,Hyderabad
3801,1480,2024-01-18,98,Beauty,965.97,4,UPI,Cancelled,Bangalore
3802,1145,2024-03-17,26,Beauty,169.33,2,Card,Delivered,Bangalore
3803,1830,2024-02-14,149,Beauty,189.44,3,Card,Cancelled,Kolkata
3804,1627,2024-12-08,156,Sports,569.88,3,UPI,Delivered,Pune
3805,1112,2024-05-19,48,Books,640.93,4,Card,Delivered,Bangalore
3806,1762,2024-06-25,168,Home,742.02,3,UPI,Delivered,Hyderabad
3807,1475,2024-08-09,66,Beauty,189.24,4,Card,Returned,Delhi
3808,1762,2024-04-01,87,Home,959.42,2,COD,Delivered,Chennai
3809,1302,2024-01-22,79,Electronics,642.35,3,COD,Delivered,Bangalore
3810,1970,2024-06-20,23,Books,848.58,3,UPI,Delivered,Hyderabad
3811,1824,2024-04-01,81,Fashion,544.67,4,Card,Delivered,Ahmedabad
3812,1117,2024-07-10,48,Home,420.13,4,Card,Returned,Pune
3813,1812,2024-03-17,124,Books,977.41,4,UPI,Delivered,Mumbai
3814,1160,2024-10-07,130,Electronics,586.3,4,Card,Delivered,Pune
3815,1400,2024-12-29,84,Books,868.2,1,COD,Delivered,Kolkata
3816,1197,2024-06-27,20,Fashion,953.76,4,UPI,Delivered,Chennai
3817,1259,2024-08-25,187,Beauty,678.6,1,UPI,Delivered,Mumbai
3818,1659,2024-05-14,46,Beauty,553.45,2,Card,Delivered,Mumbai
3819,1751,2024-12-30,131,Beauty,13.48,4,UPI,Delivered,Pune
3820,1046,2024-10-06,183,Sports,49.62,1,UPI,Delivered,Hyderabad
3821,1986,2024-01-19,12,Sports,208.84,1,UPI,Delivered,Pune
3822,1398,2024-03-23,40,Sports,194.15,1,UPI,Cancelled,Ahmedabad
3823,1709,2024-08-15,66,Sports,262.21,3,UPI,Delivered,Delhi
3824,1558,2024-09-21,100,Electronics,311.89,1,UPI,Delivered,Hyderabad
3825,1077,2024-04-21,78,Books,366.46,4,UPI,Cancelled,Hyderabad
3826,1123,2024-09-07,16,Electronics,426.33,4,Card,Delivered,Chennai
3827,1074,2024-06-12,83,Beauty,107.88,4,UPI,Delivered,Ahmedabad
3828,1870,2024-12-23,162,Fashion,51.94,1,UPI,Delivered,Kolkata
3829,1136,2024-06-16,44,Sports,677.21,1,UPI,Delivered,Kolkata
3830,1601,2024-08-08,134,Books,541.96,3,UPI,Delivered,Hyderabad
3831,1399,2024-10-30,192,Fashion,449.7,2,UPI,Delivered,Ahmedabad
3832,1836,2024-07-09,100,Electronics,638.1,3,UPI,Delivered,Ahmedabad
3833,1504,2024-11-20,22,Sports,829.4,4,Card,Delivered,Ahmedabad
3834,1499,2024-06-18,18,Electronics,433.42,4,UPI,Delivered,Chennai
3835,1572,2024-02-14,12,Electronics,644.71,4,UPI,Delivered,Bangalore
3836,1137,2024-01-14,180,Home,954.04,3,Card,Delivered,Chennai
3837,1049,2024-08-18,123,Books,841.23,4,UPI,Delivered,Kolkata
3838,1770,2024-06-05,117,Electronics,431.74,4,Card,Cancelled,Hyderabad
3839,1972,2024-05-13,51,Beauty,648.27,4,COD,Delivered,Bangalore
3840,1618,2024-02-06,71,Electronics,185.3,1,UPI,Delivered,Bangalore
3841,1624,2024-02-22,48,Sports,564.92,2,COD,Delivered,Delhi
3842,1861,2024-01-18,19,Beauty,981.52,1,COD,Delivered,Pune
3843,1253,2024-02-07,6,Electronics,523.13,1,UPI,Delivered,Hyderabad
3844,1629,2024-07-05,84,Beauty,928.36,2,COD,Delivered,Mumbai
3845,1709,2024-07-14,155,Electronics,413.26,2,Card,Delivered,Pune
3846,1848,2024-08-30,53,Books,998.86,3,COD,Cancelled,Hyderabad
3847,1876,2024-10-26,107,Beauty,583.43,2,Card,Delivered,Mumbai
3848,1562,2024-10-29,101,Fashion,51.85,3,Card,Cancelled,Pune
3849,1756,2024-02-04,48,Home,590.89,3,UPI,Returned,Kolkata
3850,1914,2024-08-02,135,Beauty,281.83,1,UPI,Delivered,Delhi
3851,1425,2024-08-06,187,Sports,42.16,4,UPI,Cancelled,Hyderabad
3852,1546,2024-11-11,69,Home,822.64,1,UPI,Delivered,Pune
3853,1301,2024-03-30,11,Home,282.97,1,COD,Delivered,Delhi
3854,1921,2024-11-03,143,Electronics,798.58,2,UPI,Delivered,Mumbai
3855,1580,2024-09-08,192,Beauty,295.34,2,Card,Delivered,Chennai
3856,1348,2024-01-08,131,Books,202.38,3,UPI,Returned,Kolkata
3857,1831,2024-09-12,122,Home,974.2,3,UPI,Delivered,Hyderabad
3858,1932,2024-12-28,69,Sports,368.03,3,Card,Delivered,Bangalore
3859,1979,2024-07-26,23,Books,605.36,2,UPI,Delivered,Bangalore
3860,1048,2024-05-10,181,Books,613.88,3,COD,Delivered,Delhi
3861,1916,2024-08-11,37,Sports,564.87,3,UPI,Delivered,Kolkata
3862,1073,2024-07-15,9,Sports,915.55,2,UPI,Cancelled,Chennai
3863,1703,2024-05-21,15,Electronics,677.7,4,UPI,Cancelled,Bangalore
3864,1260,2024-09-08,131,Fashion,409.7,1,UPI,Delivered,Ahmedabad
3865,1355,2024-04-05,93,Beauty,863.76,2,UPI,Delivered,Bangalore
3866,1581,2024-01-26,198,Home,189.25,3,UPI,Delivered,Ahmedabad
3867,1601,2024-04-20,17,Beauty,548.79,1,Card,Delivered,Hyderabad
3868,1259,2024-05-02,154,Books,951.04,2,UPI,Delivered,Bangalore
3869,1637,2024-07-04,149,Home,629.14,1,UPI,Delivered,Kolkata
3870,1742,2024-06-16,72,Electronics,818.8,1,COD,Delivered,Kolkata
3871,1294,2024-02-20,149,Beauty,657.03,4,UPI,Delivered,Ahmedabad
3872,1930,2024-01-05,121,Electronics,840.98,3,UPI,Delivered,Mumbai
3873,1640,2024-03-17,11,Electronics,945.04,2,Card,Delivered,Delhi
3874,1791,2024-06-08,166,Beauty,280.19,3,Card,Delivered,Kolkata
3875,1312,2024-07-26,72,Beauty,177.96,4,Card,Returned,Pune
3876,1611,2024-09-13,106,Home,489.15,4,COD,Delivered,Bangalore
3877,1837,2024-07-23,125,Books,704.84,2,UPI,Delivered,Hyderabad
3878,1808,2024-09-11,35,Books,234.92,2,UPI,Delivered,Ahmedabad
3879,1181,2024-01-11,119,Sports,14.06,4,UPI,Delivered,Pune
3880,1685,2024-01-08,14,Electronics,349.51,2,COD,Delivered,Mumbai
3881,1827,2024-02-01,14,Books,969.17,1,UPI,Delivered,Ahmedabad
3882,1363,2024-01-28,10,Fashion,698.02,1,Card,Delivered,Pune
3883,1187,2024-07-24,140,Home,407.31,4,Card,Delivered,Ahmedabad
3884,1568,2024-08-15,38,Home,200.65,3,UPI,Delivered,Bangalore
3885,1542,2024-05-07,108,Sports,362.53,2,UPI,Returned,Delhi
3886,1595,2024-09-11,119,Sports,178.14,2,UPI,Delivered,Delhi
3887,1663,2024-07-30,34,Electronics,115.24,1,UPI,Delivered,Kolkata
3888,1984,2024-08-26,169,Home,907.67,2,UPI,Delivered,Delhi
3889,1547,2024-07-25,10,Home,997.67,3,UPI,Delivered,Bangalore
3890,1724,2024-11-13,122,Fashion,172.47,2,Card,Delivered,Mumbai
3891,1925,2024-10-09,145,Electronics,63.98,2,COD,Delivered,Kolkata
3892,1407,2024-09-01,145,Electronics,336.43,1,Card,Delivered,Chennai
3893,1875,2024-02-14,195,Books,467.04,2,Card,Delivered,Pune
3894,1617,2024-04-14,190,Sports,212.77,4,UPI,Cancelled,Kolkata
3895,1413,2024-12-13,115,Books,308.41,4,UPI,Delivered,Delhi
3896,1341,2024-10-07,1,Electronics,208.86,3,UPI,Delivered,Mumbai
3897,1219,2024-08-21,12,Fashion,776.52,3,UPI,Delivered,Ahmedabad
3898,1902,2024-07-07,103,Electronics,715.45,3,Card,Delivered,Ahmedabad
3899,1162,2024-02-13,4,Books,638.6,3,COD,Delivered,Hyderabad
3900,1950,2024-08-12,170,Beauty,393.35,1,UPI,Delivered,Hyderabad
3901,1219,2024-05-21,141,Beauty,909.95,2,UPI,Delivered,Ahmedabad
3902,1269,2024-05-15,98,Fashion,969.84,1,UPI,Delivered,Mumbai
3903,1631,2024-06-24,106,Sports,181.9,3,UPI,Delivered,Hyderabad
3904,1905,2024-05-21,85,Home,230.78,2,Card,Delivered,Hyderabad
3905,1847,2024-03-20,121,Electronics,530.37,4,Card,Delivered,Delhi
3906,1399,2024-03-22,132,Books,100.34,1,Card,Cancelled,Bangalore
3907,1181,2024-05-14,82,Sports,442.08,2,Card,Delivered,Bangalore
3908,1990,2024-07-25,197,Books,585.97,4,UPI,Delivered,Bangalore
3909,1617,2024-12-09,19,Sports,526.85,4,COD,Delivered,Bangalore
3910,1728,2024-06-25,130,Electronics,337.6,3,Card,Delivered,Mumbai
3911,1204,2024-08-30,12,Home,547.02,4,UPI,Delivered,Kolkata
3912,1581,2024-02-24,81,Electronics,959.21,4,UPI,Delivered,Delhi
3913,1555,2024-05-20,74,Home,213.96,3,COD,Returned,Mumbai
3914,1840,2024-02-25,98,Books,658.28,2,UPI,Delivered,Ahmedabad
3915,1812,2024-01-15,6,Fashion,52.96,2,Card,Delivered,Pune
3916,1227,2024-07-03,136,Home,75.75,3,UPI,Delivered,Pune
3917,1695,2024-11-09,125,Sports,556.31,1,COD,Cancelled,Hyderabad
3918,1618,2024-03-28,51,Fashion,113.89,3,Card,Delivered,Ahmedabad
3919,1595,2024-04-06,11,Books,32.12,2,Card,Delivered,Delhi
3920,1849,2024-05-23,191,Beauty,179.8,1,COD,Delivered,Chennai
3921,1249,2024-01-08,185,Fashion,569.2,3,COD,Delivered,Ahmedabad
3922,1874,2024-08-02,127,Home,706.31,2,COD,Delivered,Bangalore
3923,1440,2024-06-21,140,Fashion,210.45,2,UPI,Delivered,Pune
3924,1532,2024-08-10,73,Books,671.58,2,UPI,Delivered,Pune
3925,1195,2024-02-09,2,Fashion,190.65,4,UPI,Cancelled,Ahmedabad
3926,1689,2024-06-30,8,Books,617.32,4,UPI,Delivered,Hyderabad
3927,1928,2024-09-26,139,Beauty,417.84,1,COD,Delivered,Bangalore
3928,1986,2024-07-05,124,Home,657.26,1,COD,Delivered,Bangalore
3929,1518,2024-09-01,53,Sports,995.1,1,UPI,Delivered,Bangalore
3930,1069,2024-11-04,10,Fashion,938.44,4,UPI,Delivered,Kolkata
3931,1638,2024-08-18,112,Electronics,14.24,1,UPI,Delivered,Pune
3932,1398,2024-06-03,8,Sports,886.58,2,UPI,Cancelled,Ahmedabad
3933,1977,2024-06-23,36,Fashion,75.83,2,UPI,Delivered,Chennai
3934,1671,2024-12-01,106,Sports,953.52,1,Card,Delivered,Hyderabad
3935,1759,2024-04-24,14,Electronics,289.01,1,Card,Delivered,Ahmedabad
3936,1202,2024-11-06,182,Sports,388.21,4,COD,Delivered,Bangalore
3937,1147,2024-10-26,86,Sports,100.72,2,UPI,Delivered,Bangalore
3938,1471,2024-01-18,149,Electronics,121.15,3,UPI,Delivered,Delhi
3939,1654,2024-09-28,50,Electronics,729.47,3,COD,Delivered,Bangalore
3940,1943,2024-01-12,167,Electronics,944.89,4,UPI,Delivered,Delhi
3941,1198,2024-10-27,20,Beauty,614.64,4,UPI,Delivered,Hyderabad
3942,1916,2024-07-10,87,Books,718.69,4,UPI,Delivered,Hyderabad
3943,1425,2024-08-19,135,Books,764.35,2,COD,Delivered,Hyderabad
3944,1665,2024-04-02,137,Electronics,270.19,1,Card,Cancelled,Delhi
3945,1491,2024-08-05,129,Books,54.78,1,COD,Delivered,Pune
3946,1887,2024-10-04,154,Sports,11.85,4,UPI,Returned,Pune
3947,1895,2024-12-18,166,Electronics,357.14,2,Card,Delivered,Kolkata
3948,1141,2024-10-29,38,Fashion,249.05,3,Card,Returned,Chennai
3949,1312,2024-01-29,189,Electronics,71.69,4,UPI,Delivered,Kolkata
3950,1164,2024-10-27,44,Electronics,187.73,2,COD,Delivered,Chennai
3951,1313,2024-03-17,86,Books,133.25,4,Card,Returned,Kolkata
3952,1020,2024-01-09,44,Home,915.73,2,COD,Delivered,Ahmedabad
3953,1081,2024-01-24,74,Sports,148.86,2,COD,Delivered,Pune
3954,1580,2024-01-15,119,Books,542.27,4,UPI,Cancelled,Kolkata
3955,1130,2024-06-12,190,Sports,597.17,1,Card,Delivered,Pune
3956,1598,2024-01-13,122,Fashion,548.05,4,UPI,Delivered,Bangalore
3957,1729,2024-12-12,134,Beauty,108.07,1,Card,Delivered,Hyderabad
3958,1932,2024-06-20,145,Home,325.61,1,Card,Delivered,Pune
3959,1983,2024-12-22,51,Fashion,60.76,3,Card,Cancelled,Ahmedabad
3960,1304,2024-11-22,38,Fashion,401.71,2,UPI,Delivered,Mumbai
3961,1914,2024-07-18,152,Sports,196.71,4,Card,Delivered,Pune
3962,1370,2024-03-16,51,Home,566.02,2,UPI,Delivered,Bangalore
3963,1856,2024-06-12,10,Sports,695.88,3,UPI,Returned,Pune
3964,1852,2024-03-01,120,Beauty,536.8,1,COD,Delivered,Chennai
3965,1383,2024-09-01,200,Sports,439.89,4,UPI,Delivered,Chennai
3966,1907,2024-06-03,149,Electronics,393.46,2,UPI,Delivered,Kolkata
3967,1444,2024-09-13,70,Sports,843.27,3,UPI,Cancelled,Hyderabad
3968,1424,2024-08-31,85,Electronics,227.17,1,UPI,Delivered,Delhi
3969,1160,2024-06-10,57,Fashion,736.88,1,UPI,Cancelled,Ahmedabad
3970,1177,2024-03-08,126,Beauty,759.91,2,Card,Returned,Ahmedabad
3971,1628,2024-12-09,39,Books,425.01,1,Card,Delivered,Bangalore
3972,1707,2024-10-03,33,Electronics,304.33,3,UPI,Delivered,Delhi
3973,1894,2024-06-09,187,Beauty,475.84,1,UPI,Delivered,Chennai
3974,1489,2024-09-15,18,Sports,102.28,4,UPI,Delivered,Kolkata
3975,1326,2024-11-02,184,Books,55.47,4,Card,Delivered,Hyderabad
3976,1597,2024-11-30,57,Sports,120.49,2,UPI,Delivered,Chennai
3977,1288,2024-04-04,96,Fashion,195.27,3,UPI,Delivered,Hyderabad
3978,1592,2024-09-02,48,Sports,509.14,1,UPI,Returned,Pune
3979,1663,2024-08-08,42,Electronics,850.65,1,UPI,Delivered,Ahmedabad
3980,1572,2024-05-02,27,Fashion,243.29,1,Card,Delivered,Mumbai
3981,1572,2024-07-05,74,Beauty,935.81,4,UPI,Delivered,Delhi
3982,1353,2024-09-18,110,Fashion,955.36,3,UPI,Delivered,Bangalore
3983,1027,2024-09-29,180,Beauty,959.32,1,UPI,Delivered,Hyderabad
3984,1953,2024-02-29,170,Home,839.19,2,COD,Delivered,Pune
3985,1042,2024-05-04,32,Electronics,370.19,3,Card,Cancelled,Pune
3986,1680,2024-12-02,26,Electronics,81.96,3,UPI,Delivered,Kolkata
3987,1422,2024-12-06,25,Beauty,573.13,1,UPI,Delivered,Kolkata
3988,1597,2024-02-20,75,Sports,563.09,4,COD,Returned,Mumbai
3989,1176,2024-06-26,23,Books,851.48,3,UPI,Delivered,Pune
3990,1528,2024-05-18,57,Sports,996.03,2,COD,Delivered,Pune
3991,1609,2024-11-22,180,Home,513.08,3,UPI,Delivered,Mumbai
3992,1965,2024-06-18,126,Beauty,351.75,4,UPI,Delivered,Ahmedabad
3993,1493,2024-02-08,87,Home,194.04,2,Card,Delivered,Delhi
3994,1197,2024-03-09,31,Beauty,14.75,4,Card,Delivered,Pune
3995,1609,2024-08-23,64,Home,514.02,1,COD,Cancelled,Hyderabad
3996,1576,2024-02-17,199,Beauty,559.96,3,COD,Delivered,Bangalore
3997,1841,2024-02-26,33,Electronics,826.69,2,UPI,Delivered,Bangalore
3998,1852,2024-10-03,2,Home,509.53,4,Card,Delivered,Bangalore
3999,1516,2024-12-03,18,Home,917.3,1,COD,Delivered,Chennai
4000,1513,2024-04-08,175,Beauty,631.8,2,Card,Delivered,Ahmedabad
4001,1021,2024-01-15,161,Fashion,841.93,3,UPI,Delivered,Kolkata
4002,1111,2024-11-20,84,Fashion,156.82,3,UPI,Delivered,Chennai
4003,1056,2024-06-27,35,Electronics,856.78,4,UPI,Delivered,Hyderabad
4004,1065,2024-11-27,179,Sports,678.39,2,COD,Delivered,Kolkata
4005,1841,2024-03-02,114,Sports,178.53,1,UPI,Delivered,Pune
4006,1097,2024-04-28,146,Electronics,197.87,1,UPI,Delivered,Pune
4007,1143,2024-02-06,110,Sports,927.24,1,COD,Delivered,Kolkata
4008,1879,2024-05-13,88,Books,41.89,4,UPI,Delivered,Bangalore
4009,1434,2024-01-26,72,Books,467.91,1,Card,Delivered,Mumbai
4010,1636,2024-01-08,125,Books,320.34,2,COD,Delivered,Pune
4011,1678,2024-01-04,30,Books,668.43,4,UPI,Delivered,Ahmedabad
4012,1085,2024-01-21,172,Beauty,841.23,3,UPI,Delivered,Bangalore
4013,1587,2024-05-28,53,Fashion,366.77,4,UPI,Delivered,Hyderabad
4014,1343,2024-01-25,138,Electronics,432.63,4,Card,Delivered,Bangalore
4015,1935,2024-05-22,87,Beauty,982.1,4,Card,Delivered,Delhi
4016,1293,2024-09-01,180,Books,786.08,2,UPI,Delivered,Bangalore
4017,1955,2024-02-12,177,Electronics,898.23,3,UPI,Delivered,Ahmedabad
4018,1570,2024-10-19,139,Fashion,444.37,3,Card,Delivered,Pune
4019,1649,2024-07-03,194,Sports,241.74,4,UPI,Cancelled,Kolkata
4020,1610,2024-02-11,186,Beauty,417.74,4,Card,Cancelled,Pune
4021,1703,2024-04-01,164,Fashion,718.93,4,Card,Delivered,Mumbai
4022,1242,2024-11-12,161,Electronics,118.34,2,Card,Delivered,Hyderabad
4023,1830,2024-11-19,175,Home,277.76,2,COD,Delivered,Kolkata
4024,1560,2024-02-22,13,Beauty,56.17,1,UPI,Delivered,Kolkata
4025,1959,2024-03-24,40,Electronics,438.02,3,UPI,Cancelled,Kolkata
4026,1031,2024-02-03,89,Electronics,829.17,1,Card,Delivered,Hyderabad
4027,1390,2024-03-16,68,Fashion,34.42,1,UPI,Delivered,Mumbai
4028,1276,2024-12-18,42,Electronics,678.57,4,Card,Delivered,Hyderabad
4029,1531,2024-07-15,147,Beauty,933.17,2,COD,Delivered,Bangalore
4030,1153,2024-10-12,94,Books,244.56,1,COD,Delivered,Hyderabad
4031,1382,2024-03-28,19,Beauty,696.7,1,Card,Delivered,Bangalore
4032,1067,2024-08-22,186,Electronics,975.35,1,COD,Delivered,Hyderabad
4033,1877,2024-08-19,23,Fashion,962.66,4,UPI,Returned,Pune
4034,1883,2024-01-07,54,Beauty,242.58,4,UPI,Delivered,Ahmedabad
4035,1213,2024-10-18,65,Home,109.33,2,UPI,Cancelled,Bangalore
4036,1654,2024-02-07,140,Books,156.8,1,UPI,Delivered,Bangalore
4037,1375,2024-02-21,24,Sports,705.02,1,UPI,Delivered,Ahmedabad
4038,1743,2024-05-22,34,Fashion,728.5,2,COD,Delivered,Ahmedabad
4039,1212,2024-08-08,53,Fashion,677.49,2,Card,Delivered,Pune
4040,1078,2024-08-27,136,Sports,342.72,2,Card,Delivered,Mumbai
4041,1725,2024-05-22,18,Sports,178.08,3,UPI,Returned,Mumbai
4042,1627,2024-12-14,57,Beauty,584.95,2,UPI,Cancelled,Pune
4043,1603,2024-12-28,112,Electronics,488.84,4,COD,Delivered,Chennai
4044,1781,2024-02-18,5,Electronics,731.55,3,Card,Delivered,Mumbai
4045,1922,2024-10-03,154,Home,446.95,2,Card,Delivered,Bangalore
4046,1380,2024-09-27,158,Books,345.25,4,COD,Delivered,Kolkata
4047,1679,2024-01-14,182,Electronics,300.54,2,Card,Delivered,Bangalore
4048,1057,2024-10-24,13,Home,219.36,2,Card,Delivered,Hyderabad
4049,1795,2024-01-15,83,Home,273.09,3,UPI,Delivered,Hyderabad
4050,1025,2024-08-21,29,Fashion,103.88,4,UPI,Delivered,Chennai
4051,1880,2024-03-03,3,Fashion,353.39,1,Card,Delivered,Ahmedabad
4052,1446,2024-07-14,90,Books,46.2,2,UPI,Delivered,Bangalore
4053,1065,2024-01-27,104,Beauty,194.55,3,Card,Delivered,Ahmedabad
4054,1920,2024-04-02,123,Sports,749.3,4,UPI,Cancelled,Chennai
4055,1759,2024-04-14,186,Sports,332.21,2,UPI,Delivered,Bangalore
4056,1253,2024-11-04,76,Books,671.55,1,UPI,Delivered,Mumbai
4057,1898,2024-02-21,130,Home,719.72,4,UPI,Delivered,Hyderabad
4058,1967,2024-11-14,108,Books,585.37,4,COD,Delivered,Pune
4059,1043,2024-06-29,156,Sports,959.11,3,UPI,Delivered,Pune
4060,1096,2024-02-26,82,Home,31.23,2,Card,Delivered,Kolkata
4061,1553,2024-04-29,77,Sports,741.27,2,UPI,Delivered,Chennai
4062,1226,2024-11-03,2,Beauty,959.2,4,UPI,Delivered,Delhi
4063,1773,2024-12-28,127,Fashion,863.65,2,UPI,Delivered,Pune
4064,1678,2024-02-12,135,Fashion,176.21,4,COD,Delivered,Kolkata
4065,1435,2024-05-14,26,Home,333.55,1,UPI,Delivered,Bangalore
4066,1790,2024-09-16,88,Books,180.73,3,COD,Delivered,Mumbai
4067,1600,2024-07-15,16,Sports,605.3,2,UPI,Delivered,Delhi
4068,1378,2024-05-12,151,Electronics,715.07,2,UPI,Delivered,Mumbai
4069,1177,2024-09-11,168,Beauty,323.9,3,Card,Delivered,Mumbai
4070,1426,2024-08-07,188,Sports,544.11,1,Card,Delivered,Bangalore
4071,1914,2024-12-01,73,Electronics,694.01,1,Card,Delivered,Mumbai
4072,1708,2024-02-10,32,Beauty,427.13,1,UPI,Delivered,Ahmedabad
4073,1306,2024-09-11,15,Beauty,855.48,1,UPI,Delivered,Chennai
4074,1778,2024-01-02,141,Fashion,773.83,1,UPI,Cancelled,Delhi
4075,1503,2024-07-13,5,Home,74.02,4,COD,Delivered,Mumbai
4076,1267,2024-08-29,74,Sports,624.91,2,UPI,Delivered,Ahmedabad
4077,1585,2024-05-28,52,Beauty,242.97,2,COD,Delivered,Ahmedabad
4078,1007,2024-07-16,77,Sports,561.94,2,UPI,Delivered,Pune
4079,1919,2024-10-25,169,Beauty,957.32,4,Card,Delivered,Pune
4080,1507,2024-09-01,181,Books,880.27,3,UPI,Delivered,Mumbai
4081,1475,2024-12-03,110,Fashion,410.47,1,UPI,Delivered,Hyderabad
4082,1296,2024-04-17,178,Home,298.6,3,UPI,Delivered,Hyderabad
4083,1163,2024-07-30,143,Electronics,242.06,1,UPI,Delivered,Chennai
4084,1484,2024-06-04,106,Electronics,537.19,1,COD,Delivered,Pune
4085,1596,2024-01-26,127,Books,123.11,3,Card,Delivered,Hyderabad
4086,1071,2024-03-22,7,Fashion,553.78,2,Card,Cancelled,Mumbai
4087,1566,2024-03-23,40,Beauty,11.32,4,UPI,Delivered,Pune
4088,1904,2024-05-10,156,Fashion,330.61,3,COD,Delivered,Mumbai
4089,1558,2024-11-24,160,Home,227.73,2,UPI,Delivered,Delhi
4090,1910,2024-04-09,99,Electronics,971.51,1,COD,Returned,Pune
4091,1943,2024-09-12,143,Sports,729.97,2,UPI,Delivered,Hyderabad
4092,1237,2024-02-18,85,Electronics,356.16,1,UPI,Returned,Bangalore
4093,1103,2024-03-03,198,Home,101.92,1,COD,Delivered,Hyderabad
4094,1209,2024-11-06,65,Beauty,521.63,2,UPI,Delivered,Mumbai
4095,1553,2024-10-16,132,Fashion,221.31,1,COD,Delivered,Delhi
4096,1827,2024-04-14,11,Electronics,541.07,4,UPI,Delivered,Hyderabad
4097,1467,2024-04-14,108,Electronics,837.01,2,Card,Delivered,Delhi
4098,1453,2024-11-20,26,Sports,619.63,3,COD,Delivered,Hyderabad
4099,1267,2024-01-15,189,Fashion,637.45,1,Card,Delivered,Chennai
4100,1385,2024-06-23,165,Sports,545.62,1,Card,Delivered,Mumbai
4101,1774,2024-09-15,151,Sports,927.99,4,UPI,Delivered,Mumbai
4102,1847,2024-07-29,85,Beauty,932.58,4,UPI,Delivered,Ahmedabad
4103,1386,2024-09-15,168,Electronics,517.6,3,UPI,Delivered,Bangalore
4104,1876,2024-04-11,151,Books,312.7,1,UPI,Delivered,Mumbai
4105,1258,2024-09-16,123,Fashion,464.99,3,COD,Delivered,Ahmedabad
4106,1282,2024-12-09,144,Beauty,194.69,3,UPI,Delivered,Bangalore
4107,1625,2024-06-07,189,Books,639.98,1,Card,Delivered,Ahmedabad
4108,1874,2024-02-14,68,Beauty,505.09,3,COD,Delivered,Ahmedabad
4109,1039,2024-10-27,104,Beauty,112.27,3,UPI,Delivered,Mumbai
4110,1485,2024-09-07,80,Home,205.67,4,COD,Delivered,Kolkata
4111,1928,2024-11-26,159,Home,484.84,4,COD,Delivered,Hyderabad
4112,1219,2024-06-13,53,Beauty,888.71,3,UPI,Delivered,Ahmedabad
4113,1128,2024-07-11,106,Home,570.73,1,UPI,Returned,Ahmedabad
4114,1519,2024-01-09,153,Fashion,684.72,4,UPI,Delivered,Hyderabad
4115,1612,2024-03-05,44,Electronics,345.64,3,Card,Delivered,Chennai
4116,1927,2024-10-08,140,Books,575.7,2,UPI,Delivered,Hyderabad
4117,1891,2024-06-29,90,Fashion,452.91,2,Card,Delivered,Kolkata
4118,1687,2024-10-08,101,Electronics,662.54,3,UPI,Delivered,Delhi
4119,1618,2024-10-05,97,Home,60.07,2,COD,Cancelled,Kolkata
4120,1612,2024-01-30,9,Books,498.37,4,COD,Cancelled,Ahmedabad
4121,1259,2024-09-22,12,Fashion,303.03,1,COD,Delivered,Hyderabad
4122,1989,2024-11-23,69,Sports,332.92,3,UPI,Delivered,Bangalore
4123,1965,2024-08-04,182,Beauty,961.31,4,UPI,Delivered,Pune
4124,1365,2024-11-15,182,Electronics,190.87,1,UPI,Delivered,Chennai
4125,1757,2024-04-14,28,Electronics,318.13,2,UPI,Delivered,Pune
4126,1786,2024-07-02,56,Sports,514.79,2,UPI,Delivered,Pune
4127,1543,2024-11-25,99,Sports,864.4,2,COD,Delivered,Delhi
4128,1648,2024-05-27,197,Beauty,422.5,2,COD,Delivered,Kolkata
4129,1523,2024-04-14,110,Home,746.43,4,UPI,Delivered,Delhi
4130,1906,2024-02-16,77,Fashion,857.81,4,Card,Delivered,Mumbai
4131,1813,2024-03-27,103,Fashion,316.92,1,UPI,Delivered,Ahmedabad
4132,1886,2024-11-04,106,Fashion,398.82,3,UPI,Delivered,Kolkata
4133,1015,2024-05-08,109,Home,362.99,1,COD,Delivered,Bangalore
4134,1128,2024-09-14,112,Beauty,834.53,3,COD,Delivered,Pune
4135,1574,2024-11-09,58,Fashion,53.9,2,UPI,Delivered,Hyderabad
4136,1108,2024-05-26,78,Electronics,315.34,2,COD,Delivered,Hyderabad
4137,1886,2024-03-12,75,Electronics,682.61,2,COD,Delivered,Ahmedabad
4138,1532,2024-05-19,42,Electronics,569.79,2,UPI,Delivered,Kolkata
4139,1669,2024-01-27,166,Sports,441.93,4,UPI,Delivered,Mumbai
4140,1268,2024-01-29,68,Sports,544.55,1,Card,Delivered,Hyderabad
4141,1161,2024-09-27,181,Home,205.61,3,COD,Delivered,Kolkata
4142,1259,2024-06-22,33,Fashion,436.41,3,UPI,Delivered,Delhi
4143,1923,2024-09-09,71,Sports,506.69,4,UPI,Delivered,Hyderabad
4144,1101,2024-02-29,56,Electronics,902.18,2,Card,Delivered,Pune
4145,1505,2024-04-16,105,Sports,268.23,1,Card,Returned,Hyderabad
4146,1734,2024-08-07,200,Electronics,869.15,2,Card,Delivered,Delhi
4147,1570,2024-09-15,101,Fashion,647.8,4,UPI,Delivered,Bangalore
4148,1246,2024-05-25,51,Home,30.14,3,COD,Delivered,Pune
4149,1639,2024-02-21,74,Beauty,727.39,4,Card,Delivered,Bangalore
4150,1794,2024-02-29,171,Beauty,45.2,3,COD,Cancelled,Delhi
4151,1836,2024-02-03,121,Electronics,997.41,1,COD,Cancelled,Delhi
4152,1536,2024-04-05,143,Sports,873.91,3,COD,Delivered,Pune
4153,1130,2024-03-29,166,Sports,304.37,1,COD,Delivered,Ahmedabad
4154,1352,2024-11-11,143,Electronics,264.84,2,COD,Delivered,Chennai
4155,1195,2024-08-18,5,Fashion,387.63,2,Card,Delivered,Chennai
4156,1792,2024-10-01,83,Electronics,362.61,4,Card,Delivered,Hyderabad
4157,1915,2024-09-02,182,Fashion,378.61,1,Card,Delivered,Pune
4158,1929,2024-04-20,51,Home,325.09,2,Card,Delivered,Pune
4159,1665,2024-08-21,10,Home,624.92,1,UPI,Delivered,Ahmedabad
4160,1381,2024-10-04,140,Electronics,172.62,2,UPI,Delivered,Kolkata
4161,1644,2024-06-14,4,Home,847.52,2,UPI,Delivered,Kolkata
4162,1226,2024-05-07,95,Sports,814.28,3,UPI,Delivered,Hyderabad
4163,1700,2024-08-24,146,Fashion,481.72,4,UPI,Delivered,Chennai
4164,1475,2024-10-17,80,Beauty,854.2,3,COD,Delivered,Kolkata
4165,1476,2024-04-16,36,Beauty,254.67,1,UPI,Delivered,Hyderabad
4166,1264,2024-05-07,25,Home,27.39,2,UPI,Delivered,Bangalore
4167,1371,2024-07-13,98,Fashion,623.02,4,Card,Delivered,Ahmedabad
4168,1485,2024-12-04,164,Sports,463.33,2,UPI,Returned,Bangalore
4169,1433,2024-05-22,101,Beauty,571.49,2,COD,Delivered,Kolkata
4170,1645,2024-04-20,195,Sports,900.35,3,UPI,Delivered,Ahmedabad
4171,1210,2024-03-30,9,Sports,970.23,1,UPI,Cancelled,Mumbai
4172,1571,2024-09-07,61,Beauty,638.11,4,COD,Delivered,Chennai
4173,1939,2024-10-06,53,Beauty,766.42,4,Card,Delivered,Bangalore
4174,1376,2024-11-28,146,Home,92.97,4,COD,Delivered,Kolkata
4175,1394,2024-08-11,171,Fashion,169.11,1,UPI,Delivered,Mumbai
4176,1449,2024-04-10,163,Electronics,735.87,4,UPI,Delivered,Ahmedabad
4177,1942,2024-05-11,63,Fashion,437.05,1,Card,Delivered,Delhi
4178,1363,2024-01-13,121,Electronics,451.51,4,UPI,Delivered,Kolkata
4179,1875,2024-04-07,105,Beauty,315.52,2,UPI,Delivered,Pune
4180,1456,2024-04-29,4,Sports,611.28,1,UPI,Delivered,Bangalore
4181,1724,2024-10-19,93,Fashion,193.31,3,COD,Delivered,Mumbai
4182,1727,2024-10-30,169,Sports,630.65,4,Card,Delivered,Hyderabad
4183,1225,2024-07-17,173,Fashion,182.06,3,UPI,Delivered,Kolkata
4184,1981,2024-01-01,178,Books,73.19,1,UPI,Delivered,Pune
4185,1130,2024-02-29,28,Fashion,337.05,2,COD,Delivered,Mumbai
4186,1587,2024-09-06,170,Sports,238.83,3,UPI,Delivered,Bangalore
4187,1475,2024-05-19,80,Books,890.1,3,Card,Delivered,Hyderabad
4188,1797,2024-05-28,76,Home,64.4,2,Card,Delivered,Kolkata
4189,1985,2024-02-13,116,Beauty,184.85,2,Card,Delivered,Ahmedabad
4190,1276,2024-07-04,69,Home,553.23,1,UPI,Delivered,Hyderabad
4191,1155,2024-04-17,98,Home,486.26,4,COD,Cancelled,Mumbai
4192,1759,2024-02-13,1,Fashion,55.39,3,UPI,Delivered,Kolkata
4193,1217,2024-03-18,167,Beauty,17.18,3,UPI,Delivered,Ahmedabad
4194,1189,2024-08-13,96,Books,988.19,1,UPI,Delivered,Mumbai
4195,1416,2024-06-10,17,Fashion,662.25,4,UPI,Delivered,Bangalore
4196,1980,2024-10-07,112,Electronics,371.75,1,UPI,Delivered,Hyderabad
4197,1674,2024-09-09,91,Fashion,475.73,3,COD,Delivered,Chennai
4198,1691,2024-05-11,88,Books,273.88,3,UPI,Delivered,Kolkata
4199,1545,2024-05-23,163,Sports,351.43,2,COD,Cancelled,Ahmedabad
4200,1040,2024-09-22,174,Fashion,652.55,2,UPI,Delivered,Mumbai
4201,1306,2024-04-18,170,Electronics,883.98,4,UPI,Delivered,Chennai
4202,1942,2024-07-12,167,Fashion,192.29,3,UPI,Delivered,Kolkata
4203,1337,2024-02-04,90,Books,841.96,3,Card,Delivered,Chennai
4204,1313,2024-10-01,49,Electronics,130.34,2,Card,Delivered,Kolkata
4205,1074,2024-07-05,190,Beauty,222.84,1,COD,Returned,Kolkata
4206,1952,2024-08-30,38,Books,46.8,1,Card,Delivered,Hyderabad
4207,1278,2024-09-20,151,Fashion,149.4,3,UPI,Delivered,Bangalore
4208,1175,2024-01-10,150,Electronics,918.13,3,UPI,Delivered,Chennai
4209,1895,2024-06-14,132,Books,464.84,4,COD,Delivered,Bangalore
4210,1661,2024-01-29,177,Beauty,86.89,4,COD,Returned,Ahmedabad
4211,1272,2024-09-27,59,Sports,960.13,2,UPI,Returned,Mumbai
4212,1836,2024-03-27,68,Home,880.2,3,UPI,Delivered,Hyderabad
4213,1619,2024-01-23,199,Electronics,757.14,1,Card,Delivered,Delhi
4214,1650,2024-07-28,130,Sports,934.14,4,Card,Delivered,Hyderabad
4215,1861,2024-02-15,49,Beauty,227.93,2,Card,Delivered,Delhi
4216,1782,2024-01-28,126,Sports,838.01,2,UPI,Delivered,Pune
4217,1858,2024-01-26,159,Fashion,693.09,1,COD,Delivered,Kolkata
4218,1930,2024-09-22,111,Home,871.06,4,UPI,Cancelled,Mumbai
4219,1288,2024-06-23,168,Electronics,798.94,1,UPI,Delivered,Bangalore
4220,1723,2024-01-04,48,Books,353.03,2,UPI,Delivered,Mumbai
4221,1892,2024-11-06,51,Beauty,776.65,3,UPI,Delivered,Hyderabad
4222,1271,2024-11-17,43,Home,269.83,1,COD,Delivered,Delhi
4223,1929,2024-03-07,98,Beauty,335.31,2,Card,Delivered,Pune
4224,1065,2024-05-14,183,Sports,116.83,3,COD,Delivered,Delhi
4225,1482,2024-02-24,177,Beauty,935.73,3,UPI,Delivered,Hyderabad
4226,1935,2024-01-31,124,Beauty,298.09,4,COD,Delivered,Hyderabad
4227,1247,2024-03-14,80,Sports,525.42,4,Card,Delivered,Kolkata
4228,1155,2024-01-19,185,Sports,397.42,2,UPI,Returned,Kolkata
4229,1046,2024-06-04,111,Home,960.33,1,COD,Delivered,Mumbai
4230,1934,2024-12-02,143,Electronics,341.7,3,UPI,Delivered,Chennai
4231,1453,2024-06-04,27,Sports,780.76,4,UPI,Delivered,Delhi
4232,1200,2024-05-26,196,Home,856.86,4,UPI,Delivered,Hyderabad
4233,1659,2024-03-27,192,Beauty,441.25,1,UPI,Delivered,Ahmedabad
4234,1123,2024-01-20,158,Beauty,384.39,4,UPI,Returned,Kolkata
4235,1000,2024-09-25,164,Books,750.27,2,Card,Delivered,Kolkata
4236,1967,2024-11-28,195,Fashion,913.77,1,UPI,Delivered,Mumbai
4237,1758,2024-02-12,113,Sports,757.38,3,UPI,Delivered,Chennai
4238,1854,2024-11-01,86,Home,234.86,2,Card,Delivered,Kolkata
4239,1639,2024-01-28,114,Books,889.42,3,UPI,Delivered,Bangalore
4240,1190,2024-09-16,124,Home,393.71,3,Card,Cancelled,Hyderabad
4241,1578,2024-01-22,49,Electronics,580.47,4,COD,Delivered,Chennai
4242,1515,2024-04-10,76,Books,833.12,2,UPI,Delivered,Bangalore
4243,1441,2024-02-08,55,Home,196.51,2,Card,Delivered,Kolkata
4244,1920,2024-10-16,56,Sports,786.67,1,UPI,Delivered,Pune
4245,1814,2024-12-18,196,Home,600.2,2,Card,Delivered,Kolkata
4246,1805,2024-10-26,95,Fashion,894.41,1,UPI,Delivered,Bangalore
4247,1142,2024-06-18,44,Beauty,180.25,2,UPI,Cancelled,Ahmedabad
4248,1190,2024-10-22,159,Beauty,426.48,3,UPI,Delivered,Kolkata
4249,1532,2024-12-18,186,Books,834.51,1,Card,Delivered,Mumbai
4250,1226,2024-05-09,87,Home,29.04,2,UPI,Delivered,Delhi
4251,1312,2024-06-04,181,Home,121.08,1,UPI,Delivered,Hyderabad
4252,1628,2024-03-14,84,Home,990.66,4,COD,Delivered,Chennai
4253,1948,2024-12-07,151,Home,287.59,4,UPI,Cancelled,Pune
4254,1301,2024-03-30,156,Fashion,975.79,1,Card,Delivered,Pune
4255,1653,2024-03-07,16,Sports,190.71,1,UPI,Cancelled,Bangalore
4256,1995,2024-08-23,165,Fashion,367.48,3,COD,Delivered,Pune
4257,1459,2024-07-18,149,Fashion,755.34,2,UPI,Returned,Delhi
4258,1400,2024-11-27,145,Fashion,661.2,4,UPI,Delivered,Bangalore
4259,1550,2024-08-14,37,Beauty,585.31,4,Card,Delivered,Hyderabad
4260,1392,2024-12-13,77,Fashion,534.6,2,COD,Delivered,Kolkata
4261,1866,2024-08-20,147,Home,845.01,4,COD,Cancelled,Hyderabad
4262,1763,2024-09-22,158,Fashion,242.6,4,UPI,Delivered,Pune
4263,1844,2024-03-26,45,Home,448.05,1,COD,Delivered,Mumbai
4264,1206,2024-04-11,146,Books,163.9,4,Card,Delivered,Hyderabad
4265,1209,2024-08-01,62,Sports,599.98,4,COD,Delivered,Hyderabad
4266,1114,2024-04-17,164,Beauty,258.04,4,COD,Delivered,Hyderabad
4267,1736,2024-06-13,100,Sports,340.5,2,Card,Delivered,Ahmedabad
4268,1645,2024-03-31,52,Books,476.54,3,Card,Delivered,Delhi
4269,1250,2024-07-10,19,Sports,36.5,1,Card,Delivered,Chennai
4270,1218,2024-11-30,109,Beauty,101.02,3,Card,Delivered,Ahmedabad
4271,1406,2024-03-26,44,Home,689.07,4,UPI,Returned,Chennai
4272,1442,2024-08-09,7,Books,434.68,4,UPI,Delivered,Pune
4273,1602,2024-12-28,172,Books,866.14,4,UPI,Delivered,Hyderabad
4274,1353,2024-04-10,117,Home,697.73,3,COD,Returned,Chennai
4275,1887,2024-08-13,68,Home,18.02,2,UPI,Delivered,Ahmedabad
4276,1557,2024-12-29,34,Beauty,620.55,2,UPI,Delivered,Ahmedabad
4277,1549,2024-02-29,194,Fashion,102.79,1,UPI,Delivered,Pune
4278,1141,2024-09-06,69,Electronics,783.12,3,Card,Delivered,Hyderabad
4279,1611,2024-02-17,55,Fashion,991.59,2,COD,Delivered,Chennai
4280,1500,2024-04-26,10,Fashion,535.89,1,Card,Delivered,Chennai
4281,1839,2024-08-14,42,Sports,685.95,4,UPI,Delivered,Pune
4282,1701,2024-12-27,41,Electronics,244.94,4,COD,Delivered,Kolkata
4283,1546,2024-02-02,197,Home,443.22,1,UPI,Delivered,Bangalore
4284,1658,2024-02-13,122,Fashion,857.53,2,COD,Delivered,Pune
4285,1541,2024-06-13,138,Beauty,175.75,3,UPI,Delivered,Delhi
4286,1845,2024-12-10,10,Fashion,272.88,1,Card,Returned,Bangalore
4287,1506,2024-10-18,102,Home,450.98,2,UPI,Returned,Bangalore
4288,1595,2024-12-02,188,Fashion,715.13,1,COD,Delivered,Chennai
4289,1880,2024-12-09,128,Books,382.13,2,UPI,Returned,Mumbai
4290,1280,2024-10-13,179,Sports,928.45,4,UPI,Delivered,Mumbai
4291,1423,2024-12-29,149,Sports,103.51,1,COD,Delivered,Kolkata
4292,1855,2024-08-12,136,Fashion,377.1,3,UPI,Delivered,Delhi
4293,1269,2024-10-12,193,Sports,711.86,1,Card,Delivered,Hyderabad
4294,1153,2024-07-22,92,Beauty,233.73,4,Card,Delivered,Chennai
4295,1613,2024-06-20,113,Electronics,659.85,4,Card,Delivered,Ahmedabad
4296,1726,2024-01-12,78,Fashion,172.57,2,UPI,Delivered,Delhi
4297,1661,2024-11-02,85,Beauty,65.42,4,COD,Delivered,Bangalore
4298,1943,2024-04-30,30,Books,129.81,2,COD,Delivered,Chennai
4299,1082,2024-08-31,49,Beauty,930.68,4,UPI,Delivered,Bangalore
4300,1621,2024-05-31,9,Beauty,556.23,2,UPI,Delivered,Delhi
4301,1946,2024-05-31,145,Books,798.38,3,UPI,Delivered,Mumbai
4302,1898,2024-07-06,69,Home,339.33,2,UPI,Delivered,Delhi
4303,1425,2024-01-13,58,Fashion,596.73,2,Card,Delivered,Pune
4304,1274,2024-03-31,185,Fashion,500.0,3,COD,Delivered,Chennai
4305,1712,2024-07-18,62,Fashion,946.28,2,Card,Delivered,Ahmedabad
4306,1283,2024-03-14,52,Electronics,750.1,2,Card,Delivered,Chennai
4307,1979,2024-09-12,189,Beauty,733.24,3,UPI,Returned,Kolkata
4308,1172,2024-10-02,40,Fashion,55.89,4,UPI,Delivered,Hyderabad
4309,1326,2024-11-23,166,Sports,554.17,1,Card,Delivered,Mumbai
4310,1717,2024-11-24,171,Home,472.32,2,Card,Delivered,Chennai
4311,1062,2024-03-11,63,Books,928.56,4,Card,Delivered,Mumbai
4312,1072,2024-03-18,147,Books,264.77,1,UPI,Delivered,Chennai
4313,1762,2024-10-10,50,Electronics,277.14,3,Card,Delivered,Mumbai
4314,1635,2024-05-09,161,Books,417.23,2,UPI,Delivered,Kolkata
4315,1374,2024-02-12,141,Home,250.94,2,UPI,Delivered,Pune
4316,1632,2024-01-08,78,Beauty,137.89,3,Card,Delivered,Kolkata
4317,1507,2024-01-13,97,Books,858.84,2,UPI,Delivered,Delhi
4318,1786,2024-07-31,190,Books,562.69,1,COD,Delivered,Mumbai
4319,1942,2024-04-20,43,Sports,862.75,1,UPI,Cancelled,Bangalore
4320,1397,2024-10-17,177,Beauty,832.82,3,Card,Delivered,Pune
4321,1119,2024-01-23,36,Fashion,289.22,2,COD,Delivered,Delhi
4322,1933,2024-10-28,122,Home,552.26,4,UPI,Delivered,Chennai
4323,1436,2024-09-10,108,Books,92.39,2,COD,Cancelled,Chennai
4324,1828,2024-01-15,10,Sports,916.1,3,Card,Delivered,Hyderabad
4325,1675,2024-05-09,95,Home,410.22,4,COD,Returned,Ahmedabad
4326,1935,2024-03-01,6,Electronics,399.74,1,UPI,Delivered,Pune
4327,1464,2024-04-24,57,Sports,309.73,1,UPI,Cancelled,Ahmedabad
4328,1285,2024-11-15,129,Electronics,466.06,4,UPI,Delivered,Bangalore
4329,1264,2024-11-03,71,Books,259.24,4,Card,Cancelled,Pune
4330,1319,2024-11-20,186,Sports,381.1,3,UPI,Delivered,Kolkata
4331,1672,2024-03-07,21,Fashion,801.95,2,UPI,Delivered,Hyderabad
4332,1375,2024-09-05,92,Home,835.91,1,UPI,Delivered,Kolkata
4333,1819,2024-06-23,127,Home,311.14,2,UPI,Delivered,Pune
4334,1088,2024-12-04,80,Beauty,474.32,1,Card,Delivered,Kolkata
4335,1653,2024-01-02,56,Sports,875.08,2,UPI,Delivered,Delhi
4336,1202,2024-06-20,116,Sports,62.15,1,UPI,Returned,Hyderabad
4337,1820,2024-11-29,148,Electronics,890.25,2,UPI,Delivered,Delhi
4338,1738,2024-10-10,182,Sports,226.99,3,Card,Delivered,Hyderabad
4339,1954,2024-02-23,25,Home,681.75,1,COD,Delivered,Mumbai
4340,1333,2024-03-07,156,Sports,586.73,3,Card,Delivered,Ahmedabad
4341,1221,2024-04-11,5,Beauty,557.41,1,UPI,Delivered,Delhi
4342,1040,2024-04-29,120,Beauty,860.77,1,UPI,Delivered,Delhi
4343,1707,2024-07-09,21,Home,110.56,1,UPI,Delivered,Mumbai
4344,1067,2024-10-30,18,Home,353.56,2,Card,Delivered,Mumbai
4345,1987,2024-02-16,175,Home,542.87,1,UPI,Delivered,Ahmedabad
4346,1775,2024-08-09,198,Sports,813.18,3,COD,Delivered,Bangalore
4347,1513,2024-01-21,57,Sports,224.28,2,COD,Delivered,Kolkata
4348,1872,2024-06-06,93,Fashion,804.9,2,UPI,Cancelled,Mumbai
4349,1636,2024-12-13,19,Books,405.64,1,UPI,Delivered,Hyderabad
4350,1621,2024-06-07,128,Books,197.02,4,UPI,Delivered,Mumbai
4351,1597,2024-08-22,97,Electronics,761.4,2,UPI,Delivered,Mumbai
4352,1936,2024-05-29,193,Sports,99.99,1,Card,Cancelled,Delhi
4353,1631,2024-09-13,131,Fashion,519.62,3,Card,Returned,Delhi
4354,1126,2024-06-13,170,Fashion,73.24,4,UPI,Delivered,Pune
4355,1254,2024-03-17,21,Beauty,362.85,2,COD,Delivered,Mumbai
4356,1694,2024-03-25,40,Sports,605.07,4,Card,Delivered,Ahmedabad
4357,1015,2024-02-15,67,Fashion,560.55,2,COD,Delivered,Kolkata
4358,1476,2024-02-16,153,Beauty,410.61,4,Card,Delivered,Bangalore
4359,1061,2024-07-31,127,Electronics,434.76,4,Card,Delivered,Delhi
4360,1880,2024-02-28,55,Beauty,234.5,3,UPI,Delivered,Hyderabad
4361,1431,2024-02-23,180,Electronics,461.32,4,Card,Delivered,Pune
4362,1669,2024-12-07,172,Books,953.72,3,UPI,Delivered,Hyderabad
4363,1267,2024-01-12,109,Books,851.95,1,Card,Delivered,Ahmedabad
4364,1034,2024-07-10,98,Home,153.78,2,UPI,Delivered,Ahmedabad
4365,1778,2024-01-06,184,Home,39.48,3,UPI,Delivered,Mumbai
4366,1575,2024-11-04,183,Beauty,934.19,2,UPI,Delivered,Ahmedabad
4367,1493,2024-05-23,112,Home,531.48,3,UPI,Delivered,Mumbai
4368,1561,2024-12-11,198,Sports,542.46,2,UPI,Delivered,Bangalore
4369,1468,2024-09-17,115,Beauty,782.91,3,COD,Delivered,Kolkata
4370,1766,2024-03-13,117,Fashion,321.54,2,UPI,Delivered,Mumbai
4371,1660,2024-06-22,87,Sports,487.09,1,Card,Delivered,Kolkata
4372,1324,2024-08-19,81,Beauty,968.98,2,UPI,Delivered,Kolkata
4373,1303,2024-09-26,66,Books,675.43,1,UPI,Delivered,Pune
4374,1275,2024-12-27,19,Electronics,162.21,1,UPI,Delivered,Chennai
4375,1868,2024-08-09,135,Home,141.89,1,UPI,Delivered,Chennai
4376,1962,2024-02-21,118,Home,212.22,4,UPI,Delivered,Mumbai
4377,1683,2024-04-25,191,Home,769.04,2,UPI,Delivered,Pune
4378,1928,2024-01-26,42,Beauty,302.42,4,UPI,Delivered,Chennai
4379,1200,2024-02-22,42,Sports,31.17,4,COD,Delivered,Kolkata
4380,1444,2024-12-30,59,Electronics,944.73,2,UPI,Delivered,Hyderabad
4381,1904,2024-01-29,20,Home,178.02,1,COD,Delivered,Pune
4382,1323,2024-01-19,73,Sports,19.46,4,COD,Delivered,Pune
4383,1034,2024-10-29,17,Fashion,244.76,4,Card,Delivered,Mumbai
4384,1976,2024-10-05,27,Books,242.68,3,COD,Delivered,Hyderabad
4385,1481,2024-04-26,175,Fashion,427.79,2,UPI,Delivered,Ahmedabad
4386,1727,2024-04-15,2,Electronics,921.19,4,COD,Delivered,Ahmedabad
4387,1479,2024-11-04,63,Home,880.39,2,UPI,Delivered,Kolkata
4388,1064,2024-08-14,62,Fashion,462.33,2,UPI,Delivered,Hyderabad
4389,1007,2024-12-17,100,Books,416.79,4,Card,Cancelled,Chennai
4390,1300,2024-07-04,19,Sports,559.46,2,COD,Delivered,Bangalore
4391,1342,2024-09-17,17,Sports,251.02,1,COD,Delivered,Hyderabad
4392,1430,2024-01-16,69,Fashion,61.66,4,UPI,Delivered,Chennai
4393,1423,2024-09-29,167,Home,939.83,4,UPI,Delivered,Kolkata
4394,1331,2024-06-08,117,Books,194.83,4,Card,Delivered,Bangalore
4395,1437,2024-12-23,199,Electronics,206.42,3,Card,Delivered,Ahmedabad
4396,1587,2024-09-06,81,Home,477.74,3,UPI,Delivered,Kolkata
4397,1173,2024-08-11,39,Beauty,496.7,3,UPI,Delivered,Pune
4398,1558,2024-09-12,36,Fashion,28.25,3,COD,Delivered,Chennai
4399,1526,2024-06-28,168,Beauty,156.48,4,Card,Delivered,Ahmedabad
4400,1872,2024-01-20,173,Fashion,384.37,1,UPI,Delivered,Chennai
4401,1658,2024-04-21,132,Electronics,686.89,2,Card,Delivered,Mumbai
4402,1025,2024-04-29,153,Home,236.13,2,Card,Delivered,Pune
4403,1819,2024-07-12,197,Books,428.78,4,COD,Delivered,Kolkata
4404,1604,2024-04-20,158,Home,561.77,1,Card,Delivered,Pune
4405,1405,2024-07-28,196,Fashion,889.71,2,UPI,Delivered,Delhi
4406,1231,2024-01-01,29,Sports,332.81,1,COD,Delivered,Bangalore
4407,1532,2024-02-27,196,Beauty,142.22,4,UPI,Delivered,Ahmedabad
4408,1818,2024-04-02,51,Books,494.38,3,COD,Delivered,Chennai
4409,1549,2024-08-08,152,Books,749.25,1,Card,Delivered,Hyderabad
4410,1787,2024-07-29,14,Home,118.76,2,COD,Delivered,Hyderabad
4411,1504,2024-08-19,69,Home,430.44,2,UPI,Delivered,Delhi
4412,1668,2024-09-18,146,Fashion,27.61,2,Card,Delivered,Kolkata
4413,1178,2024-12-29,170,Sports,43.22,3,COD,Delivered,Bangalore
4414,1131,2024-04-12,57,Beauty,488.12,1,Card,Delivered,Mumbai
4415,1822,2024-02-19,12,Sports,305.22,1,UPI,Delivered,Bangalore
4416,1454,2024-04-19,17,Books,846.66,2,UPI,Delivered,Hyderabad
4417,1347,2024-03-28,30,Sports,606.13,1,Card,Delivered,Kolkata
4418,1539,2024-01-20,88,Fashion,459.39,2,UPI,Delivered,Kolkata
4419,1771,2024-01-14,99,Sports,413.86,1,Card,Delivered,Hyderabad
4420,1405,2024-05-12,23,Beauty,502.27,3,UPI,Delivered,Mumbai
4421,1075,2024-10-22,129,Books,50.03,3,COD,Delivered,Mumbai
4422,1940,2024-02-03,79,Electronics,893.87,4,UPI,Delivered,Hyderabad
4423,1578,2024-07-26,32,Books,998.32,4,UPI,Delivered,Kolkata
4424,1853,2024-10-27,9,Electronics,189.67,4,UPI,Delivered,Kolkata
4425,1491,2024-07-17,15,Beauty,129.18,1,Card,Delivered,Chennai
4426,1193,2024-03-20,156,Books,152.14,3,Card,Delivered,Chennai
4427,1983,2024-03-11,152,Books,664.42,3,Card,Delivered,Mumbai
4428,1161,2024-06-03,188,Books,664.83,3,Card,Delivered,Pune
4429,1346,2024-03-18,163,Books,849.44,2,UPI,Cancelled,Chennai
4430,1950,2024-03-18,27,Fashion,754.31,1,COD,Returned,Kolkata
4431,1360,2024-06-20,109,Home,455.19,1,COD,Delivered,Mumbai
4432,1768,2024-10-15,76,Books,616.73,4,UPI,Delivered,Bangalore
4433,1583,2024-02-02,148,Fashion,691.4,2,COD,Delivered,Bangalore
4434,1086,2024-10-26,65,Beauty,517.61,2,Card,Returned,Bangalore
4435,1933,2024-10-02,177,Books,480.89,3,Card,Delivered,Mumbai
4436,1261,2024-01-07,109,Sports,648.65,4,Card,Delivered,Mumbai
4437,1213,2024-06-08,129,Books,561.9,1,COD,Delivered,Ahmedabad
4438,1664,2024-08-27,10,Books,647.5,2,COD,Delivered,Chennai
4439,1721,2024-01-24,47,Electronics,616.73,3,Card,Delivered,Chennai
4440,1912,2024-08-01,123,Sports,722.0,1,UPI,Delivered,Chennai
4441,1572,2024-03-10,59,Books,646.38,3,Card,Delivered,Delhi
4442,1779,2024-08-03,96,Books,524.55,1,UPI,Delivered,Mumbai
4443,1261,2024-04-13,190,Books,684.98,3,Card,Delivered,Pune
4444,1729,2024-08-02,103,Fashion,454.99,1,COD,Delivered,Bangalore
4445,1282,2024-02-23,124,Beauty,249.25,4,UPI,Cancelled,Kolkata
4446,1647,2024-10-20,86,Electronics,11.4,1,UPI,Delivered,Kolkata
4447,1466,2024-11-25,146,Books,564.36,1,Card,Delivered,Bangalore
4448,1379,2024-12-01,112,Beauty,594.75,1,UPI,Delivered,Delhi
4449,1361,2024-07-21,174,Electronics,972.33,3,UPI,Delivered,Delhi
4450,1448,2024-10-14,160,Electronics,367.86,2,Card,Delivered,Bangalore
4451,1440,2024-02-14,27,Electronics,400.19,1,COD,Delivered,Mumbai
4452,1092,2024-11-12,18,Books,209.78,1,Card,Delivered,Bangalore
4453,1620,2024-07-16,167,Fashion,79.83,4,UPI,Delivered,Bangalore
4454,1752,2024-08-03,177,Books,775.08,1,Card,Delivered,Pune
4455,1866,2024-11-04,82,Books,257.18,4,UPI,Delivered,Kolkata
4456,1423,2024-11-27,172,Beauty,612.82,1,COD,Delivered,Delhi
4457,1141,2024-07-02,72,Home,690.9,3,Card,Delivered,Ahmedabad
4458,1290,2024-01-27,54,Home,476.52,2,COD,Delivered,Delhi
4459,1431,2024-06-14,162,Home,877.59,2,COD,Delivered,Kolkata
4460,1748,2024-11-13,71,Beauty,449.36,2,UPI,Cancelled,Chennai
4461,1851,2024-09-30,164,Sports,292.06,3,COD,Delivered,Delhi
4462,1823,2024-12-30,146,Beauty,897.06,4,COD,Delivered,Pune
4463,1688,2024-04-12,38,Electronics,862.95,2,Card,Returned,Pune
4464,1652,2024-11-28,187,Books,172.4,3,UPI,Delivered,Kolkata
4465,1700,2024-04-13,137,Sports,35.7,3,Card,Delivered,Bangalore
4466,1997,2024-09-01,200,Electronics,99.09,1,UPI,Delivered,Pune
4467,1048,2024-10-31,179,Books,293.68,4,Card,Delivered,Chennai
4468,1301,2024-06-17,35,Books,972.54,3,UPI,Delivered,Bangalore
4469,1880,2024-04-25,82,Electronics,562.93,4,Card,Cancelled,Mumbai
4470,1189,2024-05-20,133,Beauty,379.53,2,COD,Delivered,Ahmedabad
4471,1135,2024-12-21,142,Home,889.83,2,UPI,Delivered,Mumbai
4472,1554,2024-05-04,158,Sports,458.6,2,Card,Delivered,Kolkata
4473,1403,2024-01-25,4,Books,322.09,1,UPI,Delivered,Delhi
4474,1891,2024-07-12,167,Fashion,941.81,1,Card,Cancelled,Ahmedabad
4475,1864,2024-04-09,192,Books,851.02,4,Card,Delivered,Chennai
4476,1601,2024-01-05,153,Home,845.23,4,UPI,Delivered,Pune
4477,1806,2024-01-19,156,Books,517.16,1,Card,Delivered,Hyderabad
4478,1340,2024-06-18,194,Fashion,791.54,3,COD,Delivered,Mumbai
4479,1756,2024-09-30,150,Beauty,187.56,4,UPI,Delivered,Pune
4480,1944,2024-09-10,159,Books,577.49,4,Card,Delivered,Ahmedabad
4481,1703,2024-04-30,23,Sports,984.01,2,Card,Delivered,Kolkata
4482,1317,2024-02-01,48,Beauty,298.05,4,UPI,Returned,Mumbai
4483,1617,2024-05-28,148,Fashion,796.41,4,COD,Delivered,Mumbai
4484,1362,2024-09-22,125,Electronics,495.57,3,Card,Delivered,Ahmedabad
4485,1821,2024-02-06,166,Books,49.41,4,UPI,Delivered,Mumbai
4486,1381,2024-06-25,55,Beauty,765.39,3,UPI,Delivered,Delhi
4487,1232,2024-12-07,68,Books,176.88,2,UPI,Cancelled,Chennai
4488,1776,2024-01-13,88,Sports,635.16,1,Card,Delivered,Mumbai
4489,1343,2024-07-01,1,Books,94.81,2,Card,Delivered,Pune
4490,1548,2024-05-24,135,Beauty,947.4,3,Card,Delivered,Pune
4491,1816,2024-09-21,185,Home,298.81,3,Card,Delivered,Kolkata
4492,1552,2024-03-28,95,Beauty,234.2,4,UPI,Delivered,Delhi
4493,1528,2024-02-15,140,Fashion,137.85,4,Card,Cancelled,Chennai
4494,1855,2024-04-28,106,Beauty,946.54,1,COD,Cancelled,Ahmedabad
4495,1788,2024-01-19,133,Sports,714.78,3,COD,Delivered,Chennai
4496,1818,2024-08-07,108,Beauty,744.24,3,UPI,Delivered,Kolkata
4497,1570,2024-08-20,178,Beauty,504.41,2,Card,Delivered,Hyderabad
4498,1934,2024-04-03,42,Sports,479.98,1,UPI,Delivered,Bangalore
4499,1182,2024-09-07,102,Beauty,118.92,2,UPI,Delivered,Mumbai
4500,1040,2024-09-06,124,Sports,564.24,4,Card,Delivered,Delhi
4501,1550,2024-10-08,140,Fashion,254.45,4,UPI,Delivered,Ahmedabad
4502,1396,2024-08-19,103,Sports,977.37,2,UPI,Delivered,Chennai
4503,1703,2024-02-15,146,Fashion,798.62,4,Card,Delivered,Hyderabad
4504,1778,2024-02-15,194,Fashion,418.86,2,COD,Delivered,Bangalore
4505,1493,2024-01-14,74,Sports,159.83,3,COD,Delivered,Chennai
4506,1658,2024-03-25,108,Beauty,787.48,3,Card,Delivered,Ahmedabad
4507,1906,2024-11-14,122,Books,130.83,4,UPI,Delivered,Chennai
4508,1332,2024-11-23,17,Home,197.44,1,UPI,Delivered,Mumbai
4509,1126,2024-01-03,196,Books,219.41,3,Card,Delivered,Bangalore
4510,1557,2024-01-28,71,Sports,561.32,4,COD,Delivered,Bangalore
4511,1556,2024-06-05,62,Beauty,789.19,1,COD,Returned,Kolkata
4512,1000,2024-12-08,41,Fashion,321.17,4,Card,Delivered,Delhi
4513,1167,2024-11-28,119,Electronics,93.82,2,UPI,Delivered,Hyderabad
4514,1619,2024-11-27,162,Home,469.89,4,UPI,Delivered,Kolkata
4515,1018,2024-06-23,198,Books,750.63,2,UPI,Delivered,Pune
4516,1331,2024-04-23,45,Beauty,229.45,3,COD,Delivered,Delhi
4517,1583,2024-11-26,58,Home,227.73,3,UPI,Returned,Hyderabad
4518,1455,2024-09-06,179,Electronics,947.75,4,Card,Delivered,Ahmedabad
4519,1956,2024-02-28,126,Electronics,954.61,1,UPI,Delivered,Kolkata
4520,1108,2024-07-21,162,Electronics,990.56,4,Card,Returned,Delhi
4521,1267,2024-11-10,44,Books,809.58,4,Card,Delivered,Ahmedabad
4522,1444,2024-08-26,15,Sports,196.3,3,Card,Returned,Ahmedabad
4523,1239,2024-08-21,78,Home,219.86,3,Card,Cancelled,Hyderabad
4524,1928,2024-10-29,70,Sports,346.82,4,Card,Returned,Ahmedabad
4525,1300,2024-04-04,178,Electronics,324.95,3,UPI,Delivered,Pune
4526,1601,2024-05-20,101,Beauty,956.96,2,UPI,Delivered,Mumbai
4527,1102,2024-11-29,160,Electronics,791.18,4,COD,Delivered,Hyderabad
4528,1987,2024-04-22,195,Sports,726.77,3,UPI,Delivered,Pune
4529,1249,2024-04-18,3,Electronics,194.1,4,UPI,Returned,Ahmedabad
4530,1452,2024-12-27,86,Electronics,910.43,3,UPI,Delivered,Delhi
4531,1519,2024-12-10,74,Sports,829.59,2,UPI,Delivered,Bangalore
4532,1152,2024-10-15,51,Sports,172.01,2,UPI,Delivered,Chennai
4533,1858,2024-04-06,67,Beauty,872.46,4,Card,Delivered,Pune
4534,1173,2024-11-30,76,Sports,279.53,2,COD,Delivered,Pune
4535,1342,2024-01-16,93,Beauty,90.06,2,Card,Cancelled,Pune
4536,1669,2024-02-13,176,Fashion,660.25,3,UPI,Delivered,Hyderabad
4537,1430,2024-08-17,145,Fashion,657.27,4,Card,Delivered,Kolkata
4538,1726,2024-04-17,7,Sports,103.98,3,COD,Delivered,Hyderabad
4539,1688,2024-08-04,13,Electronics,325.66,3,COD,Delivered,Bangalore
4540,1686,2024-09-16,120,Home,992.89,1,UPI,Delivered,Mumbai
4541,1851,2024-11-07,66,Electronics,681.64,2,UPI,Delivered,Ahmedabad
4542,1849,2024-11-15,4,Sports,732.77,3,COD,Delivered,Delhi
4543,1657,2024-07-14,138,Beauty,220.79,3,Card,Delivered,Mumbai
4544,1961,2024-04-04,88,Electronics,87.99,3,Card,Delivered,Ahmedabad
4545,1323,2024-02-25,17,Fashion,284.13,2,UPI,Delivered,Kolkata
4546,1989,2024-02-01,52,Books,256.41,2,Card,Delivered,Hyderabad
4547,1672,2024-08-18,134,Sports,242.2,2,UPI,Delivered,Hyderabad
4548,1638,2024-01-09,69,Electronics,200.83,4,UPI,Delivered,Pune
4549,1419,2024-07-09,137,Books,579.01,3,UPI,Delivered,Pune
4550,1593,2024-12-26,21,Electronics,334.82,2,UPI,Delivered,Mumbai
4551,1484,2024-07-18,24,Beauty,822.14,3,UPI,Delivered,Delhi
4552,1658,2024-11-29,4,Beauty,192.11,4,UPI,Delivered,Hyderabad
4553,1750,2024-06-09,152,Beauty,469.98,1,UPI,Delivered,Hyderabad
4554,1411,2024-03-27,187,Books,23.52,4,UPI,Delivered,Kolkata
4555,1935,2024-01-21,3,Home,486.87,2,UPI,Cancelled,Ahmedabad
4556,1083,2024-11-06,68,Books,65.28,2,UPI,Delivered,Mumbai
4557,1112,2024-03-16,101,Sports,977.95,4,UPI,Cancelled,Chennai
4558,1736,2024-05-20,168,Sports,792.69,3,UPI,Delivered,Pune
4559,1331,2024-05-05,176,Fashion,495.21,2,UPI,Delivered,Bangalore
4560,1377,2024-09-07,54,Fashion,95.72,2,UPI,Delivered,Hyderabad
4561,1754,2024-03-24,35,Sports,596.52,4,UPI,Delivered,Delhi
4562,1654,2024-02-17,56,Electronics,761.18,3,COD,Delivered,Ahmedabad
4563,1040,2024-03-18,108,Sports,198.81,4,Card,Delivered,Chennai
4564,1934,2024-01-30,40,Home,572.53,4,COD,Delivered,Mumbai
4565,1769,2024-10-11,68,Fashion,816.07,3,Card,Delivered,Kolkata
4566,1958,2024-05-15,46,Fashion,770.57,3,COD,Delivered,Ahmedabad
4567,1796,2024-05-19,78,Books,804.96,1,UPI,Delivered,Ahmedabad
4568,1104,2024-02-10,141,Fashion,880.53,4,Card,Cancelled,Mumbai
4569,1201,2024-10-08,155,Sports,938.31,3,Card,Cancelled,Kolkata
4570,1449,2024-02-19,6,Fashion,411.47,2,COD,Delivered,Delhi
4571,1818,2024-09-14,17,Fashion,573.08,1,UPI,Delivered,Kolkata
4572,1842,2024-11-06,164,Books,792.75,4,COD,Returned,Pune
4573,1972,2024-12-25,99,Sports,700.17,3,Card,Delivered,Pune
4574,1265,2024-09-26,81,Electronics,995.57,1,Card,Cancelled,Chennai
4575,1909,2024-05-13,2,Fashion,23.54,1,COD,Delivered,Delhi
4576,1209,2024-08-21,77,Fashion,361.58,2,COD,Delivered,Hyderabad
4577,1562,2024-05-07,180,Fashion,288.22,1,Card,Delivered,Chennai
4578,1117,2024-04-13,66,Home,269.69,4,UPI,Delivered,Bangalore
4579,1712,2024-09-10,52,Sports,230.3,3,UPI,Delivered,Bangalore
4580,1376,2024-04-04,92,Fashion,712.03,1,UPI,Delivered,Delhi
4581,1550,2024-12-02,171,Home,93.91,1,UPI,Delivered,Ahmedabad
4582,1539,2024-08-04,22,Electronics,744.19,4,UPI,Cancelled,Bangalore
4583,1770,2024-03-01,111,Electronics,696.49,2,Card,Cancelled,Delhi
4584,1083,2024-09-24,107,Books,258.3,2,COD,Delivered,Kolkata
4585,1453,2024-08-28,183,Books,260.31,3,UPI,Delivered,Hyderabad
4586,1666,2024-01-13,67,Books,632.57,4,Card,Delivered,Pune
4587,1628,2024-05-26,188,Home,764.55,2,UPI,Delivered,Hyderabad
4588,1513,2024-08-27,186,Electronics,877.72,3,COD,Delivered,Delhi
4589,1604,2024-03-29,140,Books,853.62,3,UPI,Delivered,Hyderabad
4590,1677,2024-04-04,69,Beauty,965.23,2,Card,Delivered,Bangalore
4591,1386,2024-11-10,84,Books,585.57,4,COD,Delivered,Kolkata
4592,1911,2024-10-19,103,Electronics,909.57,1,UPI,Delivered,Hyderabad
4593,1349,2024-01-25,39,Beauty,810.43,2,Card,Delivered,Kolkata
4594,1295,2024-09-28,13,Home,895.72,1,COD,Delivered,Bangalore
4595,1257,2024-06-14,41,Beauty,21.51,1,UPI,Returned,Pune
4596,1080,2024-09-06,57,Electronics,966.24,4,COD,Delivered,Ahmedabad
4597,1936,2024-03-27,181,Fashion,478.79,4,COD,Delivered,Pune
4598,1267,2024-05-21,12,Beauty,800.2,3,UPI,Delivered,Bangalore
4599,1418,2024-05-13,13,Electronics,135.93,4,UPI,Delivered,Kolkata
4600,1234,2024-10-05,120,Books,401.98,3,Card,Delivered,Mumbai
4601,1832,2024-05-05,97,Fashion,278.75,2,COD,Cancelled,Hyderabad
4602,1310,2024-11-11,57,Home,298.74,1,UPI,Delivered,Hyderabad
4603,1812,2024-05-20,40,Home,132.02,4,Card,Cancelled,Delhi
4604,1974,2024-12-21,118,Sports,807.71,2,UPI,Delivered,Ahmedabad
4605,1985,2024-04-12,80,Home,19.15,3,COD,Delivered,Delhi
4606,1356,2024-08-13,128,Sports,319.38,4,Card,Delivered,Kolkata
4607,1212,2024-03-03,173,Home,182.67,1,Card,Delivered,Chennai
4608,1573,2024-10-20,35,Home,593.15,2,Card,Delivered,Bangalore
4609,1048,2024-11-01,3,Home,261.71,4,COD,Delivered,Pune
4610,1126,2024-09-10,120,Sports,266.41,4,UPI,Delivered,Pune
4611,1222,2024-06-28,5,Books,493.45,2,Card,Returned,Mumbai
4612,1920,2024-02-09,11,Sports,656.16,3,UPI,Delivered,Bangalore
4613,1278,2024-09-20,126,Beauty,130.09,3,Card,Delivered,Hyderabad
4614,1407,2024-07-07,71,Electronics,183.76,4,Card,Delivered,Chennai
4615,1504,2024-01-08,117,Electronics,254.7,3,UPI,Delivered,Ahmedabad
4616,1293,2024-04-13,184,Books,974.01,3,Card,Delivered,Bangalore
4617,1795,2024-08-12,138,Electronics,403.18,2,Card,Cancelled,Chennai
4618,1276,2024-02-03,106,Home,603.0,3,COD,Delivered,Bangalore
4619,1437,2024-08-23,116,Books,249.13,3,UPI,Delivered,Kolkata
4620,1106,2024-08-15,162,Electronics,495.55,2,UPI,Delivered,Hyderabad
4621,1657,2024-07-06,67,Sports,83.38,4,COD,Delivered,Hyderabad
4622,1419,2024-11-08,200,Beauty,44.39,4,COD,Delivered,Ahmedabad
4623,1610,2024-01-22,31,Fashion,474.05,2,UPI,Returned,Bangalore
4624,1428,2024-12-08,75,Beauty,404.67,1,COD,Delivered,Pune
4625,1374,2024-02-09,71,Electronics,145.51,2,Card,Delivered,Kolkata
4626,1072,2024-06-21,66,Books,690.73,1,COD,Delivered,Pune
4627,1948,2024-06-27,70,Electronics,992.97,3,Card,Delivered,Mumbai
4628,1997,2024-03-26,41,Sports,401.69,4,UPI,Delivered,Hyderabad
4629,1633,2024-05-12,191,Beauty,628.31,1,UPI,Delivered,Ahmedabad
4630,1029,2024-12-16,160,Sports,963.35,1,COD,Delivered,Kolkata
4631,1187,2024-01-13,20,Sports,833.22,3,UPI,Delivered,Delhi
4632,1363,2024-01-28,185,Fashion,468.92,4,COD,Delivered,Mumbai
4633,1865,2024-03-24,178,Sports,740.11,3,Card,Delivered,Bangalore
4634,1799,2024-11-13,153,Sports,136.85,4,UPI,Delivered,Mumbai
4635,1450,2024-12-14,140,Fashion,516.98,4,Card,Delivered,Delhi
4636,1194,2024-12-08,199,Home,286.27,3,Card,Delivered,Hyderabad
4637,1155,2024-10-06,39,Home,169.55,1,Card,Delivered,Hyderabad
4638,1171,2024-12-19,145,Books,432.02,2,UPI,Delivered,Pune
4639,1846,2024-09-19,45,Fashion,139.7,4,COD,Delivered,Hyderabad
4640,1040,2024-06-14,139,Books,702.0,4,Card,Delivered,Kolkata
4641,1062,2024-10-19,70,Books,461.68,2,COD,Delivered,Pune
4642,1022,2024-03-08,125,Sports,535.83,2,Card,Delivered,Ahmedabad
4643,1359,2024-08-13,151,Books,154.91,3,UPI,Delivered,Delhi
4644,1074,2024-06-18,91,Electronics,148.37,4,Card,Delivered,Mumbai
4645,1559,2024-03-26,70,Beauty,587.58,3,COD,Delivered,Bangalore
4646,1671,2024-05-12,166,Electronics,985.16,2,UPI,Delivered,Bangalore
4647,1824,2024-06-26,130,Electronics,105.29,3,COD,Delivered,Kolkata
4648,1117,2024-12-08,84,Sports,292.87,4,UPI,Delivered,Ahmedabad
4649,1611,2024-09-08,89,Beauty,870.76,1,COD,Delivered,Mumbai
4650,1379,2024-01-15,79,Books,81.55,1,COD,Delivered,Ahmedabad
4651,1928,2024-08-10,113,Beauty,877.13,4,Card,Delivered,Hyderabad
4652,1919,2024-07-19,93,Books,529.04,3,UPI,Returned,Pune
4653,1678,2024-04-16,72,Home,414.18,2,Card,Delivered,Bangalore
4654,1289,2024-09-06,165,Fashion,316.58,2,COD,Delivered,Hyderabad
4655,1439,2024-03-29,49,Sports,304.15,1,Card,Cancelled,Kolkata
4656,1667,2024-05-04,52,Books,312.74,3,Card,Delivered,Chennai
4657,1932,2024-04-22,33,Books,885.96,2,Card,Delivered,Chennai
4658,1006,2024-05-16,22,Beauty,726.56,2,Card,Delivered,Kolkata
4659,1195,2024-09-03,114,Sports,673.03,4,Card,Cancelled,Bangalore
4660,1420,2024-06-14,133,Books,800.76,3,UPI,Delivered,Mumbai
4661,1567,2024-05-29,18,Home,264.54,3,UPI,Delivered,Mumbai
4662,1832,2024-12-28,166,Electronics,621.86,2,COD,Delivered,Ahmedabad
4663,1192,2024-12-08,118,Books,465.47,3,COD,Delivered,Mumbai
4664,1558,2024-03-08,117,Beauty,784.62,3,UPI,Delivered,Hyderabad
4665,1147,2024-08-08,37,Home,316.16,3,COD,Delivered,Chennai
4666,1786,2024-09-27,64,Sports,646.75,4,UPI,Delivered,Hyderabad
4667,1668,2024-11-16,138,Books,883.39,2,UPI,Delivered,Delhi
4668,1201,2024-11-05,79,Home,408.13,1,UPI,Cancelled,Delhi
4669,1443,2024-12-14,170,Home,75.96,3,COD,Delivered,Ahmedabad
4670,1913,2024-01-20,123,Home,520.89,2,COD,Delivered,Bangalore
4671,1987,2024-10-15,176,Home,352.51,1,Card,Delivered,Delhi
4672,1418,2024-04-09,44,Home,675.5,4,UPI,Delivered,Mumbai
4673,1426,2024-09-08,82,Home,951.52,2,Card,Delivered,Bangalore
4674,1478,2024-03-17,87,Fashion,490.75,4,Card,Delivered,Chennai
4675,1474,2024-05-14,16,Sports,471.53,2,UPI,Delivered,Pune
4676,1125,2024-06-21,54,Electronics,658.04,4,UPI,Delivered,Chennai
4677,1394,2024-12-28,102,Sports,112.46,2,Card,Delivered,Ahmedabad
4678,1816,2024-07-19,163,Beauty,260.97,4,UPI,Delivered,Kolkata
4679,1880,2024-08-04,98,Beauty,919.79,1,UPI,Delivered,Delhi
4680,1805,2024-07-26,156,Sports,673.24,2,Card,Delivered,Kolkata
4681,1575,2024-03-14,2,Home,23.31,1,Card,Delivered,Ahmedabad
4682,1324,2024-01-11,94,Fashion,212.58,3,COD,Delivered,Delhi
4683,1391,2024-10-13,141,Electronics,686.01,1,UPI,Returned,Chennai
4684,1929,2024-09-12,169,Books,766.76,2,Card,Delivered,Kolkata
4685,1687,2024-01-12,59,Books,841.46,1,UPI,Delivered,Delhi
4686,1627,2024-03-18,69,Home,299.26,2,UPI,Delivered,Delhi
4687,1439,2024-06-20,119,Sports,931.72,4,Card,Delivered,Hyderabad
4688,1203,2024-04-05,92,Books,557.42,3,UPI,Delivered,Pune
4689,1485,2024-11-01,181,Sports,699.57,1,UPI,Delivered,Pune
4690,1832,2024-09-29,45,Fashion,600.77,3,Card,Delivered,Ahmedabad
4691,1030,2024-06-27,148,Fashion,131.51,1,UPI,Cancelled,Chennai
4692,1387,2024-03-04,24,Sports,963.48,2,COD,Returned,Chennai
4693,1624,2024-05-11,189,Home,131.65,1,UPI,Delivered,Delhi
4694,1876,2024-12-08,91,Home,262.33,3,UPI,Delivered,Mumbai
4695,1433,2024-09-28,94,Home,815.49,1,UPI,Delivered,Hyderabad
4696,1836,2024-11-14,58,Books,622.41,3,UPI,Delivered,Mumbai
4697,1925,2024-11-27,155,Electronics,839.77,3,COD,Delivered,Delhi
4698,1375,2024-12-06,154,Electronics,520.58,2,Card,Delivered,Ahmedabad
4699,1343,2024-04-18,128,Home,383.22,4,UPI,Delivered,Chennai
4700,1442,2024-09-29,7,Sports,922.63,4,Card,Delivered,Kolkata
4701,1578,2024-06-16,170,Fashion,45.89,1,COD,Delivered,Kolkata
4702,1074,2024-06-28,47,Beauty,857.57,3,UPI,Delivered,Ahmedabad
4703,1556,2024-02-27,53,Fashion,238.51,2,UPI,Delivered,Mumbai
4704,1771,2024-03-19,187,Fashion,850.25,4,UPI,Delivered,Pune
4705,1665,2024-03-01,38,Beauty,147.8,2,COD,Delivered,Bangalore
4706,1154,2024-04-30,197,Home,584.42,2,UPI,Delivered,Mumbai
4707,1429,2024-07-25,53,Fashion,889.23,3,UPI,Delivered,Chennai
4708,1362,2024-02-03,143,Beauty,478.8,1,Card,Delivered,Pune
4709,1447,2024-03-10,154,Books,749.1,3,Card,Delivered,Delhi
4710,1986,2024-01-17,48,Sports,806.62,4,COD,Delivered,Mumbai
4711,1233,2024-01-20,95,Sports,739.13,4,UPI,Delivered,Delhi
4712,1562,2024-11-10,147,Sports,926.08,2,Card,Returned,Hyderabad
4713,1817,2024-03-09,137,Home,452.37,3,COD,Delivered,Bangalore
4714,1261,2024-08-02,64,Fashion,181.39,3,UPI,Delivered,Kolkata
4715,1826,2024-06-09,93,Fashion,57.33,2,UPI,Delivered,Chennai
4716,1124,2024-04-11,182,Electronics,254.0,1,Card,Delivered,Chennai
4717,1910,2024-07-24,125,Sports,151.77,2,Card,Delivered,Delhi
4718,1244,2024-05-24,179,Home,562.37,2,UPI,Delivered,Bangalore
4719,1541,2024-02-26,39,Beauty,193.1,4,UPI,Delivered,Pune
4720,1937,2024-03-23,4,Home,48.54,3,Card,Delivered,Chennai
4721,1484,2024-09-25,126,Fashion,45.63,4,Card,Delivered,Mumbai
4722,1121,2024-07-05,3,Sports,833.25,2,COD,Delivered,Chennai
4723,1124,2024-01-06,64,Electronics,595.54,3,COD,Delivered,Mumbai
4724,1548,2024-12-18,29,Books,364.5,2,UPI,Delivered,Chennai
4725,1169,2024-12-15,116,Home,895.29,2,COD,Delivered,Mumbai
4726,1123,2024-04-19,11,Electronics,79.49,1,UPI,Delivered,Hyderabad
4727,1868,2024-05-17,97,Fashion,980.52,4,COD,Delivered,Ahmedabad
4728,1034,2024-02-20,102,Beauty,620.13,4,Card,Delivered,Delhi
4729,1086,2024-02-20,186,Home,191.63,2,Card,Delivered,Ahmedabad
4730,1645,2024-03-27,155,Books,682.28,1,Card,Delivered,Pune
4731,1707,2024-03-08,21,Fashion,765.75,2,UPI,Delivered,Pune
4732,1785,2024-03-24,39,Sports,435.05,2,UPI,Delivered,Hyderabad
4733,1200,2024-02-11,102,Home,863.02,2,UPI,Delivered,Kolkata
4734,1368,2024-08-06,46,Electronics,159.23,1,COD,Delivered,Pune
4735,1796,2024-02-26,66,Home,286.05,3,UPI,Delivered,Mumbai
4736,1076,2024-08-13,91,Fashion,102.56,1,UPI,Delivered,Pune
4737,1058,2024-07-14,164,Fashion,218.77,2,COD,Delivered,Delhi
4738,1430,2024-09-04,111,Electronics,246.34,3,UPI,Delivered,Bangalore
4739,1637,2024-06-14,82,Books,918.46,2,COD,Delivered,Mumbai
4740,1499,2024-03-02,123,Fashion,87.33,1,UPI,Delivered,Kolkata
4741,1912,2024-09-19,193,Home,433.14,1,UPI,Returned,Kolkata
4742,1108,2024-04-21,191,Books,537.07,3,UPI,Delivered,Kolkata
4743,1735,2024-09-09,99,Electronics,899.71,1,COD,Delivered,Pune
4744,1277,2024-07-17,35,Fashion,997.72,2,UPI,Delivered,Chennai
4745,1067,2024-06-26,159,Fashion,755.85,3,UPI,Delivered,Chennai
4746,1068,2024-01-26,156,Home,971.08,4,Card,Returned,Bangalore
4747,1164,2024-09-02,103,Fashion,789.23,2,COD,Delivered,Hyderabad
4748,1488,2024-01-19,129,Home,963.57,4,UPI,Cancelled,Mumbai
4749,1304,2024-09-21,25,Sports,710.2,3,Card,Delivered,Chennai
4750,1908,2024-11-12,43,Books,88.97,3,Card,Delivered,Kolkata
4751,1673,2024-01-20,84,Home,407.9,2,Card,Delivered,Delhi
4752,1364,2024-04-15,195,Beauty,650.13,1,UPI,Cancelled,Bangalore
4753,1853,2024-08-24,191,Fashion,357.21,2,UPI,Returned,Hyderabad
4754,1820,2024-11-01,51,Sports,280.65,1,UPI,Cancelled,Ahmedabad
4755,1378,2024-09-02,130,Books,581.63,1,Card,Delivered,Kolkata
4756,1342,2024-03-21,126,Electronics,934.17,2,UPI,Delivered,Hyderabad
4757,1946,2024-05-29,192,Beauty,44.63,3,Card,Delivered,Delhi
4758,1898,2024-01-10,69,Electronics,771.54,2,UPI,Delivered,Pune
4759,1553,2024-11-16,9,Beauty,725.5,4,UPI,Delivered,Delhi
4760,1353,2024-08-11,2,Sports,964.31,3,Card,Delivered,Ahmedabad
4761,1415,2024-09-20,162,Books,931.4,1,COD,Delivered,Pune
4762,1108,2024-05-28,188,Sports,764.61,3,Card,Delivered,Bangalore
4763,1562,2024-10-04,189,Sports,525.2,2,UPI,Returned,Delhi
4764,1761,2024-09-30,159,Beauty,212.22,3,UPI,Delivered,Ahmedabad
4765,1496,2024-07-12,10,Home,549.78,1,Card,Delivered,Chennai
4766,1340,2024-06-20,114,Books,767.7,1,Card,Delivered,Hyderabad
4767,1941,2024-09-21,76,Electronics,896.71,3,Card,Delivered,Kolkata
4768,1382,2024-11-05,164,Home,791.81,4,UPI,Delivered,Kolkata
4769,1532,2024-01-26,85,Home,203.31,1,COD,Delivered,Ahmedabad
4770,1299,2024-12-15,49,Fashion,603.69,4,COD,Delivered,Pune
4771,1138,2024-12-21,70,Electronics,338.85,1,UPI,Delivered,Delhi
4772,1358,2024-01-26,177,Beauty,19.11,3,Card,Delivered,Mumbai
4773,1835,2024-02-03,131,Fashion,208.22,1,UPI,Delivered,Delhi
4774,1498,2024-09-20,133,Fashion,122.09,4,UPI,Delivered,Kolkata
4775,1384,2024-05-17,189,Sports,844.29,4,UPI,Delivered,Pune
4776,1603,2024-10-30,90,Beauty,265.92,3,Card,Delivered,Ahmedabad
4777,1958,2024-07-01,26,Home,291.85,4,UPI,Delivered,Hyderabad
4778,1279,2024-12-28,72,Books,960.34,4,COD,Delivered,Chennai
4779,1636,2024-08-29,5,Home,385.3,3,UPI,Delivered,Kolkata
4780,1482,2024-02-23,15,Home,19.49,1,UPI,Delivered,Ahmedabad
4781,1908,2024-06-16,123,Sports,291.01,3,UPI,Cancelled,Kolkata
4782,1110,2024-04-28,144,Home,128.11,1,Card,Delivered,Delhi
4783,1865,2024-05-22,1,Electronics,111.78,1,UPI,Returned,Chennai
4784,1138,2024-03-21,144,Home,86.71,1,UPI,Cancelled,Mumbai
4785,1995,2024-09-01,165,Home,597.33,2,UPI,Delivered,Pune
4786,1434,2024-12-17,3,Electronics,197.45,1,UPI,Delivered,Hyderabad
4787,1508,2024-12-23,180,Sports,367.63,3,UPI,Delivered,Bangalore
4788,1272,2024-03-02,47,Fashion,863.4,3,UPI,Delivered,Kolkata
4789,1098,2024-02-15,95,Beauty,430.09,3,UPI,Delivered,Kolkata
4790,1763,2024-03-27,13,Sports,916.53,2,Card,Delivered,Hyderabad
4791,1849,2024-04-08,120,Home,502.96,4,UPI,Cancelled,Pune
4792,1103,2024-10-21,55,Fashion,404.85,2,Card,Delivered,Bangalore
4793,1213,2024-02-22,149,Beauty,752.89,3,UPI,Delivered,Ahmedabad
4794,1760,2024-07-10,66,Beauty,82.44,3,UPI,Delivered,Bangalore
4795,1663,2024-03-20,182,Beauty,98.58,4,Card,Cancelled,Hyderabad
4796,1761,2024-01-16,155,Electronics,655.45,2,Card,Delivered,Pune
4797,1786,2024-12-25,166,Electronics,492.07,3,COD,Delivered,Bangalore
4798,1164,2024-11-21,90,Fashion,792.51,1,UPI,Delivered,Pune
4799,1998,2024-07-12,186,Home,917.11,1,COD,Delivered,Chennai
4800,1852,2024-05-20,62,Fashion,394.48,3,Card,Returned,Ahmedabad
4801,1519,2024-04-17,102,Home,600.45,1,COD,Delivered,Mumbai
4802,1283,2024-10-29,174,Sports,505.69,4,COD,Delivered,Delhi
4803,1516,2024-09-21,139,Beauty,981.79,3,UPI,Delivered,Pune
4804,1656,2024-10-16,200,Beauty,832.77,2,UPI,Cancelled,Pune
4805,1612,2024-07-27,8,Electronics,912.62,3,Card,Delivered,Bangalore
4806,1163,2024-06-13,97,Sports,261.8,4,UPI,Delivered,Kolkata
4807,1885,2024-12-07,117,Books,774.8,2,COD,Delivered,Pune
4808,1658,2024-11-15,199,Sports,272.82,4,UPI,Delivered,Pune
4809,1063,2024-05-31,64,Home,216.66,1,COD,Delivered,Kolkata
4810,1090,2024-10-16,21,Sports,944.82,1,UPI,Delivered,Bangalore
4811,1116,2024-09-24,200,Electronics,29.11,1,UPI,Delivered,Hyderabad
4812,1865,2024-05-30,115,Home,965.73,4,COD,Delivered,Pune
4813,1266,2024-07-25,191,Fashion,157.77,4,UPI,Delivered,Kolkata
4814,1821,2024-09-11,85,Home,821.24,3,UPI,Delivered,Kolkata
4815,1684,2024-12-18,192,Fashion,283.16,2,UPI,Delivered,Chennai
4816,1558,2024-05-20,20,Books,357.2,2,COD,Delivered,Delhi
4817,1139,2024-12-08,8,Home,224.59,4,Card,Delivered,Pune
4818,1245,2024-12-23,58,Beauty,589.66,4,COD,Delivered,Bangalore
4819,1660,2024-04-05,46,Books,354.61,1,Card,Delivered,Chennai
4820,1757,2024-08-14,31,Fashion,660.82,4,UPI,Delivered,Ahmedabad
4821,1394,2024-07-11,93,Electronics,25.49,1,UPI,Delivered,Delhi
4822,1486,2024-10-29,9,Books,73.73,4,UPI,Delivered,Hyderabad
4823,1475,2024-11-09,15,Books,108.66,2,Card,Delivered,Pune
4824,1516,2024-04-27,94,Books,424.8,3,Card,Delivered,Bangalore
4825,1976,2024-01-05,154,Fashion,816.65,4,UPI,Returned,Hyderabad
4826,1183,2024-12-17,138,Fashion,889.3,1,UPI,Cancelled,Pune
4827,1019,2024-08-30,29,Home,252.36,3,UPI,Cancelled,Hyderabad
4828,1936,2024-01-21,80,Beauty,578.63,1,UPI,Delivered,Bangalore
4829,1557,2024-05-31,36,Books,770.68,1,UPI,Returned,Chennai
4830,1523,2024-05-07,84,Home,295.94,3,UPI,Delivered,Chennai
4831,1581,2024-05-03,109,Home,414.92,3,UPI,Delivered,Ahmedabad
4832,1528,2024-05-25,118,Beauty,528.73,3,COD,Delivered,Hyderabad
4833,1882,2024-10-03,37,Home,143.53,4,UPI,Delivered,Hyderabad
4834,1146,2024-11-05,86,Beauty,35.72,3,COD,Cancelled,Pune
4835,1665,2024-05-31,71,Electronics,161.28,4,UPI,Delivered,Kolkata
4836,1303,2024-12-25,151,Beauty,630.59,2,Card,Returned,Ahmedabad
4837,1619,2024-04-20,169,Sports,82.88,2,UPI,Delivered,Mumbai
4838,1747,2024-04-25,93,Beauty,197.8,1,Card,Returned,Delhi
4839,1819,2024-07-06,80,Beauty,344.48,1,UPI,Delivered,Ahmedabad
4840,1863,2024-02-26,102,Sports,87.09,4,UPI,Delivered,Pune
4841,1581,2024-09-07,156,Beauty,199.78,1,COD,Delivered,Hyderabad
4842,1694,2024-05-29,176,Fashion,912.16,2,Card,Delivered,Hyderabad
4843,1761,2024-06-10,166,Home,29.11,4,UPI,Delivered,Delhi
4844,1227,2024-04-29,159,Home,656.9,4,UPI,Delivered,Bangalore
4845,1101,2024-03-10,14,Electronics,390.56,3,UPI,Delivered,Kolkata
4846,1586,2024-12-16,117,Electronics,675.92,4,Card,Delivered,Chennai
4847,1416,2024-04-08,73,Sports,592.8,1,Card,Delivered,Bangalore
4848,1957,2024-06-15,91,Fashion,231.26,2,UPI,Delivered,Kolkata
4849,1215,2024-10-24,90,Electronics,848.74,1,UPI,Delivered,Delhi
4850,1406,2024-05-30,29,Home,497.02,2,UPI,Delivered,Delhi
4851,1398,2024-11-21,179,Electronics,824.31,3,UPI,Returned,Mumbai
4852,1922,2024-01-02,49,Electronics,411.95,2,Card,Delivered,Ahmedabad
4853,1714,2024-05-31,171,Beauty,984.84,3,Card,Delivered,Pune
4854,1703,2024-12-30,72,Electronics,772.78,1,Card,Delivered,Pune
4855,1760,2024-03-05,133,Sports,966.29,3,UPI,Delivered,Pune
4856,1498,2024-11-21,42,Home,519.18,4,COD,Delivered,Kolkata
4857,1753,2024-03-09,135,Sports,478.95,4,UPI,Delivered,Pune
4858,1464,2024-04-30,42,Sports,757.9,2,Card,Delivered,Mumbai
4859,1690,2024-04-18,164,Books,881.49,1,COD,Cancelled,Chennai
4860,1948,2024-11-11,105,Fashion,964.5,1,Card,Delivered,Pune
4861,1973,2024-09-03,27,Books,331.31,2,UPI,Cancelled,Hyderabad
4862,1730,2024-04-02,58,Books,800.72,4,UPI,Delivered,Delhi
4863,1081,2024-09-24,46,Beauty,218.54,3,COD,Delivered,Mumbai
4864,1603,2024-04-12,66,Sports,550.12,2,UPI,Delivered,Ahmedabad
4865,1946,2024-04-21,25,Fashion,188.05,3,Card,Delivered,Bangalore
4866,1686,2024-11-16,73,Home,353.92,3,UPI,Delivered,Pune
4867,1750,2024-10-30,117,Home,932.04,1,UPI,Delivered,Mumbai
4868,1771,2024-12-09,155,Fashion,154.63,4,UPI,Delivered,Bangalore
4869,1902,2024-03-02,129,Sports,636.08,3,UPI,Delivered,Mumbai
4870,1364,2024-10-26,87,Sports,597.02,4,COD,Delivered,Bangalore
4871,1162,2024-05-15,74,Beauty,129.53,1,COD,Delivered,Mumbai
4872,1047,2024-02-24,170,Beauty,332.72,2,Card,Delivered,Mumbai
4873,1510,2024-04-17,180,Books,567.35,2,UPI,Delivered,Kolkata
4874,1328,2024-10-29,153,Home,195.31,1,UPI,Delivered,Pune
4875,1839,2024-09-14,182,Beauty,802.62,1,Card,Delivered,Chennai
4876,1115,2024-09-09,125,Fashion,972.43,3,UPI,Delivered,Hyderabad
4877,1940,2024-08-09,67,Home,222.61,1,Card,Delivered,Delhi
4878,1848,2024-06-15,6,Sports,195.04,2,UPI,Delivered,Hyderabad
4879,1336,2024-06-08,125,Home,460.39,4,Card,Delivered,Chennai
4880,1880,2024-06-14,58,Electronics,750.29,4,COD,Delivered,Kolkata
4881,1736,2024-07-23,70,Home,288.78,4,UPI,Delivered,Pune
4882,1863,2024-09-23,53,Beauty,29.68,4,COD,Delivered,Bangalore
4883,1839,2024-05-17,66,Fashion,545.81,1,Card,Delivered,Kolkata
4884,1146,2024-12-11,58,Sports,957.03,1,Card,Delivered,Ahmedabad
4885,1574,2024-09-04,82,Sports,397.36,4,UPI,Delivered,Hyderabad
4886,1805,2024-02-24,87,Beauty,425.93,1,UPI,Delivered,Delhi
4887,1322,2024-07-27,2,Beauty,969.21,3,COD,Delivered,Pune
4888,1442,2024-01-17,150,Beauty,697.66,1,Card,Delivered,Delhi
4889,1836,2024-03-08,37,Electronics,721.98,3,Card,Delivered,Ahmedabad
4890,1012,2024-05-12,148,Fashion,567.07,3,Card,Delivered,Ahmedabad
4891,1942,2024-07-06,103,Electronics,974.86,1,UPI,Delivered,Bangalore
4892,1493,2024-11-03,24,Beauty,691.98,4,COD,Delivered,Kolkata
4893,1700,2024-05-17,112,Fashion,896.08,3,UPI,Delivered,Kolkata
4894,1286,2024-06-22,65,Beauty,702.39,1,COD,Delivered,Delhi
4895,1719,2024-04-06,193,Fashion,737.76,2,UPI,Delivered,Chennai
4896,1113,2024-06-19,129,Sports,297.51,4,UPI,Cancelled,Hyderabad
4897,1479,2024-06-02,117,Electronics,310.44,2,UPI,Delivered,Delhi
4898,1021,2024-07-01,116,Books,785.15,3,COD,Delivered,Hyderabad
4899,1348,2024-08-29,105,Beauty,303.74,2,COD,Returned,Mumbai
4900,1725,2024-10-30,3,Beauty,567.14,1,COD,Delivered,Ahmedabad
4901,1682,2024-10-11,46,Home,256.86,4,UPI,Delivered,Ahmedabad
4902,1834,2024-01-27,55,Books,818.81,3,UPI,Delivered,Hyderabad
4903,1565,2024-12-25,75,Sports,119.4,1,Card,Delivered,Bangalore
4904,1905,2024-02-29,192,Beauty,831.15,4,UPI,Delivered,Chennai
4905,1809,2024-07-20,45,Electronics,606.7,3,Card,Delivered,Pune
4906,1319,2024-09-06,154,Sports,195.04,3,Card,Delivered,Delhi
4907,1125,2024-12-27,77,Beauty,546.62,3,UPI,Delivered,Pune
4908,1276,2024-03-09,193,Electronics,289.67,3,Card,Delivered,Chennai
4909,1975,2024-01-21,24,Home,330.23,2,COD,Delivered,Hyderabad
4910,1203,2024-05-31,35,Home,358.01,2,COD,Cancelled,Delhi
4911,1193,2024-04-11,24,Electronics,72.69,2,Card,Delivered,Chennai
4912,1680,2024-04-04,28,Sports,986.1,3,Card,Delivered,Bangalore
4913,1663,2024-12-26,16,Electronics,41.22,2,UPI,Delivered,Mumbai
4914,1546,2024-08-16,59,Books,665.87,4,UPI,Delivered,Kolkata
4915,1695,2024-05-04,182,Electronics,377.52,3,UPI,Returned,Mumbai
4916,1285,2024-09-14,144,Home,649.55,4,UPI,Delivered,Bangalore
4917,1056,2024-11-17,15,Home,362.69,4,UPI,Delivered,Pune
4918,1733,2024-08-23,11,Home,677.01,2,UPI,Delivered,Mumbai
4919,1302,2024-06-10,193,Books,731.94,3,COD,Delivered,Bangalore
4920,1162,2024-02-11,79,Beauty,693.65,2,Card,Delivered,Hyderabad
4921,1018,2024-10-02,115,Books,122.82,2,UPI,Delivered,Pune
4922,1369,2024-12-18,68,Beauty,660.32,2,UPI,Delivered,Pune
4923,1263,2024-03-08,43,Books,287.19,3,UPI,Returned,Kolkata
4924,1793,2024-06-21,69,Fashion,38.51,3,UPI,Delivered,Bangalore
4925,1112,2024-11-26,141,Beauty,420.68,2,UPI,Delivered,Mumbai
4926,1487,2024-05-04,138,Sports,439.21,4,COD,Delivered,Kolkata
4927,1326,2024-06-18,75,Sports,472.5,4,Card,Cancelled,Kolkata
4928,1541,2024-02-16,103,Home,707.78,3,Card,Delivered,Hyderabad
4929,1646,2024-09-17,41,Books,315.76,1,UPI,Delivered,Pune
4930,1578,2024-08-04,178,Electronics,322.13,2,UPI,Delivered,Bangalore
4931,1064,2024-10-31,199,Home,69.95,2,UPI,Delivered,Bangalore
4932,1291,2024-05-03,59,Electronics,689.95,1,Card,Delivered,Ahmedabad
4933,1024,2024-10-19,39,Books,572.15,3,Card,Delivered,Kolkata
4934,1548,2024-06-10,3,Home,355.93,4,UPI,Returned,Ahmedabad
4935,1000,2024-07-19,7,Home,708.14,3,COD,Delivered,Pune
4936,1910,2024-10-01,49,Sports,541.98,4,UPI,Delivered,Pune
4937,1548,2024-07-24,26,Electronics,474.55,4,Card,Delivered,Hyderabad
4938,1140,2024-02-09,161,Fashion,516.21,3,Card,Delivered,Ahmedabad
4939,1743,2024-09-29,101,Fashion,639.98,2,UPI,Returned,Pune
4940,1647,2024-07-06,176,Home,663.4,2,Card,Delivered,Delhi
4941,1900,2024-12-20,79,Books,296.07,2,UPI,Delivered,Ahmedabad
4942,1187,2024-04-02,2,Home,149.34,4,UPI,Delivered,Mumbai
4943,1127,2024-02-11,127,Sports,165.07,2,UPI,Delivered,Pune
4944,1200,2024-04-16,199,Electronics,643.0,4,UPI,Delivered,Delhi
4945,1126,2024-11-23,160,Home,874.14,2,UPI,Delivered,Ahmedabad
4946,1256,2024-03-05,132,Books,415.4,3,Card,Cancelled,Hyderabad
4947,1675,2024-12-30,20,Fashion,177.82,1,UPI,Returned,Hyderabad
4948,1546,2024-11-04,117,Electronics,759.04,4,UPI,Delivered,Chennai
4949,1193,2024-05-14,164,Home,834.16,3,Card,Delivered,Ahmedabad
4950,1702,2024-01-24,32,Electronics,881.78,4,COD,Delivered,Chennai
4951,1103,2024-01-28,28,Sports,610.76,4,Card,Delivered,Hyderabad
4952,1534,2024-03-02,77,Fashion,862.12,3,COD,Delivered,Ahmedabad
4953,1264,2024-09-29,1,Books,25.26,2,Card,Delivered,Chennai
4954,1801,2024-08-16,188,Electronics,116.16,4,UPI,Delivered,Bangalore
4955,1941,2024-01-20,56,Fashion,101.65,1,Card,Delivered,Delhi
4956,1973,2024-01-03,35,Home,715.48,1,UPI,Delivered,Hyderabad
4957,1383,2024-08-05,112,Books,78.89,3,UPI,Delivered,Bangalore
4958,1259,2024-11-02,30,Books,501.4,1,UPI,Delivered,Mumbai
4959,1413,2024-05-15,54,Beauty,477.98,3,UPI,Delivered,Ahmedabad
4960,1990,2024-01-03,36,Electronics,317.6,3,Card,Delivered,Mumbai
4961,1357,2024-07-11,183,Fashion,871.7,4,Card,Delivered,Chennai
4962,1074,2024-03-13,80,Electronics,178.73,3,UPI,Delivered,Chennai
4963,1354,2024-12-26,58,Home,358.94,3,COD,Delivered,Bangalore
4964,1583,2024-04-27,83,Home,776.43,2,Card,Returned,Mumbai
4965,1770,2024-06-02,65,Books,40.12,4,UPI,Delivered,Pune
4966,1909,2024-07-27,69,Books,676.22,1,COD,Delivered,Hyderabad
4967,1187,2024-02-03,128,Fashion,818.23,2,UPI,Delivered,Ahmedabad
4968,1972,2024-05-16,51,Sports,932.95,2,Card,Delivered,Pune
4969,1684,2024-11-13,22,Electronics,877.53,4,UPI,Delivered,Ahmedabad
4970,1991,2024-04-29,107,Electronics,326.19,4,Card,Delivered,Delhi
4971,1289,2024-04-24,109,Home,590.5,2,COD,Delivered,Kolkata
4972,1044,2024-01-13,116,Electronics,86.52,4,Card,Delivered,Chennai
4973,1572,2024-03-09,101,Fashion,265.29,4,UPI,Delivered,Bangalore
4974,1082,2024-11-28,181,Beauty,103.28,3,UPI,Delivered,Pune
4975,1122,2024-09-13,100,Books,322.04,4,UPI,Delivered,Chennai
4976,1357,2024-03-29,164,Home,876.44,3,Card,Delivered,Bangalore
4977,1527,2024-02-16,68,Books,353.7,2,UPI,Delivered,Mumbai
4978,1065,2024-09-16,36,Books,566.28,2,UPI,Delivered,Chennai
4979,1935,2024-08-15,180,Books,439.05,1,Card,Delivered,Kolkata
4980,1656,2024-06-28,181,Beauty,464.33,4,UPI,Delivered,Ahmedabad
4981,1374,2024-01-10,178,Electronics,969.88,2,COD,Delivered,Pune
4982,1161,2024-10-10,169,Sports,303.19,3,UPI,Cancelled,Bangalore
4983,1745,2024-05-05,146,Books,631.05,2,UPI,Delivered,Bangalore
4984,1379,2024-05-13,22,Fashion,425.86,4,UPI,Delivered,Ahmedabad
4985,1655,2024-06-03,66,Books,70.53,1,COD,Delivered,Pune
4986,1357,2024-09-04,21,Books,494.44,1,UPI,Cancelled,Kolkata
4987,1187,2024-05-19,100,Electronics,815.21,2,UPI,Delivered,Chennai
4988,1321,2024-11-13,128,Fashion,107.77,1,Card,Returned,Delhi
4989,1449,2024-06-24,44,Electronics,78.9,4,Card,Delivered,Hyderabad
4990,1473,2024-11-18,103,Books,162.1,4,UPI,Delivered,Kolkata
4991,1012,2024-06-22,47,Electronics,766.76,1,Card,Delivered,Mumbai
4992,1183,2024-03-14,39,Electronics,726.76,3,UPI,Delivered,Pune
4993,1110,2024-12-16,29,Home,569.37,1,UPI,Delivered,Kolkata
4994,1926,2024-05-22,54,Beauty,473.54,1,Card,Delivered,Pune
4995,1507,2024-10-18,90,Sports,889.44,2,UPI,Delivered,Chennai
4996,1289,2024-04-21,85,Beauty,769.03,3,COD,Delivered,Chennai
4997,1294,2024-07-24,17,Beauty,813.82,1,UPI,Delivered,Delhi
4998,1450,2024-05-10,80,Fashion,815.13,2,Card,Delivered,Mumbai
4999,1903,2024-04-19,188,Home,646.29,2,UPI,Delivered,Chennai
5000,1214,2024-03-07,159,Home,463.43,2,COD,Delivered,Delhi
