Transaction ID,Customer ID,Transaction Date,Transaction Amount,Transaction Type,Merchant Category,Location,Device Used,Fraud Flag
T100000,C1229,2024-01-13,7803.53,ATM,Fuel,Hyderabad,ATM Machine,No
T100001,C1210,2024-12-12,19038.93,ATM,Utilities,Delhi,ATM Machine,No
T100002,C1066,2024-01-16,36653.3,Online,Travel,Hyderabad,Tablet,No
T100003,C2150,2024-04-11,12173.84,ATM,Utilities,Kolkata,ATM Machine,No
T100004,C1570,2025-02-18,7969.73,Online,Restaurant,Kolkata,Desktop,No
T100005,C1441,2025-05-05,2424.32,POS,Electronics,Delhi,POS Terminal,No
T100006,C1736,2025-03-09,965.45,POS,E-commerce,Chennai,POS Terminal,No
T100007,C1941,2024-10-01,43335.57,Online,Healthcare,Delhi,Tablet,No
T100008,C1741,2024-10-22,30135.53,Online,Electronics,Mumbai,Tablet,No
T100009,C1593,2024-02-10,35462.01,Online,Electronics,Kolkata,Desktop,No
T100010,C1748,2024-03-24,406.71,POS,Entertainment,Hyderabad,POS Terminal,No
T100011,C1147,2024-11-07,19413.24,ATM,Restaurant,Jaipur,ATM Machine,No
T100012,C1335,2024-08-24,12503.4,POS,Fuel,Jaipur,POS Terminal,No
T100013,C1665,2025-03-07,10774.49,Online,Travel,Mumbai,Desktop,No
T100014,C1136,2024-04-18,4045.59,ATM,Entertainment,Hyderabad,ATM Machine,No
T100015,C1811,2025-03-28,4076.39,ATM,Fashion,Bangalore,ATM Machine,No
T100016,C1506,2025-01-16,6432.72,ATM,Utilities,Chennai,ATM Machine,No
T100017,C1878,2025-04-04,10732.75,ATM,Healthcare,Pune,ATM Machine,No
T100018,C1284,2024-09-17,6535.98,POS,Electronics,Mumbai,POS Terminal,No
T100019,C1314,2024-11-17,14703.21,Online,Healthcare,Lucknow,Mobile,No
T100020,C1959,2024-09-27,9216.61,POS,Utilities,Mumbai,POS Terminal,No
T100021,C1235,2024-12-15,3220.13,ATM,Fuel,Pune,ATM Machine,No
T100022,C1891,2024-03-21,4452.96,POS,Grocery,Chennai,POS Terminal,No
T100023,C1366,2024-09-16,18444.82,Online,Fuel,Jaipur,Tablet,No
T100024,C1766,2025-01-25,22912.29,Online,Utilities,Jaipur,Mobile,No
T100025,C2001,2024-01-10,39301.76,Online,Entertainment,Chennai,Mobile,No
T100026,C2162,2025-04-29,10143.75,Online,Electronics,Ahmedabad,Mobile,No
T100027,C2091,2025-01-27,25808.88,Online,Restaurant,Ahmedabad,Tablet,No
T100028,C2081,2025-03-22,12052.08,ATM,Healthcare,Hyderabad,ATM Machine,No
T100029,C1412,2024-12-31,792.11,POS,Healthcare,Pune,POS Terminal,No
T100030,C2060,2024-08-19,30455.73,Online,Travel,Hyderabad,Mobile,No
T100031,C2135,2024-04-27,3825.22,ATM,Travel,Mumbai,ATM Machine,No
T100032,C1121,2024-04-27,3439.57,Online,Grocery,Pune,Mobile,No
T100033,C1571,2024-12-08,14238.39,POS,Travel,Jaipur,POS Terminal,No
T100034,C2170,2024-10-22,14487.92,POS,Travel,Ahmedabad,POS Terminal,No
T100035,C1390,2024-02-18,40458.19,Online,Healthcare,Pune,Desktop,No
T100036,C1111,2024-12-10,6439.97,ATM,Electronics,Mumbai,ATM Machine,No
T100037,C1695,2025-02-13,5064.07,Online,Travel,Hyderabad,Mobile,No
T100038,C1288,2024-08-04,34274.8,Online,Fuel,Ahmedabad,Mobile,No
T100039,C1155,2024-08-14,9082.97,ATM,Electronics,Mumbai,ATM Machine,No
T100040,C2108,2025-03-04,6277.5,Online,Electronics,Hyderabad,Mobile,No
T100041,C1986,2024-04-19,7478.14,POS,Grocery,Bangalore,POS Terminal,No
T100042,C1800,2024-05-15,612.39,POS,Fuel,Kolkata,POS Terminal,No
T100043,C2139,2024-12-04,18231.75,ATM,Fashion,Bangalore,ATM Machine,No
T100044,C1446,2025-05-10,13087.24,Online,E-commerce,Jaipur,Mobile,No
T100045,C1118,2024-01-26,13419.18,ATM,Fashion,Jaipur,ATM Machine,No
T100046,C2088,2024-03-21,15723.21,Online,Utilities,Delhi,Mobile,No
T100047,C1140,2024-12-11,26099.39,Online,Healthcare,Delhi,Tablet,No
T100048,C1082,2024-11-13,27426.17,Online,Healthcare,Lucknow,Tablet,No
T100049,C1535,2024-04-14,4104.66,ATM,Entertainment,Hyderabad,ATM Machine,No
T100050,C1269,2024-12-09,19406.9,ATM,Fuel,Ahmedabad,ATM Machine,No
T100051,C1149,2024-01-05,11649.48,POS,E-commerce,Lucknow,POS Terminal,No
T100052,C1151,2024-10-02,46987.05,Online,Utilities,Chennai,Mobile,No
T100053,C1141,2025-03-26,44762.4,Online,Entertainment,Chennai,Mobile,No
T100054,C2113,2024-12-26,9008.71,POS,E-commerce,Jaipur,POS Terminal,Yes
T100055,C2136,2024-06-02,18476.55,ATM,Electronics,Bangalore,ATM Machine,No
T100056,C1220,2025-01-15,2225.6,ATM,Restaurant,Chennai,ATM Machine,No
T100057,C1432,2025-01-02,3020.14,POS,Travel,Chennai,POS Terminal,No
T100058,C1515,2025-04-08,2452.32,Online,Electronics,Kolkata,Desktop,No
T100059,C1684,2025-01-29,16401.45,Online,Fuel,Bangalore,Tablet,No
T100060,C1876,2024-10-14,19556.13,Online,Electronics,Delhi,Tablet,No
T100061,C2118,2024-01-19,4143.1,POS,E-commerce,Jaipur,POS Terminal,No
T100062,C1262,2024-01-22,12448.19,POS,Entertainment,Mumbai,POS Terminal,No
T100063,C1431,2024-12-15,17966.32,Online,Electronics,Pune,Tablet,No
T100064,C1833,2025-05-13,5978.22,ATM,Restaurant,Hyderabad,ATM Machine,No
T100065,C1363,2025-03-27,8186.17,POS,Grocery,Bangalore,POS Terminal,No
T100066,C1681,2025-02-04,2199.77,POS,Travel,Chennai,POS Terminal,No
T100067,C1222,2024-07-14,40149.41,Online,Fashion,Hyderabad,Mobile,No
T100068,C1943,2024-06-28,1210.8,POS,Travel,Hyderabad,POS Terminal,Yes
T100069,C1396,2024-07-23,14804.62,POS,Fuel,Delhi,POS Terminal,No
T100070,C1572,2024-06-28,15558.77,ATM,Utilities,Kolkata,ATM Machine,No
T100071,C2099,2024-06-18,10096.04,Online,Electronics,Chennai,Mobile,No
T100072,C1544,2024-01-20,475.0,Online,E-commerce,Kolkata,Desktop,No
T100073,C1643,2024-08-11,16401.5,ATM,Utilities,Delhi,ATM Machine,No
T100074,C2181,2024-04-07,10632.17,POS,Grocery,Kolkata,POS Terminal,Yes
T100075,C2103,2024-12-17,14715.64,ATM,Travel,Pune,ATM Machine,No
T100076,C1677,2024-11-15,11591.93,POS,Electronics,Chennai,POS Terminal,No
T100077,C1837,2024-06-16,1203.27,POS,Fuel,Jaipur,POS Terminal,No
T100078,C1862,2024-12-06,5441.14,POS,Restaurant,Lucknow,POS Terminal,No
T100079,C1832,2024-10-07,5970.28,Online,Fuel,Chennai,Mobile,No
T100080,C2188,2024-11-06,17330.52,ATM,Entertainment,Ahmedabad,ATM Machine,No
T100081,C1438,2024-09-18,9387.14,POS,Restaurant,Delhi,POS Terminal,No
T100082,C1687,2024-02-17,16678.72,Online,Fuel,Hyderabad,Mobile,No
T100083,C1095,2024-05-05,1047.02,POS,E-commerce,Delhi,POS Terminal,No
T100084,C2179,2024-04-09,6564.16,ATM,Healthcare,Ahmedabad,ATM Machine,No
T100085,C1303,2024-12-01,6841.07,ATM,Grocery,Delhi,ATM Machine,No
T100086,C1449,2024-03-31,14727.32,ATM,Utilities,Ahmedabad,ATM Machine,No
T100087,C1511,2025-04-14,31950.36,Online,Fashion,Bangalore,Desktop,No
T100088,C2145,2024-10-31,13319.47,POS,Fashion,Lucknow,POS Terminal,No
T100089,C2034,2024-08-06,9708.19,ATM,Fashion,Bangalore,ATM Machine,No
T100090,C1973,2024-08-18,1881.95,POS,Travel,Chennai,POS Terminal,No
T100091,C2068,2024-09-05,14408.27,ATM,Travel,Chennai,ATM Machine,No
T100092,C1586,2024-04-30,11435.7,POS,Entertainment,Pune,POS Terminal,No
T100093,C1166,2024-03-11,28151.6,Online,Travel,Kolkata,Tablet,No
T100094,C1439,2024-02-02,11587.41,POS,Healthcare,Pune,POS Terminal,No
T100095,C1852,2024-02-01,24791.02,Online,Healthcare,Kolkata,Tablet,No
T100096,C1041,2025-03-14,10693.29,ATM,Healthcare,Ahmedabad,ATM Machine,Yes
T100097,C1721,2024-06-01,6470.36,POS,Healthcare,Jaipur,POS Terminal,No
T100098,C2119,2025-02-13,995.67,ATM,Travel,Ahmedabad,ATM Machine,No
T100099,C1893,2024-09-05,5572.99,Online,Healthcare,Pune,Tablet,No
T100100,C1829,2025-01-05,1765.17,Online,Fashion,Bangalore,Tablet,No
T100101,C1807,2024-10-30,12910.0,ATM,Grocery,Delhi,ATM Machine,No
T100102,C1278,2025-03-19,4783.9,POS,Restaurant,Mumbai,POS Terminal,No
T100103,C1671,2024-04-18,7677.7,POS,Entertainment,Pune,POS Terminal,No
T100104,C1777,2024-05-22,13622.74,POS,Fuel,Delhi,POS Terminal,No
T100105,C2105,2024-01-27,3814.45,POS,Travel,Delhi,POS Terminal,No
T100106,C1083,2025-01-21,20637.07,Online,Travel,Hyderabad,Mobile,No
T100107,C1489,2024-03-05,11357.71,POS,Electronics,Lucknow,POS Terminal,No
T100108,C1953,2024-12-24,3509.09,POS,Entertainment,Bangalore,POS Terminal,No
T100109,C1235,2025-02-02,4033.6,Online,Fuel,Delhi,Tablet,Yes
T100110,C1639,2024-10-21,6150.15,ATM,Healthcare,Kolkata,ATM Machine,No
T100111,C1407,2024-02-08,3643.82,ATM,Travel,Delhi,ATM Machine,No
T100112,C1618,2025-03-11,18629.1,ATM,E-commerce,Delhi,ATM Machine,No
T100113,C2160,2025-02-04,40444.39,Online,Entertainment,Jaipur,Desktop,No
T100114,C1142,2024-09-16,12851.37,ATM,Entertainment,Mumbai,ATM Machine,No
T100115,C2004,2024-02-24,13084.76,POS,Entertainment,Ahmedabad,POS Terminal,No
T100116,C1892,2024-03-31,16171.61,ATM,Utilities,Chennai,ATM Machine,No
T100117,C2103,2025-01-31,2879.89,POS,Fashion,Kolkata,POS Terminal,No
T100118,C1550,2024-06-14,44649.44,Online,Electronics,Chennai,Desktop,No
T100119,C1952,2024-10-18,11017.17,ATM,Healthcare,Pune,ATM Machine,Yes
T100120,C1666,2024-04-03,12130.86,POS,Travel,Pune,POS Terminal,No
T100121,C1698,2024-05-23,17973.78,ATM,Fuel,Jaipur,ATM Machine,Yes
T100122,C1392,2024-02-13,16036.57,Online,Healthcare,Ahmedabad,Tablet,No
T100123,C1976,2024-11-26,2646.01,ATM,Fashion,Ahmedabad,ATM Machine,No
T100124,C1191,2024-05-30,11551.17,Online,Healthcare,Hyderabad,Desktop,No
T100125,C1756,2024-08-30,8828.6,ATM,Utilities,Pune,ATM Machine,No
T100126,C2128,2024-06-18,12288.42,POS,Fashion,Chennai,POS Terminal,No
T100127,C1473,2024-03-02,17284.25,ATM,Travel,Pune,ATM Machine,No
T100128,C2098,2025-05-01,635.57,ATM,Restaurant,Hyderabad,ATM Machine,No
T100129,C1992,2024-05-21,10459.57,ATM,E-commerce,Jaipur,ATM Machine,No
T100130,C1206,2025-03-02,20987.07,Online,Fuel,Hyderabad,Desktop,No
T100131,C1029,2024-12-28,4831.1,ATM,Restaurant,Chennai,ATM Machine,No
T100132,C1112,2024-10-10,1885.99,POS,Restaurant,Ahmedabad,POS Terminal,No
T100133,C1026,2024-10-20,5130.47,POS,Fashion,Ahmedabad,POS Terminal,No
T100134,C1378,2025-05-09,47156.9,Online,Fuel,Ahmedabad,Mobile,No
T100135,C1821,2024-09-08,16295.51,Online,E-commerce,Mumbai,Mobile,No
T100136,C2153,2025-04-30,7829.98,POS,Electronics,Hyderabad,POS Terminal,No
T100137,C1853,2024-11-06,14208.87,ATM,E-commerce,Hyderabad,ATM Machine,No
T100138,C1780,2024-08-18,5518.08,POS,Fuel,Lucknow,POS Terminal,No
T100139,C1626,2024-10-18,19449.75,ATM,Grocery,Lucknow,ATM Machine,No
T100140,C1204,2025-04-30,48129.88,Online,Travel,Chennai,Tablet,No
T100141,C1492,2024-03-29,5409.75,ATM,Electronics,Bangalore,ATM Machine,Yes
T100142,C1923,2024-12-18,10196.35,ATM,Fashion,Chennai,ATM Machine,No
T100143,C1591,2024-12-27,4583.09,POS,Fashion,Delhi,POS Terminal,No
T100144,C1542,2025-02-07,6054.39,ATM,E-commerce,Hyderabad,ATM Machine,No
T100145,C2116,2024-04-25,1219.3,ATM,Restaurant,Chennai,ATM Machine,No
T100146,C1147,2024-01-31,30556.3,Online,Fuel,Lucknow,Tablet,No
T100147,C1592,2024-08-12,25233.42,Online,Fashion,Chennai,Tablet,No
T100148,C1558,2024-09-13,1503.84,ATM,Fashion,Ahmedabad,ATM Machine,No
T100149,C1082,2025-03-31,4251.83,POS,Entertainment,Lucknow,POS Terminal,No
T100150,C1188,2024-04-27,18211.18,ATM,E-commerce,Lucknow,ATM Machine,No
T100151,C1552,2024-10-22,12130.18,Online,Restaurant,Ahmedabad,Tablet,No
T100152,C1570,2024-04-02,3325.45,ATM,Healthcare,Ahmedabad,ATM Machine,No
T100153,C1963,2024-06-27,7392.85,POS,Entertainment,Pune,POS Terminal,No
T100154,C1330,2024-06-17,14786.19,POS,Fashion,Chennai,POS Terminal,No
T100155,C1821,2025-02-20,5220.08,ATM,Grocery,Ahmedabad,ATM Machine,No
T100156,C1517,2024-06-14,33672.35,Online,Healthcare,Jaipur,Mobile,No
T100157,C2112,2024-08-24,11448.13,POS,Grocery,Hyderabad,POS Terminal,No
T100158,C2021,2024-11-16,3640.8,POS,Grocery,Hyderabad,POS Terminal,No
T100159,C1269,2025-04-19,10950.42,POS,Fashion,Ahmedabad,POS Terminal,No
T100160,C1491,2024-12-29,18515.6,Online,Fuel,Jaipur,Mobile,No
T100161,C1191,2024-04-25,31688.83,Online,Fashion,Delhi,Tablet,No
T100162,C2021,2025-04-22,12853.83,ATM,Fuel,Jaipur,ATM Machine,No
T100163,C1851,2025-03-03,8083.04,POS,Fashion,Hyderabad,POS Terminal,No
T100164,C1297,2024-07-15,4696.43,Online,E-commerce,Jaipur,Tablet,No
T100165,C1143,2024-05-21,12546.01,POS,Entertainment,Jaipur,POS Terminal,No
T100166,C1006,2024-05-24,6755.21,ATM,Fuel,Lucknow,ATM Machine,No
T100167,C2003,2025-03-19,9488.62,Online,Fashion,Jaipur,Desktop,No
T100168,C2131,2025-01-25,1295.12,ATM,Healthcare,Ahmedabad,ATM Machine,No
T100169,C1387,2024-12-23,29626.47,Online,E-commerce,Kolkata,Mobile,No
T100170,C1842,2024-01-23,10195.71,POS,Fashion,Kolkata,POS Terminal,No
T100171,C1312,2024-09-10,1026.07,Online,Restaurant,Jaipur,Tablet,No
T100172,C1206,2025-03-23,7730.19,POS,Electronics,Jaipur,POS Terminal,No
T100173,C1032,2025-01-04,11479.49,Online,Healthcare,Bangalore,Mobile,No
T100174,C1543,2024-06-22,13080.87,ATM,Healthcare,Delhi,ATM Machine,No
T100175,C2093,2024-07-13,2698.06,POS,Fashion,Jaipur,POS Terminal,No
T100176,C1141,2024-04-30,13973.29,ATM,Fuel,Hyderabad,ATM Machine,No
T100177,C1889,2025-05-15,19459.42,Online,Electronics,Ahmedabad,Mobile,No
T100178,C1060,2024-01-24,14057.28,POS,Grocery,Chennai,POS Terminal,No
T100179,C1883,2024-03-15,7048.54,Online,Utilities,Kolkata,Tablet,No
T100180,C1369,2024-03-28,17185.1,Online,Electronics,Lucknow,Desktop,No
T100181,C1494,2024-09-11,2712.73,ATM,Restaurant,Hyderabad,ATM Machine,No
T100182,C1521,2024-08-23,13877.93,POS,Grocery,Ahmedabad,POS Terminal,No
T100183,C2120,2024-03-21,43891.5,Online,Fashion,Pune,Tablet,No
T100184,C1869,2024-12-19,3943.33,POS,Fashion,Chennai,POS Terminal,No
T100185,C1788,2025-03-12,9933.76,POS,Electronics,Hyderabad,POS Terminal,No
T100186,C1736,2024-10-21,12276.61,POS,Fuel,Mumbai,POS Terminal,No
T100187,C1811,2024-05-20,27849.0,Online,E-commerce,Mumbai,Tablet,No
T100188,C1587,2025-02-01,26576.6,Online,E-commerce,Pune,Mobile,No
T100189,C1514,2024-12-13,5216.12,ATM,Restaurant,Delhi,ATM Machine,No
T100190,C1081,2024-06-07,1487.23,POS,Grocery,Lucknow,POS Terminal,No
T100191,C1270,2024-02-16,13468.51,POS,Entertainment,Kolkata,POS Terminal,No
T100192,C1271,2025-02-06,18058.15,ATM,Entertainment,Jaipur,ATM Machine,No
T100193,C1559,2025-03-01,31728.45,Online,Fuel,Ahmedabad,Desktop,No
T100194,C1694,2025-02-15,17083.68,Online,Fashion,Delhi,Mobile,No
T100195,C1463,2025-03-16,7309.59,ATM,Healthcare,Jaipur,ATM Machine,No
T100196,C1809,2024-01-08,10916.74,POS,Utilities,Delhi,POS Terminal,No
T100197,C1537,2024-10-26,13466.94,POS,Entertainment,Delhi,POS Terminal,No
T100198,C1966,2024-01-13,17798.19,ATM,Utilities,Pune,ATM Machine,No
T100199,C1454,2024-11-27,39037.8,Online,Fashion,Chennai,Tablet,No
T100200,C1287,2024-01-24,32173.18,Online,Fuel,Ahmedabad,Mobile,No
T100201,C2101,2024-03-10,1353.69,POS,Fashion,Pune,POS Terminal,No
T100202,C2107,2024-08-02,3651.76,ATM,Restaurant,Kolkata,ATM Machine,No
T100203,C2003,2024-11-11,13488.46,POS,Fuel,Mumbai,POS Terminal,No
T100204,C1445,2024-08-15,9135.79,POS,Travel,Pune,POS Terminal,No
T100205,C1753,2024-10-05,679.34,ATM,Entertainment,Mumbai,ATM Machine,No
T100206,C1389,2025-05-10,5253.28,Online,Fashion,Delhi,Tablet,No
T100207,C1044,2024-01-26,9986.18,POS,Travel,Bangalore,POS Terminal,No
T100208,C1421,2024-02-05,598.7,ATM,Travel,Lucknow,ATM Machine,No
T100209,C1478,2024-06-17,8208.24,Online,E-commerce,Mumbai,Desktop,No
T100210,C1297,2024-03-07,11200.31,ATM,Fuel,Bangalore,ATM Machine,No
T100211,C1053,2024-03-08,34656.38,Online,Entertainment,Hyderabad,Tablet,No
T100212,C1357,2024-05-15,32667.67,Online,Restaurant,Kolkata,Tablet,No
T100213,C1131,2024-08-31,3441.61,POS,Entertainment,Jaipur,POS Terminal,No
T100214,C1926,2024-09-14,35666.53,Online,E-commerce,Mumbai,Tablet,No
T100215,C2068,2024-06-03,3635.01,POS,Grocery,Mumbai,POS Terminal,No
T100216,C1823,2024-08-06,6845.29,ATM,Electronics,Ahmedabad,ATM Machine,No
T100217,C1909,2024-02-07,37375.27,Online,Entertainment,Lucknow,Mobile,No
T100218,C1564,2024-11-15,13167.84,ATM,E-commerce,Jaipur,ATM Machine,No
T100219,C1781,2024-11-01,17059.86,ATM,Fuel,Ahmedabad,ATM Machine,No
T100220,C1882,2024-02-20,13323.45,ATM,Electronics,Jaipur,ATM Machine,No
T100221,C1441,2024-08-08,8567.8,POS,Travel,Kolkata,POS Terminal,No
T100222,C1929,2024-07-23,1495.75,POS,Electronics,Pune,POS Terminal,No
T100223,C1523,2024-07-10,18512.25,Online,Fashion,Delhi,Mobile,No
T100224,C1191,2024-08-09,13407.08,Online,Entertainment,Bangalore,Tablet,No
T100225,C2151,2024-10-14,3735.45,POS,Electronics,Kolkata,POS Terminal,No
T100226,C1867,2025-03-20,19473.71,ATM,Grocery,Chennai,ATM Machine,No
T100227,C1721,2024-02-23,8165.41,ATM,Utilities,Hyderabad,ATM Machine,No
T100228,C1988,2024-04-24,44623.92,Online,Entertainment,Jaipur,Desktop,No
T100229,C1571,2024-10-20,31630.7,Online,Healthcare,Jaipur,Tablet,No
T100230,C2141,2024-01-14,15998.82,ATM,Fuel,Mumbai,ATM Machine,No
T100231,C1633,2025-04-16,7589.29,POS,Entertainment,Mumbai,POS Terminal,No
T100232,C1294,2024-10-16,11749.63,ATM,Healthcare,Delhi,ATM Machine,No
T100233,C1063,2024-02-16,10104.1,ATM,Utilities,Hyderabad,ATM Machine,No
T100234,C1930,2024-06-23,9923.1,Online,Entertainment,Chennai,Tablet,No
T100235,C2163,2024-11-01,36178.12,Online,Grocery,Bangalore,Mobile,No
T100236,C1102,2024-12-11,14182.46,Online,Fuel,Ahmedabad,Tablet,No
T100237,C1906,2024-07-31,462.31,POS,Travel,Jaipur,POS Terminal,No
T100238,C1881,2024-02-26,9717.54,POS,E-commerce,Ahmedabad,POS Terminal,No
T100239,C1632,2024-01-24,9020.11,Online,Healthcare,Lucknow,Mobile,Yes
T100240,C1618,2025-04-29,47034.84,Online,Restaurant,Chennai,Desktop,No
T100241,C1016,2024-09-11,19101.61,ATM,Healthcare,Bangalore,ATM Machine,No
T100242,C2091,2024-12-26,45760.25,Online,Utilities,Jaipur,Tablet,No
T100243,C1148,2024-07-22,7718.09,ATM,Grocery,Kolkata,ATM Machine,Yes
T100244,C1160,2025-03-17,330.3,POS,E-commerce,Kolkata,POS Terminal,No
T100245,C1856,2024-05-28,46430.26,Online,Healthcare,Mumbai,Desktop,No
T100246,C1943,2025-03-01,8849.59,ATM,Entertainment,Delhi,ATM Machine,No
T100247,C1217,2024-05-04,14503.16,POS,E-commerce,Kolkata,POS Terminal,No
T100248,C1811,2025-03-21,14457.94,POS,Entertainment,Hyderabad,POS Terminal,No
T100249,C1345,2024-02-09,17133.68,ATM,Electronics,Jaipur,ATM Machine,No
T100250,C1716,2024-06-28,6241.75,ATM,Restaurant,Hyderabad,ATM Machine,No
T100251,C1525,2024-04-11,19377.87,Online,E-commerce,Bangalore,Tablet,No
T100252,C2012,2024-08-25,17097.17,ATM,E-commerce,Ahmedabad,ATM Machine,No
T100253,C2157,2024-11-25,6679.98,ATM,E-commerce,Pune,ATM Machine,No
T100254,C1648,2024-03-18,2625.44,POS,Electronics,Ahmedabad,POS Terminal,No
T100255,C1621,2025-02-11,8396.34,POS,E-commerce,Mumbai,POS Terminal,No
T100256,C1152,2024-06-07,14048.71,POS,Fashion,Mumbai,POS Terminal,No
T100257,C1588,2024-02-09,14072.58,ATM,Electronics,Lucknow,ATM Machine,No
T100258,C1788,2024-08-24,11616.19,ATM,Utilities,Mumbai,ATM Machine,No
T100259,C2171,2024-11-29,5039.39,Online,Entertainment,Lucknow,Desktop,No
T100260,C1127,2024-08-18,30827.36,Online,Entertainment,Delhi,Tablet,No
T100261,C1081,2024-05-06,19806.05,ATM,Fashion,Ahmedabad,ATM Machine,No
T100262,C1326,2024-07-05,2187.25,POS,Fuel,Kolkata,POS Terminal,No
T100263,C1693,2024-12-13,10607.43,ATM,Grocery,Pune,ATM Machine,No
T100264,C1194,2024-10-12,17608.77,ATM,Healthcare,Chennai,ATM Machine,No
T100265,C1308,2024-06-19,37090.28,Online,E-commerce,Bangalore,Desktop,No
T100266,C1803,2024-03-07,14091.81,ATM,Electronics,Chennai,ATM Machine,No
T100267,C1673,2025-02-20,35183.71,Online,Utilities,Delhi,Tablet,No
T100268,C2042,2024-07-04,18102.66,Online,Entertainment,Chennai,Mobile,No
T100269,C1700,2025-04-30,4474.52,POS,Travel,Hyderabad,POS Terminal,No
T100270,C1318,2024-02-09,12159.48,POS,Electronics,Jaipur,POS Terminal,No
T100271,C2079,2024-01-20,16297.21,ATM,Entertainment,Lucknow,ATM Machine,No
T100272,C1772,2024-03-19,43380.2,Online,Restaurant,Lucknow,Mobile,No
T100273,C1090,2024-07-29,13707.28,POS,Travel,Ahmedabad,POS Terminal,No
T100274,C1920,2024-04-29,10471.18,ATM,Travel,Chennai,ATM Machine,No
T100275,C1961,2025-04-07,25175.51,Online,Entertainment,Lucknow,Desktop,No
T100276,C1578,2025-02-02,11994.6,POS,Utilities,Jaipur,POS Terminal,No
T100277,C1332,2025-02-22,32568.2,Online,E-commerce,Bangalore,Desktop,No
T100278,C1985,2025-03-23,10559.31,POS,Utilities,Delhi,POS Terminal,No
T100279,C2057,2025-03-11,39830.47,Online,Fuel,Delhi,Mobile,No
T100280,C2052,2024-03-16,13361.08,POS,Electronics,Hyderabad,POS Terminal,No
T100281,C1716,2025-04-21,17032.16,Online,Healthcare,Mumbai,Desktop,No
T100282,C1483,2024-07-16,18904.03,Online,Entertainment,Hyderabad,Mobile,No
T100283,C1203,2025-03-05,2332.65,ATM,Entertainment,Bangalore,ATM Machine,No
T100284,C1588,2025-04-14,8716.37,POS,Restaurant,Ahmedabad,POS Terminal,No
T100285,C1011,2025-04-08,1989.93,Online,Grocery,Chennai,Mobile,No
T100286,C2124,2025-04-26,9579.16,ATM,E-commerce,Jaipur,ATM Machine,No
T100287,C1591,2024-05-01,8185.41,POS,Electronics,Mumbai,POS Terminal,No
T100288,C1937,2024-02-02,14469.75,Online,Fashion,Lucknow,Tablet,Yes
T100289,C2056,2024-10-21,29623.5,Online,Restaurant,Chennai,Desktop,Yes
T100290,C1723,2024-05-03,1094.75,ATM,Healthcare,Bangalore,ATM Machine,No
T100291,C1176,2024-09-25,656.49,POS,Electronics,Jaipur,POS Terminal,No
T100292,C2040,2024-10-10,41165.51,Online,Healthcare,Ahmedabad,Mobile,No
T100293,C1765,2024-05-09,7523.72,ATM,Grocery,Pune,ATM Machine,No
T100294,C1707,2024-05-03,2977.68,ATM,Electronics,Lucknow,ATM Machine,No
T100295,C1681,2024-03-09,26207.71,Online,Entertainment,Jaipur,Desktop,No
T100296,C1359,2025-03-01,15514.87,ATM,Fashion,Ahmedabad,ATM Machine,No
T100297,C1277,2024-02-02,4708.51,ATM,Fashion,Mumbai,ATM Machine,No
T100298,C1090,2025-02-09,31219.95,Online,Grocery,Pune,Desktop,No
T100299,C2113,2024-08-30,1371.68,POS,Grocery,Hyderabad,POS Terminal,No
T100300,C1098,2025-03-19,1507.79,ATM,Entertainment,Chennai,ATM Machine,No
T100301,C1754,2024-08-11,8017.18,POS,Fashion,Kolkata,POS Terminal,No
T100302,C1383,2024-09-11,11042.38,ATM,Fashion,Pune,ATM Machine,No
T100303,C2064,2024-05-16,31944.01,Online,Healthcare,Delhi,Desktop,No
T100304,C1370,2024-10-06,10918.76,POS,Entertainment,Delhi,POS Terminal,No
T100305,C1606,2024-06-05,14640.2,POS,E-commerce,Kolkata,POS Terminal,No
T100306,C1910,2024-06-28,7792.88,POS,Grocery,Pune,POS Terminal,No
T100307,C1891,2024-05-20,6797.65,ATM,Grocery,Delhi,ATM Machine,No
T100308,C1832,2024-07-05,16006.13,ATM,Restaurant,Mumbai,ATM Machine,No
T100309,C1898,2024-01-18,13687.45,Online,Electronics,Hyderabad,Tablet,No
T100310,C1785,2025-05-01,9059.94,ATM,Grocery,Lucknow,ATM Machine,No
T100311,C1922,2025-04-30,1269.0,POS,Entertainment,Ahmedabad,POS Terminal,No
T100312,C2176,2024-03-11,994.34,ATM,Entertainment,Kolkata,ATM Machine,No
T100313,C1571,2024-05-07,48139.89,Online,Grocery,Bangalore,Desktop,No
T100314,C2151,2024-03-01,12556.1,POS,Fuel,Ahmedabad,POS Terminal,No
T100315,C1585,2024-12-21,10470.02,POS,Travel,Delhi,POS Terminal,No
T100316,C1152,2024-08-19,20565.86,Online,Fashion,Delhi,Tablet,No
T100317,C1655,2024-12-07,2682.09,POS,Electronics,Jaipur,POS Terminal,No
T100318,C1615,2025-03-11,7990.56,Online,Restaurant,Pune,Tablet,No
T100319,C1412,2025-02-09,12662.1,Online,Travel,Ahmedabad,Mobile,No
T100320,C2173,2024-07-07,8283.48,POS,Utilities,Bangalore,POS Terminal,No
T100321,C1177,2024-02-03,10747.48,POS,Healthcare,Ahmedabad,POS Terminal,No
T100322,C1839,2025-02-25,13373.85,ATM,Electronics,Bangalore,ATM Machine,No
T100323,C1152,2024-08-18,4271.02,POS,Utilities,Pune,POS Terminal,No
T100324,C2130,2024-11-23,19119.87,ATM,Restaurant,Bangalore,ATM Machine,No
T100325,C1114,2025-03-01,36947.27,Online,Utilities,Bangalore,Desktop,No
T100326,C1661,2025-04-23,11309.9,ATM,Travel,Pune,ATM Machine,No
T100327,C2063,2025-04-03,9214.64,POS,Electronics,Chennai,POS Terminal,No
T100328,C2129,2024-05-20,21096.08,Online,Fuel,Lucknow,Tablet,No
T100329,C1346,2024-10-30,5330.75,ATM,Restaurant,Bangalore,ATM Machine,No
T100330,C1692,2025-03-07,7441.47,ATM,Grocery,Mumbai,ATM Machine,No
T100331,C2182,2024-05-15,15278.0,ATM,Travel,Lucknow,ATM Machine,No
T100332,C1063,2024-09-11,780.67,ATM,Utilities,Chennai,ATM Machine,No
T100333,C1619,2024-09-04,5980.42,Online,Healthcare,Chennai,Desktop,No
T100334,C1123,2024-03-21,785.44,POS,Healthcare,Ahmedabad,POS Terminal,No
T100335,C1697,2024-11-06,2228.29,Online,Entertainment,Pune,Tablet,No
T100336,C1708,2025-05-14,12846.36,POS,Restaurant,Pune,POS Terminal,No
T100337,C1218,2024-06-12,35242.16,Online,Fashion,Delhi,Desktop,No
T100338,C1289,2024-02-19,23813.86,Online,Fuel,Kolkata,Tablet,No
T100339,C1328,2025-02-20,1557.73,POS,E-commerce,Pune,POS Terminal,No
T100340,C1327,2024-09-12,10086.51,ATM,Fashion,Ahmedabad,ATM Machine,No
T100341,C2019,2024-01-12,23778.89,Online,Healthcare,Jaipur,Desktop,No
T100342,C1441,2024-10-25,2680.71,POS,Grocery,Mumbai,POS Terminal,No
T100343,C1964,2024-05-26,8960.11,ATM,Grocery,Delhi,ATM Machine,No
T100344,C1542,2025-01-07,6037.72,POS,Healthcare,Pune,POS Terminal,No
T100345,C1105,2024-10-18,12509.08,ATM,Travel,Pune,ATM Machine,No
T100346,C1151,2024-07-16,12884.33,ATM,Fashion,Jaipur,ATM Machine,No
T100347,C1244,2024-03-06,2456.14,Online,Healthcare,Pune,Desktop,No
T100348,C1749,2025-01-21,18855.71,Online,Travel,Lucknow,Tablet,No
T100349,C1083,2024-01-24,31367.82,Online,Restaurant,Pune,Desktop,No
T100350,C1306,2024-11-06,10311.16,ATM,Restaurant,Pune,ATM Machine,No
T100351,C1653,2024-03-24,12861.7,POS,E-commerce,Chennai,POS Terminal,No
T100352,C2039,2025-02-28,13344.53,ATM,Utilities,Ahmedabad,ATM Machine,No
T100353,C1614,2024-08-31,8314.13,Online,Entertainment,Pune,Tablet,No
T100354,C1854,2024-10-25,1151.47,POS,Grocery,Lucknow,POS Terminal,No
T100355,C2185,2024-10-22,32192.48,Online,Grocery,Lucknow,Desktop,No
T100356,C1779,2024-03-16,1016.97,ATM,Travel,Mumbai,ATM Machine,No
T100357,C1226,2024-04-07,29371.62,Online,Fashion,Pune,Desktop,No
T100358,C1418,2024-07-29,18834.49,ATM,E-commerce,Ahmedabad,ATM Machine,No
T100359,C1128,2024-12-27,28858.61,Online,Utilities,Hyderabad,Tablet,No
T100360,C1980,2024-09-26,5883.73,POS,Entertainment,Bangalore,POS Terminal,No
T100361,C2092,2024-06-24,13044.12,ATM,Entertainment,Chennai,ATM Machine,No
T100362,C1394,2025-05-05,23020.99,Online,Fuel,Jaipur,Desktop,No
T100363,C1610,2025-01-29,8229.69,POS,Travel,Ahmedabad,POS Terminal,No
T100364,C1715,2024-10-13,18858.56,ATM,Fuel,Chennai,ATM Machine,No
T100365,C2113,2024-07-13,5852.93,POS,Entertainment,Bangalore,POS Terminal,No
T100366,C1590,2025-05-04,19243.22,ATM,Electronics,Pune,ATM Machine,No
T100367,C1526,2025-01-17,13589.72,POS,Travel,Hyderabad,POS Terminal,No
T100368,C1556,2025-04-22,4317.93,ATM,Fuel,Bangalore,ATM Machine,No
T100369,C1491,2024-05-04,3654.19,Online,Utilities,Hyderabad,Tablet,No
T100370,C1206,2024-07-30,1601.59,POS,Fashion,Delhi,POS Terminal,No
T100371,C1282,2024-01-03,855.33,ATM,Restaurant,Kolkata,ATM Machine,No
T100372,C1975,2024-09-01,2341.64,ATM,Travel,Chennai,ATM Machine,No
T100373,C1122,2025-04-09,34213.74,Online,E-commerce,Hyderabad,Tablet,No
T100374,C1077,2025-04-12,3745.19,Online,Healthcare,Bangalore,Mobile,No
T100375,C1814,2025-02-07,4852.74,POS,Restaurant,Chennai,POS Terminal,No
T100376,C1019,2024-06-01,16975.07,ATM,E-commerce,Delhi,ATM Machine,No
T100377,C1687,2024-05-25,446.75,POS,Utilities,Jaipur,POS Terminal,No
T100378,C1275,2025-03-11,16382.14,ATM,Fashion,Chennai,ATM Machine,No
T100379,C1231,2024-06-18,14236.37,Online,Fashion,Chennai,Tablet,No
T100380,C1691,2025-02-08,1860.66,POS,E-commerce,Hyderabad,POS Terminal,No
T100381,C1831,2025-02-27,10481.38,POS,Utilities,Pune,POS Terminal,No
T100382,C1196,2024-04-04,31521.35,Online,Fashion,Pune,Mobile,Yes
T100383,C1786,2024-04-30,13174.33,POS,Fuel,Pune,POS Terminal,No
T100384,C2174,2024-01-06,11052.56,POS,Entertainment,Hyderabad,POS Terminal,No
T100385,C1243,2024-08-26,12071.87,POS,Restaurant,Kolkata,POS Terminal,No
T100386,C1637,2024-12-19,14245.32,Online,Fuel,Pune,Tablet,No
T100387,C1274,2024-09-01,9036.49,Online,Fashion,Lucknow,Desktop,No
T100388,C2125,2025-04-12,11284.16,POS,Utilities,Hyderabad,POS Terminal,No
T100389,C1168,2024-09-26,12121.84,POS,Utilities,Pune,POS Terminal,No
T100390,C2156,2024-02-27,49527.16,Online,Utilities,Jaipur,Mobile,No
T100391,C1307,2024-03-25,6248.0,POS,Utilities,Ahmedabad,POS Terminal,No
T100392,C1421,2025-01-02,7754.35,ATM,Fashion,Delhi,ATM Machine,No
T100393,C1913,2025-02-18,38865.37,Online,Fashion,Bangalore,Tablet,No
T100394,C2155,2024-01-30,7145.67,ATM,Fashion,Chennai,ATM Machine,No
T100395,C1811,2024-05-10,46551.71,Online,Travel,Lucknow,Mobile,No
T100396,C1706,2024-12-24,42948.96,Online,Utilities,Mumbai,Mobile,No
T100397,C1967,2024-01-17,6492.01,POS,Healthcare,Bangalore,POS Terminal,No
T100398,C1861,2024-07-10,11287.98,POS,Fashion,Kolkata,POS Terminal,No
T100399,C2105,2024-03-09,15213.59,ATM,Entertainment,Delhi,ATM Machine,No
T100400,C2101,2024-07-20,2510.92,ATM,Restaurant,Hyderabad,ATM Machine,No
T100401,C1047,2025-05-15,13548.04,POS,Fashion,Jaipur,POS Terminal,No
T100402,C1777,2025-02-25,25361.57,Online,Travel,Ahmedabad,Desktop,No
T100403,C1387,2025-04-24,16615.92,ATM,Electronics,Mumbai,ATM Machine,No
T100404,C1859,2024-11-10,16138.47,Online,Travel,Hyderabad,Mobile,No
T100405,C1069,2024-08-16,17962.7,ATM,Grocery,Hyderabad,ATM Machine,No
T100406,C1824,2024-08-12,19582.24,Online,Utilities,Hyderabad,Mobile,No
T100407,C1593,2024-04-29,711.33,ATM,E-commerce,Pune,ATM Machine,No
T100408,C1657,2024-05-01,13590.19,POS,Restaurant,Jaipur,POS Terminal,No
T100409,C1616,2024-05-20,4746.08,Online,Utilities,Lucknow,Tablet,No
T100410,C1875,2024-10-11,4857.77,POS,Grocery,Pune,POS Terminal,No
T100411,C1781,2025-02-06,19026.21,ATM,Entertainment,Kolkata,ATM Machine,No
T100412,C1615,2024-07-11,47540.24,Online,Utilities,Ahmedabad,Mobile,No
T100413,C1616,2025-03-15,11682.04,ATM,Restaurant,Ahmedabad,ATM Machine,No
T100414,C2152,2024-07-30,9514.37,POS,Utilities,Jaipur,POS Terminal,No
T100415,C1498,2024-05-10,22532.59,Online,Entertainment,Delhi,Desktop,No
T100416,C1190,2024-10-01,6217.61,ATM,Travel,Mumbai,ATM Machine,No
T100417,C1081,2025-03-23,16567.49,Online,Travel,Lucknow,Tablet,No
T100418,C1445,2024-09-02,33691.42,Online,Entertainment,Chennai,Mobile,No
T100419,C1390,2025-05-07,15171.3,ATM,Electronics,Ahmedabad,ATM Machine,No
T100420,C1419,2024-07-22,39620.64,Online,Utilities,Pune,Desktop,No
T100421,C2093,2024-11-28,11865.31,POS,Fuel,Chennai,POS Terminal,No
T100422,C2019,2024-08-26,4742.06,Online,Fashion,Pune,Mobile,No
T100423,C1848,2024-01-24,10141.2,ATM,Travel,Bangalore,ATM Machine,Yes
T100424,C2134,2025-04-23,1622.4,ATM,E-commerce,Kolkata,ATM Machine,No
T100425,C1402,2024-06-17,27566.54,Online,Healthcare,Lucknow,Mobile,No
T100426,C1692,2024-05-11,6678.8,POS,Fashion,Ahmedabad,POS Terminal,No
T100427,C1722,2024-03-27,44407.67,Online,Utilities,Ahmedabad,Mobile,No
T100428,C2111,2024-11-24,17675.57,Online,Utilities,Mumbai,Mobile,No
T100429,C1100,2025-01-26,6029.94,Online,Healthcare,Bangalore,Tablet,No
T100430,C1310,2024-01-05,7320.99,Online,Utilities,Ahmedabad,Desktop,No
T100431,C1990,2024-12-03,11446.51,POS,Grocery,Mumbai,POS Terminal,No
T100432,C1843,2024-01-07,30987.26,Online,Utilities,Chennai,Tablet,No
T100433,C1036,2024-09-14,2471.89,ATM,Healthcare,Bangalore,ATM Machine,No
T100434,C1198,2024-09-25,4388.52,Online,Travel,Hyderabad,Tablet,No
T100435,C1726,2024-05-16,10544.44,POS,Electronics,Pune,POS Terminal,No
T100436,C1941,2024-10-16,3823.6,Online,Travel,Chennai,Tablet,No
T100437,C1166,2024-11-30,16526.27,ATM,Grocery,Delhi,ATM Machine,No
T100438,C1773,2024-10-09,10623.01,POS,Grocery,Mumbai,POS Terminal,No
T100439,C1170,2024-09-12,1312.1,POS,Entertainment,Lucknow,POS Terminal,No
T100440,C1196,2025-04-03,2154.34,ATM,Grocery,Hyderabad,ATM Machine,No
T100441,C2161,2024-08-31,14800.93,POS,Grocery,Delhi,POS Terminal,No
T100442,C1575,2025-04-05,7798.28,ATM,E-commerce,Mumbai,ATM Machine,No
T100443,C1645,2024-01-09,18657.98,Online,E-commerce,Bangalore,Tablet,No
T100444,C1158,2024-06-02,40677.42,Online,E-commerce,Hyderabad,Tablet,No
T100445,C1797,2024-12-12,18971.35,ATM,Entertainment,Kolkata,ATM Machine,No
T100446,C1287,2025-02-08,19727.02,ATM,Electronics,Jaipur,ATM Machine,No
T100447,C1709,2024-01-28,37718.23,Online,Healthcare,Hyderabad,Mobile,No
T100448,C1813,2025-05-11,5706.27,POS,Grocery,Chennai,POS Terminal,No
T100449,C1923,2024-09-08,4358.34,Online,Entertainment,Jaipur,Desktop,No
T100450,C2200,2024-12-04,11679.49,POS,Electronics,Lucknow,POS Terminal,No
T100451,C1505,2024-12-31,28008.53,Online,Electronics,Chennai,Mobile,No
T100452,C1316,2025-01-13,6420.91,POS,Entertainment,Pune,POS Terminal,No
T100453,C1011,2025-04-27,13604.68,POS,Fashion,Pune,POS Terminal,No
T100454,C1210,2024-03-08,5737.63,Online,Restaurant,Kolkata,Desktop,No
T100455,C2050,2024-07-27,24732.73,Online,Grocery,Delhi,Desktop,No
T100456,C1665,2025-03-18,269.17,POS,Grocery,Chennai,POS Terminal,No
T100457,C1174,2025-01-06,9638.88,ATM,Travel,Lucknow,ATM Machine,No
T100458,C1780,2024-03-27,3003.9,Online,Fuel,Chennai,Desktop,No
T100459,C1130,2024-03-26,1870.39,POS,Fuel,Kolkata,POS Terminal,No
T100460,C1158,2024-07-03,1851.14,POS,Travel,Ahmedabad,POS Terminal,No
T100461,C1401,2024-08-22,32530.67,Online,Restaurant,Chennai,Mobile,No
T100462,C1681,2025-03-06,15047.88,ATM,Healthcare,Pune,ATM Machine,No
T100463,C1882,2025-02-21,11875.69,ATM,E-commerce,Bangalore,ATM Machine,No
T100464,C1412,2024-09-02,14436.37,POS,Restaurant,Kolkata,POS Terminal,No
T100465,C1597,2025-01-11,7809.98,ATM,Fashion,Lucknow,ATM Machine,No
T100466,C1668,2024-07-11,4357.11,POS,Healthcare,Pune,POS Terminal,No
T100467,C2155,2024-04-12,17437.68,ATM,Utilities,Bangalore,ATM Machine,No
T100468,C2127,2024-01-14,4860.12,ATM,Fashion,Hyderabad,ATM Machine,No
T100469,C1597,2025-03-01,19282.84,ATM,Electronics,Kolkata,ATM Machine,No
T100470,C1286,2024-11-20,281.1,POS,Travel,Chennai,POS Terminal,No
T100471,C1867,2025-02-08,14551.19,POS,Electronics,Ahmedabad,POS Terminal,No
T100472,C1982,2024-10-25,743.08,POS,Utilities,Jaipur,POS Terminal,No
T100473,C1857,2024-10-05,44578.93,Online,Entertainment,Jaipur,Tablet,No
T100474,C1175,2024-02-25,26479.52,Online,Entertainment,Bangalore,Tablet,No
T100475,C2154,2024-11-26,19862.81,ATM,Healthcare,Pune,ATM Machine,No
T100476,C1882,2024-02-24,3875.07,Online,Electronics,Chennai,Mobile,No
T100477,C2063,2024-10-12,11300.16,ATM,E-commerce,Hyderabad,ATM Machine,No
T100478,C1802,2024-08-25,19401.4,ATM,E-commerce,Jaipur,ATM Machine,No
T100479,C1051,2024-09-04,26250.27,Online,Fuel,Kolkata,Mobile,No
T100480,C1291,2024-06-27,9478.04,POS,Entertainment,Ahmedabad,POS Terminal,No
T100481,C2068,2024-09-04,10466.66,POS,Fashion,Delhi,POS Terminal,No
T100482,C1927,2024-06-12,22836.15,Online,Fuel,Mumbai,Tablet,No
T100483,C1703,2024-11-27,31452.39,Online,Restaurant,Hyderabad,Tablet,No
T100484,C1328,2024-06-18,11894.13,ATM,Healthcare,Ahmedabad,ATM Machine,No
T100485,C1830,2024-11-18,45077.67,Online,Restaurant,Kolkata,Desktop,Yes
T100486,C1405,2024-08-18,1386.2,ATM,Healthcare,Kolkata,ATM Machine,Yes
T100487,C1440,2024-04-15,4286.35,POS,Electronics,Lucknow,POS Terminal,No
T100488,C2100,2024-04-05,14261.13,POS,Entertainment,Hyderabad,POS Terminal,No
T100489,C1538,2024-12-09,13364.93,POS,Utilities,Pune,POS Terminal,No
T100490,C1804,2024-10-27,22891.71,Online,Entertainment,Pune,Desktop,No
T100491,C1610,2025-04-15,12592.59,ATM,E-commerce,Delhi,ATM Machine,No
T100492,C1642,2024-03-01,14013.58,Online,Fuel,Delhi,Mobile,No
T100493,C1290,2024-09-18,2903.01,POS,Healthcare,Lucknow,POS Terminal,No
T100494,C1786,2024-08-04,23292.18,Online,Fashion,Jaipur,Tablet,No
T100495,C1355,2024-10-11,17796.94,Online,Fashion,Chennai,Mobile,No
T100496,C1924,2024-11-13,29266.07,Online,Entertainment,Mumbai,Desktop,No
T100497,C1787,2025-05-08,2015.83,ATM,Utilities,Ahmedabad,ATM Machine,No
T100498,C2008,2024-07-31,19500.7,ATM,Fashion,Ahmedabad,ATM Machine,No
T100499,C2158,2024-01-16,49313.3,Online,Fuel,Mumbai,Desktop,No
T100500,C1592,2024-03-27,10502.61,POS,E-commerce,Ahmedabad,POS Terminal,No
T100501,C1232,2024-10-20,26897.6,Online,Fuel,Jaipur,Desktop,No
T100502,C1086,2025-01-24,6535.79,ATM,Fashion,Jaipur,ATM Machine,No
T100503,C1871,2024-02-22,16369.0,ATM,Travel,Chennai,ATM Machine,No
T100504,C1067,2024-08-18,10302.49,POS,Entertainment,Delhi,POS Terminal,No
T100505,C1241,2025-02-01,8298.32,Online,Travel,Lucknow,Tablet,No
T100506,C1877,2024-03-25,18263.08,ATM,Restaurant,Hyderabad,ATM Machine,No
T100507,C1122,2024-10-18,12355.8,POS,Utilities,Chennai,POS Terminal,No
T100508,C1345,2024-06-14,19021.1,ATM,Fuel,Chennai,ATM Machine,No
T100509,C2054,2025-04-05,14651.53,ATM,Electronics,Bangalore,ATM Machine,No
T100510,C1843,2025-04-15,30748.08,Online,Fuel,Bangalore,Tablet,No
T100511,C1512,2024-03-15,8655.74,ATM,Entertainment,Hyderabad,ATM Machine,No
T100512,C1805,2024-09-07,46649.88,Online,E-commerce,Chennai,Tablet,No
T100513,C1926,2024-02-08,17388.25,ATM,Electronics,Kolkata,ATM Machine,No
T100514,C1570,2024-12-21,773.76,POS,Fashion,Ahmedabad,POS Terminal,No
T100515,C1006,2025-03-20,1014.16,ATM,Electronics,Ahmedabad,ATM Machine,No
T100516,C1734,2025-03-11,18947.88,Online,Utilities,Kolkata,Mobile,No
T100517,C1434,2024-09-10,12177.24,POS,Entertainment,Chennai,POS Terminal,No
T100518,C2184,2024-03-07,19751.88,ATM,Fashion,Pune,ATM Machine,No
T100519,C1100,2024-01-24,7690.76,Online,Fashion,Mumbai,Mobile,No
T100520,C1324,2024-08-13,8952.55,POS,Grocery,Kolkata,POS Terminal,No
T100521,C1271,2025-03-27,7927.37,ATM,Fuel,Bangalore,ATM Machine,No
T100522,C1562,2024-02-17,19413.33,ATM,Entertainment,Chennai,ATM Machine,No
T100523,C1339,2024-01-27,12647.57,POS,Fuel,Hyderabad,POS Terminal,No
T100524,C1187,2024-12-26,41948.77,Online,Grocery,Hyderabad,Desktop,No
T100525,C1464,2024-09-22,9639.52,ATM,Fashion,Mumbai,ATM Machine,Yes
T100526,C1704,2025-02-22,20858.01,Online,Healthcare,Bangalore,Desktop,No
T100527,C1785,2024-02-15,5831.44,ATM,Electronics,Delhi,ATM Machine,No
T100528,C1613,2024-03-11,939.99,POS,Restaurant,Bangalore,POS Terminal,No
T100529,C2154,2024-01-05,17362.09,ATM,Restaurant,Ahmedabad,ATM Machine,No
T100530,C1437,2024-11-17,16351.57,ATM,Restaurant,Kolkata,ATM Machine,No
T100531,C1907,2025-03-16,49985.94,Online,Electronics,Delhi,Mobile,No
T100532,C1787,2024-06-28,14949.89,POS,Entertainment,Bangalore,POS Terminal,No
T100533,C1173,2024-05-07,11330.92,ATM,E-commerce,Lucknow,ATM Machine,No
T100534,C1584,2025-02-02,15495.25,ATM,Grocery,Chennai,ATM Machine,No
T100535,C2044,2024-04-06,18922.93,ATM,Healthcare,Chennai,ATM Machine,No
T100536,C1491,2024-09-10,12759.75,POS,Electronics,Hyderabad,POS Terminal,No
T100537,C1146,2024-09-27,12517.94,Online,Entertainment,Pune,Mobile,No
T100538,C2165,2024-08-03,6813.11,POS,Utilities,Bangalore,POS Terminal,No
T100539,C1150,2024-01-09,3018.61,ATM,Electronics,Mumbai,ATM Machine,No
T100540,C1082,2025-04-17,47711.74,Online,Healthcare,Jaipur,Desktop,No
T100541,C2027,2025-01-27,9132.0,POS,Healthcare,Kolkata,POS Terminal,No
T100542,C2099,2024-10-02,4958.53,ATM,Restaurant,Chennai,ATM Machine,No
T100543,C1162,2024-09-18,33650.69,Online,Restaurant,Jaipur,Desktop,No
T100544,C1136,2024-06-07,12553.5,ATM,Healthcare,Hyderabad,ATM Machine,No
T100545,C1177,2025-04-18,5436.62,POS,Electronics,Ahmedabad,POS Terminal,No
T100546,C1113,2024-06-07,2714.37,ATM,Restaurant,Delhi,ATM Machine,Yes
T100547,C1282,2024-12-25,33644.35,Online,Restaurant,Ahmedabad,Desktop,No
T100548,C1531,2024-03-26,7852.58,POS,Restaurant,Chennai,POS Terminal,No
T100549,C1242,2025-01-29,38661.46,Online,Entertainment,Kolkata,Desktop,No
T100550,C1539,2024-12-30,10643.19,ATM,Electronics,Ahmedabad,ATM Machine,No
T100551,C1738,2024-01-29,12797.5,POS,E-commerce,Bangalore,POS Terminal,No
T100552,C1523,2025-01-30,27684.96,Online,E-commerce,Delhi,Mobile,No
T100553,C1006,2024-01-23,28134.71,Online,Travel,Mumbai,Desktop,No
T100554,C1308,2024-04-01,43857.35,Online,Utilities,Kolkata,Mobile,No
T100555,C1853,2025-04-13,8367.92,ATM,Entertainment,Chennai,ATM Machine,No
T100556,C2171,2024-07-09,6873.96,Online,Utilities,Mumbai,Mobile,No
T100557,C2057,2024-01-24,528.86,POS,Electronics,Ahmedabad,POS Terminal,No
T100558,C1637,2024-06-16,37805.84,Online,Utilities,Ahmedabad,Mobile,No
T100559,C1598,2024-10-15,9342.61,POS,E-commerce,Hyderabad,POS Terminal,No
T100560,C2011,2025-01-30,35263.17,Online,Utilities,Hyderabad,Mobile,Yes
T100561,C1840,2024-01-13,10805.62,Online,Utilities,Pune,Tablet,No
T100562,C1020,2025-05-01,2131.93,POS,Grocery,Kolkata,POS Terminal,No
T100563,C1630,2024-02-23,924.32,Online,Utilities,Hyderabad,Desktop,No
T100564,C1123,2025-05-12,17659.26,Online,Fuel,Delhi,Mobile,No
T100565,C2065,2024-07-30,12003.39,ATM,Entertainment,Ahmedabad,ATM Machine,No
T100566,C1174,2024-10-24,19733.75,Online,Utilities,Bangalore,Tablet,No
T100567,C1154,2024-10-30,9030.76,ATM,Grocery,Kolkata,ATM Machine,No
T100568,C1268,2024-05-01,13571.96,POS,Fuel,Pune,POS Terminal,No
T100569,C1805,2024-12-24,7290.98,ATM,Entertainment,Pune,ATM Machine,No
T100570,C1479,2024-02-08,25796.68,Online,Restaurant,Lucknow,Mobile,No
T100571,C1337,2024-08-18,11776.43,POS,Entertainment,Kolkata,POS Terminal,No
T100572,C1734,2025-05-08,19947.83,Online,Fashion,Chennai,Desktop,No
T100573,C1246,2024-02-16,31179.92,Online,Fuel,Lucknow,Mobile,No
T100574,C1672,2024-03-16,43145.71,Online,Travel,Pune,Desktop,No
T100575,C1613,2024-05-13,47486.13,Online,Grocery,Kolkata,Desktop,No
T100576,C2127,2024-05-07,7524.26,Online,Fashion,Delhi,Mobile,No
T100577,C1127,2025-03-01,46344.06,Online,Restaurant,Hyderabad,Desktop,No
T100578,C1173,2024-10-25,10096.27,ATM,Fuel,Delhi,ATM Machine,Yes
T100579,C1133,2024-04-11,5535.77,ATM,Fashion,Bangalore,ATM Machine,No
T100580,C1680,2024-03-03,23064.96,Online,Fashion,Mumbai,Mobile,No
T100581,C1888,2025-02-24,19610.64,ATM,Healthcare,Ahmedabad,ATM Machine,Yes
T100582,C1874,2024-03-29,7440.01,POS,Travel,Bangalore,POS Terminal,No
T100583,C1914,2025-03-28,16571.83,Online,Grocery,Lucknow,Tablet,No
T100584,C1605,2024-09-12,9537.67,POS,Utilities,Ahmedabad,POS Terminal,No
T100585,C1573,2024-07-15,12159.25,Online,Healthcare,Hyderabad,Tablet,No
T100586,C2077,2024-05-07,1979.33,ATM,Utilities,Mumbai,ATM Machine,No
T100587,C1736,2024-09-02,3013.15,ATM,Fashion,Pune,ATM Machine,No
T100588,C2029,2024-06-13,2007.88,POS,Fuel,Bangalore,POS Terminal,Yes
T100589,C1449,2024-01-16,2363.35,POS,Grocery,Ahmedabad,POS Terminal,No
T100590,C2197,2024-04-29,7113.59,Online,Electronics,Hyderabad,Tablet,No
T100591,C2093,2025-02-21,12997.06,ATM,Grocery,Hyderabad,ATM Machine,No
T100592,C1796,2024-06-30,9257.63,Online,Restaurant,Hyderabad,Tablet,No
T100593,C1735,2025-04-12,7240.51,ATM,Grocery,Pune,ATM Machine,No
T100594,C2155,2024-03-13,17987.37,ATM,Travel,Ahmedabad,ATM Machine,No
T100595,C1360,2024-09-08,23803.29,Online,Electronics,Mumbai,Mobile,No
T100596,C1041,2024-09-26,10046.61,POS,Grocery,Pune,POS Terminal,No
T100597,C1413,2025-02-16,8781.53,Online,Entertainment,Bangalore,Desktop,No
T100598,C1303,2024-10-27,4249.64,ATM,Restaurant,Delhi,ATM Machine,No
T100599,C1748,2025-05-06,2235.26,Online,Entertainment,Kolkata,Tablet,No
T100600,C1619,2024-06-14,8612.97,Online,Restaurant,Kolkata,Tablet,No
T100601,C1650,2024-03-30,5932.51,ATM,Utilities,Lucknow,ATM Machine,No
T100602,C1458,2024-12-06,3951.7,ATM,Restaurant,Kolkata,ATM Machine,No
T100603,C1604,2024-03-06,4617.39,Online,Grocery,Lucknow,Desktop,No
T100604,C2163,2024-01-17,6207.67,Online,E-commerce,Pune,Tablet,No
T100605,C2159,2024-02-23,6965.6,POS,Restaurant,Pune,POS Terminal,No
T100606,C1488,2024-06-26,3174.37,POS,Restaurant,Delhi,POS Terminal,No
T100607,C1688,2024-08-16,18340.64,Online,Fuel,Hyderabad,Mobile,No
T100608,C1718,2024-05-11,25270.18,Online,Grocery,Mumbai,Desktop,No
T100609,C1860,2025-05-11,34581.66,Online,Healthcare,Ahmedabad,Desktop,No
T100610,C1769,2024-02-21,685.75,POS,E-commerce,Hyderabad,POS Terminal,No
T100611,C1151,2025-02-13,40010.64,Online,Fuel,Mumbai,Desktop,No
T100612,C1215,2024-02-07,9455.72,POS,Restaurant,Kolkata,POS Terminal,No
T100613,C1154,2024-10-07,4271.6,Online,Entertainment,Lucknow,Tablet,No
T100614,C1064,2024-08-08,17534.78,ATM,Restaurant,Lucknow,ATM Machine,No
T100615,C1322,2024-01-28,46059.45,Online,Entertainment,Hyderabad,Mobile,No
T100616,C2135,2025-01-04,1691.02,ATM,Utilities,Chennai,ATM Machine,No
T100617,C1610,2024-05-01,13988.51,Online,Grocery,Kolkata,Tablet,No
T100618,C2006,2024-03-19,40348.82,Online,Entertainment,Mumbai,Desktop,No
T100619,C1984,2024-04-12,37463.33,Online,Grocery,Hyderabad,Mobile,No
T100620,C1168,2024-08-30,9389.15,Online,Fuel,Kolkata,Desktop,No
T100621,C1543,2024-02-16,4582.31,ATM,Utilities,Kolkata,ATM Machine,No
T100622,C1782,2024-07-08,18649.51,Online,Fashion,Mumbai,Desktop,No
T100623,C1540,2024-04-25,7319.39,POS,E-commerce,Mumbai,POS Terminal,No
T100624,C1199,2024-02-13,12555.97,ATM,Entertainment,Jaipur,ATM Machine,No
T100625,C1466,2024-10-10,18571.9,Online,Healthcare,Jaipur,Desktop,No
T100626,C1973,2024-10-20,23234.23,Online,Fashion,Chennai,Mobile,No
T100627,C1072,2024-09-14,15075.68,ATM,Utilities,Lucknow,ATM Machine,No
T100628,C1302,2024-03-02,646.58,POS,Restaurant,Bangalore,POS Terminal,No
T100629,C1395,2024-03-05,12771.36,Online,Healthcare,Delhi,Tablet,No
T100630,C1303,2025-03-03,14410.32,ATM,Fuel,Pune,ATM Machine,No
T100631,C1138,2024-02-14,13438.58,POS,Utilities,Kolkata,POS Terminal,No
T100632,C1566,2024-09-23,7723.99,POS,Grocery,Lucknow,POS Terminal,No
T100633,C1860,2024-02-27,8028.49,POS,Restaurant,Bangalore,POS Terminal,No
T100634,C2194,2025-01-23,5537.17,Online,Electronics,Lucknow,Mobile,No
T100635,C2097,2025-03-26,6766.44,POS,Healthcare,Chennai,POS Terminal,No
T100636,C1995,2024-10-19,10886.04,ATM,Fashion,Mumbai,ATM Machine,No
T100637,C1826,2024-03-14,5228.17,ATM,E-commerce,Kolkata,ATM Machine,No
T100638,C1679,2024-12-19,13608.31,Online,Grocery,Ahmedabad,Desktop,No
T100639,C1042,2024-06-21,5721.53,POS,Fuel,Chennai,POS Terminal,No
T100640,C1202,2025-05-12,1199.55,Online,Restaurant,Chennai,Tablet,No
T100641,C1658,2024-05-17,6780.54,ATM,Healthcare,Lucknow,ATM Machine,No
T100642,C1385,2024-08-14,10730.11,Online,Healthcare,Ahmedabad,Tablet,No
T100643,C1116,2024-09-20,16509.37,Online,Electronics,Chennai,Tablet,No
T100644,C1278,2025-02-03,2835.36,ATM,E-commerce,Mumbai,ATM Machine,No
T100645,C1412,2025-03-04,44548.26,Online,Travel,Mumbai,Desktop,No
T100646,C1739,2024-12-26,29760.9,Online,Fuel,Pune,Desktop,No
T100647,C1254,2024-12-14,34019.3,Online,Travel,Pune,Desktop,No
T100648,C1364,2025-05-06,11858.65,POS,E-commerce,Jaipur,POS Terminal,No
T100649,C1335,2025-03-04,7526.79,POS,Electronics,Chennai,POS Terminal,Yes
T100650,C1102,2024-03-24,2194.95,ATM,Travel,Hyderabad,ATM Machine,No
T100651,C1424,2024-05-17,10973.58,ATM,Healthcare,Jaipur,ATM Machine,Yes
T100652,C1019,2024-08-30,29424.69,Online,Restaurant,Lucknow,Mobile,No
T100653,C1626,2024-12-30,15036.07,ATM,Fuel,Kolkata,ATM Machine,No
T100654,C1715,2024-08-23,6531.73,POS,Travel,Ahmedabad,POS Terminal,No
T100655,C2067,2025-02-26,2987.82,ATM,Healthcare,Lucknow,ATM Machine,No
T100656,C2048,2024-12-05,4328.26,POS,Utilities,Lucknow,POS Terminal,No
T100657,C1612,2024-12-16,18281.5,Online,Fashion,Delhi,Desktop,No
T100658,C1666,2025-03-17,9724.17,POS,Fuel,Chennai,POS Terminal,No
T100659,C2060,2025-01-26,28624.76,Online,Grocery,Lucknow,Desktop,No
T100660,C1287,2025-01-04,17933.62,Online,Fashion,Chennai,Desktop,No
T100661,C1829,2024-07-17,19737.05,ATM,Grocery,Lucknow,ATM Machine,No
T100662,C2172,2025-02-21,30367.59,Online,Entertainment,Hyderabad,Tablet,No
T100663,C1975,2025-04-09,5125.92,ATM,Entertainment,Jaipur,ATM Machine,No
T100664,C1349,2025-03-06,2484.76,ATM,Utilities,Bangalore,ATM Machine,No
T100665,C1965,2024-03-06,3480.75,ATM,Fuel,Jaipur,ATM Machine,No
T100666,C1375,2025-04-29,5296.18,ATM,Entertainment,Delhi,ATM Machine,No
T100667,C1458,2025-01-16,2494.15,POS,Healthcare,Pune,POS Terminal,No
T100668,C2200,2024-05-30,2879.85,POS,Electronics,Ahmedabad,POS Terminal,No
T100669,C2196,2024-10-24,6059.36,ATM,Electronics,Ahmedabad,ATM Machine,No
T100670,C2025,2024-03-02,3880.79,ATM,Healthcare,Jaipur,ATM Machine,No
T100671,C1111,2025-03-21,44858.92,Online,Restaurant,Hyderabad,Desktop,No
T100672,C2167,2025-04-02,1295.48,POS,Restaurant,Pune,POS Terminal,No
T100673,C1370,2025-02-02,26320.67,Online,Fashion,Pune,Tablet,No
T100674,C1642,2024-11-20,20637.76,Online,Grocery,Ahmedabad,Desktop,No
T100675,C1346,2024-10-22,49122.46,Online,Fashion,Delhi,Mobile,No
T100676,C1880,2024-07-25,1769.38,POS,Fashion,Kolkata,POS Terminal,Yes
T100677,C2094,2024-04-12,8258.18,ATM,Entertainment,Mumbai,ATM Machine,No
T100678,C2088,2024-04-07,48479.63,Online,Grocery,Hyderabad,Mobile,No
T100679,C1706,2024-06-08,43302.25,Online,Electronics,Kolkata,Tablet,No
T100680,C1343,2024-02-03,40890.19,Online,Fuel,Chennai,Desktop,No
T100681,C2074,2024-06-21,3942.75,POS,Restaurant,Pune,POS Terminal,No
T100682,C2004,2024-07-02,8710.2,Online,Restaurant,Kolkata,Mobile,No
T100683,C1269,2024-04-18,13538.54,ATM,Grocery,Lucknow,ATM Machine,No
T100684,C1253,2024-07-06,18622.83,ATM,Grocery,Kolkata,ATM Machine,No
T100685,C1524,2025-01-29,11356.88,ATM,E-commerce,Mumbai,ATM Machine,No
T100686,C1099,2024-12-04,28666.31,Online,Grocery,Mumbai,Tablet,No
T100687,C1910,2024-07-13,14142.96,Online,Utilities,Chennai,Desktop,No
T100688,C1421,2024-12-21,15505.11,ATM,Grocery,Chennai,ATM Machine,No
T100689,C1207,2024-12-05,4147.35,ATM,Fuel,Lucknow,ATM Machine,No
T100690,C1281,2024-08-02,16319.23,Online,Utilities,Lucknow,Mobile,No
T100691,C1218,2024-09-11,21386.73,Online,E-commerce,Hyderabad,Desktop,No
T100692,C1414,2024-07-02,10398.4,ATM,Healthcare,Chennai,ATM Machine,No
T100693,C2123,2024-09-11,12272.0,Online,Fashion,Pune,Mobile,Yes
T100694,C1183,2025-04-09,5918.87,Online,E-commerce,Ahmedabad,Mobile,No
T100695,C2048,2024-02-08,12407.09,ATM,Electronics,Chennai,ATM Machine,No
T100696,C1936,2025-05-15,4400.6,POS,Fuel,Ahmedabad,POS Terminal,No
T100697,C1358,2025-03-23,29145.66,Online,Fuel,Pune,Tablet,No
T100698,C1238,2024-02-18,7887.26,Online,Grocery,Bangalore,Tablet,No
T100699,C1674,2024-07-02,7268.99,POS,E-commerce,Chennai,POS Terminal,No
T100700,C1191,2024-07-09,8035.58,POS,Restaurant,Delhi,POS Terminal,No
T100701,C1935,2024-05-19,872.17,POS,Fashion,Kolkata,POS Terminal,No
T100702,C1342,2024-02-27,16962.89,Online,Grocery,Bangalore,Mobile,No
T100703,C1989,2025-02-14,3121.09,ATM,Fashion,Bangalore,ATM Machine,No
T100704,C1735,2024-11-09,3356.07,Online,Restaurant,Ahmedabad,Desktop,No
T100705,C1843,2024-08-13,49500.02,Online,Electronics,Chennai,Tablet,No
T100706,C2075,2025-01-27,6785.9,ATM,E-commerce,Lucknow,ATM Machine,No
T100707,C1693,2024-09-22,16292.55,ATM,E-commerce,Delhi,ATM Machine,No
T100708,C1510,2024-09-03,3894.15,POS,Healthcare,Bangalore,POS Terminal,No
T100709,C2144,2025-04-01,13789.3,ATM,Grocery,Mumbai,ATM Machine,No
T100710,C1322,2024-09-15,11427.4,POS,Fashion,Bangalore,POS Terminal,No
T100711,C2007,2024-06-13,29862.81,Online,Entertainment,Chennai,Mobile,No
T100712,C2128,2024-11-25,7126.49,POS,Healthcare,Hyderabad,POS Terminal,No
T100713,C1910,2025-02-14,8530.9,ATM,Fashion,Delhi,ATM Machine,No
T100714,C1916,2024-06-10,17573.64,Online,Fashion,Mumbai,Mobile,No
T100715,C1074,2024-10-12,18625.82,ATM,Grocery,Delhi,ATM Machine,No
T100716,C1624,2025-03-31,16697.08,ATM,Utilities,Hyderabad,ATM Machine,No
T100717,C1935,2025-05-01,14478.9,POS,Entertainment,Mumbai,POS Terminal,No
T100718,C1931,2024-06-18,2923.8,ATM,E-commerce,Lucknow,ATM Machine,No
T100719,C1745,2025-01-01,10989.93,POS,Electronics,Delhi,POS Terminal,No
T100720,C1455,2024-01-02,14081.27,POS,Entertainment,Chennai,POS Terminal,No
T100721,C1766,2024-12-25,9225.41,Online,Grocery,Bangalore,Desktop,No
T100722,C1839,2024-02-24,1090.79,POS,E-commerce,Hyderabad,POS Terminal,No
T100723,C1805,2024-04-20,11142.7,POS,Travel,Pune,POS Terminal,No
T100724,C1849,2024-01-24,11702.23,ATM,E-commerce,Delhi,ATM Machine,No
T100725,C1923,2024-08-22,16915.66,ATM,E-commerce,Jaipur,ATM Machine,No
T100726,C2022,2024-01-03,3225.56,ATM,Grocery,Jaipur,ATM Machine,No
T100727,C2199,2024-09-04,16007.71,ATM,Restaurant,Lucknow,ATM Machine,No
T100728,C1263,2024-02-23,3104.25,POS,E-commerce,Lucknow,POS Terminal,No
T100729,C2033,2025-03-27,2538.47,POS,Healthcare,Lucknow,POS Terminal,No
T100730,C1509,2024-05-20,2547.56,POS,Entertainment,Chennai,POS Terminal,No
T100731,C1274,2024-03-11,12237.16,POS,E-commerce,Jaipur,POS Terminal,No
T100732,C2122,2025-03-16,10011.44,POS,Utilities,Hyderabad,POS Terminal,No
T100733,C1596,2024-12-17,7893.67,POS,Restaurant,Bangalore,POS Terminal,No
T100734,C1661,2024-12-29,18069.76,Online,Entertainment,Jaipur,Desktop,No
T100735,C1855,2024-12-11,17605.41,ATM,Utilities,Chennai,ATM Machine,No
T100736,C1866,2025-02-17,19743.77,Online,Utilities,Delhi,Mobile,No
T100737,C1109,2024-12-09,40866.65,Online,Travel,Chennai,Mobile,No
T100738,C1514,2024-03-15,22068.92,Online,Fuel,Hyderabad,Tablet,No
T100739,C1927,2024-02-22,7850.42,ATM,Utilities,Hyderabad,ATM Machine,No
T100740,C2150,2024-07-18,23241.45,Online,Utilities,Chennai,Tablet,No
T100741,C1782,2024-07-17,4590.53,POS,Entertainment,Jaipur,POS Terminal,No
T100742,C1515,2024-04-13,15078.38,ATM,Fashion,Hyderabad,ATM Machine,No
T100743,C1754,2025-01-21,10303.05,ATM,Utilities,Lucknow,ATM Machine,No
T100744,C1397,2024-05-30,3559.97,POS,Restaurant,Delhi,POS Terminal,No
T100745,C1356,2025-01-11,18041.7,ATM,Electronics,Kolkata,ATM Machine,No
T100746,C1572,2024-10-11,5819.98,POS,Restaurant,Bangalore,POS Terminal,No
T100747,C1523,2024-01-03,8198.94,POS,Fashion,Bangalore,POS Terminal,No
T100748,C1661,2024-11-01,45342.31,Online,E-commerce,Chennai,Desktop,No
T100749,C2127,2024-07-02,31287.05,Online,Entertainment,Jaipur,Mobile,No
T100750,C2067,2024-02-04,2779.51,ATM,Restaurant,Kolkata,ATM Machine,No
T100751,C1827,2024-02-17,14103.5,POS,Travel,Hyderabad,POS Terminal,No
T100752,C1679,2024-07-03,9452.85,POS,Travel,Lucknow,POS Terminal,No
T100753,C2150,2025-02-25,7030.66,ATM,Grocery,Delhi,ATM Machine,No
T100754,C1913,2024-05-03,3215.81,ATM,E-commerce,Lucknow,ATM Machine,No
T100755,C1082,2024-12-15,11930.98,POS,Healthcare,Delhi,POS Terminal,No
T100756,C2107,2025-01-05,9339.08,POS,Grocery,Jaipur,POS Terminal,No
T100757,C1768,2024-09-20,10902.49,ATM,Fashion,Ahmedabad,ATM Machine,No
T100758,C1395,2024-06-13,17930.91,ATM,Electronics,Delhi,ATM Machine,No
T100759,C2102,2024-09-30,39472.14,Online,Electronics,Hyderabad,Tablet,No
T100760,C1437,2025-03-18,3457.66,ATM,Healthcare,Delhi,ATM Machine,No
T100761,C1892,2024-11-27,15723.76,Online,Restaurant,Mumbai,Desktop,No
T100762,C1078,2024-02-14,12574.76,Online,Grocery,Bangalore,Desktop,No
T100763,C2178,2025-02-24,37248.53,Online,Fuel,Kolkata,Desktop,No
T100764,C1829,2024-08-09,599.63,POS,Grocery,Kolkata,POS Terminal,No
T100765,C2096,2024-01-04,11612.85,ATM,E-commerce,Delhi,ATM Machine,No
T100766,C2200,2024-01-24,15367.94,ATM,Electronics,Pune,ATM Machine,No
T100767,C1218,2024-05-28,17596.93,ATM,Fuel,Lucknow,ATM Machine,No
T100768,C1897,2024-07-14,5197.02,POS,Grocery,Ahmedabad,POS Terminal,No
T100769,C1451,2024-03-10,16514.52,ATM,Healthcare,Jaipur,ATM Machine,No
T100770,C1296,2024-06-01,2657.32,ATM,Entertainment,Mumbai,ATM Machine,No
T100771,C2137,2024-03-13,42353.32,Online,Grocery,Mumbai,Tablet,No
T100772,C2101,2024-10-07,6548.94,Online,Fuel,Hyderabad,Tablet,No
T100773,C1705,2024-04-18,6019.58,POS,Utilities,Bangalore,POS Terminal,No
T100774,C1453,2024-11-11,11979.7,POS,Travel,Delhi,POS Terminal,No
T100775,C2162,2025-03-12,7665.89,Online,Utilities,Ahmedabad,Tablet,No
T100776,C1596,2024-12-09,11616.72,Online,Fuel,Delhi,Mobile,No
T100777,C1998,2025-05-02,10861.56,POS,Entertainment,Bangalore,POS Terminal,No
T100778,C1481,2024-02-21,10828.54,POS,E-commerce,Delhi,POS Terminal,No
T100779,C1651,2024-09-05,9653.1,POS,Entertainment,Lucknow,POS Terminal,No
T100780,C2197,2024-03-19,14031.99,ATM,E-commerce,Pune,ATM Machine,No
T100781,C1878,2024-03-27,27227.68,Online,Entertainment,Hyderabad,Mobile,No
T100782,C1894,2024-05-21,3851.81,POS,Restaurant,Pune,POS Terminal,No
T100783,C1948,2024-08-16,5250.87,POS,Fuel,Ahmedabad,POS Terminal,No
T100784,C1360,2024-11-26,4041.16,ATM,Electronics,Chennai,ATM Machine,No
T100785,C1287,2025-04-01,18214.79,ATM,Travel,Chennai,ATM Machine,No
T100786,C1157,2025-01-07,29252.91,Online,Grocery,Jaipur,Tablet,No
T100787,C2192,2024-10-23,6072.69,POS,E-commerce,Hyderabad,POS Terminal,No
T100788,C2130,2024-05-13,9509.11,ATM,Utilities,Ahmedabad,ATM Machine,No
T100789,C1305,2024-07-06,14214.52,POS,Travel,Lucknow,POS Terminal,No
T100790,C1596,2024-03-09,2384.94,POS,Utilities,Jaipur,POS Terminal,No
T100791,C1746,2024-09-14,29394.25,Online,Travel,Lucknow,Tablet,No
T100792,C2053,2024-03-12,7637.74,POS,Restaurant,Bangalore,POS Terminal,No
T100793,C2159,2024-12-03,30650.42,Online,Fashion,Pune,Mobile,No
T100794,C1999,2024-04-28,1101.89,Online,Fuel,Pune,Mobile,No
T100795,C1424,2024-09-22,13094.65,POS,Healthcare,Ahmedabad,POS Terminal,No
T100796,C1096,2024-01-21,18676.31,ATM,Entertainment,Delhi,ATM Machine,No
T100797,C2068,2024-11-20,8520.48,POS,Fuel,Lucknow,POS Terminal,No
T100798,C1357,2024-07-11,14084.69,ATM,Healthcare,Pune,ATM Machine,No
T100799,C1160,2024-09-21,13845.24,POS,Healthcare,Hyderabad,POS Terminal,No
T100800,C1723,2025-02-22,10637.86,POS,Fashion,Ahmedabad,POS Terminal,No
T100801,C1014,2024-09-13,7796.44,Online,Fashion,Bangalore,Mobile,No
T100802,C1576,2024-04-18,28899.16,Online,Restaurant,Bangalore,Desktop,No
T100803,C1243,2024-12-04,30414.41,Online,Healthcare,Pune,Tablet,No
T100804,C1981,2024-09-02,21321.71,Online,E-commerce,Bangalore,Tablet,No
T100805,C1046,2024-05-04,36874.92,Online,Restaurant,Lucknow,Tablet,No
T100806,C2050,2024-01-21,18720.16,ATM,Restaurant,Mumbai,ATM Machine,No
T100807,C1369,2024-09-21,13890.97,POS,E-commerce,Lucknow,POS Terminal,No
T100808,C1581,2025-04-29,22651.8,Online,Travel,Ahmedabad,Tablet,No
T100809,C1987,2024-03-28,5839.25,Online,Healthcare,Lucknow,Mobile,No
T100810,C1373,2024-11-15,19704.4,ATM,Utilities,Chennai,ATM Machine,No
T100811,C1702,2025-04-17,12599.58,POS,E-commerce,Lucknow,POS Terminal,No
T100812,C1775,2024-07-16,6408.2,Online,Electronics,Mumbai,Mobile,No
T100813,C2033,2024-12-16,13820.54,POS,Restaurant,Lucknow,POS Terminal,No
T100814,C1975,2025-04-06,17462.98,ATM,E-commerce,Mumbai,ATM Machine,No
T100815,C2089,2024-09-14,26038.14,Online,Electronics,Ahmedabad,Tablet,No
T100816,C2105,2025-02-27,29645.52,Online,Healthcare,Jaipur,Desktop,No
T100817,C1089,2024-12-23,8280.55,ATM,Healthcare,Hyderabad,ATM Machine,No
T100818,C1988,2025-02-08,915.95,POS,Entertainment,Lucknow,POS Terminal,No
T100819,C2180,2024-02-20,5094.44,POS,Restaurant,Chennai,POS Terminal,No
T100820,C1477,2025-04-10,40182.1,Online,Fuel,Lucknow,Tablet,No
T100821,C1388,2024-01-03,590.32,ATM,Grocery,Lucknow,ATM Machine,No
T100822,C2065,2024-01-04,5069.14,POS,Travel,Pune,POS Terminal,No
T100823,C1219,2024-03-20,6032.71,POS,E-commerce,Chennai,POS Terminal,No
T100824,C2098,2024-08-04,10979.21,ATM,Entertainment,Lucknow,ATM Machine,No
T100825,C1814,2025-01-21,46008.81,Online,Healthcare,Jaipur,Tablet,No
T100826,C1759,2024-10-13,7253.75,ATM,Fashion,Chennai,ATM Machine,No
T100827,C2184,2024-06-25,7265.59,ATM,Healthcare,Bangalore,ATM Machine,No
T100828,C1244,2025-01-17,36927.56,Online,Fashion,Bangalore,Mobile,No
T100829,C1821,2025-02-06,6838.05,POS,Utilities,Lucknow,POS Terminal,No
T100830,C1107,2024-03-23,3446.61,POS,Grocery,Delhi,POS Terminal,No
T100831,C1966,2025-04-19,9322.57,ATM,Healthcare,Delhi,ATM Machine,No
T100832,C1455,2024-07-08,7214.68,Online,E-commerce,Mumbai,Tablet,No
T100833,C1821,2024-11-10,3939.55,ATM,Utilities,Chennai,ATM Machine,No
T100834,C1118,2025-04-29,25018.72,Online,Fashion,Ahmedabad,Mobile,No
T100835,C2062,2024-05-26,21062.49,Online,Grocery,Lucknow,Tablet,No
T100836,C1475,2024-11-10,45759.33,Online,Grocery,Pune,Mobile,No
T100837,C1323,2024-02-14,5499.67,POS,Healthcare,Pune,POS Terminal,No
T100838,C1831,2024-10-27,29113.3,Online,Utilities,Mumbai,Tablet,No
T100839,C1185,2024-10-08,9520.74,POS,Utilities,Lucknow,POS Terminal,No
T100840,C1567,2024-04-25,755.34,ATM,Travel,Ahmedabad,ATM Machine,No
T100841,C2178,2024-01-03,9986.71,POS,Restaurant,Kolkata,POS Terminal,No
T100842,C2145,2024-02-07,3971.7,ATM,Fuel,Pune,ATM Machine,No
T100843,C2052,2025-05-04,14419.95,POS,Utilities,Lucknow,POS Terminal,No
T100844,C1907,2025-05-09,2315.07,POS,E-commerce,Ahmedabad,POS Terminal,No
T100845,C1696,2025-05-07,6277.9,POS,Fashion,Lucknow,POS Terminal,No
T100846,C1988,2024-02-29,1371.71,POS,Electronics,Kolkata,POS Terminal,No
T100847,C1452,2024-12-12,19939.05,ATM,Travel,Pune,ATM Machine,No
T100848,C1724,2024-09-21,10292.8,ATM,Grocery,Chennai,ATM Machine,No
T100849,C1191,2024-07-23,12110.01,ATM,Entertainment,Delhi,ATM Machine,No
T100850,C1366,2024-08-31,1099.44,POS,Entertainment,Hyderabad,POS Terminal,No
T100851,C1552,2024-04-03,15124.23,ATM,Travel,Ahmedabad,ATM Machine,No
T100852,C1481,2025-01-11,10653.3,Online,Fuel,Hyderabad,Mobile,No
T100853,C1512,2025-03-04,18012.06,ATM,Entertainment,Bangalore,ATM Machine,No
T100854,C1246,2025-04-16,10415.95,Online,Fashion,Lucknow,Mobile,No
T100855,C2109,2025-05-05,9696.25,Online,Fashion,Pune,Tablet,No
T100856,C2177,2025-03-20,644.59,POS,Fashion,Bangalore,POS Terminal,No
T100857,C2047,2024-05-23,7133.8,POS,Travel,Lucknow,POS Terminal,No
T100858,C2077,2025-02-13,8516.13,POS,Fashion,Jaipur,POS Terminal,No
T100859,C1712,2024-07-20,1781.32,ATM,Restaurant,Ahmedabad,ATM Machine,No
T100860,C2062,2024-08-23,11655.36,POS,Grocery,Mumbai,POS Terminal,No
T100861,C1778,2024-10-24,22773.78,Online,Entertainment,Pune,Tablet,No
T100862,C1384,2024-10-07,7913.42,POS,Travel,Chennai,POS Terminal,No
T100863,C1703,2024-07-06,22149.98,Online,Fashion,Kolkata,Mobile,No
T100864,C1763,2024-07-05,6071.37,POS,Fuel,Ahmedabad,POS Terminal,No
T100865,C1269,2024-10-21,11412.99,ATM,Travel,Delhi,ATM Machine,No
T100866,C1483,2024-10-11,2413.08,POS,Healthcare,Hyderabad,POS Terminal,No
T100867,C1307,2024-08-30,9260.02,Online,Restaurant,Kolkata,Desktop,No
T100868,C2059,2024-09-30,17304.82,ATM,Entertainment,Ahmedabad,ATM Machine,No
T100869,C2152,2025-03-15,18949.25,ATM,Grocery,Kolkata,ATM Machine,No
T100870,C1335,2024-01-31,18790.8,Online,Fuel,Ahmedabad,Tablet,No
T100871,C1686,2024-05-13,4134.1,POS,Entertainment,Jaipur,POS Terminal,No
T100872,C1528,2024-06-25,32271.18,Online,Healthcare,Delhi,Desktop,No
T100873,C1408,2024-10-22,8470.32,ATM,Utilities,Bangalore,ATM Machine,No
T100874,C1583,2024-06-30,478.26,POS,Utilities,Ahmedabad,POS Terminal,No
T100875,C1916,2025-03-31,7976.4,Online,Healthcare,Lucknow,Desktop,No
T100876,C1297,2025-03-20,35855.42,Online,Entertainment,Kolkata,Tablet,No
T100877,C1829,2025-03-10,33014.41,Online,Electronics,Bangalore,Desktop,No
T100878,C1649,2024-11-30,503.73,POS,Fuel,Lucknow,POS Terminal,No
T100879,C1556,2025-03-30,3407.39,POS,Entertainment,Lucknow,POS Terminal,No
T100880,C1923,2024-07-30,11707.52,Online,Restaurant,Mumbai,Mobile,No
T100881,C1516,2025-04-26,13601.91,ATM,Electronics,Hyderabad,ATM Machine,No
T100882,C1211,2024-02-18,1181.58,Online,Fashion,Jaipur,Mobile,Yes
T100883,C1814,2024-09-25,5384.61,Online,Electronics,Chennai,Tablet,No
T100884,C1799,2024-06-07,40035.82,Online,Travel,Chennai,Desktop,No
T100885,C1269,2024-09-26,9091.52,Online,Grocery,Mumbai,Tablet,No
T100886,C1667,2025-03-18,9825.92,POS,Fashion,Jaipur,POS Terminal,No
T100887,C2124,2024-08-15,12061.5,Online,Utilities,Bangalore,Tablet,No
T100888,C2156,2024-08-10,2439.11,ATM,Utilities,Chennai,ATM Machine,No
T100889,C1987,2024-10-03,12309.98,Online,Electronics,Ahmedabad,Desktop,No
T100890,C1533,2024-03-20,10861.78,POS,Grocery,Mumbai,POS Terminal,No
T100891,C1280,2024-06-25,12849.88,POS,Fashion,Jaipur,POS Terminal,Yes
T100892,C2008,2025-04-29,12470.28,POS,Fuel,Mumbai,POS Terminal,No
T100893,C1600,2024-11-01,19979.74,Online,Grocery,Jaipur,Desktop,No
T100894,C2149,2024-08-11,10054.47,POS,Travel,Bangalore,POS Terminal,No
T100895,C1799,2025-02-28,3154.27,POS,Travel,Chennai,POS Terminal,No
T100896,C1491,2024-09-21,6216.38,ATM,Fuel,Chennai,ATM Machine,No
T100897,C2090,2025-02-18,13455.4,POS,Healthcare,Hyderabad,POS Terminal,No
T100898,C1374,2024-03-10,293.73,POS,Electronics,Ahmedabad,POS Terminal,No
T100899,C1558,2024-12-24,2167.42,ATM,Fashion,Hyderabad,ATM Machine,No
T100900,C1312,2024-01-26,4553.78,ATM,Grocery,Bangalore,ATM Machine,No
T100901,C1578,2024-05-17,1521.3,Online,Fashion,Mumbai,Mobile,No
T100902,C1031,2024-09-09,9235.48,Online,Entertainment,Kolkata,Desktop,No
T100903,C2021,2024-07-09,8787.32,POS,Grocery,Pune,POS Terminal,No
T100904,C1300,2024-01-29,6379.23,POS,Healthcare,Delhi,POS Terminal,No
T100905,C1372,2024-04-08,13400.81,POS,Healthcare,Mumbai,POS Terminal,No
T100906,C1510,2024-07-16,12279.91,POS,Travel,Mumbai,POS Terminal,No
T100907,C1193,2024-09-23,7165.44,ATM,Travel,Ahmedabad,ATM Machine,No
T100908,C1640,2025-04-24,3965.41,POS,Restaurant,Mumbai,POS Terminal,No
T100909,C2126,2024-09-23,19108.68,Online,Fuel,Ahmedabad,Tablet,No
T100910,C1739,2025-03-30,29596.69,Online,Travel,Delhi,Mobile,No
T100911,C1665,2024-01-08,13549.57,Online,Fuel,Lucknow,Mobile,No
T100912,C1498,2024-01-05,31282.62,Online,E-commerce,Ahmedabad,Tablet,No
T100913,C1761,2025-01-29,20588.7,Online,Travel,Bangalore,Desktop,No
T100914,C1694,2025-04-21,11264.92,ATM,Grocery,Mumbai,ATM Machine,No
T100915,C1316,2024-12-25,9004.47,ATM,Electronics,Bangalore,ATM Machine,No
T100916,C1649,2024-10-12,6242.08,ATM,Entertainment,Ahmedabad,ATM Machine,No
T100917,C1044,2024-12-18,14231.95,POS,Entertainment,Bangalore,POS Terminal,No
T100918,C1081,2024-09-05,15390.31,ATM,Fashion,Jaipur,ATM Machine,No
T100919,C2004,2024-04-07,3232.21,ATM,Restaurant,Jaipur,ATM Machine,No
T100920,C1960,2024-05-20,17435.13,ATM,Utilities,Bangalore,ATM Machine,No
T100921,C1318,2024-08-18,7362.72,POS,Fuel,Jaipur,POS Terminal,No
T100922,C1002,2025-02-01,17943.77,ATM,Utilities,Kolkata,ATM Machine,No
T100923,C1039,2024-11-13,12017.84,POS,E-commerce,Hyderabad,POS Terminal,No
T100924,C1130,2024-12-03,8791.66,ATM,Healthcare,Hyderabad,ATM Machine,No
T100925,C2019,2025-01-27,938.15,ATM,Restaurant,Lucknow,ATM Machine,No
T100926,C1840,2024-11-24,4103.29,POS,Electronics,Delhi,POS Terminal,No
T100927,C1137,2024-01-23,27173.38,Online,Restaurant,Mumbai,Mobile,No
T100928,C1393,2024-02-20,31747.22,Online,E-commerce,Kolkata,Tablet,No
T100929,C1525,2024-01-26,3942.53,POS,Travel,Lucknow,POS Terminal,No
T100930,C1027,2025-04-21,7139.93,Online,Fashion,Delhi,Desktop,No
T100931,C1125,2024-07-03,16781.14,ATM,Healthcare,Pune,ATM Machine,No
T100932,C1120,2025-02-25,19695.84,ATM,Fuel,Jaipur,ATM Machine,No
T100933,C1145,2025-03-03,7932.78,POS,Electronics,Hyderabad,POS Terminal,No
T100934,C1199,2024-02-21,3847.75,ATM,Travel,Jaipur,ATM Machine,No
T100935,C1396,2024-09-26,5809.99,ATM,Travel,Lucknow,ATM Machine,No
T100936,C1367,2024-10-12,858.62,ATM,Utilities,Kolkata,ATM Machine,No
T100937,C2181,2024-07-02,18328.83,ATM,Fashion,Kolkata,ATM Machine,No
T100938,C1342,2025-02-09,6064.0,Online,Utilities,Kolkata,Tablet,No
T100939,C1324,2024-09-30,11742.07,ATM,Fashion,Pune,ATM Machine,No
T100940,C2127,2024-06-15,4183.42,POS,Healthcare,Kolkata,POS Terminal,No
T100941,C1663,2024-11-07,27798.06,Online,E-commerce,Jaipur,Mobile,No
T100942,C2127,2025-04-19,13202.7,ATM,Fuel,Pune,ATM Machine,No
T100943,C1917,2025-05-06,12463.15,POS,Grocery,Mumbai,POS Terminal,No
T100944,C1034,2024-09-22,10479.78,Online,Fuel,Mumbai,Desktop,No
T100945,C1440,2025-03-14,263.84,POS,Grocery,Chennai,POS Terminal,No
T100946,C2048,2024-10-11,3169.27,ATM,E-commerce,Bangalore,ATM Machine,No
T100947,C1943,2024-07-01,45020.93,Online,Restaurant,Chennai,Desktop,No
T100948,C1512,2024-04-29,13120.96,POS,Fuel,Delhi,POS Terminal,No
T100949,C2166,2025-04-14,29951.17,Online,Electronics,Pune,Desktop,No
T100950,C2181,2025-02-23,30105.74,Online,E-commerce,Chennai,Mobile,No
T100951,C2181,2024-07-14,33318.83,Online,Grocery,Pune,Desktop,No
T100952,C1890,2024-08-01,8933.49,Online,Travel,Lucknow,Mobile,No
T100953,C1784,2024-01-28,13724.74,POS,Utilities,Mumbai,POS Terminal,No
T100954,C2157,2024-03-17,6339.68,POS,Utilities,Hyderabad,POS Terminal,No
T100955,C1805,2025-05-12,5808.76,POS,E-commerce,Lucknow,POS Terminal,No
T100956,C1455,2024-08-09,7831.87,POS,Healthcare,Bangalore,POS Terminal,No
T100957,C1170,2024-08-31,1415.84,ATM,Grocery,Jaipur,ATM Machine,No
T100958,C1175,2024-07-23,3742.53,ATM,Healthcare,Bangalore,ATM Machine,No
T100959,C1985,2024-10-13,36954.07,Online,Fashion,Kolkata,Tablet,No
T100960,C2150,2024-11-11,2114.57,ATM,Utilities,Hyderabad,ATM Machine,No
T100961,C1546,2025-02-01,9086.97,POS,Entertainment,Lucknow,POS Terminal,No
T100962,C1848,2024-08-04,3755.7,POS,Entertainment,Hyderabad,POS Terminal,No
T100963,C1050,2025-01-29,5900.5,POS,Restaurant,Pune,POS Terminal,No
T100964,C1906,2024-11-15,14576.95,Online,Fashion,Mumbai,Mobile,No
T100965,C1766,2024-03-20,7435.62,ATM,Electronics,Delhi,ATM Machine,No
T100966,C1498,2025-04-30,14521.4,ATM,Restaurant,Chennai,ATM Machine,Yes
T100967,C1228,2024-06-05,4527.11,POS,Fashion,Mumbai,POS Terminal,No
T100968,C2102,2024-04-18,28406.95,Online,Utilities,Jaipur,Desktop,No
T100969,C1290,2024-12-21,9782.98,ATM,Grocery,Kolkata,ATM Machine,No
T100970,C2079,2024-01-23,9988.7,POS,Restaurant,Mumbai,POS Terminal,No
T100971,C1556,2024-01-28,14058.76,POS,Grocery,Delhi,POS Terminal,No
T100972,C1556,2024-12-05,14785.16,ATM,Entertainment,Delhi,ATM Machine,Yes
T100973,C1792,2024-04-28,3302.61,POS,Utilities,Delhi,POS Terminal,No
T100974,C1993,2025-03-19,1108.07,ATM,Utilities,Delhi,ATM Machine,No
T100975,C2026,2025-05-09,4007.73,POS,Utilities,Mumbai,POS Terminal,No
T100976,C2085,2024-06-05,8966.66,POS,Fashion,Kolkata,POS Terminal,No
T100977,C1038,2024-06-26,1502.8,ATM,Entertainment,Pune,ATM Machine,No
T100978,C1484,2025-05-15,10179.14,ATM,Fuel,Mumbai,ATM Machine,No
T100979,C1793,2025-03-31,29922.77,Online,Utilities,Chennai,Mobile,No
T100980,C1805,2024-12-02,16845.35,Online,Electronics,Kolkata,Tablet,No
T100981,C1466,2024-08-01,38591.43,Online,E-commerce,Bangalore,Desktop,No
T100982,C1675,2024-08-17,2578.67,ATM,Restaurant,Hyderabad,ATM Machine,No
T100983,C2190,2024-10-04,1965.19,ATM,Travel,Bangalore,ATM Machine,No
T100984,C2073,2025-04-10,36463.8,Online,Healthcare,Bangalore,Tablet,No
T100985,C1324,2024-06-11,24875.47,Online,Utilities,Jaipur,Tablet,No
T100986,C1651,2025-03-05,34482.44,Online,Grocery,Pune,Desktop,No
T100987,C1622,2024-08-14,8979.13,ATM,Fuel,Bangalore,ATM Machine,No
T100988,C1219,2024-03-08,12470.82,Online,Grocery,Lucknow,Tablet,No
T100989,C2162,2024-11-09,40991.3,Online,E-commerce,Hyderabad,Mobile,No
T100990,C1736,2024-02-10,16088.61,ATM,Fashion,Bangalore,ATM Machine,No
T100991,C1961,2024-12-30,14046.58,ATM,Entertainment,Bangalore,ATM Machine,No
T100992,C2007,2024-08-30,13752.83,Online,Restaurant,Hyderabad,Mobile,No
T100993,C1031,2025-04-18,8894.44,POS,Healthcare,Hyderabad,POS Terminal,No
T100994,C1416,2025-01-22,18176.5,Online,Electronics,Bangalore,Desktop,No
T100995,C2004,2024-12-18,1464.57,POS,Fashion,Hyderabad,POS Terminal,No
T100996,C1086,2024-11-07,18387.61,ATM,Healthcare,Pune,ATM Machine,No
T100997,C2172,2024-10-31,3167.96,ATM,Utilities,Mumbai,ATM Machine,No
T100998,C1925,2024-08-21,47521.82,Online,Travel,Jaipur,Tablet,No
T100999,C1081,2024-10-12,6745.49,POS,Utilities,Mumbai,POS Terminal,No
T101000,C1901,2024-07-22,2858.48,POS,Fuel,Ahmedabad,POS Terminal,No
T101001,C1603,2024-11-09,27186.67,Online,Utilities,Bangalore,Desktop,No
T101002,C1926,2024-02-16,17522.44,ATM,Utilities,Delhi,ATM Machine,No
T101003,C2199,2025-04-25,14778.39,ATM,Utilities,Bangalore,ATM Machine,No
T101004,C1663,2024-08-18,40366.75,Online,Restaurant,Ahmedabad,Tablet,No
T101005,C1414,2025-03-27,9915.87,POS,Electronics,Chennai,POS Terminal,No
T101006,C1336,2025-01-02,13999.39,ATM,Electronics,Delhi,ATM Machine,No
T101007,C1921,2024-11-20,12753.02,POS,Electronics,Jaipur,POS Terminal,No
T101008,C2048,2024-11-09,12633.47,Online,Healthcare,Jaipur,Desktop,No
T101009,C1350,2025-04-12,7392.43,POS,E-commerce,Bangalore,POS Terminal,No
T101010,C1297,2024-04-01,4813.58,ATM,Grocery,Kolkata,ATM Machine,No
T101011,C1914,2024-05-27,19759.53,ATM,Restaurant,Delhi,ATM Machine,No
T101012,C1416,2024-01-02,18909.16,ATM,Fuel,Mumbai,ATM Machine,No
T101013,C2022,2024-10-05,2163.46,Online,E-commerce,Ahmedabad,Mobile,No
T101014,C1975,2024-08-20,10613.07,POS,Fashion,Delhi,POS Terminal,No
T101015,C1014,2024-05-05,18542.34,ATM,Fuel,Lucknow,ATM Machine,No
T101016,C1426,2024-01-26,9192.65,Online,Restaurant,Mumbai,Tablet,No
T101017,C1298,2025-03-13,28483.67,Online,E-commerce,Lucknow,Desktop,No
T101018,C1180,2024-01-26,45791.32,Online,Healthcare,Bangalore,Mobile,No
T101019,C2173,2025-02-07,1161.95,ATM,Restaurant,Ahmedabad,ATM Machine,No
T101020,C1738,2025-04-21,34931.53,Online,Electronics,Chennai,Desktop,No
T101021,C1777,2025-02-23,15007.98,Online,Healthcare,Jaipur,Mobile,No
T101022,C1276,2024-03-03,18525.73,ATM,Fuel,Pune,ATM Machine,No
T101023,C2075,2024-04-17,19435.64,ATM,Travel,Lucknow,ATM Machine,No
T101024,C2171,2025-01-08,18913.2,ATM,Utilities,Delhi,ATM Machine,No
T101025,C1589,2024-08-06,9747.18,ATM,Entertainment,Chennai,ATM Machine,No
T101026,C1725,2025-04-19,43129.72,Online,E-commerce,Lucknow,Desktop,No
T101027,C2020,2024-09-09,42258.56,Online,E-commerce,Hyderabad,Tablet,No
T101028,C1397,2024-01-01,16091.2,Online,Grocery,Ahmedabad,Tablet,No
T101029,C1425,2025-02-13,16663.85,ATM,Healthcare,Kolkata,ATM Machine,No
T101030,C1717,2024-10-13,1221.65,ATM,Travel,Mumbai,ATM Machine,No
T101031,C1577,2024-05-10,29894.24,Online,Fuel,Chennai,Tablet,No
T101032,C1013,2024-02-28,4985.17,ATM,Entertainment,Pune,ATM Machine,No
T101033,C2166,2024-11-11,6204.23,Online,Restaurant,Hyderabad,Desktop,No
T101034,C1982,2025-04-14,1246.6,POS,Grocery,Bangalore,POS Terminal,No
T101035,C1944,2025-04-01,14077.63,ATM,Entertainment,Ahmedabad,ATM Machine,No
T101036,C1848,2025-04-20,7127.56,ATM,Grocery,Jaipur,ATM Machine,No
T101037,C1647,2024-10-11,14632.95,ATM,Grocery,Hyderabad,ATM Machine,No
T101038,C1680,2025-02-13,1073.81,POS,Electronics,Bangalore,POS Terminal,No
T101039,C1064,2024-06-22,4797.83,POS,Utilities,Bangalore,POS Terminal,No
T101040,C1798,2024-04-05,11020.08,ATM,Electronics,Chennai,ATM Machine,No
T101041,C1645,2024-12-29,39578.01,Online,Fuel,Kolkata,Mobile,No
T101042,C1487,2024-07-09,4849.41,POS,Fuel,Hyderabad,POS Terminal,No
T101043,C1359,2024-02-27,9425.78,POS,Grocery,Hyderabad,POS Terminal,No
T101044,C1909,2024-09-16,44321.69,Online,Fashion,Jaipur,Mobile,No
T101045,C1991,2025-01-10,12509.33,ATM,Fuel,Pune,ATM Machine,No
T101046,C1202,2025-02-24,5042.71,ATM,Restaurant,Hyderabad,ATM Machine,No
T101047,C1941,2024-07-17,975.82,ATM,Utilities,Delhi,ATM Machine,Yes
T101048,C1091,2024-12-17,17466.93,ATM,Electronics,Pune,ATM Machine,No
T101049,C1095,2024-02-22,914.75,ATM,Fuel,Mumbai,ATM Machine,No
T101050,C1640,2024-11-23,43760.14,Online,Entertainment,Hyderabad,Mobile,No
T101051,C2091,2024-06-12,7981.16,POS,Electronics,Chennai,POS Terminal,No
T101052,C1561,2024-02-28,46965.57,Online,E-commerce,Jaipur,Tablet,No
T101053,C2112,2024-06-28,16076.27,ATM,Entertainment,Chennai,ATM Machine,No
T101054,C1581,2024-10-20,49897.12,Online,Restaurant,Delhi,Desktop,No
T101055,C1694,2024-10-03,5325.61,POS,Grocery,Bangalore,POS Terminal,Yes
T101056,C1104,2024-02-24,11531.11,POS,Grocery,Delhi,POS Terminal,No
T101057,C1367,2024-12-26,8337.65,ATM,E-commerce,Ahmedabad,ATM Machine,No
T101058,C1640,2024-06-19,24097.81,Online,Utilities,Delhi,Desktop,No
T101059,C1191,2025-02-20,12736.36,ATM,Fashion,Delhi,ATM Machine,No
T101060,C1954,2024-08-28,43709.12,Online,Travel,Bangalore,Tablet,No
T101061,C1745,2024-07-19,49207.36,Online,Entertainment,Pune,Desktop,No
T101062,C1134,2024-08-31,38460.02,Online,Entertainment,Ahmedabad,Desktop,No
T101063,C1579,2025-01-28,6324.73,POS,E-commerce,Lucknow,POS Terminal,No
T101064,C1211,2024-07-26,8716.46,ATM,Electronics,Pune,ATM Machine,No
T101065,C1146,2025-02-09,11089.98,POS,Utilities,Ahmedabad,POS Terminal,No
T101066,C1847,2024-05-02,5156.15,ATM,Travel,Jaipur,ATM Machine,No
T101067,C1988,2024-07-15,5701.61,Online,Entertainment,Hyderabad,Tablet,No
T101068,C1892,2024-10-17,5383.87,POS,Utilities,Hyderabad,POS Terminal,No
T101069,C1160,2025-01-13,6101.16,ATM,E-commerce,Ahmedabad,ATM Machine,No
T101070,C1949,2024-06-15,6278.01,ATM,Electronics,Ahmedabad,ATM Machine,No
T101071,C1832,2024-02-05,5055.35,ATM,Electronics,Lucknow,ATM Machine,No
T101072,C1777,2024-06-16,727.19,POS,Grocery,Delhi,POS Terminal,No
T101073,C1285,2025-03-30,848.54,ATM,Grocery,Bangalore,ATM Machine,No
T101074,C1928,2024-09-29,14817.06,POS,Healthcare,Lucknow,POS Terminal,No
T101075,C1401,2024-04-15,8841.58,ATM,Entertainment,Chennai,ATM Machine,No
T101076,C1624,2025-04-15,5826.47,POS,Entertainment,Delhi,POS Terminal,No
T101077,C2046,2024-07-25,34046.43,Online,Fuel,Mumbai,Desktop,No
T101078,C1109,2024-01-01,4755.95,ATM,Utilities,Pune,ATM Machine,No
T101079,C1578,2025-03-19,47508.07,Online,Travel,Kolkata,Tablet,No
T101080,C1652,2024-12-30,11816.54,POS,Healthcare,Kolkata,POS Terminal,No
T101081,C1433,2024-12-05,4652.67,Online,Fashion,Bangalore,Mobile,No
T101082,C1738,2025-03-06,6321.95,POS,Restaurant,Chennai,POS Terminal,No
T101083,C1258,2024-03-09,43980.09,Online,Electronics,Mumbai,Mobile,No
T101084,C1997,2024-12-02,14176.51,POS,Restaurant,Delhi,POS Terminal,No
T101085,C1852,2025-03-16,7064.28,POS,E-commerce,Kolkata,POS Terminal,No
T101086,C1931,2024-09-17,9239.83,POS,Utilities,Ahmedabad,POS Terminal,No
T101087,C1463,2024-04-05,2588.81,POS,E-commerce,Mumbai,POS Terminal,No
T101088,C1485,2024-12-30,19827.79,ATM,Fuel,Kolkata,ATM Machine,No
T101089,C2181,2024-07-06,11737.25,Online,Grocery,Lucknow,Desktop,No
T101090,C1232,2024-10-24,14146.7,POS,Electronics,Bangalore,POS Terminal,No
T101091,C2079,2025-03-15,9779.74,POS,Fashion,Jaipur,POS Terminal,No
T101092,C1182,2024-05-05,9155.28,POS,Electronics,Jaipur,POS Terminal,No
T101093,C1640,2024-11-09,25731.89,Online,Entertainment,Jaipur,Mobile,No
T101094,C2050,2025-04-08,3536.98,POS,E-commerce,Pune,POS Terminal,No
T101095,C1604,2024-05-28,8991.1,Online,Grocery,Lucknow,Tablet,No
T101096,C2155,2024-05-13,11180.21,Online,Fashion,Lucknow,Mobile,No
T101097,C1598,2025-02-18,4135.55,ATM,E-commerce,Mumbai,ATM Machine,No
T101098,C1169,2024-03-05,15701.9,ATM,Electronics,Chennai,ATM Machine,No
T101099,C1576,2024-05-20,5316.87,POS,Grocery,Delhi,POS Terminal,No
T101100,C1310,2024-12-03,961.86,POS,Entertainment,Bangalore,POS Terminal,No
T101101,C1484,2024-09-05,48461.31,Online,Utilities,Mumbai,Desktop,No
T101102,C1298,2024-10-31,44212.54,Online,Fashion,Kolkata,Desktop,No
T101103,C1902,2025-01-06,18591.17,ATM,Restaurant,Hyderabad,ATM Machine,No
T101104,C1707,2024-01-28,19900.7,ATM,Fuel,Delhi,ATM Machine,No
T101105,C1951,2024-07-23,2691.04,POS,Fuel,Ahmedabad,POS Terminal,No
T101106,C2091,2024-04-29,6004.01,POS,Healthcare,Ahmedabad,POS Terminal,No
T101107,C2087,2025-03-21,11397.75,POS,Grocery,Chennai,POS Terminal,No
T101108,C1920,2024-07-14,14072.4,ATM,Entertainment,Jaipur,ATM Machine,No
T101109,C1085,2024-02-19,3500.97,ATM,Entertainment,Kolkata,ATM Machine,No
T101110,C1559,2024-06-20,12255.91,POS,Fuel,Delhi,POS Terminal,No
T101111,C2197,2024-07-19,3444.16,POS,Travel,Lucknow,POS Terminal,No
T101112,C2065,2024-06-21,4864.44,ATM,Restaurant,Pune,ATM Machine,No
T101113,C1018,2025-03-01,26941.33,Online,Grocery,Kolkata,Mobile,No
T101114,C1914,2024-06-28,29728.41,Online,Fuel,Chennai,Mobile,No
T101115,C1189,2024-01-30,11811.68,ATM,Travel,Lucknow,ATM Machine,No
T101116,C1246,2024-02-14,2283.99,ATM,Restaurant,Kolkata,ATM Machine,No
T101117,C2160,2025-02-15,43897.55,Online,Electronics,Bangalore,Desktop,No
T101118,C1156,2024-11-23,4057.44,POS,Fuel,Kolkata,POS Terminal,No
T101119,C1663,2024-05-11,6649.84,Online,Electronics,Chennai,Mobile,No
T101120,C1682,2024-01-31,13342.35,POS,Fuel,Bangalore,POS Terminal,No
T101121,C2008,2025-04-20,47791.44,Online,E-commerce,Kolkata,Mobile,No
T101122,C1223,2024-03-14,17311.49,ATM,Healthcare,Hyderabad,ATM Machine,No
T101123,C1218,2025-04-12,12161.79,POS,Fuel,Delhi,POS Terminal,No
T101124,C1145,2024-10-19,13277.22,ATM,Fuel,Ahmedabad,ATM Machine,Yes
T101125,C2020,2024-03-17,11241.72,ATM,Grocery,Mumbai,ATM Machine,No
T101126,C1546,2024-03-18,2196.24,ATM,Entertainment,Kolkata,ATM Machine,No
T101127,C2056,2024-12-28,6185.95,POS,Fashion,Kolkata,POS Terminal,No
T101128,C1144,2024-10-03,18759.89,Online,Grocery,Kolkata,Tablet,No
T101129,C1988,2024-03-03,5565.2,ATM,Utilities,Pune,ATM Machine,No
T101130,C1621,2024-07-24,36226.32,Online,Electronics,Pune,Tablet,No
T101131,C1697,2024-02-11,7488.55,POS,Fuel,Hyderabad,POS Terminal,No
T101132,C1081,2025-05-10,1307.59,POS,Travel,Chennai,POS Terminal,No
T101133,C1219,2024-11-18,4793.57,ATM,Entertainment,Ahmedabad,ATM Machine,No
T101134,C1897,2025-01-11,34226.29,Online,Restaurant,Mumbai,Mobile,Yes
T101135,C1489,2024-09-07,1234.35,POS,Electronics,Jaipur,POS Terminal,No
T101136,C2024,2024-09-30,12782.98,POS,Grocery,Mumbai,POS Terminal,No
T101137,C1692,2025-02-07,10155.36,ATM,Grocery,Kolkata,ATM Machine,No
T101138,C2072,2024-08-22,9871.44,ATM,Utilities,Bangalore,ATM Machine,No
T101139,C1478,2025-04-18,29701.91,Online,Grocery,Bangalore,Desktop,No
T101140,C1966,2025-04-09,16581.28,ATM,Grocery,Hyderabad,ATM Machine,No
T101141,C1268,2024-01-08,17520.9,Online,Grocery,Chennai,Mobile,No
T101142,C1350,2025-03-03,13721.31,ATM,Electronics,Delhi,ATM Machine,No
T101143,C1452,2024-02-02,28373.45,Online,Healthcare,Pune,Tablet,No
T101144,C1665,2024-03-02,5707.05,ATM,E-commerce,Jaipur,ATM Machine,No
T101145,C1437,2025-01-26,43955.77,Online,E-commerce,Bangalore,Desktop,No
T101146,C1561,2024-03-13,11981.65,POS,Restaurant,Pune,POS Terminal,No
T101147,C1899,2024-05-04,13339.81,ATM,Grocery,Bangalore,ATM Machine,No
T101148,C1771,2025-02-02,42558.97,Online,Grocery,Ahmedabad,Mobile,Yes
T101149,C1368,2025-04-19,43391.25,Online,E-commerce,Chennai,Desktop,No
T101150,C1975,2024-12-20,35476.48,Online,Travel,Bangalore,Tablet,No
T101151,C1923,2024-07-29,41883.26,Online,Restaurant,Lucknow,Tablet,No
T101152,C1369,2025-01-02,10492.32,POS,E-commerce,Delhi,POS Terminal,No
T101153,C1617,2024-06-27,10234.1,POS,Grocery,Jaipur,POS Terminal,No
T101154,C1241,2024-09-28,31006.85,Online,E-commerce,Pune,Tablet,No
T101155,C1951,2025-01-29,15177.97,ATM,Travel,Chennai,ATM Machine,No
T101156,C1231,2025-02-11,8098.53,Online,Fashion,Ahmedabad,Mobile,No
T101157,C1089,2024-01-28,17676.98,ATM,Entertainment,Chennai,ATM Machine,No
T101158,C1515,2024-06-20,17500.95,ATM,Fashion,Mumbai,ATM Machine,No
T101159,C1108,2025-04-18,1070.32,ATM,Restaurant,Bangalore,ATM Machine,No
T101160,C1994,2024-09-20,41325.67,Online,Electronics,Hyderabad,Tablet,No
T101161,C2188,2024-06-15,2020.16,POS,Travel,Pune,POS Terminal,No
T101162,C1226,2024-06-15,16888.92,Online,Electronics,Hyderabad,Tablet,No
T101163,C1410,2024-07-11,37226.71,Online,Electronics,Ahmedabad,Tablet,No
T101164,C1893,2024-03-15,8205.84,Online,E-commerce,Ahmedabad,Mobile,No
T101165,C1280,2024-08-22,16450.36,ATM,Travel,Pune,ATM Machine,No
T101166,C1415,2024-06-20,41640.28,Online,Grocery,Lucknow,Mobile,No
T101167,C1228,2025-03-12,7661.27,POS,Fashion,Kolkata,POS Terminal,No
T101168,C1704,2024-04-22,195.15,POS,E-commerce,Bangalore,POS Terminal,No
T101169,C1349,2024-10-22,6097.24,ATM,Travel,Delhi,ATM Machine,No
T101170,C2069,2024-09-07,30922.96,Online,E-commerce,Ahmedabad,Desktop,No
T101171,C1877,2025-01-11,49063.07,Online,Travel,Pune,Desktop,No
T101172,C1306,2025-04-12,12820.36,ATM,Grocery,Kolkata,ATM Machine,No
T101173,C1083,2024-08-28,5566.17,ATM,Utilities,Mumbai,ATM Machine,No
T101174,C1808,2024-09-02,12863.11,ATM,Electronics,Ahmedabad,ATM Machine,No
T101175,C1171,2024-10-12,27091.27,Online,Healthcare,Hyderabad,Mobile,No
T101176,C1490,2024-11-27,39036.3,Online,Grocery,Ahmedabad,Tablet,No
T101177,C1941,2025-03-15,2586.12,ATM,E-commerce,Mumbai,ATM Machine,No
T101178,C1950,2025-01-30,38099.19,Online,Healthcare,Bangalore,Desktop,No
T101179,C1003,2025-03-16,11054.7,ATM,Electronics,Kolkata,ATM Machine,No
T101180,C1682,2024-09-28,48157.0,Online,Fuel,Kolkata,Desktop,No
T101181,C2111,2024-10-21,17225.23,Online,Electronics,Lucknow,Desktop,No
T101182,C1113,2024-09-20,12836.13,ATM,Entertainment,Mumbai,ATM Machine,No
T101183,C1749,2024-08-26,18674.55,ATM,Grocery,Pune,ATM Machine,No
T101184,C2145,2024-12-26,5304.98,Online,Utilities,Hyderabad,Mobile,No
T101185,C1489,2024-10-03,46873.98,Online,Fashion,Lucknow,Tablet,No
T101186,C1462,2024-06-13,10349.5,POS,Fuel,Jaipur,POS Terminal,No
T101187,C1568,2024-01-28,3578.29,Online,Entertainment,Pune,Desktop,No
T101188,C2079,2025-02-28,15187.99,Online,Fashion,Jaipur,Tablet,No
T101189,C1599,2024-08-19,14309.36,ATM,Entertainment,Delhi,ATM Machine,No
T101190,C1938,2024-02-14,3554.06,Online,Healthcare,Bangalore,Desktop,No
T101191,C1158,2024-02-25,29192.09,Online,Fuel,Delhi,Tablet,No
T101192,C1309,2025-03-23,17424.98,Online,Utilities,Mumbai,Desktop,No
T101193,C2109,2025-04-22,31121.59,Online,Fashion,Pune,Desktop,No
T101194,C1044,2024-05-29,2477.95,Online,Electronics,Mumbai,Mobile,No
T101195,C2065,2024-11-26,13085.9,POS,Healthcare,Lucknow,POS Terminal,No
T101196,C1669,2024-09-05,19483.03,ATM,Utilities,Jaipur,ATM Machine,No
T101197,C1623,2024-10-17,48450.12,Online,Fuel,Bangalore,Desktop,No
T101198,C1762,2025-05-12,11269.81,POS,Grocery,Bangalore,POS Terminal,No
T101199,C1934,2025-05-04,6678.29,Online,E-commerce,Bangalore,Tablet,No
T101200,C1374,2025-05-13,37961.51,Online,Restaurant,Bangalore,Mobile,No
T101201,C1649,2024-10-21,1424.43,Online,Fashion,Chennai,Desktop,No
T101202,C2152,2024-12-28,1301.75,Online,Entertainment,Pune,Mobile,No
T101203,C2106,2025-05-14,16315.79,Online,Utilities,Chennai,Mobile,No
T101204,C1829,2025-04-21,7380.78,POS,Restaurant,Ahmedabad,POS Terminal,No
T101205,C1320,2024-01-03,15522.94,ATM,Utilities,Jaipur,ATM Machine,No
T101206,C1606,2024-08-30,10281.1,POS,E-commerce,Bangalore,POS Terminal,No
T101207,C1906,2024-06-22,9195.1,ATM,Electronics,Ahmedabad,ATM Machine,No
T101208,C1286,2024-12-13,5835.72,ATM,Electronics,Chennai,ATM Machine,Yes
T101209,C1452,2024-08-16,14957.16,POS,Electronics,Pune,POS Terminal,No
T101210,C1400,2024-10-25,8810.54,ATM,Travel,Chennai,ATM Machine,No
T101211,C1172,2024-10-02,6825.67,POS,Electronics,Jaipur,POS Terminal,No
T101212,C2005,2024-06-11,3690.66,ATM,E-commerce,Jaipur,ATM Machine,No
T101213,C1740,2024-07-22,39781.52,Online,Healthcare,Pune,Desktop,No
T101214,C1583,2024-06-25,10435.87,POS,Fuel,Ahmedabad,POS Terminal,No
T101215,C1180,2024-04-20,4805.01,ATM,Fashion,Kolkata,ATM Machine,No
T101216,C1592,2024-03-24,2106.43,ATM,Healthcare,Kolkata,ATM Machine,No
T101217,C1177,2024-03-14,34088.87,Online,Fuel,Ahmedabad,Tablet,No
T101218,C1136,2025-04-22,13262.97,ATM,Healthcare,Delhi,ATM Machine,Yes
T101219,C1560,2024-07-31,13808.32,Online,Utilities,Ahmedabad,Tablet,No
T101220,C1281,2024-04-12,47553.01,Online,Healthcare,Chennai,Tablet,No
T101221,C1619,2025-03-03,3445.63,ATM,Fuel,Ahmedabad,ATM Machine,No
T101222,C1950,2024-04-24,21730.27,Online,Grocery,Bangalore,Desktop,No
T101223,C1968,2024-03-04,18900.51,ATM,Fuel,Kolkata,ATM Machine,No
T101224,C1502,2024-01-15,21102.42,Online,Fuel,Ahmedabad,Mobile,No
T101225,C1741,2024-10-24,9614.04,POS,E-commerce,Kolkata,POS Terminal,No
T101226,C1975,2025-05-13,8253.09,ATM,Electronics,Pune,ATM Machine,No
T101227,C2179,2024-01-09,4185.81,POS,Restaurant,Lucknow,POS Terminal,No
T101228,C1655,2024-08-24,19687.56,ATM,Restaurant,Pune,ATM Machine,No
T101229,C1559,2024-07-03,6199.08,POS,Entertainment,Mumbai,POS Terminal,No
T101230,C2085,2024-11-23,44726.14,Online,Utilities,Hyderabad,Tablet,No
T101231,C1194,2024-11-02,11651.74,Online,Utilities,Pune,Desktop,No
T101232,C1617,2024-05-18,4655.54,ATM,Entertainment,Delhi,ATM Machine,No
T101233,C1721,2025-02-25,1750.48,Online,Grocery,Bangalore,Tablet,No
T101234,C1994,2024-07-29,9809.84,POS,Restaurant,Delhi,POS Terminal,No
T101235,C2031,2024-04-23,18552.61,Online,Utilities,Lucknow,Tablet,No
T101236,C2077,2025-03-09,17354.99,ATM,Utilities,Delhi,ATM Machine,No
T101237,C1157,2024-02-29,23765.85,Online,Grocery,Ahmedabad,Desktop,No
T101238,C1743,2024-03-12,14526.08,POS,E-commerce,Jaipur,POS Terminal,No
T101239,C1701,2024-03-29,4117.75,ATM,Fuel,Mumbai,ATM Machine,No
T101240,C1243,2024-04-23,43457.43,Online,Restaurant,Hyderabad,Desktop,No
T101241,C1267,2024-02-10,11671.29,POS,Electronics,Delhi,POS Terminal,Yes
T101242,C1992,2025-01-22,11586.74,POS,Grocery,Hyderabad,POS Terminal,No
T101243,C2052,2024-10-30,42270.2,Online,Fashion,Delhi,Desktop,No
T101244,C1618,2024-12-07,38098.99,Online,Electronics,Delhi,Tablet,No
T101245,C1410,2024-04-04,12711.3,ATM,Entertainment,Mumbai,ATM Machine,No
T101246,C1569,2025-04-30,3059.28,ATM,Entertainment,Pune,ATM Machine,No
T101247,C2026,2025-02-03,1134.26,ATM,E-commerce,Hyderabad,ATM Machine,No
T101248,C1140,2024-02-20,18456.53,ATM,Grocery,Jaipur,ATM Machine,No
T101249,C1393,2025-05-08,9288.09,POS,Restaurant,Jaipur,POS Terminal,Yes
T101250,C1203,2025-04-18,39867.56,Online,Utilities,Ahmedabad,Desktop,No
T101251,C1380,2024-08-13,9889.69,ATM,Electronics,Bangalore,ATM Machine,No
T101252,C1778,2024-08-05,6041.95,Online,Utilities,Hyderabad,Desktop,No
T101253,C1644,2024-03-04,1965.27,POS,Electronics,Jaipur,POS Terminal,No
T101254,C1740,2024-12-26,10314.92,POS,Utilities,Mumbai,POS Terminal,No
T101255,C2012,2024-02-29,6511.56,POS,Fuel,Ahmedabad,POS Terminal,No
T101256,C1639,2024-12-17,3087.82,POS,Travel,Jaipur,POS Terminal,No
T101257,C1877,2024-04-06,24681.41,Online,Fashion,Pune,Mobile,Yes
T101258,C2007,2024-12-10,3397.61,Online,Healthcare,Ahmedabad,Tablet,No
T101259,C1175,2024-03-02,29182.18,Online,Healthcare,Kolkata,Tablet,No
T101260,C1209,2025-01-14,13595.87,Online,Electronics,Pune,Mobile,No
T101261,C1828,2024-03-03,39918.44,Online,Healthcare,Ahmedabad,Desktop,No
T101262,C2192,2024-10-30,4724.39,POS,Healthcare,Pune,POS Terminal,No
T101263,C1829,2024-09-05,9376.79,ATM,Fuel,Bangalore,ATM Machine,No
T101264,C1222,2024-03-03,273.15,POS,Fashion,Ahmedabad,POS Terminal,No
T101265,C1276,2024-01-16,3807.86,Online,Grocery,Delhi,Desktop,No
T101266,C1367,2024-07-14,8153.62,ATM,Entertainment,Bangalore,ATM Machine,No
T101267,C1198,2025-01-24,24100.95,Online,Utilities,Ahmedabad,Desktop,No
T101268,C2020,2024-09-08,12200.4,ATM,Fuel,Jaipur,ATM Machine,No
T101269,C2108,2024-10-06,14724.8,Online,Grocery,Kolkata,Mobile,No
T101270,C1645,2025-03-12,10455.23,POS,Fashion,Ahmedabad,POS Terminal,No
T101271,C1363,2024-10-12,17272.39,ATM,Fuel,Bangalore,ATM Machine,No
T101272,C1276,2024-06-08,15707.09,ATM,Healthcare,Ahmedabad,ATM Machine,No
T101273,C2166,2024-12-11,690.32,POS,Utilities,Jaipur,POS Terminal,No
T101274,C1975,2024-10-14,24129.25,Online,Utilities,Mumbai,Desktop,No
T101275,C1774,2024-11-11,2546.14,ATM,Entertainment,Chennai,ATM Machine,No
T101276,C1058,2024-10-29,12253.84,Online,Restaurant,Pune,Desktop,No
T101277,C2196,2024-01-14,19739.92,ATM,Entertainment,Kolkata,ATM Machine,No
T101278,C1707,2024-07-01,2223.18,POS,Entertainment,Mumbai,POS Terminal,No
T101279,C1508,2024-04-30,10228.32,ATM,Fuel,Lucknow,ATM Machine,No
T101280,C1135,2025-03-20,9310.52,POS,Electronics,Pune,POS Terminal,No
T101281,C2103,2024-06-15,35182.76,Online,Fashion,Kolkata,Tablet,No
T101282,C1863,2024-05-16,28070.5,Online,Fashion,Lucknow,Mobile,No
T101283,C1774,2024-10-19,245.59,POS,Entertainment,Lucknow,POS Terminal,No
T101284,C2001,2024-02-21,6866.0,ATM,Travel,Pune,ATM Machine,No
T101285,C1696,2024-03-26,10595.38,ATM,Fuel,Pune,ATM Machine,No
T101286,C1414,2024-09-11,2213.4,ATM,Electronics,Jaipur,ATM Machine,No
T101287,C1544,2024-01-25,5324.34,POS,E-commerce,Kolkata,POS Terminal,No
T101288,C1189,2025-01-02,1147.46,ATM,Electronics,Lucknow,ATM Machine,No
T101289,C1138,2024-10-17,2032.28,ATM,Fashion,Kolkata,ATM Machine,No
T101290,C1158,2024-11-29,6014.16,POS,Utilities,Chennai,POS Terminal,No
T101291,C2106,2024-06-09,6809.24,Online,Healthcare,Kolkata,Desktop,No
T101292,C1929,2024-12-09,11567.05,ATM,Restaurant,Mumbai,ATM Machine,No
T101293,C2058,2025-03-17,34535.36,Online,E-commerce,Ahmedabad,Mobile,No
T101294,C1958,2024-05-17,16111.44,ATM,Utilities,Lucknow,ATM Machine,No
T101295,C1889,2025-04-23,4402.93,ATM,Grocery,Jaipur,ATM Machine,No
T101296,C1948,2024-03-16,8540.63,Online,Restaurant,Chennai,Desktop,No
T101297,C1132,2024-11-20,5407.48,Online,Healthcare,Chennai,Desktop,No
T101298,C1526,2024-12-17,12910.39,ATM,Travel,Kolkata,ATM Machine,No
T101299,C1308,2024-04-08,35382.49,Online,Travel,Chennai,Desktop,No
T101300,C1894,2024-08-04,1115.93,ATM,Grocery,Hyderabad,ATM Machine,No
T101301,C1280,2024-01-15,14049.56,POS,Fuel,Jaipur,POS Terminal,No
T101302,C1087,2025-05-08,1513.44,ATM,Fashion,Mumbai,ATM Machine,No
T101303,C1172,2024-06-09,11055.28,ATM,Fuel,Delhi,ATM Machine,No
T101304,C1834,2025-04-04,10665.0,POS,Electronics,Kolkata,POS Terminal,No
T101305,C1288,2024-04-30,43574.26,Online,E-commerce,Jaipur,Mobile,No
T101306,C2189,2025-05-01,14424.7,ATM,Fuel,Ahmedabad,ATM Machine,No
T101307,C1488,2024-11-03,40126.06,Online,Entertainment,Pune,Tablet,No
T101308,C1484,2025-04-23,5157.81,POS,Travel,Bangalore,POS Terminal,No
T101309,C1439,2025-05-11,12240.89,POS,Fashion,Kolkata,POS Terminal,No
T101310,C1115,2024-09-08,2062.24,ATM,Entertainment,Delhi,ATM Machine,No
T101311,C1868,2024-08-31,17948.92,ATM,Travel,Chennai,ATM Machine,No
T101312,C1297,2024-07-04,8259.13,POS,Entertainment,Chennai,POS Terminal,Yes
T101313,C1072,2025-03-06,16437.31,ATM,Grocery,Hyderabad,ATM Machine,No
T101314,C1788,2024-06-07,9320.21,ATM,Entertainment,Delhi,ATM Machine,No
T101315,C1485,2025-03-15,9689.31,POS,Healthcare,Mumbai,POS Terminal,No
T101316,C1805,2025-04-19,7943.4,POS,Fuel,Delhi,POS Terminal,No
T101317,C1483,2024-06-01,36633.16,Online,Restaurant,Ahmedabad,Tablet,No
T101318,C1833,2025-02-08,4265.17,Online,Fuel,Delhi,Desktop,No
T101319,C1846,2025-04-19,999.25,POS,Healthcare,Delhi,POS Terminal,No
T101320,C1535,2024-09-16,12505.74,Online,Entertainment,Kolkata,Tablet,No
T101321,C2122,2025-01-12,2477.22,POS,Fashion,Mumbai,POS Terminal,No
T101322,C1377,2024-11-18,13089.58,POS,Restaurant,Mumbai,POS Terminal,No
T101323,C1626,2024-06-09,4774.67,ATM,Electronics,Delhi,ATM Machine,No
T101324,C2058,2024-12-31,19529.37,ATM,Restaurant,Lucknow,ATM Machine,No
T101325,C1655,2024-08-19,5119.75,POS,Restaurant,Chennai,POS Terminal,No
T101326,C1671,2025-02-13,2813.56,POS,Travel,Delhi,POS Terminal,No
T101327,C1373,2024-07-20,11866.51,POS,E-commerce,Hyderabad,POS Terminal,Yes
T101328,C1048,2025-04-17,13344.8,ATM,E-commerce,Hyderabad,ATM Machine,No
T101329,C1948,2024-04-11,7523.12,POS,Restaurant,Mumbai,POS Terminal,No
T101330,C1879,2024-11-03,8374.92,POS,Restaurant,Delhi,POS Terminal,No
T101331,C1349,2025-04-29,14524.43,ATM,Electronics,Mumbai,ATM Machine,No
T101332,C1892,2025-01-30,3503.98,POS,Fashion,Delhi,POS Terminal,No
T101333,C1417,2024-04-07,14945.38,POS,Fuel,Ahmedabad,POS Terminal,No
T101334,C1884,2025-03-14,48744.7,Online,E-commerce,Hyderabad,Desktop,No
T101335,C1388,2024-08-02,32586.22,Online,Healthcare,Bangalore,Mobile,No
T101336,C1537,2024-04-30,4391.08,ATM,Fashion,Hyderabad,ATM Machine,No
T101337,C1939,2024-02-13,34075.37,Online,Fashion,Bangalore,Desktop,No
T101338,C1815,2024-12-17,3795.48,Online,Healthcare,Kolkata,Tablet,No
T101339,C1150,2024-02-18,1097.72,ATM,Grocery,Mumbai,ATM Machine,No
T101340,C1481,2024-08-29,3939.48,POS,E-commerce,Lucknow,POS Terminal,No
T101341,C1094,2024-01-03,6993.08,POS,Utilities,Lucknow,POS Terminal,No
T101342,C1809,2024-12-09,13037.26,POS,Restaurant,Jaipur,POS Terminal,No
T101343,C1368,2024-05-13,36413.02,Online,Utilities,Ahmedabad,Desktop,No
T101344,C1271,2024-02-15,11166.33,POS,Utilities,Kolkata,POS Terminal,No
T101345,C1240,2024-06-09,21389.57,Online,Restaurant,Ahmedabad,Desktop,No
T101346,C1881,2024-05-24,5254.43,POS,E-commerce,Chennai,POS Terminal,No
T101347,C1893,2025-04-02,18677.73,Online,Entertainment,Ahmedabad,Mobile,No
T101348,C1902,2024-01-28,49384.95,Online,Restaurant,Mumbai,Mobile,No
T101349,C1964,2024-05-13,2197.44,Online,Fashion,Kolkata,Mobile,No
T101350,C2014,2024-01-21,13018.77,POS,Entertainment,Jaipur,POS Terminal,No
T101351,C2010,2024-02-27,11784.17,ATM,Restaurant,Delhi,ATM Machine,No
T101352,C1418,2025-03-20,6635.37,POS,Restaurant,Bangalore,POS Terminal,No
T101353,C1559,2024-10-15,14642.52,ATM,E-commerce,Hyderabad,ATM Machine,No
T101354,C1009,2024-09-26,9990.04,ATM,Restaurant,Kolkata,ATM Machine,No
T101355,C1505,2025-01-28,13114.01,POS,Electronics,Pune,POS Terminal,Yes
T101356,C1250,2024-07-20,13520.46,POS,E-commerce,Delhi,POS Terminal,No
T101357,C1315,2024-01-15,21201.7,Online,Fashion,Ahmedabad,Desktop,No
T101358,C1552,2024-10-31,5898.14,ATM,Grocery,Pune,ATM Machine,No
T101359,C1928,2024-06-15,12050.83,ATM,E-commerce,Bangalore,ATM Machine,No
T101360,C1100,2025-02-14,18291.09,ATM,Fuel,Pune,ATM Machine,No
T101361,C1145,2024-10-07,4607.91,ATM,Healthcare,Delhi,ATM Machine,No
T101362,C1365,2024-05-02,9382.2,POS,Electronics,Mumbai,POS Terminal,No
T101363,C1334,2024-07-17,9510.25,POS,Fuel,Bangalore,POS Terminal,No
T101364,C2006,2025-02-14,11023.38,POS,Fuel,Lucknow,POS Terminal,No
T101365,C1197,2025-03-02,2060.36,POS,Utilities,Hyderabad,POS Terminal,No
T101366,C1795,2024-08-31,10765.79,POS,E-commerce,Lucknow,POS Terminal,No
T101367,C1866,2025-02-19,13644.58,POS,E-commerce,Bangalore,POS Terminal,No
T101368,C1873,2024-02-17,9148.22,Online,Utilities,Pune,Desktop,No
T101369,C1318,2025-04-21,3639.4,POS,Utilities,Jaipur,POS Terminal,No
T101370,C1959,2024-08-11,48575.48,Online,Fashion,Chennai,Mobile,No
T101371,C1616,2025-03-06,9212.65,Online,Utilities,Kolkata,Desktop,No
T101372,C2129,2024-02-09,42748.38,Online,Utilities,Delhi,Tablet,No
T101373,C1194,2024-08-25,10099.42,ATM,E-commerce,Chennai,ATM Machine,No
T101374,C2200,2024-02-11,5321.01,ATM,Grocery,Delhi,ATM Machine,No
T101375,C1948,2024-04-01,43563.35,Online,Healthcare,Mumbai,Mobile,No
T101376,C1610,2024-06-09,9183.45,ATM,Fashion,Ahmedabad,ATM Machine,No
T101377,C1543,2024-06-23,25837.9,Online,Travel,Bangalore,Mobile,No
T101378,C1532,2025-03-22,7505.05,ATM,Electronics,Kolkata,ATM Machine,No
T101379,C1012,2024-07-21,29728.95,Online,Grocery,Bangalore,Tablet,No
T101380,C1830,2025-03-20,3688.72,ATM,E-commerce,Ahmedabad,ATM Machine,No
T101381,C1739,2024-12-19,8126.09,ATM,Healthcare,Chennai,ATM Machine,No
T101382,C1277,2024-01-08,48476.73,Online,Electronics,Mumbai,Tablet,No
T101383,C1055,2024-04-17,3946.19,POS,Restaurant,Hyderabad,POS Terminal,No
T101384,C2104,2024-04-07,32905.49,Online,Fuel,Ahmedabad,Mobile,No
T101385,C1045,2024-02-29,16394.47,Online,Restaurant,Ahmedabad,Desktop,No
T101386,C1921,2024-10-26,38718.96,Online,Travel,Chennai,Tablet,No
T101387,C1803,2024-01-27,2050.02,POS,Grocery,Delhi,POS Terminal,No
T101388,C1885,2024-07-31,14550.33,POS,E-commerce,Lucknow,POS Terminal,No
T101389,C1596,2024-01-19,6861.46,POS,Healthcare,Ahmedabad,POS Terminal,No
T101390,C2000,2024-04-28,5102.98,ATM,Grocery,Jaipur,ATM Machine,Yes
T101391,C2181,2024-06-10,1933.19,ATM,Electronics,Chennai,ATM Machine,No
T101392,C1855,2025-03-31,2629.39,POS,Electronics,Ahmedabad,POS Terminal,No
T101393,C1711,2024-08-17,10635.59,ATM,Healthcare,Mumbai,ATM Machine,No
T101394,C1394,2024-08-28,5121.35,POS,Fashion,Hyderabad,POS Terminal,No
T101395,C1695,2025-04-16,16663.23,ATM,Fashion,Bangalore,ATM Machine,No
T101396,C1800,2025-05-06,6520.22,POS,Entertainment,Ahmedabad,POS Terminal,No
T101397,C1332,2024-11-14,12585.97,Online,Fuel,Delhi,Tablet,No
T101398,C1355,2024-04-12,30933.82,Online,E-commerce,Ahmedabad,Mobile,No
T101399,C2012,2024-06-04,35397.51,Online,Travel,Jaipur,Mobile,No
T101400,C1735,2025-03-27,2588.92,POS,Entertainment,Bangalore,POS Terminal,No
T101401,C2032,2024-01-17,8547.44,Online,Entertainment,Kolkata,Mobile,No
T101402,C1248,2024-10-14,2026.24,Online,Fashion,Chennai,Desktop,No
T101403,C1096,2025-01-29,14859.84,ATM,Fuel,Bangalore,ATM Machine,No
T101404,C2056,2024-11-05,13444.19,ATM,Electronics,Mumbai,ATM Machine,No
T101405,C1897,2025-02-13,7172.0,POS,Electronics,Delhi,POS Terminal,No
T101406,C1209,2025-02-25,16961.32,ATM,Grocery,Jaipur,ATM Machine,No
T101407,C1242,2025-03-21,40322.37,Online,Entertainment,Bangalore,Tablet,No
T101408,C1905,2025-01-25,11914.41,ATM,Fashion,Delhi,ATM Machine,No
T101409,C1745,2024-06-20,43439.91,Online,Electronics,Hyderabad,Desktop,No
T101410,C1014,2024-05-05,3167.03,POS,Entertainment,Chennai,POS Terminal,No
T101411,C1175,2024-05-16,1767.6,POS,Healthcare,Pune,POS Terminal,No
T101412,C1503,2024-03-18,5760.12,ATM,Healthcare,Hyderabad,ATM Machine,No
T101413,C1879,2024-07-30,950.59,POS,Fashion,Jaipur,POS Terminal,No
T101414,C1741,2025-04-28,26652.24,Online,Fashion,Bangalore,Mobile,No
T101415,C2060,2025-04-28,46842.96,Online,Electronics,Pune,Desktop,No
T101416,C1337,2024-08-10,2159.31,Online,Healthcare,Mumbai,Tablet,No
T101417,C1310,2025-04-07,2881.14,ATM,Grocery,Jaipur,ATM Machine,No
T101418,C1859,2024-07-24,9317.88,ATM,Utilities,Chennai,ATM Machine,No
T101419,C1643,2025-04-10,14014.74,POS,Grocery,Chennai,POS Terminal,No
T101420,C1301,2024-12-24,4810.73,POS,Fashion,Hyderabad,POS Terminal,No
T101421,C1906,2024-12-23,7657.8,POS,Healthcare,Hyderabad,POS Terminal,No
T101422,C1173,2024-01-19,1310.67,ATM,Entertainment,Kolkata,ATM Machine,No
T101423,C1259,2024-09-23,3392.69,ATM,Fuel,Hyderabad,ATM Machine,No
T101424,C2131,2024-06-08,19739.29,ATM,Entertainment,Bangalore,ATM Machine,Yes
T101425,C2106,2024-10-30,14480.27,POS,Travel,Chennai,POS Terminal,No
T101426,C2035,2024-02-26,596.33,ATM,Grocery,Pune,ATM Machine,No
T101427,C2040,2024-06-30,47600.23,Online,Grocery,Delhi,Desktop,No
T101428,C1011,2024-08-20,9622.89,POS,Travel,Lucknow,POS Terminal,No
T101429,C2093,2025-03-08,17424.41,ATM,Travel,Pune,ATM Machine,No
T101430,C2174,2024-12-10,22846.04,Online,Healthcare,Jaipur,Tablet,No
T101431,C1672,2024-09-21,10554.12,ATM,Travel,Pune,ATM Machine,No
T101432,C1301,2024-12-30,7383.81,POS,Healthcare,Delhi,POS Terminal,No
T101433,C1871,2025-03-30,33409.84,Online,Fashion,Hyderabad,Desktop,No
T101434,C2078,2024-07-25,3223.2,ATM,Utilities,Jaipur,ATM Machine,No
T101435,C1541,2024-10-26,546.61,POS,Healthcare,Ahmedabad,POS Terminal,No
T101436,C2003,2025-01-09,4688.16,POS,Restaurant,Bangalore,POS Terminal,No
T101437,C1993,2024-12-30,10599.74,POS,Restaurant,Jaipur,POS Terminal,No
T101438,C1242,2024-12-21,10252.3,Online,Fashion,Ahmedabad,Mobile,No
T101439,C2145,2024-07-08,33736.94,Online,E-commerce,Kolkata,Mobile,No
T101440,C2171,2024-05-28,48501.62,Online,Utilities,Bangalore,Mobile,No
T101441,C1767,2024-06-04,1499.12,POS,Fashion,Mumbai,POS Terminal,No
T101442,C1292,2025-02-05,13615.74,ATM,Healthcare,Mumbai,ATM Machine,No
T101443,C1625,2025-03-31,6711.88,POS,Travel,Bangalore,POS Terminal,No
T101444,C2002,2024-01-02,43433.48,Online,Utilities,Pune,Mobile,No
T101445,C1856,2024-09-03,3954.42,ATM,Fuel,Lucknow,ATM Machine,No
T101446,C1692,2025-02-04,10420.13,POS,Fashion,Lucknow,POS Terminal,No
T101447,C1284,2024-09-15,16843.25,ATM,Fashion,Ahmedabad,ATM Machine,No
T101448,C1306,2025-03-19,18919.98,ATM,Entertainment,Delhi,ATM Machine,No
T101449,C1839,2024-07-17,34225.75,Online,Healthcare,Pune,Tablet,No
T101450,C1908,2025-01-11,7507.9,POS,Electronics,Bangalore,POS Terminal,No
T101451,C2172,2024-11-18,12548.02,ATM,Fuel,Jaipur,ATM Machine,No
T101452,C2146,2024-02-13,43471.47,Online,E-commerce,Jaipur,Tablet,No
T101453,C2168,2024-09-24,28616.37,Online,Fashion,Jaipur,Mobile,No
T101454,C2090,2024-04-02,1713.28,Online,Fuel,Hyderabad,Mobile,No
T101455,C2187,2024-08-15,46561.25,Online,Utilities,Lucknow,Desktop,No
T101456,C1093,2024-09-08,34538.43,Online,Entertainment,Kolkata,Mobile,No
T101457,C2082,2024-06-11,10180.05,POS,Fuel,Delhi,POS Terminal,No
T101458,C1204,2024-10-04,10940.62,Online,Fuel,Bangalore,Mobile,No
T101459,C1184,2024-03-19,9917.39,POS,Healthcare,Bangalore,POS Terminal,No
T101460,C1667,2024-04-02,19814.45,Online,Grocery,Chennai,Desktop,No
T101461,C1292,2024-07-30,9803.37,POS,Fuel,Kolkata,POS Terminal,No
T101462,C1248,2024-01-27,5508.33,Online,Travel,Lucknow,Tablet,No
T101463,C2042,2025-01-20,13327.98,ATM,Healthcare,Delhi,ATM Machine,No
T101464,C1652,2024-08-25,19988.57,ATM,Healthcare,Delhi,ATM Machine,No
T101465,C1835,2024-11-20,2600.96,Online,Grocery,Chennai,Tablet,No
T101466,C1208,2024-05-06,19554.9,ATM,Restaurant,Chennai,ATM Machine,No
T101467,C1914,2024-02-12,8434.71,ATM,Utilities,Hyderabad,ATM Machine,No
T101468,C1292,2024-07-10,17479.69,ATM,Restaurant,Hyderabad,ATM Machine,No
T101469,C1868,2025-05-07,15756.52,ATM,Fashion,Mumbai,ATM Machine,Yes
T101470,C1952,2025-05-07,11556.82,ATM,Fuel,Bangalore,ATM Machine,Yes
T101471,C1988,2024-05-19,14899.76,ATM,Fuel,Kolkata,ATM Machine,No
T101472,C1436,2024-10-26,17631.05,ATM,Fuel,Mumbai,ATM Machine,No
T101473,C2094,2024-10-15,20326.19,Online,Fuel,Delhi,Desktop,No
T101474,C1287,2025-01-06,6877.15,ATM,Fuel,Kolkata,ATM Machine,No
T101475,C2034,2025-05-05,10047.14,POS,Entertainment,Chennai,POS Terminal,No
T101476,C1928,2024-05-19,40430.73,Online,Entertainment,Pune,Mobile,No
T101477,C1673,2024-01-09,15364.56,ATM,Restaurant,Mumbai,ATM Machine,No
T101478,C1009,2025-04-06,39931.12,Online,Restaurant,Kolkata,Tablet,No
T101479,C2002,2025-01-25,6590.19,POS,Utilities,Delhi,POS Terminal,No
T101480,C1159,2024-10-02,40928.14,Online,Fashion,Delhi,Desktop,No
T101481,C1771,2025-02-27,2844.08,ATM,Entertainment,Kolkata,ATM Machine,No
T101482,C1018,2024-03-04,8212.89,POS,Entertainment,Hyderabad,POS Terminal,No
T101483,C1454,2025-01-15,486.78,Online,Fuel,Pune,Mobile,No
T101484,C1621,2025-02-17,6829.42,ATM,Travel,Hyderabad,ATM Machine,No
T101485,C1744,2024-01-19,5560.28,POS,Fashion,Lucknow,POS Terminal,No
T101486,C1402,2025-02-24,8225.37,ATM,Healthcare,Delhi,ATM Machine,No
T101487,C2166,2024-09-13,10462.46,POS,Restaurant,Jaipur,POS Terminal,No
T101488,C2159,2024-12-10,8076.88,ATM,E-commerce,Lucknow,ATM Machine,No
T101489,C1263,2025-01-16,22544.94,Online,Restaurant,Chennai,Tablet,No
T101490,C2072,2025-01-08,3639.41,POS,Travel,Mumbai,POS Terminal,No
T101491,C2092,2024-11-10,5661.45,POS,Utilities,Ahmedabad,POS Terminal,Yes
T101492,C1875,2024-11-24,4931.76,ATM,Grocery,Pune,ATM Machine,No
T101493,C1834,2024-05-20,3845.16,Online,Utilities,Ahmedabad,Desktop,No
T101494,C1090,2025-03-28,12267.25,ATM,Travel,Mumbai,ATM Machine,No
T101495,C1861,2024-09-29,10056.37,POS,Entertainment,Mumbai,POS Terminal,No
T101496,C1686,2024-02-11,12580.06,ATM,Grocery,Hyderabad,ATM Machine,No
T101497,C1868,2025-05-05,23282.0,Online,Travel,Hyderabad,Mobile,No
T101498,C1129,2024-11-16,7905.82,ATM,Electronics,Mumbai,ATM Machine,No
T101499,C1050,2024-10-30,17335.01,ATM,Entertainment,Chennai,ATM Machine,No
T101500,C1970,2024-05-02,7834.32,POS,Grocery,Pune,POS Terminal,No
T101501,C1485,2025-04-28,24063.26,Online,E-commerce,Lucknow,Desktop,No
T101502,C1915,2024-10-23,1476.97,Online,Electronics,Mumbai,Mobile,No
T101503,C1134,2025-02-04,17194.14,Online,Grocery,Ahmedabad,Mobile,No
T101504,C1885,2024-02-03,19133.74,Online,Grocery,Jaipur,Mobile,No
T101505,C1782,2024-07-24,20061.37,Online,E-commerce,Kolkata,Mobile,No
T101506,C1022,2024-08-20,8744.57,POS,Fashion,Kolkata,POS Terminal,No
T101507,C1208,2024-06-22,10905.25,ATM,Grocery,Ahmedabad,ATM Machine,No
T101508,C1395,2024-02-25,30473.67,Online,Grocery,Lucknow,Tablet,No
T101509,C1397,2025-04-08,15415.22,ATM,Restaurant,Jaipur,ATM Machine,No
T101510,C1863,2024-09-03,16353.22,ATM,E-commerce,Ahmedabad,ATM Machine,No
T101511,C1282,2025-02-12,35962.53,Online,Grocery,Bangalore,Desktop,No
T101512,C2051,2025-05-06,19132.71,ATM,Entertainment,Chennai,ATM Machine,No
T101513,C2109,2025-02-01,1107.98,Online,Restaurant,Ahmedabad,Desktop,No
T101514,C1597,2024-07-07,9949.74,Online,Utilities,Lucknow,Tablet,No
T101515,C1118,2024-05-01,647.48,ATM,Utilities,Mumbai,ATM Machine,No
T101516,C1401,2025-05-14,32444.24,Online,Travel,Delhi,Desktop,No
T101517,C1975,2024-12-21,18011.6,ATM,Fashion,Lucknow,ATM Machine,No
T101518,C2185,2024-10-16,3727.89,POS,E-commerce,Chennai,POS Terminal,No
T101519,C1333,2024-02-23,13912.81,POS,Grocery,Ahmedabad,POS Terminal,No
T101520,C1008,2024-11-23,3201.32,Online,Travel,Ahmedabad,Tablet,No
T101521,C1985,2025-01-11,14023.1,POS,Healthcare,Hyderabad,POS Terminal,No
T101522,C1014,2024-07-04,17710.81,Online,Electronics,Pune,Mobile,No
T101523,C1292,2024-05-28,1611.17,POS,Travel,Lucknow,POS Terminal,No
T101524,C1738,2024-01-23,24396.41,Online,Travel,Hyderabad,Desktop,No
T101525,C1537,2025-01-03,12987.47,Online,Entertainment,Jaipur,Mobile,No
T101526,C1045,2024-03-31,4344.61,POS,Electronics,Mumbai,POS Terminal,No
T101527,C1282,2024-07-13,6492.15,ATM,Electronics,Pune,ATM Machine,No
T101528,C1625,2024-08-21,40190.69,Online,Entertainment,Pune,Tablet,No
T101529,C2080,2025-05-15,11013.64,ATM,Healthcare,Delhi,ATM Machine,No
T101530,C1268,2025-02-10,15703.12,Online,Travel,Jaipur,Desktop,No
T101531,C1652,2024-11-02,9193.97,POS,Travel,Mumbai,POS Terminal,No
T101532,C1388,2025-03-13,14464.94,ATM,Fuel,Bangalore,ATM Machine,No
T101533,C1110,2024-11-18,4162.1,POS,Restaurant,Jaipur,POS Terminal,No
T101534,C2002,2024-04-17,8564.21,ATM,Electronics,Ahmedabad,ATM Machine,No
T101535,C1133,2024-03-26,2876.78,ATM,Healthcare,Jaipur,ATM Machine,No
T101536,C2063,2024-08-25,9221.24,Online,Entertainment,Pune,Tablet,No
T101537,C2014,2024-08-30,10248.66,POS,E-commerce,Kolkata,POS Terminal,No
T101538,C2196,2024-11-28,9235.63,Online,Travel,Hyderabad,Mobile,No
T101539,C1481,2024-07-21,26353.14,Online,Fuel,Kolkata,Desktop,No
T101540,C1767,2024-05-10,14326.4,ATM,Electronics,Bangalore,ATM Machine,No
T101541,C1605,2024-08-15,2584.1,ATM,Entertainment,Hyderabad,ATM Machine,No
T101542,C1953,2024-09-19,11562.59,ATM,Entertainment,Kolkata,ATM Machine,No
T101543,C1886,2024-07-28,3922.79,POS,Fashion,Pune,POS Terminal,No
T101544,C1051,2024-04-01,14447.61,POS,Travel,Chennai,POS Terminal,No
T101545,C1736,2025-04-06,24280.57,Online,Fuel,Jaipur,Tablet,No
T101546,C1161,2025-02-06,12109.29,POS,Travel,Delhi,POS Terminal,No
T101547,C1738,2024-01-20,11229.42,ATM,Travel,Pune,ATM Machine,No
T101548,C1675,2024-05-08,746.85,POS,Fuel,Hyderabad,POS Terminal,No
T101549,C1283,2025-03-13,12846.45,ATM,Utilities,Chennai,ATM Machine,Yes
T101550,C1614,2024-05-24,14275.91,POS,Healthcare,Kolkata,POS Terminal,No
T101551,C1025,2024-08-29,12231.43,ATM,Utilities,Bangalore,ATM Machine,No
T101552,C1467,2024-04-26,16474.18,ATM,Travel,Ahmedabad,ATM Machine,No
T101553,C2132,2025-01-22,13274.68,POS,Fashion,Pune,POS Terminal,No
T101554,C1642,2025-03-09,11558.37,Online,Healthcare,Kolkata,Mobile,No
T101555,C2144,2024-01-16,3259.47,POS,Restaurant,Lucknow,POS Terminal,No
T101556,C1626,2025-04-27,12414.13,ATM,Grocery,Ahmedabad,ATM Machine,No
T101557,C1727,2024-06-22,20669.22,Online,Healthcare,Kolkata,Tablet,No
T101558,C2102,2024-06-02,12613.93,POS,E-commerce,Mumbai,POS Terminal,No
T101559,C1066,2025-04-17,45021.15,Online,Restaurant,Pune,Tablet,No
T101560,C2176,2025-03-19,5365.98,POS,Healthcare,Hyderabad,POS Terminal,No
T101561,C1131,2024-09-30,3629.37,POS,Travel,Ahmedabad,POS Terminal,No
T101562,C2167,2025-05-07,11729.83,POS,Fuel,Delhi,POS Terminal,No
T101563,C2133,2024-03-31,13885.34,Online,E-commerce,Ahmedabad,Mobile,No
T101564,C1143,2025-04-11,12356.95,POS,Fuel,Hyderabad,POS Terminal,No
T101565,C2074,2024-02-05,6413.7,POS,Grocery,Pune,POS Terminal,No
T101566,C1352,2024-06-16,10046.49,POS,Healthcare,Bangalore,POS Terminal,No
T101567,C1265,2024-10-01,1523.48,POS,Fashion,Delhi,POS Terminal,No
T101568,C1423,2024-03-07,31268.19,Online,Fuel,Kolkata,Tablet,No
T101569,C1326,2024-11-05,9309.47,ATM,Fuel,Lucknow,ATM Machine,No
T101570,C1940,2024-05-21,29413.1,Online,Grocery,Bangalore,Desktop,No
T101571,C1818,2024-11-05,8567.11,Online,Utilities,Pune,Tablet,No
T101572,C1943,2024-08-24,14869.04,ATM,Grocery,Delhi,ATM Machine,No
T101573,C1935,2024-06-26,17324.54,ATM,Fuel,Kolkata,ATM Machine,No
T101574,C1359,2024-07-31,10993.64,Online,Restaurant,Lucknow,Tablet,No
T101575,C1788,2025-04-11,2366.43,ATM,Restaurant,Lucknow,ATM Machine,No
T101576,C1090,2024-05-02,1377.2,Online,Fuel,Jaipur,Desktop,No
T101577,C1137,2024-12-23,13018.44,ATM,Travel,Ahmedabad,ATM Machine,No
T101578,C2133,2024-03-03,9145.7,POS,Electronics,Delhi,POS Terminal,No
T101579,C1668,2024-07-28,8245.79,POS,Restaurant,Chennai,POS Terminal,No
T101580,C1092,2024-08-24,11750.97,Online,Electronics,Ahmedabad,Desktop,No
T101581,C1818,2025-03-14,19667.12,Online,Healthcare,Mumbai,Mobile,No
T101582,C1280,2024-06-16,12092.29,ATM,Fashion,Ahmedabad,ATM Machine,No
T101583,C1170,2024-10-07,10186.95,ATM,Travel,Ahmedabad,ATM Machine,No
T101584,C1572,2025-03-06,49391.72,Online,Restaurant,Mumbai,Tablet,No
T101585,C1603,2024-03-04,3160.58,ATM,Healthcare,Bangalore,ATM Machine,No
T101586,C1023,2024-12-12,10457.65,POS,Restaurant,Ahmedabad,POS Terminal,No
T101587,C1444,2024-12-31,20335.07,Online,Utilities,Hyderabad,Desktop,No
T101588,C2071,2024-11-24,8849.89,ATM,Electronics,Kolkata,ATM Machine,No
T101589,C1910,2024-01-27,14493.16,ATM,Grocery,Mumbai,ATM Machine,No
T101590,C1414,2025-04-20,34683.32,Online,Entertainment,Hyderabad,Mobile,No
T101591,C1864,2024-01-15,49564.55,Online,Entertainment,Hyderabad,Tablet,No
T101592,C1452,2025-05-05,6594.04,Online,Restaurant,Bangalore,Mobile,No
T101593,C1221,2025-02-21,1651.23,POS,Entertainment,Jaipur,POS Terminal,No
T101594,C1425,2025-04-23,14624.61,ATM,Healthcare,Kolkata,ATM Machine,No
T101595,C1438,2024-02-24,8717.97,POS,Entertainment,Bangalore,POS Terminal,Yes
T101596,C1648,2024-01-07,4184.99,POS,Travel,Ahmedabad,POS Terminal,No
T101597,C1571,2024-11-28,2048.68,ATM,Entertainment,Mumbai,ATM Machine,No
T101598,C1448,2024-07-29,1376.31,POS,E-commerce,Ahmedabad,POS Terminal,No
T101599,C1209,2024-12-30,17936.72,ATM,E-commerce,Bangalore,ATM Machine,No
T101600,C1195,2024-11-03,2958.82,POS,Healthcare,Bangalore,POS Terminal,No
T101601,C1652,2025-05-15,6805.75,ATM,Fashion,Delhi,ATM Machine,No
T101602,C2199,2024-08-17,3477.18,POS,Utilities,Hyderabad,POS Terminal,No
T101603,C1028,2024-04-29,17878.82,Online,E-commerce,Delhi,Desktop,No
T101604,C1878,2025-01-22,3657.31,Online,E-commerce,Delhi,Mobile,No
T101605,C2022,2024-05-31,26049.18,Online,Restaurant,Kolkata,Mobile,No
T101606,C1488,2025-04-17,1818.44,ATM,E-commerce,Ahmedabad,ATM Machine,No
T101607,C1674,2024-03-09,12025.31,POS,Entertainment,Mumbai,POS Terminal,No
T101608,C1850,2024-11-27,3582.31,POS,Grocery,Hyderabad,POS Terminal,No
T101609,C1679,2024-06-24,27092.59,Online,Travel,Jaipur,Mobile,No
T101610,C1509,2025-02-14,17661.54,ATM,Travel,Lucknow,ATM Machine,No
T101611,C2068,2024-06-13,32613.69,Online,Fashion,Mumbai,Mobile,No
T101612,C1144,2025-05-03,26741.3,Online,Grocery,Bangalore,Mobile,No
T101613,C1356,2024-10-30,6824.51,ATM,Travel,Hyderabad,ATM Machine,No
T101614,C1873,2025-01-06,5061.73,POS,Fuel,Bangalore,POS Terminal,No
T101615,C1502,2024-08-05,33540.45,Online,E-commerce,Hyderabad,Desktop,No
T101616,C1919,2025-05-10,19885.72,ATM,Travel,Chennai,ATM Machine,No
T101617,C1986,2024-02-10,9961.4,POS,Healthcare,Kolkata,POS Terminal,No
T101618,C1904,2024-08-04,11376.78,ATM,E-commerce,Kolkata,ATM Machine,No
T101619,C1988,2024-01-11,10986.69,POS,Healthcare,Delhi,POS Terminal,No
T101620,C1615,2024-10-31,9571.51,ATM,Restaurant,Jaipur,ATM Machine,No
T101621,C1527,2024-07-13,996.12,POS,Fuel,Ahmedabad,POS Terminal,No
T101622,C2152,2024-11-06,8478.22,POS,Electronics,Pune,POS Terminal,No
T101623,C1962,2024-04-10,47889.74,Online,Travel,Mumbai,Mobile,No
T101624,C1767,2024-09-08,2712.01,POS,Healthcare,Kolkata,POS Terminal,No
T101625,C1765,2024-07-15,10381.07,POS,Fuel,Lucknow,POS Terminal,No
T101626,C1080,2025-04-16,10206.5,Online,Healthcare,Lucknow,Mobile,No
T101627,C1894,2025-05-05,8083.83,POS,Entertainment,Jaipur,POS Terminal,No
T101628,C1755,2024-12-22,5014.49,Online,Healthcare,Kolkata,Tablet,No
T101629,C1979,2024-01-18,6810.53,POS,Grocery,Bangalore,POS Terminal,No
T101630,C1933,2025-04-28,15245.18,ATM,Restaurant,Chennai,ATM Machine,No
T101631,C2185,2025-05-02,7277.64,ATM,Restaurant,Mumbai,ATM Machine,No
T101632,C1190,2024-11-25,13465.78,ATM,Healthcare,Kolkata,ATM Machine,No
T101633,C1165,2024-09-22,39813.41,Online,Healthcare,Bangalore,Desktop,No
T101634,C1619,2024-09-13,18579.97,ATM,Healthcare,Lucknow,ATM Machine,No
T101635,C1843,2025-01-20,5075.52,ATM,Electronics,Delhi,ATM Machine,No
T101636,C1706,2025-02-20,20085.93,Online,Fuel,Hyderabad,Tablet,No
T101637,C1631,2024-01-04,7790.32,Online,Fashion,Mumbai,Mobile,No
T101638,C1856,2024-09-25,14888.0,POS,Fuel,Kolkata,POS Terminal,No
T101639,C1768,2024-04-05,18576.52,ATM,Restaurant,Hyderabad,ATM Machine,No
T101640,C2030,2025-04-30,27089.87,Online,Fashion,Lucknow,Mobile,No
T101641,C1121,2025-01-18,42133.26,Online,Travel,Chennai,Desktop,No
T101642,C1224,2025-03-20,10658.68,ATM,Restaurant,Delhi,ATM Machine,No
T101643,C1774,2024-03-04,9391.43,POS,Electronics,Pune,POS Terminal,Yes
T101644,C1481,2024-09-01,1427.95,POS,Electronics,Mumbai,POS Terminal,No
T101645,C1015,2024-12-06,15227.77,ATM,Grocery,Delhi,ATM Machine,No
T101646,C1015,2024-07-11,2990.41,ATM,Utilities,Chennai,ATM Machine,No
T101647,C1970,2025-01-22,12408.41,POS,E-commerce,Kolkata,POS Terminal,No
T101648,C1703,2024-06-10,39145.0,Online,Entertainment,Kolkata,Desktop,No
T101649,C1730,2025-03-23,10660.3,POS,Electronics,Mumbai,POS Terminal,No
T101650,C1823,2025-01-06,2000.79,Online,Grocery,Lucknow,Mobile,No
T101651,C1573,2025-05-01,6411.0,ATM,Travel,Pune,ATM Machine,No
T101652,C1974,2024-09-20,4020.38,POS,Travel,Mumbai,POS Terminal,No
T101653,C1660,2024-01-09,7522.66,ATM,Entertainment,Mumbai,ATM Machine,No
T101654,C1667,2024-12-13,1405.88,POS,Travel,Lucknow,POS Terminal,No
T101655,C1167,2024-06-27,14060.67,POS,Fashion,Delhi,POS Terminal,No
T101656,C1602,2024-11-06,27779.35,Online,Restaurant,Jaipur,Tablet,No
T101657,C2034,2024-01-17,15415.11,Online,Fashion,Delhi,Desktop,No
T101658,C2124,2025-03-23,6015.02,POS,Restaurant,Ahmedabad,POS Terminal,No
T101659,C1988,2024-12-05,9220.45,ATM,Travel,Hyderabad,ATM Machine,No
T101660,C1184,2024-02-24,9048.86,POS,Grocery,Bangalore,POS Terminal,No
T101661,C1669,2025-04-07,7783.62,POS,Fuel,Hyderabad,POS Terminal,No
T101662,C1976,2025-05-02,18428.14,ATM,Electronics,Bangalore,ATM Machine,No
T101663,C2008,2024-02-16,10190.79,ATM,Entertainment,Hyderabad,ATM Machine,No
T101664,C1133,2024-11-25,14883.15,POS,Healthcare,Kolkata,POS Terminal,No
T101665,C2151,2025-05-09,12786.23,POS,Travel,Hyderabad,POS Terminal,No
T101666,C1596,2024-02-14,10583.82,Online,Electronics,Pune,Tablet,No
T101667,C1386,2025-01-16,46543.64,Online,E-commerce,Pune,Mobile,No
T101668,C1779,2024-10-22,2769.14,ATM,Grocery,Chennai,ATM Machine,No
T101669,C2097,2024-04-07,12280.0,POS,Healthcare,Pune,POS Terminal,No
T101670,C1259,2024-09-23,7922.15,ATM,E-commerce,Lucknow,ATM Machine,No
T101671,C1810,2024-01-05,17620.5,ATM,Fashion,Pune,ATM Machine,No
T101672,C1608,2025-03-04,43429.22,Online,Fashion,Ahmedabad,Mobile,No
T101673,C1299,2025-01-17,16215.55,ATM,Grocery,Lucknow,ATM Machine,No
T101674,C2029,2024-12-18,39543.52,Online,Fuel,Lucknow,Desktop,No
T101675,C1442,2024-09-10,4639.72,POS,Healthcare,Mumbai,POS Terminal,No
T101676,C1683,2024-03-19,2077.93,ATM,Travel,Hyderabad,ATM Machine,No
T101677,C1108,2025-04-17,20268.41,Online,Fashion,Kolkata,Desktop,No
T101678,C1327,2024-01-12,3883.73,ATM,Healthcare,Pune,ATM Machine,No
T101679,C1970,2024-06-27,10454.77,POS,Healthcare,Delhi,POS Terminal,No
T101680,C1580,2024-05-24,7248.94,ATM,Travel,Jaipur,ATM Machine,No
T101681,C1269,2024-06-14,19524.4,ATM,Grocery,Chennai,ATM Machine,No
T101682,C1336,2024-10-22,32120.41,Online,Fashion,Ahmedabad,Desktop,No
T101683,C1430,2024-04-21,16538.37,ATM,Travel,Mumbai,ATM Machine,No
T101684,C2179,2024-02-22,3084.23,ATM,Restaurant,Kolkata,ATM Machine,No
T101685,C1875,2024-12-13,43128.32,Online,Grocery,Delhi,Desktop,No
T101686,C1368,2025-04-28,46153.31,Online,Electronics,Jaipur,Tablet,No
T101687,C1889,2025-05-11,24455.68,Online,Healthcare,Hyderabad,Mobile,No
T101688,C1813,2024-09-07,9133.17,POS,E-commerce,Bangalore,POS Terminal,No
T101689,C1769,2025-02-01,15413.79,ATM,Electronics,Ahmedabad,ATM Machine,No
T101690,C1783,2024-05-20,3909.35,ATM,Fashion,Pune,ATM Machine,Yes
T101691,C1239,2024-02-12,25227.79,Online,Fashion,Jaipur,Mobile,Yes
T101692,C2174,2024-10-20,6040.08,POS,Fuel,Delhi,POS Terminal,No
T101693,C1371,2024-07-15,2280.97,POS,Healthcare,Chennai,POS Terminal,No
T101694,C1204,2024-06-15,18503.21,Online,Utilities,Bangalore,Desktop,No
T101695,C1041,2024-07-20,1829.36,ATM,Utilities,Jaipur,ATM Machine,No
T101696,C2063,2025-03-04,1003.33,ATM,Utilities,Delhi,ATM Machine,No
T101697,C1425,2025-05-09,3135.74,ATM,Electronics,Bangalore,ATM Machine,No
T101698,C1369,2024-01-03,19280.74,ATM,Fashion,Pune,ATM Machine,No
T101699,C1264,2024-10-21,27566.57,Online,Restaurant,Delhi,Tablet,No
T101700,C1072,2024-02-13,48297.94,Online,Utilities,Chennai,Desktop,No
T101701,C1352,2024-08-04,8933.71,ATM,Grocery,Hyderabad,ATM Machine,No
T101702,C2064,2025-04-08,4746.06,POS,Utilities,Ahmedabad,POS Terminal,No
T101703,C2005,2024-12-21,7641.51,POS,Utilities,Pune,POS Terminal,No
T101704,C2046,2024-04-17,9070.48,ATM,Electronics,Mumbai,ATM Machine,No
T101705,C1386,2024-03-13,1674.4,POS,Travel,Bangalore,POS Terminal,No
T101706,C1443,2024-10-29,9648.31,POS,Fuel,Bangalore,POS Terminal,No
T101707,C1865,2024-02-08,4712.74,ATM,Fuel,Chennai,ATM Machine,No
T101708,C1335,2024-07-23,9331.86,POS,Electronics,Chennai,POS Terminal,No
T101709,C1294,2024-10-01,32580.01,Online,Electronics,Chennai,Tablet,No
T101710,C1395,2024-12-31,2365.17,POS,E-commerce,Jaipur,POS Terminal,No
T101711,C1860,2025-02-24,3255.21,Online,Entertainment,Kolkata,Desktop,Yes
T101712,C1507,2024-02-09,11733.35,POS,Electronics,Jaipur,POS Terminal,No
T101713,C2124,2024-07-27,23098.06,Online,Entertainment,Delhi,Desktop,No
T101714,C1560,2024-03-15,3096.56,Online,Fuel,Mumbai,Mobile,No
T101715,C1456,2024-07-12,49744.34,Online,Electronics,Bangalore,Tablet,No
T101716,C1628,2024-10-28,960.93,POS,Electronics,Jaipur,POS Terminal,No
T101717,C2172,2025-03-19,10456.02,POS,Utilities,Chennai,POS Terminal,No
T101718,C1099,2024-03-28,14756.82,POS,Healthcare,Bangalore,POS Terminal,No
T101719,C2089,2024-10-09,5164.01,ATM,Healthcare,Ahmedabad,ATM Machine,No
T101720,C1531,2024-01-05,3273.86,ATM,Utilities,Bangalore,ATM Machine,No
T101721,C1293,2024-07-12,2867.01,ATM,Fuel,Mumbai,ATM Machine,No
T101722,C1759,2024-12-28,15303.1,Online,E-commerce,Kolkata,Tablet,No
T101723,C1899,2024-06-30,1605.58,POS,Utilities,Chennai,POS Terminal,No
T101724,C1877,2024-09-23,13997.15,ATM,Travel,Chennai,ATM Machine,No
T101725,C1179,2025-04-30,1028.15,POS,Healthcare,Pune,POS Terminal,No
T101726,C1163,2024-02-09,10433.73,ATM,Travel,Delhi,ATM Machine,No
T101727,C1118,2024-02-13,19935.59,ATM,Fuel,Jaipur,ATM Machine,No
T101728,C1022,2025-05-07,12228.16,POS,Utilities,Bangalore,POS Terminal,No
T101729,C2055,2024-12-16,12496.78,ATM,Utilities,Delhi,ATM Machine,No
T101730,C1390,2025-04-11,6471.95,ATM,Grocery,Kolkata,ATM Machine,No
T101731,C1707,2024-05-05,12665.97,ATM,Utilities,Lucknow,ATM Machine,No
T101732,C1919,2025-05-08,26446.66,Online,Utilities,Hyderabad,Mobile,No
T101733,C1274,2024-09-20,6448.64,POS,Grocery,Kolkata,POS Terminal,No
T101734,C1350,2024-07-10,6709.38,Online,Entertainment,Hyderabad,Tablet,No
T101735,C1242,2024-05-28,13310.4,POS,Fashion,Chennai,POS Terminal,No
T101736,C1005,2025-01-12,9270.8,ATM,E-commerce,Kolkata,ATM Machine,No
T101737,C1625,2025-04-20,4295.14,ATM,Utilities,Mumbai,ATM Machine,No
T101738,C2000,2024-01-30,5579.61,POS,Grocery,Lucknow,POS Terminal,No
T101739,C1612,2024-06-30,20823.66,Online,Grocery,Pune,Tablet,No
T101740,C1727,2024-01-05,41411.39,Online,Healthcare,Ahmedabad,Mobile,No
T101741,C2054,2025-04-05,36734.0,Online,Healthcare,Delhi,Desktop,Yes
T101742,C1513,2024-04-25,11562.64,POS,Healthcare,Pune,POS Terminal,No
T101743,C1878,2025-04-01,749.36,Online,Utilities,Chennai,Mobile,No
T101744,C1900,2024-03-23,20924.47,Online,Entertainment,Kolkata,Mobile,No
T101745,C1407,2024-02-26,24170.94,Online,Fuel,Mumbai,Mobile,No
T101746,C1679,2025-04-06,1155.78,Online,Restaurant,Hyderabad,Desktop,No
T101747,C1545,2024-03-01,3971.22,POS,Fashion,Jaipur,POS Terminal,No
T101748,C1261,2024-06-15,11428.32,POS,Utilities,Kolkata,POS Terminal,No
T101749,C1221,2025-02-09,7028.06,Online,Restaurant,Bangalore,Desktop,No
T101750,C1485,2024-01-27,10938.55,ATM,Entertainment,Kolkata,ATM Machine,No
T101751,C1017,2024-08-10,3306.51,POS,Fuel,Chennai,POS Terminal,No
T101752,C1879,2024-05-06,736.36,ATM,Restaurant,Jaipur,ATM Machine,No
T101753,C1576,2025-01-27,12211.83,Online,Fuel,Hyderabad,Tablet,No
T101754,C1407,2024-08-30,19529.54,ATM,Electronics,Jaipur,ATM Machine,No
T101755,C1387,2025-03-13,16129.97,ATM,Restaurant,Hyderabad,ATM Machine,No
T101756,C1822,2024-01-20,14397.69,POS,Travel,Bangalore,POS Terminal,No
T101757,C1409,2024-02-16,24495.13,Online,Healthcare,Kolkata,Tablet,No
T101758,C1474,2024-04-23,1735.07,POS,Healthcare,Ahmedabad,POS Terminal,No
T101759,C1875,2024-11-25,27488.38,Online,Fuel,Delhi,Desktop,No
T101760,C1719,2024-12-30,6870.22,POS,Travel,Pune,POS Terminal,No
T101761,C1373,2024-01-21,42248.98,Online,Grocery,Pune,Mobile,No
T101762,C1574,2025-04-10,2412.61,ATM,Electronics,Kolkata,ATM Machine,No
T101763,C2007,2024-07-05,7374.79,POS,Fuel,Delhi,POS Terminal,No
T101764,C1028,2024-12-15,3425.95,ATM,Restaurant,Pune,ATM Machine,No
T101765,C1741,2025-01-15,6831.18,ATM,Utilities,Lucknow,ATM Machine,No
T101766,C1566,2024-04-17,14878.46,ATM,Healthcare,Delhi,ATM Machine,No
T101767,C1268,2024-11-18,9782.35,ATM,E-commerce,Delhi,ATM Machine,No
T101768,C1391,2024-04-08,7829.82,ATM,Fashion,Delhi,ATM Machine,No
T101769,C2120,2024-11-12,5977.7,POS,Fuel,Ahmedabad,POS Terminal,No
T101770,C1414,2024-09-30,9459.21,ATM,Restaurant,Mumbai,ATM Machine,No
T101771,C1857,2024-10-08,15807.82,ATM,Fuel,Jaipur,ATM Machine,No
T101772,C1750,2024-08-17,17895.65,ATM,Electronics,Kolkata,ATM Machine,No
T101773,C1859,2024-09-25,19129.03,ATM,Grocery,Bangalore,ATM Machine,No
T101774,C1265,2024-05-28,39387.79,Online,E-commerce,Mumbai,Tablet,No
T101775,C1815,2024-09-10,6650.43,ATM,Utilities,Jaipur,ATM Machine,No
T101776,C1339,2024-08-12,13918.63,ATM,Healthcare,Jaipur,ATM Machine,No
T101777,C1821,2024-11-06,6620.29,POS,Travel,Bangalore,POS Terminal,Yes
T101778,C2172,2024-04-21,5466.08,ATM,Grocery,Jaipur,ATM Machine,No
T101779,C2076,2024-05-12,12628.99,POS,Travel,Chennai,POS Terminal,No
T101780,C2131,2024-03-01,2113.63,Online,Travel,Mumbai,Tablet,No
T101781,C1081,2024-11-23,45107.75,Online,Fuel,Bangalore,Desktop,No
T101782,C1106,2024-11-24,23181.58,Online,Travel,Jaipur,Mobile,Yes
T101783,C1712,2024-11-19,12925.43,ATM,Entertainment,Pune,ATM Machine,No
T101784,C2125,2024-05-15,13357.4,ATM,Restaurant,Kolkata,ATM Machine,No
T101785,C1604,2024-06-15,44776.86,Online,Grocery,Pune,Mobile,No
T101786,C1573,2024-03-31,9586.38,POS,Grocery,Jaipur,POS Terminal,No
T101787,C2195,2024-02-24,12471.7,ATM,Healthcare,Chennai,ATM Machine,No
T101788,C2129,2024-04-15,1093.12,POS,Travel,Pune,POS Terminal,No
T101789,C2192,2024-11-18,7824.28,POS,Restaurant,Ahmedabad,POS Terminal,No
T101790,C1889,2024-07-07,7678.42,Online,Fashion,Delhi,Desktop,No
T101791,C1379,2025-02-21,36924.2,Online,Travel,Lucknow,Desktop,No
T101792,C1370,2024-11-27,7732.11,POS,Grocery,Chennai,POS Terminal,No
T101793,C1364,2025-02-22,10235.39,POS,E-commerce,Hyderabad,POS Terminal,No
T101794,C1148,2024-08-06,2275.31,Online,Fashion,Kolkata,Mobile,No
T101795,C1282,2025-01-07,4422.64,Online,E-commerce,Delhi,Desktop,No
T101796,C1226,2025-02-27,35872.9,Online,Grocery,Bangalore,Mobile,No
T101797,C1549,2024-03-14,1905.64,ATM,E-commerce,Mumbai,ATM Machine,No
T101798,C1020,2025-05-05,3748.59,Online,Utilities,Pune,Tablet,No
T101799,C1286,2024-09-02,736.12,ATM,Fashion,Bangalore,ATM Machine,No
T101800,C1981,2024-03-20,47833.77,Online,Grocery,Jaipur,Tablet,No
T101801,C2114,2024-03-04,36927.92,Online,Grocery,Delhi,Tablet,No
T101802,C2048,2025-03-29,5363.45,POS,Restaurant,Mumbai,POS Terminal,No
T101803,C1050,2024-04-26,4518.38,POS,Healthcare,Bangalore,POS Terminal,No
T101804,C1588,2024-04-25,7319.21,ATM,Healthcare,Delhi,ATM Machine,No
T101805,C1226,2024-04-24,38777.75,Online,Fuel,Pune,Mobile,No
T101806,C1243,2024-07-03,33136.26,Online,Grocery,Lucknow,Mobile,No
T101807,C2087,2024-06-20,4111.31,ATM,Restaurant,Kolkata,ATM Machine,No
T101808,C1618,2024-11-15,2694.23,POS,Entertainment,Delhi,POS Terminal,No
T101809,C2023,2024-12-04,1566.1,POS,Fuel,Delhi,POS Terminal,No
T101810,C1305,2025-02-02,13375.9,ATM,Restaurant,Pune,ATM Machine,No
T101811,C1915,2025-01-04,11489.15,POS,Electronics,Delhi,POS Terminal,No
T101812,C1571,2024-03-15,13399.31,Online,Entertainment,Bangalore,Mobile,No
T101813,C1723,2024-06-12,412.08,POS,Healthcare,Ahmedabad,POS Terminal,No
T101814,C1848,2024-11-04,2102.35,ATM,Entertainment,Bangalore,ATM Machine,No
T101815,C1504,2024-07-15,14521.11,POS,Utilities,Ahmedabad,POS Terminal,No
T101816,C2009,2024-09-29,6261.17,ATM,Travel,Kolkata,ATM Machine,No
T101817,C1864,2024-09-26,15499.85,ATM,Travel,Delhi,ATM Machine,No
T101818,C1006,2024-04-14,31308.25,Online,Entertainment,Jaipur,Desktop,No
T101819,C1226,2024-01-31,5790.9,POS,Entertainment,Bangalore,POS Terminal,No
T101820,C1296,2025-03-03,4510.9,ATM,Healthcare,Hyderabad,ATM Machine,No
T101821,C1460,2024-01-29,2867.04,ATM,Restaurant,Delhi,ATM Machine,No
T101822,C1294,2024-07-12,12492.75,ATM,Grocery,Kolkata,ATM Machine,No
T101823,C1218,2024-12-05,15605.36,ATM,Electronics,Ahmedabad,ATM Machine,No
T101824,C1324,2024-01-16,32266.43,Online,Entertainment,Bangalore,Mobile,No
T101825,C1026,2024-10-18,8001.5,POS,Restaurant,Bangalore,POS Terminal,No
T101826,C1287,2025-01-18,1318.05,ATM,Fuel,Ahmedabad,ATM Machine,No
T101827,C1691,2024-08-15,19385.53,ATM,Grocery,Chennai,ATM Machine,No
T101828,C1123,2025-03-27,16074.93,ATM,Grocery,Lucknow,ATM Machine,No
T101829,C2031,2024-03-23,14782.54,Online,Healthcare,Kolkata,Tablet,No
T101830,C1931,2024-10-10,19609.42,ATM,Fuel,Lucknow,ATM Machine,No
T101831,C1466,2024-08-04,30173.7,Online,Fuel,Delhi,Tablet,No
T101832,C1257,2025-01-15,29204.65,Online,Healthcare,Lucknow,Mobile,No
T101833,C1377,2025-02-25,15087.43,ATM,Utilities,Lucknow,ATM Machine,No
T101834,C1960,2024-09-01,12195.37,POS,Healthcare,Kolkata,POS Terminal,No
T101835,C1761,2024-11-27,9881.53,POS,Travel,Chennai,POS Terminal,No
T101836,C1160,2024-07-04,2997.87,ATM,Entertainment,Mumbai,ATM Machine,No
T101837,C1334,2024-10-04,17045.72,Online,Electronics,Hyderabad,Tablet,Yes
T101838,C1634,2024-04-06,18597.63,ATM,Travel,Mumbai,ATM Machine,No
T101839,C1175,2025-05-15,4880.0,ATM,E-commerce,Mumbai,ATM Machine,No
T101840,C1991,2024-01-24,18733.92,Online,Entertainment,Delhi,Desktop,Yes
T101841,C1731,2025-01-19,6537.95,POS,Healthcare,Jaipur,POS Terminal,No
T101842,C1801,2025-01-06,6647.13,POS,Restaurant,Delhi,POS Terminal,No
T101843,C2032,2024-02-21,12452.32,ATM,Restaurant,Mumbai,ATM Machine,No
T101844,C1783,2024-09-01,18889.98,ATM,Grocery,Chennai,ATM Machine,No
T101845,C1949,2024-02-10,5193.51,ATM,Electronics,Hyderabad,ATM Machine,No
T101846,C1289,2025-01-28,2869.28,ATM,Restaurant,Jaipur,ATM Machine,No
T101847,C2072,2025-04-21,3042.31,POS,Fashion,Bangalore,POS Terminal,No
T101848,C1738,2024-11-15,13315.18,POS,Grocery,Kolkata,POS Terminal,No
T101849,C1154,2025-05-05,32361.38,Online,E-commerce,Ahmedabad,Mobile,No
T101850,C1293,2025-01-27,4360.01,POS,Utilities,Delhi,POS Terminal,No
T101851,C1932,2024-06-09,40834.16,Online,Fuel,Bangalore,Mobile,No
T101852,C1745,2024-06-29,43096.23,Online,Electronics,Bangalore,Tablet,No
T101853,C1529,2024-08-30,12713.06,POS,Fashion,Bangalore,POS Terminal,No
T101854,C2165,2024-09-06,45962.54,Online,Entertainment,Chennai,Desktop,No
T101855,C1265,2024-08-13,3858.39,POS,Utilities,Lucknow,POS Terminal,No
T101856,C1766,2024-02-12,15223.32,ATM,Healthcare,Jaipur,ATM Machine,No
T101857,C1088,2024-11-13,9480.52,ATM,Grocery,Hyderabad,ATM Machine,No
T101858,C2149,2024-01-05,42131.53,Online,Electronics,Chennai,Desktop,No
T101859,C1818,2025-03-13,36478.84,Online,Travel,Kolkata,Desktop,No
T101860,C1715,2024-08-26,11669.07,POS,Utilities,Ahmedabad,POS Terminal,No
T101861,C1370,2025-01-09,32876.86,Online,Healthcare,Kolkata,Mobile,No
T101862,C1133,2024-06-11,2743.69,POS,E-commerce,Ahmedabad,POS Terminal,No
T101863,C1976,2024-02-28,8220.9,POS,Fashion,Mumbai,POS Terminal,No
T101864,C1963,2024-03-15,19701.06,ATM,Travel,Pune,ATM Machine,No
T101865,C1779,2024-02-01,14067.08,POS,Healthcare,Ahmedabad,POS Terminal,No
T101866,C1434,2025-03-20,2350.05,Online,Healthcare,Chennai,Desktop,No
T101867,C1172,2024-03-13,8407.78,Online,Fuel,Kolkata,Mobile,No
T101868,C1925,2025-03-22,2062.76,POS,Utilities,Hyderabad,POS Terminal,No
T101869,C1532,2024-04-04,36353.8,Online,Electronics,Kolkata,Desktop,No
T101870,C1609,2024-03-25,40925.71,Online,Entertainment,Kolkata,Desktop,No
T101871,C1330,2025-05-09,4663.47,ATM,Healthcare,Pune,ATM Machine,No
T101872,C2169,2024-07-18,25391.46,Online,Utilities,Lucknow,Mobile,No
T101873,C2185,2024-11-11,42067.01,Online,Entertainment,Pune,Mobile,No
T101874,C1940,2025-04-23,36693.52,Online,Fashion,Pune,Mobile,No
T101875,C1833,2024-05-14,11073.63,ATM,Grocery,Ahmedabad,ATM Machine,No
T101876,C1258,2024-11-20,8896.18,POS,E-commerce,Delhi,POS Terminal,No
T101877,C1385,2024-08-03,10413.03,ATM,Utilities,Bangalore,ATM Machine,No
T101878,C1443,2024-06-27,15017.91,Online,Travel,Lucknow,Mobile,No
T101879,C1746,2024-01-09,8518.83,POS,Fuel,Jaipur,POS Terminal,No
T101880,C1256,2024-12-24,10364.39,POS,Fashion,Kolkata,POS Terminal,No
T101881,C1722,2025-02-28,17529.8,ATM,Healthcare,Jaipur,ATM Machine,No
T101882,C1688,2024-02-28,31887.31,Online,Fashion,Kolkata,Desktop,No
T101883,C1334,2024-10-04,11440.71,POS,Healthcare,Chennai,POS Terminal,No
T101884,C1896,2024-11-20,2485.07,POS,E-commerce,Delhi,POS Terminal,No
T101885,C1213,2024-02-15,9500.37,ATM,Grocery,Lucknow,ATM Machine,No
T101886,C1213,2024-09-11,681.97,ATM,E-commerce,Jaipur,ATM Machine,No
T101887,C1910,2024-09-14,5310.24,ATM,Grocery,Chennai,ATM Machine,No
T101888,C1434,2024-04-24,10924.28,POS,Utilities,Kolkata,POS Terminal,No
T101889,C1962,2025-05-01,49592.14,Online,Entertainment,Ahmedabad,Desktop,No
T101890,C1811,2024-01-04,1577.75,POS,Travel,Jaipur,POS Terminal,No
T101891,C1542,2024-06-06,6082.27,POS,Travel,Mumbai,POS Terminal,No
T101892,C1850,2024-01-17,40043.53,Online,Grocery,Bangalore,Desktop,No
T101893,C2063,2025-02-23,4478.69,ATM,E-commerce,Pune,ATM Machine,No
T101894,C2172,2024-08-08,27843.23,Online,Utilities,Kolkata,Mobile,No
T101895,C1806,2025-02-28,36706.95,Online,E-commerce,Kolkata,Mobile,No
T101896,C1800,2025-05-15,12511.72,ATM,Restaurant,Kolkata,ATM Machine,No
T101897,C2060,2024-03-22,2901.57,POS,Travel,Delhi,POS Terminal,No
T101898,C1259,2024-09-15,17898.15,Online,E-commerce,Kolkata,Tablet,No
T101899,C2133,2024-03-22,11778.5,POS,Travel,Delhi,POS Terminal,No
T101900,C1896,2024-01-06,11307.42,ATM,E-commerce,Bangalore,ATM Machine,Yes
T101901,C2114,2025-04-16,460.43,Online,E-commerce,Kolkata,Mobile,No
T101902,C1268,2024-08-20,15339.32,ATM,Entertainment,Bangalore,ATM Machine,No
T101903,C1455,2024-06-01,1958.51,Online,Utilities,Hyderabad,Tablet,No
T101904,C1775,2025-01-29,11211.43,POS,Grocery,Chennai,POS Terminal,No
T101905,C1295,2024-11-17,10283.53,Online,E-commerce,Delhi,Mobile,No
T101906,C1252,2024-02-24,47912.06,Online,Fuel,Chennai,Mobile,No
T101907,C2013,2025-03-08,5582.32,POS,Travel,Kolkata,POS Terminal,No
T101908,C1045,2024-07-30,16481.19,Online,Fashion,Delhi,Mobile,No
T101909,C1769,2025-03-31,2318.43,POS,Fashion,Bangalore,POS Terminal,No
T101910,C1021,2025-04-07,15419.09,Online,E-commerce,Lucknow,Mobile,No
T101911,C1703,2024-06-26,13162.1,POS,E-commerce,Lucknow,POS Terminal,No
T101912,C1325,2024-09-24,19928.52,ATM,Fuel,Delhi,ATM Machine,No
T101913,C1061,2024-10-01,18541.81,Online,Utilities,Jaipur,Mobile,No
T101914,C1748,2024-02-28,22540.81,Online,Grocery,Pune,Mobile,No
T101915,C1260,2024-05-17,10858.86,POS,Fashion,Hyderabad,POS Terminal,No
T101916,C1714,2024-12-28,17780.82,ATM,Fuel,Ahmedabad,ATM Machine,No
T101917,C2016,2024-08-11,12064.36,ATM,Healthcare,Hyderabad,ATM Machine,No
T101918,C1406,2024-12-17,8134.75,ATM,Fuel,Kolkata,ATM Machine,No
T101919,C1639,2024-03-25,20748.57,Online,Fashion,Kolkata,Desktop,No
T101920,C1557,2025-02-21,10464.71,POS,E-commerce,Delhi,POS Terminal,No
T101921,C1880,2024-04-12,562.76,ATM,Entertainment,Pune,ATM Machine,No
T101922,C1132,2024-08-18,31055.55,Online,Grocery,Jaipur,Desktop,No
T101923,C1602,2024-11-05,7432.11,ATM,Utilities,Pune,ATM Machine,No
T101924,C1235,2024-04-02,11933.54,POS,Healthcare,Bangalore,POS Terminal,No
T101925,C1149,2024-04-20,2313.32,ATM,Entertainment,Pune,ATM Machine,No
T101926,C1644,2024-03-03,29492.47,Online,Entertainment,Mumbai,Tablet,No
T101927,C1954,2024-10-17,7266.5,POS,Travel,Jaipur,POS Terminal,No
T101928,C1581,2024-11-04,32187.81,Online,Utilities,Hyderabad,Mobile,No
T101929,C1154,2024-10-20,1764.65,ATM,Healthcare,Kolkata,ATM Machine,No
T101930,C1656,2024-04-11,29083.19,Online,Grocery,Ahmedabad,Desktop,No
T101931,C1563,2024-08-03,28161.93,Online,Electronics,Ahmedabad,Mobile,No
T101932,C1785,2024-05-01,11432.87,ATM,Grocery,Chennai,ATM Machine,Yes
T101933,C2180,2024-01-03,9091.97,POS,Fuel,Bangalore,POS Terminal,No
T101934,C1825,2024-01-19,13691.12,ATM,Utilities,Mumbai,ATM Machine,No
T101935,C1034,2024-02-05,12094.34,POS,Electronics,Kolkata,POS Terminal,No
T101936,C1563,2024-06-11,4120.33,POS,Healthcare,Delhi,POS Terminal,No
T101937,C1642,2024-09-09,16588.46,ATM,Grocery,Kolkata,ATM Machine,No
T101938,C1931,2024-09-09,10215.99,ATM,Electronics,Pune,ATM Machine,No
T101939,C1211,2024-01-15,4037.5,Online,Grocery,Mumbai,Mobile,No
T101940,C1662,2025-03-17,1641.74,ATM,Healthcare,Hyderabad,ATM Machine,No
T101941,C1392,2025-01-05,5080.15,POS,Utilities,Mumbai,POS Terminal,No
T101942,C1108,2024-05-12,39287.87,Online,Electronics,Mumbai,Desktop,No
T101943,C1675,2024-12-18,14299.78,ATM,Healthcare,Chennai,ATM Machine,No
T101944,C1283,2024-10-25,11850.36,POS,Electronics,Bangalore,POS Terminal,No
T101945,C1304,2025-01-20,10586.75,ATM,Healthcare,Ahmedabad,ATM Machine,No
T101946,C2069,2024-09-27,22121.91,Online,E-commerce,Ahmedabad,Tablet,No
T101947,C1575,2024-06-13,3375.32,ATM,Fashion,Hyderabad,ATM Machine,No
T101948,C1607,2024-12-30,16544.0,Online,Entertainment,Jaipur,Mobile,No
T101949,C1422,2024-12-21,21814.16,Online,Electronics,Ahmedabad,Mobile,No
T101950,C1443,2024-08-27,1420.15,POS,Travel,Ahmedabad,POS Terminal,No
T101951,C1428,2025-02-20,4801.93,ATM,Utilities,Jaipur,ATM Machine,No
T101952,C1639,2024-12-28,9013.56,POS,Restaurant,Jaipur,POS Terminal,No
T101953,C1267,2024-04-22,11061.38,POS,Healthcare,Ahmedabad,POS Terminal,No
T101954,C2052,2024-04-13,14975.38,POS,Travel,Delhi,POS Terminal,No
T101955,C1337,2024-12-17,14003.39,POS,E-commerce,Delhi,POS Terminal,No
T101956,C1220,2025-01-16,32199.75,Online,Travel,Mumbai,Desktop,No
T101957,C1059,2024-08-31,8714.34,ATM,Utilities,Ahmedabad,ATM Machine,No
T101958,C1243,2025-04-19,12905.46,ATM,Electronics,Pune,ATM Machine,No
T101959,C1309,2024-07-22,15820.21,ATM,Healthcare,Jaipur,ATM Machine,No
T101960,C1904,2024-05-19,1863.21,POS,Electronics,Mumbai,POS Terminal,No
T101961,C1866,2024-04-09,6207.58,POS,Travel,Kolkata,POS Terminal,No
T101962,C1566,2024-09-28,16876.14,ATM,Fashion,Jaipur,ATM Machine,No
T101963,C1103,2024-11-26,19314.88,Online,Electronics,Hyderabad,Mobile,No
T101964,C1074,2024-10-21,8620.9,POS,Travel,Delhi,POS Terminal,No
T101965,C1565,2024-04-25,11961.5,ATM,Healthcare,Kolkata,ATM Machine,No
T101966,C1451,2025-01-10,4097.29,ATM,Fuel,Ahmedabad,ATM Machine,No
T101967,C1417,2024-06-26,7563.59,ATM,Fuel,Lucknow,ATM Machine,No
T101968,C1007,2024-02-18,16858.66,Online,Utilities,Lucknow,Desktop,No
T101969,C1489,2024-03-28,490.33,POS,Electronics,Bangalore,POS Terminal,No
T101970,C1933,2024-03-13,1404.75,Online,Fashion,Kolkata,Desktop,Yes
T101971,C1541,2025-03-27,41618.51,Online,Restaurant,Mumbai,Tablet,No
T101972,C1971,2024-10-25,13798.93,Online,Fashion,Hyderabad,Desktop,No
T101973,C1036,2024-10-17,10602.54,ATM,Fuel,Hyderabad,ATM Machine,No
T101974,C1343,2025-01-21,15076.53,Online,Electronics,Delhi,Desktop,No
T101975,C1688,2024-08-19,14116.12,POS,Entertainment,Jaipur,POS Terminal,No
T101976,C1997,2024-05-09,3963.52,POS,Fashion,Mumbai,POS Terminal,No
T101977,C1617,2024-12-29,6501.89,POS,Utilities,Lucknow,POS Terminal,No
T101978,C1553,2024-12-17,17518.24,ATM,Grocery,Bangalore,ATM Machine,No
T101979,C1452,2024-12-03,42128.29,Online,Entertainment,Ahmedabad,Mobile,No
T101980,C1883,2024-07-03,9467.85,Online,Electronics,Hyderabad,Desktop,No
T101981,C1561,2025-03-25,16151.54,ATM,Utilities,Ahmedabad,ATM Machine,No
T101982,C2080,2024-03-30,6926.98,POS,Entertainment,Pune,POS Terminal,No
T101983,C1855,2025-04-28,7296.24,POS,Fuel,Hyderabad,POS Terminal,No
T101984,C2066,2024-12-25,2088.85,POS,E-commerce,Delhi,POS Terminal,No
T101985,C1932,2024-10-17,1300.96,POS,Fuel,Delhi,POS Terminal,No
T101986,C2022,2025-04-19,14694.82,ATM,Restaurant,Ahmedabad,ATM Machine,No
T101987,C2072,2025-05-09,7497.27,POS,E-commerce,Jaipur,POS Terminal,No
T101988,C1622,2024-09-06,6609.08,POS,Electronics,Chennai,POS Terminal,Yes
T101989,C1084,2024-04-21,10969.67,POS,E-commerce,Delhi,POS Terminal,No
T101990,C1627,2024-01-03,11506.14,POS,Entertainment,Mumbai,POS Terminal,No
T101991,C1283,2024-06-28,2467.73,POS,Utilities,Jaipur,POS Terminal,No
T101992,C1177,2024-12-31,9192.35,POS,Restaurant,Hyderabad,POS Terminal,No
T101993,C1166,2024-05-28,6940.63,Online,Grocery,Ahmedabad,Desktop,No
T101994,C1792,2024-08-04,11295.49,POS,Electronics,Chennai,POS Terminal,No
T101995,C1637,2024-03-29,13310.63,ATM,Healthcare,Pune,ATM Machine,No
T101996,C1286,2024-12-15,47839.41,Online,Fuel,Bangalore,Desktop,No
T101997,C1617,2024-06-05,3634.11,Online,Fuel,Lucknow,Tablet,No
T101998,C1376,2024-07-11,950.12,POS,Electronics,Bangalore,POS Terminal,No
T101999,C1642,2024-09-14,6002.65,ATM,Entertainment,Ahmedabad,ATM Machine,No
T102000,C1956,2024-08-03,3999.41,POS,Fashion,Mumbai,POS Terminal,No
T102001,C1055,2025-05-05,3779.98,POS,Electronics,Bangalore,POS Terminal,No
T102002,C1620,2025-02-06,45331.48,Online,E-commerce,Jaipur,Desktop,No
T102003,C2113,2025-04-05,5366.15,ATM,Fuel,Mumbai,ATM Machine,No
T102004,C1805,2024-03-05,4152.05,POS,Grocery,Ahmedabad,POS Terminal,No
T102005,C2061,2024-08-23,38018.03,Online,Electronics,Mumbai,Desktop,No
T102006,C1220,2024-06-19,9269.93,ATM,Electronics,Chennai,ATM Machine,No
T102007,C1679,2025-03-18,38880.19,Online,Electronics,Lucknow,Tablet,No
T102008,C1109,2024-12-25,3455.23,Online,Utilities,Bangalore,Tablet,No
T102009,C2015,2024-03-10,24481.05,Online,Restaurant,Chennai,Tablet,No
T102010,C1014,2025-02-16,600.84,POS,E-commerce,Hyderabad,POS Terminal,No
T102011,C1001,2024-03-19,1721.74,ATM,Electronics,Jaipur,ATM Machine,No
T102012,C1419,2024-02-23,13605.92,POS,Grocery,Jaipur,POS Terminal,No
T102013,C1114,2025-04-19,7134.42,Online,Fuel,Kolkata,Desktop,No
T102014,C1482,2025-03-06,10882.2,ATM,Fuel,Lucknow,ATM Machine,No
T102015,C1253,2024-08-09,20672.56,Online,Grocery,Bangalore,Mobile,No
T102016,C1493,2024-03-28,7273.19,ATM,Utilities,Hyderabad,ATM Machine,No
T102017,C1594,2024-05-28,18046.75,ATM,Electronics,Lucknow,ATM Machine,No
T102018,C1564,2024-07-19,425.17,POS,Electronics,Ahmedabad,POS Terminal,No
T102019,C1871,2024-03-16,33256.73,Online,Fuel,Ahmedabad,Mobile,No
T102020,C1023,2024-10-24,14454.58,POS,Grocery,Lucknow,POS Terminal,No
T102021,C1727,2025-05-07,28096.38,Online,Fashion,Ahmedabad,Desktop,Yes
T102022,C1325,2024-07-02,18768.04,ATM,Utilities,Hyderabad,ATM Machine,No
T102023,C2076,2024-07-18,1519.03,ATM,Electronics,Bangalore,ATM Machine,No
T102024,C1721,2024-12-01,8666.47,ATM,E-commerce,Pune,ATM Machine,No
T102025,C1287,2024-05-22,5573.08,ATM,Fuel,Kolkata,ATM Machine,No
T102026,C1991,2024-07-11,10989.23,POS,E-commerce,Bangalore,POS Terminal,No
T102027,C2039,2025-02-01,19635.29,ATM,Utilities,Chennai,ATM Machine,No
T102028,C1664,2024-10-28,5502.34,ATM,Entertainment,Lucknow,ATM Machine,No
T102029,C1827,2024-02-04,32777.9,Online,Grocery,Bangalore,Mobile,No
T102030,C1218,2024-09-12,4362.9,ATM,Fashion,Pune,ATM Machine,No
T102031,C1485,2024-02-23,28353.45,Online,Healthcare,Kolkata,Mobile,No
T102032,C1513,2024-02-28,23303.84,Online,Electronics,Ahmedabad,Desktop,No
T102033,C1061,2025-04-17,48605.87,Online,Entertainment,Delhi,Tablet,No
T102034,C1273,2024-11-22,12366.28,ATM,Utilities,Hyderabad,ATM Machine,No
T102035,C2006,2024-08-12,7315.37,ATM,Fuel,Hyderabad,ATM Machine,No
T102036,C1332,2024-08-10,2724.87,ATM,Travel,Delhi,ATM Machine,No
T102037,C1198,2024-04-14,7732.09,Online,Restaurant,Mumbai,Desktop,No
T102038,C2164,2024-10-06,11420.78,Online,Entertainment,Bangalore,Tablet,No
T102039,C2082,2024-09-11,12698.14,Online,Travel,Lucknow,Desktop,No
T102040,C1731,2024-11-12,17087.01,ATM,Restaurant,Delhi,ATM Machine,No
T102041,C1771,2025-03-23,28148.89,Online,E-commerce,Delhi,Mobile,No
T102042,C1611,2024-02-21,26264.87,Online,Fashion,Hyderabad,Mobile,No
T102043,C1678,2024-01-12,5915.49,Online,Fuel,Chennai,Desktop,No
T102044,C1140,2025-03-22,43034.96,Online,Fuel,Delhi,Tablet,No
T102045,C2061,2025-04-22,14594.88,ATM,Utilities,Chennai,ATM Machine,No
T102046,C1117,2024-10-06,1819.53,ATM,Electronics,Lucknow,ATM Machine,No
T102047,C1539,2024-11-30,35450.19,Online,Grocery,Pune,Desktop,No
T102048,C1686,2025-03-30,27268.2,Online,Restaurant,Hyderabad,Tablet,No
T102049,C1676,2025-04-18,2093.64,ATM,Grocery,Hyderabad,ATM Machine,No
T102050,C2155,2025-04-08,9436.86,ATM,Grocery,Pune,ATM Machine,No
T102051,C1853,2024-11-02,9951.58,ATM,E-commerce,Delhi,ATM Machine,No
T102052,C1981,2025-04-29,8455.57,Online,Fuel,Mumbai,Mobile,No
T102053,C2040,2024-04-25,18941.11,ATM,Entertainment,Kolkata,ATM Machine,No
T102054,C1467,2024-01-11,42528.77,Online,Grocery,Hyderabad,Tablet,No
T102055,C1777,2024-12-15,13545.94,ATM,Grocery,Jaipur,ATM Machine,No
T102056,C1793,2025-01-27,6988.2,POS,Restaurant,Kolkata,POS Terminal,No
T102057,C2126,2024-03-11,20705.92,Online,Fashion,Delhi,Tablet,No
T102058,C1754,2024-06-29,32618.48,Online,Entertainment,Kolkata,Mobile,No
T102059,C1189,2024-10-28,27362.51,Online,Travel,Kolkata,Tablet,No
T102060,C2099,2024-10-17,3301.2,Online,Grocery,Hyderabad,Mobile,No
T102061,C1260,2024-08-12,25722.63,Online,Fuel,Mumbai,Desktop,No
T102062,C1501,2024-05-29,40358.9,Online,E-commerce,Kolkata,Desktop,No
T102063,C1158,2024-02-09,6942.67,POS,Utilities,Hyderabad,POS Terminal,No
T102064,C1732,2025-04-04,2787.44,Online,Fashion,Chennai,Desktop,No
T102065,C1600,2025-03-20,15832.42,ATM,Travel,Jaipur,ATM Machine,No
T102066,C1654,2024-12-23,4426.59,ATM,Utilities,Delhi,ATM Machine,No
T102067,C1842,2024-12-27,5543.11,ATM,Fashion,Chennai,ATM Machine,No
T102068,C1281,2025-03-06,3711.77,ATM,Travel,Chennai,ATM Machine,No
T102069,C1432,2024-03-03,5020.2,POS,Restaurant,Mumbai,POS Terminal,No
T102070,C1902,2024-11-28,11375.6,POS,Electronics,Mumbai,POS Terminal,No
T102071,C1070,2024-05-18,7838.85,POS,E-commerce,Kolkata,POS Terminal,No
T102072,C1174,2024-01-31,3152.73,POS,E-commerce,Kolkata,POS Terminal,No
T102073,C1784,2024-07-15,13179.67,POS,Grocery,Hyderabad,POS Terminal,No
T102074,C1378,2024-12-03,13205.77,POS,Utilities,Mumbai,POS Terminal,No
T102075,C1065,2024-10-04,13071.62,POS,Grocery,Lucknow,POS Terminal,No
T102076,C1689,2025-04-17,3658.06,POS,E-commerce,Hyderabad,POS Terminal,No
T102077,C1699,2025-01-06,9299.17,ATM,Healthcare,Kolkata,ATM Machine,No
T102078,C1117,2025-02-17,49252.48,Online,Utilities,Kolkata,Tablet,No
T102079,C1589,2025-03-15,15554.24,ATM,Fashion,Kolkata,ATM Machine,No
T102080,C2164,2025-01-28,1029.76,ATM,Fuel,Bangalore,ATM Machine,No
T102081,C1958,2025-01-16,3447.19,Online,Restaurant,Mumbai,Desktop,No
T102082,C1562,2024-02-13,23303.78,Online,Utilities,Chennai,Desktop,No
T102083,C1080,2024-11-11,13647.38,POS,Entertainment,Chennai,POS Terminal,No
T102084,C1026,2024-03-04,8126.66,POS,E-commerce,Pune,POS Terminal,No
T102085,C1367,2024-08-15,7517.41,POS,Grocery,Ahmedabad,POS Terminal,Yes
T102086,C1076,2025-05-09,1671.56,POS,Fashion,Jaipur,POS Terminal,No
T102087,C1120,2024-10-23,32907.65,Online,Fuel,Lucknow,Tablet,No
T102088,C1132,2024-08-13,41140.74,Online,Fuel,Chennai,Desktop,No
T102089,C1261,2024-04-26,7918.19,ATM,Restaurant,Bangalore,ATM Machine,No
T102090,C1102,2024-04-29,38825.47,Online,Grocery,Bangalore,Tablet,No
T102091,C1902,2024-10-23,14470.7,POS,Grocery,Jaipur,POS Terminal,No
T102092,C1125,2025-05-02,4473.45,ATM,Fuel,Chennai,ATM Machine,Yes
T102093,C1724,2024-10-03,10704.93,ATM,Grocery,Lucknow,ATM Machine,No
T102094,C1224,2024-02-09,6099.19,ATM,Fashion,Delhi,ATM Machine,No
T102095,C1486,2024-04-14,11913.53,POS,E-commerce,Pune,POS Terminal,No
T102096,C1852,2024-02-06,11763.07,ATM,Healthcare,Chennai,ATM Machine,No
T102097,C1669,2024-11-06,9555.28,POS,Entertainment,Kolkata,POS Terminal,No
T102098,C1768,2024-08-28,11988.92,POS,E-commerce,Mumbai,POS Terminal,No
T102099,C1092,2024-05-28,19919.33,Online,E-commerce,Mumbai,Mobile,No
T102100,C1642,2024-09-18,18344.26,ATM,Utilities,Lucknow,ATM Machine,No
T102101,C1441,2024-07-12,10894.06,ATM,Grocery,Bangalore,ATM Machine,No
T102102,C1161,2025-05-04,8066.15,Online,Travel,Lucknow,Tablet,No
T102103,C2123,2025-01-10,10468.9,POS,Utilities,Delhi,POS Terminal,No
T102104,C2081,2025-02-12,39704.42,Online,E-commerce,Ahmedabad,Tablet,No
T102105,C1904,2024-06-11,4819.75,POS,Travel,Lucknow,POS Terminal,No
T102106,C1500,2024-06-17,42887.53,Online,Entertainment,Hyderabad,Desktop,No
T102107,C1237,2024-12-20,45325.93,Online,Fashion,Kolkata,Desktop,No
T102108,C2148,2024-09-15,13989.84,Online,Entertainment,Ahmedabad,Tablet,No
T102109,C1858,2024-04-27,19678.67,ATM,Restaurant,Jaipur,ATM Machine,No
T102110,C1835,2024-12-11,3243.87,ATM,Restaurant,Lucknow,ATM Machine,No
T102111,C1588,2024-06-23,3110.03,POS,Electronics,Delhi,POS Terminal,No
T102112,C2035,2024-03-16,4092.38,ATM,Fashion,Hyderabad,ATM Machine,No
T102113,C1930,2024-01-08,44720.69,Online,Electronics,Kolkata,Desktop,No
T102114,C1963,2025-01-15,32783.77,Online,Restaurant,Mumbai,Desktop,Yes
T102115,C1342,2024-02-07,7774.79,Online,Utilities,Jaipur,Desktop,No
T102116,C1726,2024-03-06,6660.82,POS,Utilities,Hyderabad,POS Terminal,No
T102117,C1244,2024-06-21,9267.94,POS,E-commerce,Lucknow,POS Terminal,No
T102118,C1093,2024-02-07,2127.55,ATM,Entertainment,Ahmedabad,ATM Machine,No
T102119,C1922,2025-01-14,13248.0,POS,Fuel,Ahmedabad,POS Terminal,No
T102120,C1376,2025-01-05,16170.27,ATM,Utilities,Delhi,ATM Machine,No
T102121,C1016,2024-10-30,10351.53,ATM,Entertainment,Ahmedabad,ATM Machine,No
T102122,C1899,2024-03-31,19358.97,ATM,E-commerce,Chennai,ATM Machine,No
T102123,C1199,2024-04-28,6324.64,POS,Fashion,Pune,POS Terminal,No
T102124,C2061,2025-04-04,19690.15,ATM,E-commerce,Jaipur,ATM Machine,No
T102125,C1874,2024-05-26,10052.01,POS,Healthcare,Pune,POS Terminal,No
T102126,C1294,2024-01-22,12876.09,ATM,Travel,Kolkata,ATM Machine,No
T102127,C2178,2025-03-26,3736.12,ATM,Entertainment,Delhi,ATM Machine,No
T102128,C1340,2024-03-01,13240.72,POS,Fuel,Ahmedabad,POS Terminal,No
T102129,C1347,2024-05-27,6469.6,POS,E-commerce,Delhi,POS Terminal,No
T102130,C1571,2024-03-13,8279.22,Online,Travel,Jaipur,Tablet,No
T102131,C1057,2024-11-02,827.85,Online,Utilities,Jaipur,Mobile,Yes
T102132,C1053,2024-07-08,28075.83,Online,Fuel,Lucknow,Desktop,No
T102133,C2067,2024-03-05,7958.25,POS,Fuel,Delhi,POS Terminal,No
T102134,C1246,2024-08-15,10818.37,POS,Fashion,Chennai,POS Terminal,No
T102135,C1281,2024-05-22,17860.03,ATM,Electronics,Pune,ATM Machine,No
T102136,C1456,2025-01-07,4154.45,Online,Entertainment,Bangalore,Tablet,No
T102137,C1929,2024-11-18,14764.18,ATM,Utilities,Delhi,ATM Machine,No
T102138,C1645,2025-04-01,9533.11,Online,Healthcare,Delhi,Tablet,No
T102139,C1651,2024-04-07,17234.45,ATM,Grocery,Mumbai,ATM Machine,No
T102140,C1771,2025-03-22,40989.36,Online,Travel,Chennai,Desktop,No
T102141,C1384,2025-01-10,8157.83,POS,Fuel,Bangalore,POS Terminal,No
T102142,C1182,2025-05-01,14349.73,ATM,Travel,Mumbai,ATM Machine,No
T102143,C2005,2024-10-12,6629.83,ATM,Travel,Bangalore,ATM Machine,No
T102144,C1539,2024-11-10,7120.4,POS,E-commerce,Hyderabad,POS Terminal,No
T102145,C1992,2024-09-28,16521.92,ATM,Restaurant,Chennai,ATM Machine,No
T102146,C1599,2024-12-08,6943.05,POS,Fashion,Kolkata,POS Terminal,No
T102147,C2113,2024-09-03,5431.19,POS,Electronics,Hyderabad,POS Terminal,No
T102148,C1589,2024-08-02,7463.77,POS,Entertainment,Hyderabad,POS Terminal,No
T102149,C1238,2024-03-31,12440.91,POS,Entertainment,Delhi,POS Terminal,No
T102150,C1816,2024-12-26,16893.36,Online,Fashion,Ahmedabad,Tablet,No
T102151,C1481,2024-01-15,2689.05,POS,Fuel,Jaipur,POS Terminal,No
T102152,C1838,2024-02-01,14384.27,ATM,Entertainment,Chennai,ATM Machine,No
T102153,C1843,2024-07-19,12407.08,POS,Healthcare,Kolkata,POS Terminal,No
T102154,C1112,2024-05-17,1599.5,POS,Travel,Pune,POS Terminal,No
T102155,C1094,2024-06-06,3674.12,POS,Healthcare,Hyderabad,POS Terminal,No
T102156,C1342,2024-10-01,7270.21,Online,Electronics,Lucknow,Tablet,No
T102157,C2106,2024-01-11,7284.86,ATM,Grocery,Kolkata,ATM Machine,No
T102158,C1683,2025-04-12,6810.23,POS,Utilities,Delhi,POS Terminal,No
T102159,C2063,2024-04-17,11257.51,POS,Utilities,Hyderabad,POS Terminal,No
T102160,C2098,2024-07-21,13197.38,ATM,Travel,Chennai,ATM Machine,No
T102161,C1766,2024-06-18,9351.84,POS,Travel,Jaipur,POS Terminal,No
T102162,C1028,2024-01-19,17748.27,Online,Utilities,Delhi,Tablet,No
T102163,C1994,2024-01-22,42104.09,Online,Fuel,Chennai,Mobile,No
T102164,C1507,2024-01-18,7122.18,POS,Electronics,Kolkata,POS Terminal,No
T102165,C1269,2025-02-22,19592.55,ATM,Fuel,Delhi,ATM Machine,No
T102166,C2034,2025-01-04,12865.77,ATM,Healthcare,Mumbai,ATM Machine,Yes
T102167,C2110,2024-11-05,6487.98,Online,Electronics,Lucknow,Desktop,No
T102168,C1640,2025-02-05,10175.05,POS,Healthcare,Jaipur,POS Terminal,No
T102169,C1619,2024-05-20,4944.05,POS,Travel,Delhi,POS Terminal,No
T102170,C2181,2024-08-29,10326.28,POS,Fuel,Kolkata,POS Terminal,No
T102171,C1833,2024-10-14,1137.65,POS,Fashion,Chennai,POS Terminal,No
T102172,C2093,2024-09-16,8909.1,Online,Healthcare,Mumbai,Desktop,No
T102173,C1764,2025-01-25,17186.88,ATM,Electronics,Ahmedabad,ATM Machine,No
T102174,C1051,2024-07-22,11513.54,Online,Fashion,Pune,Desktop,No
T102175,C1637,2024-06-19,41884.65,Online,Electronics,Delhi,Tablet,No
T102176,C2004,2024-10-30,14107.95,Online,Electronics,Bangalore,Desktop,No
T102177,C1970,2024-09-24,13036.2,ATM,E-commerce,Hyderabad,ATM Machine,No
T102178,C2011,2024-05-09,10442.84,POS,Fuel,Pune,POS Terminal,No
T102179,C1075,2024-06-13,10496.77,ATM,E-commerce,Lucknow,ATM Machine,No
T102180,C1012,2024-05-17,6453.56,ATM,Travel,Jaipur,ATM Machine,No
T102181,C2118,2024-09-12,3268.4,POS,Travel,Pune,POS Terminal,No
T102182,C1990,2024-09-20,1147.19,ATM,Electronics,Delhi,ATM Machine,No
T102183,C1159,2024-07-11,15336.53,Online,Grocery,Bangalore,Tablet,No
T102184,C1341,2024-04-11,9832.13,POS,Electronics,Mumbai,POS Terminal,No
T102185,C2015,2024-03-28,18796.94,ATM,Utilities,Ahmedabad,ATM Machine,No
T102186,C2121,2024-08-02,13080.95,POS,Grocery,Chennai,POS Terminal,No
T102187,C1603,2025-01-03,15438.26,ATM,Fuel,Jaipur,ATM Machine,No
T102188,C1762,2024-10-15,15874.72,ATM,Restaurant,Bangalore,ATM Machine,No
T102189,C1419,2025-02-15,13467.21,ATM,Entertainment,Jaipur,ATM Machine,No
T102190,C1967,2024-08-24,13162.29,Online,Entertainment,Bangalore,Mobile,No
T102191,C1971,2024-01-06,13617.21,POS,Healthcare,Bangalore,POS Terminal,No
T102192,C1138,2025-05-15,33602.47,Online,Fuel,Hyderabad,Mobile,No
T102193,C2102,2024-08-22,8450.57,POS,Electronics,Mumbai,POS Terminal,No
T102194,C1321,2024-02-04,1753.74,POS,Utilities,Hyderabad,POS Terminal,No
T102195,C1029,2025-04-20,22463.37,Online,Fuel,Chennai,Desktop,No
T102196,C1627,2024-07-07,9476.99,ATM,Healthcare,Chennai,ATM Machine,No
T102197,C1415,2024-02-09,17358.99,ATM,Restaurant,Delhi,ATM Machine,No
T102198,C1574,2024-04-01,8245.06,POS,E-commerce,Delhi,POS Terminal,No
T102199,C2070,2024-10-27,7917.81,ATM,Healthcare,Pune,ATM Machine,No
T102200,C1568,2025-05-09,19547.61,ATM,E-commerce,Ahmedabad,ATM Machine,No
T102201,C1006,2025-02-05,5713.89,Online,Travel,Delhi,Tablet,No
T102202,C1338,2024-08-31,21242.91,Online,Entertainment,Delhi,Mobile,No
T102203,C1901,2024-08-05,1319.48,ATM,Fashion,Pune,ATM Machine,No
T102204,C1241,2024-05-03,14928.13,ATM,Healthcare,Kolkata,ATM Machine,No
T102205,C1972,2024-06-30,13779.34,POS,Utilities,Pune,POS Terminal,No
T102206,C1439,2025-05-04,14145.86,Online,Fuel,Bangalore,Desktop,No
T102207,C2004,2024-12-21,12889.29,POS,Electronics,Jaipur,POS Terminal,No
T102208,C1714,2024-04-01,14752.47,Online,Entertainment,Ahmedabad,Tablet,No
T102209,C1869,2024-04-19,18260.02,ATM,Utilities,Hyderabad,ATM Machine,No
T102210,C1367,2025-04-22,15202.26,ATM,Grocery,Hyderabad,ATM Machine,No
T102211,C2078,2024-04-09,40284.36,Online,E-commerce,Chennai,Desktop,No
T102212,C1756,2025-04-13,368.3,POS,Utilities,Mumbai,POS Terminal,No
T102213,C1069,2024-11-27,14445.87,POS,Fashion,Kolkata,POS Terminal,No
T102214,C1519,2024-05-20,14670.08,ATM,Grocery,Lucknow,ATM Machine,No
T102215,C1965,2024-11-07,6442.65,ATM,Fashion,Ahmedabad,ATM Machine,No
T102216,C2118,2025-02-17,41503.85,Online,Grocery,Pune,Mobile,No
T102217,C1314,2024-12-27,5989.66,ATM,Restaurant,Bangalore,ATM Machine,No
T102218,C1245,2024-01-29,13104.03,POS,Grocery,Pune,POS Terminal,No
T102219,C2115,2024-05-22,5806.5,Online,E-commerce,Mumbai,Desktop,No
T102220,C1649,2025-04-04,14221.88,ATM,Restaurant,Lucknow,ATM Machine,No
T102221,C1751,2024-09-21,27126.78,Online,Healthcare,Kolkata,Tablet,No
T102222,C1134,2024-04-08,2382.42,ATM,Restaurant,Chennai,ATM Machine,No
T102223,C1909,2024-01-23,3704.22,POS,E-commerce,Hyderabad,POS Terminal,No
T102224,C1839,2024-03-29,741.88,ATM,Grocery,Chennai,ATM Machine,No
T102225,C1719,2024-03-01,7084.64,POS,Fashion,Lucknow,POS Terminal,No
T102226,C1177,2024-10-16,4588.85,POS,Electronics,Delhi,POS Terminal,No
T102227,C1374,2025-01-08,29998.2,Online,Restaurant,Pune,Tablet,No
T102228,C1042,2025-01-27,15002.44,Online,Grocery,Hyderabad,Tablet,No
T102229,C1167,2025-03-25,6348.42,ATM,Travel,Chennai,ATM Machine,No
T102230,C1392,2025-01-17,14992.27,ATM,Restaurant,Chennai,ATM Machine,No
T102231,C1588,2024-04-01,817.33,POS,Restaurant,Lucknow,POS Terminal,No
T102232,C1463,2025-03-03,45164.17,Online,Fuel,Hyderabad,Mobile,No
T102233,C1532,2024-12-23,12798.73,POS,Fuel,Delhi,POS Terminal,No
T102234,C2186,2024-07-05,10050.29,POS,Utilities,Ahmedabad,POS Terminal,No
T102235,C1350,2024-01-19,12067.82,ATM,Healthcare,Bangalore,ATM Machine,No
T102236,C1432,2024-12-25,13395.31,POS,Entertainment,Chennai,POS Terminal,No
T102237,C2032,2024-10-09,4113.94,ATM,Fuel,Delhi,ATM Machine,No
T102238,C1432,2024-05-12,4132.66,Online,Fashion,Chennai,Mobile,No
T102239,C2059,2024-12-03,5170.45,ATM,Restaurant,Ahmedabad,ATM Machine,No
T102240,C1662,2024-07-09,15994.28,ATM,Healthcare,Lucknow,ATM Machine,No
T102241,C1661,2024-12-25,1926.58,Online,Entertainment,Mumbai,Mobile,No
T102242,C1686,2024-06-21,11864.73,ATM,Electronics,Bangalore,ATM Machine,No
T102243,C1628,2024-03-24,14932.02,POS,Utilities,Bangalore,POS Terminal,No
T102244,C1900,2025-02-18,17186.07,ATM,Fashion,Lucknow,ATM Machine,No
T102245,C1891,2025-01-09,7869.54,POS,Fashion,Hyderabad,POS Terminal,No
T102246,C1765,2024-11-03,1048.25,POS,Fashion,Kolkata,POS Terminal,No
T102247,C1480,2025-01-25,16711.78,ATM,Electronics,Kolkata,ATM Machine,No
T102248,C1552,2025-05-03,12180.08,ATM,Healthcare,Lucknow,ATM Machine,Yes
T102249,C2049,2024-03-26,1812.5,POS,E-commerce,Jaipur,POS Terminal,No
T102250,C2164,2025-01-19,4874.09,Online,Restaurant,Pune,Mobile,No
T102251,C1634,2025-02-09,45499.42,Online,Entertainment,Ahmedabad,Desktop,No
T102252,C1002,2024-12-03,33526.17,Online,Travel,Bangalore,Desktop,No
T102253,C1379,2024-04-30,41498.48,Online,Healthcare,Delhi,Tablet,No
T102254,C2138,2025-03-08,13196.79,POS,Grocery,Ahmedabad,POS Terminal,No
T102255,C1205,2024-08-29,11649.56,ATM,Healthcare,Hyderabad,ATM Machine,No
T102256,C1771,2025-03-01,7809.95,POS,Travel,Delhi,POS Terminal,No
T102257,C1652,2025-01-25,21635.29,Online,Healthcare,Pune,Desktop,No
T102258,C1870,2024-11-01,4822.5,POS,Utilities,Delhi,POS Terminal,No
T102259,C1056,2024-04-23,8974.62,ATM,Restaurant,Hyderabad,ATM Machine,No
T102260,C1697,2024-09-13,38739.21,Online,E-commerce,Lucknow,Desktop,No
T102261,C1472,2024-03-11,9068.66,POS,Travel,Mumbai,POS Terminal,No
T102262,C1892,2024-02-17,13398.6,POS,Healthcare,Bangalore,POS Terminal,No
T102263,C1584,2024-06-08,6706.36,POS,Fashion,Mumbai,POS Terminal,No
T102264,C1864,2024-04-01,30433.06,Online,Healthcare,Jaipur,Mobile,No
T102265,C1170,2024-06-26,12810.5,ATM,Electronics,Kolkata,ATM Machine,No
T102266,C1026,2024-03-23,8916.29,POS,Restaurant,Lucknow,POS Terminal,No
T102267,C1932,2024-01-06,10569.24,POS,Healthcare,Kolkata,POS Terminal,No
T102268,C1621,2024-08-05,3637.76,POS,Electronics,Lucknow,POS Terminal,No
T102269,C1923,2024-09-14,7734.22,POS,Fashion,Pune,POS Terminal,No
T102270,C1748,2024-02-27,5390.4,Online,Healthcare,Jaipur,Desktop,No
T102271,C1164,2024-03-17,19348.66,Online,Entertainment,Lucknow,Desktop,No
T102272,C1932,2024-08-10,24485.82,Online,Fashion,Chennai,Mobile,No
T102273,C2003,2024-08-23,9818.14,POS,Grocery,Lucknow,POS Terminal,No
T102274,C1517,2024-08-05,14262.91,POS,Fuel,Mumbai,POS Terminal,No
T102275,C1367,2024-05-30,9049.7,POS,Healthcare,Mumbai,POS Terminal,No
T102276,C1610,2024-11-21,37230.98,Online,E-commerce,Delhi,Desktop,No
T102277,C2089,2025-01-13,7643.36,POS,Travel,Bangalore,POS Terminal,No
T102278,C1194,2024-03-05,12865.03,ATM,Restaurant,Ahmedabad,ATM Machine,No
T102279,C1563,2024-06-25,1156.89,POS,E-commerce,Hyderabad,POS Terminal,No
T102280,C2073,2024-10-18,3890.43,POS,Grocery,Delhi,POS Terminal,No
T102281,C1079,2024-03-16,7556.14,ATM,Electronics,Kolkata,ATM Machine,No
T102282,C1162,2024-06-21,9713.62,ATM,Fuel,Kolkata,ATM Machine,No
T102283,C1377,2025-05-01,1390.15,ATM,Fuel,Delhi,ATM Machine,No
T102284,C1888,2025-05-09,7173.2,Online,Travel,Lucknow,Desktop,No
T102285,C2053,2024-10-03,13985.35,Online,Grocery,Pune,Tablet,No
T102286,C1895,2024-05-20,19444.89,ATM,Restaurant,Chennai,ATM Machine,No
T102287,C1094,2024-11-05,5037.07,POS,Restaurant,Chennai,POS Terminal,No
T102288,C1834,2024-04-16,24205.64,Online,Healthcare,Bangalore,Desktop,No
T102289,C1652,2024-02-19,9965.67,Online,Travel,Mumbai,Tablet,No
T102290,C1131,2024-11-09,9200.62,POS,E-commerce,Ahmedabad,POS Terminal,No
T102291,C1674,2024-10-04,4282.18,POS,Fashion,Jaipur,POS Terminal,Yes
T102292,C1698,2024-06-12,3184.19,POS,Fashion,Bangalore,POS Terminal,No
T102293,C2022,2024-04-17,10573.17,ATM,Restaurant,Kolkata,ATM Machine,No
T102294,C1067,2024-12-04,607.36,ATM,Electronics,Ahmedabad,ATM Machine,No
T102295,C1708,2024-02-12,581.67,Online,Utilities,Pune,Desktop,No
T102296,C1646,2024-08-19,4771.84,ATM,Fashion,Mumbai,ATM Machine,No
T102297,C2198,2024-03-26,1216.07,ATM,Entertainment,Lucknow,ATM Machine,No
T102298,C1048,2025-01-19,1709.58,POS,Utilities,Ahmedabad,POS Terminal,No
T102299,C1769,2025-04-16,7107.78,ATM,Restaurant,Kolkata,ATM Machine,No
T102300,C1253,2024-02-19,12058.53,POS,Travel,Hyderabad,POS Terminal,No
T102301,C2169,2024-05-28,28688.02,Online,Restaurant,Kolkata,Tablet,No
T102302,C1446,2024-08-02,10497.02,ATM,Fuel,Pune,ATM Machine,No
T102303,C1217,2024-12-06,6223.03,ATM,Entertainment,Jaipur,ATM Machine,No
T102304,C1804,2024-04-25,13983.13,POS,Fashion,Ahmedabad,POS Terminal,No
T102305,C1921,2024-03-21,19971.35,Online,Healthcare,Chennai,Mobile,No
T102306,C1685,2025-01-25,1397.68,POS,Restaurant,Delhi,POS Terminal,No
T102307,C1857,2025-05-13,9294.29,POS,Healthcare,Hyderabad,POS Terminal,No
T102308,C1460,2024-03-11,2719.85,ATM,E-commerce,Jaipur,ATM Machine,No
T102309,C2169,2025-01-09,5243.82,POS,Grocery,Pune,POS Terminal,No
T102310,C1341,2024-10-18,10394.53,ATM,Fashion,Delhi,ATM Machine,No
T102311,C1047,2025-01-15,17547.34,ATM,Healthcare,Jaipur,ATM Machine,No
T102312,C1396,2025-03-11,24778.62,Online,Fashion,Pune,Tablet,No
T102313,C1359,2024-08-29,14194.05,ATM,Travel,Pune,ATM Machine,No
T102314,C1133,2025-04-02,49642.28,Online,Travel,Lucknow,Desktop,No
T102315,C1909,2024-05-03,6748.16,Online,Fashion,Jaipur,Tablet,No
T102316,C1679,2025-03-22,13881.63,Online,Travel,Ahmedabad,Tablet,No
T102317,C1015,2025-01-18,19849.89,Online,Healthcare,Jaipur,Desktop,No
T102318,C1145,2025-02-04,6385.24,POS,Fuel,Jaipur,POS Terminal,No
T102319,C2094,2024-12-31,20668.85,Online,Fashion,Ahmedabad,Tablet,No
T102320,C1816,2025-02-28,18198.41,ATM,Grocery,Pune,ATM Machine,No
T102321,C2048,2024-11-18,14423.64,ATM,Fashion,Kolkata,ATM Machine,No
T102322,C1213,2024-03-15,9157.79,POS,E-commerce,Delhi,POS Terminal,No
T102323,C1751,2024-07-30,6532.77,ATM,Entertainment,Bangalore,ATM Machine,No
T102324,C1989,2024-04-17,12374.48,POS,Electronics,Pune,POS Terminal,No
T102325,C1152,2024-08-22,19123.68,ATM,Fashion,Hyderabad,ATM Machine,No
T102326,C1702,2024-05-31,16513.37,ATM,Fashion,Pune,ATM Machine,No
T102327,C1529,2024-10-17,123.32,POS,E-commerce,Mumbai,POS Terminal,No
T102328,C1304,2024-09-24,9582.38,POS,Grocery,Hyderabad,POS Terminal,No
T102329,C2155,2024-07-04,1497.14,ATM,Fuel,Chennai,ATM Machine,No
T102330,C1325,2024-10-17,5523.34,ATM,Fuel,Ahmedabad,ATM Machine,No
T102331,C1604,2024-03-20,1660.73,ATM,Restaurant,Bangalore,ATM Machine,No
T102332,C1787,2024-05-11,12274.01,ATM,Travel,Mumbai,ATM Machine,No
T102333,C2195,2024-06-04,34392.18,Online,E-commerce,Mumbai,Desktop,No
T102334,C2042,2025-01-16,2732.51,ATM,Healthcare,Ahmedabad,ATM Machine,No
T102335,C1349,2025-05-12,5819.2,POS,Restaurant,Lucknow,POS Terminal,No
T102336,C1644,2024-09-24,6897.92,POS,Healthcare,Ahmedabad,POS Terminal,No
T102337,C2076,2024-09-03,18578.84,Online,Fashion,Kolkata,Mobile,No
T102338,C1133,2024-06-24,6227.05,Online,Fuel,Hyderabad,Mobile,No
T102339,C1245,2024-11-28,21063.6,Online,Entertainment,Ahmedabad,Desktop,No
T102340,C1025,2025-03-06,15147.97,ATM,Utilities,Hyderabad,ATM Machine,No
T102341,C1745,2024-12-06,3736.18,Online,Healthcare,Delhi,Desktop,No
T102342,C1556,2024-10-10,2063.51,ATM,Utilities,Delhi,ATM Machine,No
T102343,C1115,2024-08-16,7418.04,ATM,Utilities,Hyderabad,ATM Machine,No
T102344,C1375,2024-12-19,18863.65,ATM,Travel,Hyderabad,ATM Machine,No
T102345,C1935,2024-03-31,33494.92,Online,E-commerce,Chennai,Tablet,No
T102346,C1390,2025-01-10,33997.76,Online,Restaurant,Jaipur,Desktop,No
T102347,C1467,2024-05-04,7557.44,ATM,E-commerce,Ahmedabad,ATM Machine,No
T102348,C2100,2025-03-27,29764.31,Online,Entertainment,Delhi,Mobile,No
T102349,C1906,2024-02-12,250.95,POS,Travel,Delhi,POS Terminal,No
T102350,C1441,2024-11-02,9577.83,POS,Fuel,Lucknow,POS Terminal,Yes
T102351,C1881,2025-03-16,45681.69,Online,Fashion,Hyderabad,Tablet,No
T102352,C1935,2024-01-01,9227.34,POS,Healthcare,Lucknow,POS Terminal,No
T102353,C1362,2024-06-17,17537.12,ATM,Fashion,Jaipur,ATM Machine,No
T102354,C1614,2024-05-15,14617.47,ATM,Travel,Pune,ATM Machine,No
T102355,C2150,2024-09-14,1896.32,POS,Fashion,Delhi,POS Terminal,No
T102356,C1374,2024-09-06,45142.17,Online,Entertainment,Jaipur,Desktop,No
T102357,C1367,2024-02-03,1090.01,POS,Fuel,Delhi,POS Terminal,No
T102358,C1908,2024-06-24,10912.37,ATM,Utilities,Bangalore,ATM Machine,No
T102359,C1223,2025-01-25,7278.43,Online,Travel,Chennai,Tablet,No
T102360,C2087,2024-08-29,782.99,Online,Fuel,Lucknow,Mobile,No
T102361,C1317,2024-06-14,21217.31,Online,Travel,Kolkata,Mobile,No
T102362,C1322,2024-06-15,6253.29,ATM,Fashion,Lucknow,ATM Machine,No
T102363,C1552,2024-04-27,7341.41,POS,Fashion,Chennai,POS Terminal,No
T102364,C1628,2024-06-19,11755.4,ATM,Entertainment,Pune,ATM Machine,No
T102365,C1872,2024-10-15,751.71,POS,Healthcare,Mumbai,POS Terminal,No
T102366,C1828,2024-01-29,1932.75,POS,Entertainment,Bangalore,POS Terminal,No
T102367,C1562,2024-01-10,11393.53,ATM,Travel,Hyderabad,ATM Machine,No
T102368,C1525,2024-05-30,5213.19,POS,Grocery,Pune,POS Terminal,No
T102369,C1784,2024-06-15,14718.88,ATM,Utilities,Hyderabad,ATM Machine,No
T102370,C2031,2024-08-13,9819.15,POS,Electronics,Delhi,POS Terminal,No
T102371,C1667,2025-01-05,12699.51,POS,E-commerce,Ahmedabad,POS Terminal,No
T102372,C1095,2025-02-03,14003.61,ATM,Healthcare,Ahmedabad,ATM Machine,No
T102373,C1769,2024-01-31,21610.57,Online,Grocery,Pune,Desktop,No
T102374,C1898,2025-04-17,10127.2,POS,Electronics,Ahmedabad,POS Terminal,No
T102375,C1152,2024-06-15,5869.93,ATM,Healthcare,Bangalore,ATM Machine,No
T102376,C1613,2024-10-20,15454.41,Online,Utilities,Delhi,Desktop,No
T102377,C2173,2024-10-06,15885.21,ATM,Fuel,Jaipur,ATM Machine,No
T102378,C1597,2024-12-19,22431.69,Online,Restaurant,Delhi,Tablet,No
T102379,C1643,2025-05-05,11995.87,POS,Fashion,Hyderabad,POS Terminal,No
T102380,C1960,2024-04-26,12354.09,POS,Entertainment,Pune,POS Terminal,No
T102381,C1531,2024-05-10,17222.47,ATM,Grocery,Bangalore,ATM Machine,No
T102382,C1842,2024-08-06,13757.87,POS,Fashion,Mumbai,POS Terminal,No
T102383,C1124,2025-04-12,8904.21,ATM,Entertainment,Mumbai,ATM Machine,No
T102384,C1066,2025-05-06,6717.9,ATM,Entertainment,Jaipur,ATM Machine,No
T102385,C2178,2024-06-19,11852.88,ATM,Electronics,Delhi,ATM Machine,No
T102386,C2144,2025-02-03,18684.39,Online,Utilities,Bangalore,Tablet,No
T102387,C1180,2024-10-20,9056.01,POS,E-commerce,Hyderabad,POS Terminal,No
T102388,C1883,2025-02-22,10613.23,POS,Fashion,Ahmedabad,POS Terminal,No
T102389,C1312,2024-11-29,10357.23,POS,Electronics,Bangalore,POS Terminal,No
T102390,C1696,2024-08-20,7803.78,ATM,Healthcare,Mumbai,ATM Machine,No
T102391,C1602,2024-01-04,3753.77,ATM,Healthcare,Mumbai,ATM Machine,Yes
T102392,C1661,2024-08-06,21640.36,Online,Fuel,Hyderabad,Tablet,No
T102393,C1669,2024-09-29,2224.65,POS,Travel,Lucknow,POS Terminal,No
T102394,C2182,2024-03-19,44526.83,Online,Restaurant,Hyderabad,Desktop,No
T102395,C1054,2024-09-30,7244.61,ATM,Grocery,Bangalore,ATM Machine,No
T102396,C1142,2024-06-16,2401.45,POS,Travel,Hyderabad,POS Terminal,No
T102397,C1335,2024-08-05,479.17,POS,Travel,Hyderabad,POS Terminal,No
T102398,C1056,2024-03-11,9722.75,POS,Electronics,Kolkata,POS Terminal,Yes
T102399,C1428,2024-07-13,31917.74,Online,Fashion,Ahmedabad,Desktop,No
T102400,C1780,2024-10-29,17162.09,Online,Electronics,Bangalore,Tablet,No
T102401,C2058,2024-03-03,3771.25,Online,Travel,Delhi,Desktop,No
T102402,C1734,2025-01-18,6203.47,POS,Healthcare,Hyderabad,POS Terminal,No
T102403,C1186,2025-02-13,6568.74,ATM,Entertainment,Ahmedabad,ATM Machine,No
T102404,C1230,2025-04-28,10189.1,POS,Grocery,Mumbai,POS Terminal,No
T102405,C1861,2024-07-23,30367.81,Online,Entertainment,Pune,Desktop,No
T102406,C1890,2025-04-29,7609.58,ATM,Fuel,Hyderabad,ATM Machine,No
T102407,C1173,2024-11-29,4748.9,ATM,Healthcare,Ahmedabad,ATM Machine,Yes
T102408,C1563,2025-01-08,19766.7,ATM,Entertainment,Mumbai,ATM Machine,No
T102409,C1510,2024-03-31,9353.03,ATM,Grocery,Bangalore,ATM Machine,No
T102410,C1288,2024-12-21,10355.29,POS,Grocery,Mumbai,POS Terminal,No
T102411,C1430,2025-03-19,3240.78,ATM,Fuel,Pune,ATM Machine,No
T102412,C1323,2024-08-02,24382.37,Online,Restaurant,Jaipur,Mobile,No
T102413,C1372,2024-07-05,1571.33,Online,Restaurant,Mumbai,Desktop,No
T102414,C1827,2024-11-16,7631.28,POS,Fuel,Lucknow,POS Terminal,No
T102415,C1053,2024-06-18,48208.07,Online,Fashion,Mumbai,Tablet,No
T102416,C1835,2024-01-24,7992.03,ATM,Healthcare,Lucknow,ATM Machine,No
T102417,C1348,2024-03-21,2142.0,Online,Grocery,Pune,Mobile,No
T102418,C1136,2024-02-27,561.24,POS,Fashion,Kolkata,POS Terminal,No
T102419,C2100,2024-08-13,19521.74,Online,E-commerce,Mumbai,Desktop,No
T102420,C1527,2024-03-06,2484.37,POS,Utilities,Pune,POS Terminal,No
T102421,C1198,2024-09-01,447.95,POS,E-commerce,Hyderabad,POS Terminal,No
T102422,C2055,2024-03-07,37859.44,Online,Travel,Delhi,Tablet,No
T102423,C1828,2024-05-24,9441.2,ATM,Electronics,Hyderabad,ATM Machine,No
T102424,C1379,2025-01-08,6140.27,ATM,Fuel,Pune,ATM Machine,No
T102425,C1947,2024-12-08,18051.62,ATM,Utilities,Jaipur,ATM Machine,No
T102426,C1547,2025-01-24,5983.72,Online,Entertainment,Kolkata,Desktop,No
T102427,C2187,2025-01-12,47804.76,Online,Healthcare,Mumbai,Mobile,No
T102428,C1030,2024-03-14,6622.35,ATM,Grocery,Hyderabad,ATM Machine,No
T102429,C1661,2024-01-06,17823.87,ATM,Fashion,Ahmedabad,ATM Machine,No
T102430,C1385,2024-11-17,12257.39,ATM,Healthcare,Ahmedabad,ATM Machine,No
T102431,C1929,2024-11-14,12417.94,POS,Utilities,Ahmedabad,POS Terminal,No
T102432,C1573,2024-12-01,19688.26,ATM,Entertainment,Pune,ATM Machine,No
T102433,C1382,2024-05-10,4397.24,POS,Fashion,Jaipur,POS Terminal,No
T102434,C1198,2024-12-08,14420.92,POS,Utilities,Chennai,POS Terminal,No
T102435,C1749,2024-08-06,8094.9,ATM,Grocery,Jaipur,ATM Machine,No
T102436,C1466,2025-05-14,5844.13,POS,Electronics,Delhi,POS Terminal,No
T102437,C1606,2024-03-05,5171.77,POS,Fuel,Ahmedabad,POS Terminal,No
T102438,C1170,2025-05-09,11057.45,ATM,Restaurant,Kolkata,ATM Machine,No
T102439,C2047,2024-04-09,7876.42,Online,Travel,Mumbai,Mobile,No
T102440,C1725,2024-09-26,11297.37,ATM,Restaurant,Lucknow,ATM Machine,No
T102441,C2076,2024-01-25,11063.24,ATM,Entertainment,Jaipur,ATM Machine,No
T102442,C2088,2024-03-26,11452.34,POS,Restaurant,Delhi,POS Terminal,No
T102443,C1464,2025-03-07,16756.17,ATM,Restaurant,Jaipur,ATM Machine,No
T102444,C1869,2025-03-15,22133.98,Online,Fuel,Mumbai,Desktop,No
T102445,C2069,2025-05-12,4604.77,POS,Fashion,Ahmedabad,POS Terminal,No
T102446,C1615,2024-01-01,13114.88,Online,Fuel,Jaipur,Tablet,No
T102447,C1137,2024-01-31,2999.9,POS,Restaurant,Bangalore,POS Terminal,No
T102448,C1329,2025-01-26,3070.85,Online,Healthcare,Bangalore,Tablet,No
T102449,C1397,2024-05-07,5202.47,POS,Electronics,Hyderabad,POS Terminal,No
T102450,C1566,2024-03-12,4126.69,POS,Electronics,Lucknow,POS Terminal,No
T102451,C1311,2024-04-15,14499.62,POS,Restaurant,Chennai,POS Terminal,No
T102452,C1023,2024-11-22,27973.9,Online,Utilities,Chennai,Tablet,No
T102453,C1965,2024-04-28,7271.9,ATM,Fashion,Chennai,ATM Machine,No
T102454,C2109,2025-01-15,11819.12,ATM,Fashion,Bangalore,ATM Machine,No
T102455,C1700,2025-03-24,2174.03,POS,Grocery,Kolkata,POS Terminal,No
T102456,C1524,2024-02-27,9158.85,ATM,Fashion,Kolkata,ATM Machine,No
T102457,C1998,2025-01-23,9430.89,POS,Travel,Jaipur,POS Terminal,No
T102458,C1743,2024-05-03,10033.51,ATM,Fashion,Kolkata,ATM Machine,No
T102459,C1216,2025-03-18,6086.5,POS,Fuel,Chennai,POS Terminal,No
T102460,C1674,2024-08-02,19880.04,ATM,Fuel,Pune,ATM Machine,No
T102461,C1208,2024-12-31,13216.69,POS,Travel,Lucknow,POS Terminal,No
T102462,C1889,2024-12-06,9388.75,POS,Electronics,Ahmedabad,POS Terminal,No
T102463,C2159,2024-07-11,11602.86,ATM,Utilities,Kolkata,ATM Machine,No
T102464,C1221,2024-10-29,12602.88,ATM,Electronics,Lucknow,ATM Machine,No
T102465,C1489,2024-07-03,4425.59,ATM,E-commerce,Kolkata,ATM Machine,No
T102466,C1082,2024-06-26,8205.19,ATM,Fashion,Ahmedabad,ATM Machine,No
T102467,C2071,2024-01-20,687.95,POS,Healthcare,Mumbai,POS Terminal,No
T102468,C1371,2024-01-13,9773.15,ATM,Entertainment,Delhi,ATM Machine,No
T102469,C1845,2025-02-14,27242.62,Online,Fashion,Chennai,Desktop,No
T102470,C1705,2024-06-29,11541.94,Online,Fuel,Ahmedabad,Mobile,No
T102471,C1539,2025-01-28,48208.64,Online,Travel,Jaipur,Tablet,No
T102472,C1822,2025-01-20,13650.87,POS,Restaurant,Ahmedabad,POS Terminal,No
T102473,C1684,2024-06-29,14581.79,ATM,Utilities,Hyderabad,ATM Machine,No
T102474,C1627,2024-02-21,10901.04,ATM,Electronics,Kolkata,ATM Machine,No
T102475,C2019,2024-11-23,43524.46,Online,Healthcare,Hyderabad,Desktop,No
T102476,C1995,2024-06-28,2046.72,POS,Fashion,Pune,POS Terminal,No
T102477,C1346,2024-06-14,39567.39,Online,Electronics,Hyderabad,Tablet,No
T102478,C2037,2024-12-24,2934.01,ATM,Utilities,Chennai,ATM Machine,No
T102479,C2103,2024-04-01,11933.74,POS,E-commerce,Delhi,POS Terminal,No
T102480,C1186,2024-12-30,5877.47,ATM,Healthcare,Chennai,ATM Machine,No
T102481,C1697,2024-09-29,13168.65,POS,Healthcare,Bangalore,POS Terminal,No
T102482,C1213,2025-03-08,18908.82,ATM,Fuel,Lucknow,ATM Machine,No
T102483,C1169,2024-06-14,7610.04,Online,Fashion,Mumbai,Mobile,No
T102484,C1561,2024-01-14,6993.87,POS,Travel,Hyderabad,POS Terminal,No
T102485,C1463,2024-08-13,19629.25,ATM,Travel,Bangalore,ATM Machine,Yes
T102486,C1500,2025-05-08,24273.69,Online,E-commerce,Ahmedabad,Desktop,No
T102487,C2129,2024-10-17,43204.67,Online,Healthcare,Bangalore,Tablet,No
T102488,C2179,2025-03-30,8872.1,POS,Fuel,Pune,POS Terminal,No
T102489,C1540,2024-08-08,5692.42,POS,Entertainment,Hyderabad,POS Terminal,No
T102490,C1732,2024-02-09,6072.78,ATM,Restaurant,Pune,ATM Machine,No
T102491,C1506,2025-02-11,4462.85,ATM,E-commerce,Bangalore,ATM Machine,No
T102492,C2040,2024-12-28,11450.79,POS,Utilities,Pune,POS Terminal,No
T102493,C1467,2025-01-03,5859.45,POS,Utilities,Hyderabad,POS Terminal,No
T102494,C2177,2025-03-04,25661.52,Online,Fashion,Lucknow,Desktop,No
T102495,C1894,2024-02-03,24717.81,Online,Grocery,Jaipur,Desktop,No
T102496,C1118,2025-04-03,8701.46,POS,Fashion,Bangalore,POS Terminal,No
T102497,C1726,2024-02-03,17378.75,ATM,Fuel,Lucknow,ATM Machine,No
T102498,C1057,2024-12-31,19624.42,ATM,Fashion,Kolkata,ATM Machine,No
T102499,C1274,2024-07-21,20497.69,Online,Fashion,Chennai,Tablet,No
T102500,C1624,2024-06-18,41410.44,Online,E-commerce,Jaipur,Desktop,No
T102501,C2106,2024-12-14,15408.29,ATM,Entertainment,Mumbai,ATM Machine,No
T102502,C1109,2024-12-30,8645.58,POS,E-commerce,Delhi,POS Terminal,No
T102503,C1146,2024-11-10,47811.15,Online,Utilities,Kolkata,Tablet,No
T102504,C1399,2024-05-07,4409.25,ATM,Restaurant,Bangalore,ATM Machine,Yes
T102505,C2014,2025-01-08,5641.36,Online,Entertainment,Delhi,Mobile,No
T102506,C2176,2024-12-24,17152.26,ATM,Healthcare,Kolkata,ATM Machine,No
T102507,C1972,2024-03-11,6643.33,POS,Restaurant,Delhi,POS Terminal,No
T102508,C1364,2024-12-28,12719.84,POS,Fuel,Ahmedabad,POS Terminal,No
T102509,C1534,2024-07-24,44675.89,Online,Travel,Pune,Tablet,No
T102510,C1696,2024-08-19,3310.39,Online,Utilities,Chennai,Mobile,No
T102511,C1125,2024-10-12,44196.55,Online,Entertainment,Delhi,Mobile,Yes
T102512,C2084,2024-01-07,22526.29,Online,Entertainment,Kolkata,Desktop,Yes
T102513,C2164,2024-10-15,7705.44,POS,Electronics,Bangalore,POS Terminal,No
T102514,C2021,2024-04-03,12718.55,ATM,Travel,Pune,ATM Machine,No
T102515,C1317,2024-11-03,13903.1,POS,E-commerce,Bangalore,POS Terminal,No
T102516,C1364,2024-09-16,1151.98,Online,Fashion,Mumbai,Tablet,No
T102517,C2101,2025-03-30,23946.8,Online,Fuel,Chennai,Mobile,No
T102518,C1370,2024-10-29,13910.58,ATM,Restaurant,Delhi,ATM Machine,No
T102519,C1318,2024-11-09,10868.33,POS,Fashion,Jaipur,POS Terminal,No
T102520,C1918,2025-04-28,34688.12,Online,Utilities,Delhi,Desktop,No
T102521,C1290,2024-05-02,2103.08,POS,Travel,Kolkata,POS Terminal,No
T102522,C1121,2025-04-14,4560.99,POS,E-commerce,Delhi,POS Terminal,No
T102523,C1187,2024-12-05,7494.95,ATM,Entertainment,Jaipur,ATM Machine,No
T102524,C2090,2024-09-24,12086.11,POS,Utilities,Hyderabad,POS Terminal,No
T102525,C1278,2024-08-17,14082.24,Online,Fuel,Kolkata,Desktop,No
T102526,C1169,2024-09-08,10693.11,Online,Fashion,Delhi,Desktop,No
T102527,C1797,2024-06-05,14365.98,POS,Fuel,Mumbai,POS Terminal,No
T102528,C1086,2024-04-06,641.39,Online,Fuel,Lucknow,Tablet,No
T102529,C2112,2024-03-29,19957.51,ATM,Entertainment,Mumbai,ATM Machine,No
T102530,C1097,2025-05-09,10184.64,POS,Healthcare,Hyderabad,POS Terminal,No
T102531,C2102,2024-01-27,16655.15,ATM,Healthcare,Jaipur,ATM Machine,No
T102532,C1366,2024-09-17,4489.83,POS,Grocery,Hyderabad,POS Terminal,No
T102533,C1381,2025-04-01,912.9,Online,Entertainment,Delhi,Tablet,No
T102534,C1424,2024-10-19,14888.46,ATM,E-commerce,Mumbai,ATM Machine,No
T102535,C1782,2024-04-15,16765.82,ATM,Electronics,Chennai,ATM Machine,Yes
T102536,C1493,2024-12-03,11133.09,POS,Restaurant,Kolkata,POS Terminal,No
T102537,C1762,2025-04-14,2228.47,POS,Grocery,Bangalore,POS Terminal,No
T102538,C1505,2024-11-14,15191.84,ATM,Fuel,Kolkata,ATM Machine,No
T102539,C1635,2024-04-14,15493.99,ATM,Fuel,Kolkata,ATM Machine,No
T102540,C1852,2025-02-25,9912.25,POS,Healthcare,Chennai,POS Terminal,No
T102541,C1389,2025-02-22,11515.13,POS,Fuel,Lucknow,POS Terminal,Yes
T102542,C1810,2024-01-22,16995.47,ATM,Fashion,Bangalore,ATM Machine,No
T102543,C1457,2024-02-06,12465.28,ATM,Electronics,Delhi,ATM Machine,No
T102544,C2001,2024-02-04,4612.51,Online,Utilities,Pune,Mobile,No
T102545,C1526,2025-05-04,10008.74,ATM,Healthcare,Chennai,ATM Machine,No
T102546,C1584,2025-03-14,2014.16,ATM,Fuel,Delhi,ATM Machine,No
T102547,C1809,2025-02-25,20495.64,Online,Electronics,Jaipur,Desktop,No
T102548,C2062,2024-01-19,6165.89,POS,Fashion,Delhi,POS Terminal,No
T102549,C1078,2025-03-02,1083.55,POS,Restaurant,Delhi,POS Terminal,No
T102550,C1139,2024-05-03,5297.43,POS,E-commerce,Pune,POS Terminal,No
T102551,C1293,2024-08-14,2664.46,ATM,Grocery,Jaipur,ATM Machine,No
T102552,C1388,2025-01-28,40450.11,Online,Entertainment,Mumbai,Tablet,Yes
T102553,C1313,2024-06-23,14220.55,POS,Restaurant,Pune,POS Terminal,No
T102554,C1116,2024-07-19,1177.52,POS,Restaurant,Chennai,POS Terminal,No
T102555,C1462,2024-04-04,19124.75,ATM,Travel,Pune,ATM Machine,No
T102556,C1899,2024-01-13,7886.39,POS,Electronics,Hyderabad,POS Terminal,No
T102557,C1590,2024-10-12,15118.37,Online,Restaurant,Jaipur,Desktop,No
T102558,C1134,2024-07-28,1998.81,ATM,Utilities,Mumbai,ATM Machine,No
T102559,C1348,2025-01-05,7559.3,POS,Entertainment,Mumbai,POS Terminal,No
T102560,C1213,2024-12-16,39766.87,Online,Grocery,Kolkata,Mobile,No
T102561,C1794,2025-01-28,14288.19,ATM,Electronics,Hyderabad,ATM Machine,No
T102562,C1073,2024-10-15,1479.41,ATM,Electronics,Mumbai,ATM Machine,No
T102563,C1976,2025-04-24,1921.59,ATM,Healthcare,Chennai,ATM Machine,No
T102564,C1793,2024-08-18,8356.03,ATM,Travel,Ahmedabad,ATM Machine,No
T102565,C1707,2024-11-21,4499.83,POS,Fashion,Bangalore,POS Terminal,No
T102566,C1738,2024-04-24,11772.74,Online,Fuel,Bangalore,Desktop,No
T102567,C1329,2024-07-07,5979.59,ATM,Grocery,Kolkata,ATM Machine,No
T102568,C1295,2024-01-22,12071.89,POS,Healthcare,Jaipur,POS Terminal,No
T102569,C1824,2024-03-05,18619.95,ATM,Entertainment,Hyderabad,ATM Machine,No
T102570,C1863,2025-03-28,6136.03,POS,Fashion,Ahmedabad,POS Terminal,No
T102571,C1796,2024-08-25,13601.05,POS,Entertainment,Pune,POS Terminal,No
T102572,C1273,2025-01-05,6769.17,ATM,Travel,Hyderabad,ATM Machine,No
T102573,C1392,2024-10-18,23926.56,Online,E-commerce,Pune,Desktop,No
T102574,C1837,2024-07-10,4907.57,ATM,Fuel,Hyderabad,ATM Machine,No
T102575,C1964,2024-02-25,12989.28,ATM,Fashion,Chennai,ATM Machine,No
T102576,C1845,2024-01-27,48953.26,Online,Travel,Pune,Tablet,No
T102577,C1788,2025-04-24,12268.12,ATM,Healthcare,Bangalore,ATM Machine,No
T102578,C1049,2024-12-21,18019.14,Online,Healthcare,Lucknow,Tablet,No
T102579,C2154,2025-01-28,32461.31,Online,Healthcare,Lucknow,Mobile,No
T102580,C1649,2024-08-27,6321.45,Online,Restaurant,Ahmedabad,Desktop,No
T102581,C2087,2025-01-11,17828.85,ATM,Grocery,Delhi,ATM Machine,No
T102582,C1176,2024-01-11,25253.58,Online,Grocery,Pune,Mobile,No
T102583,C1731,2024-04-13,9262.32,ATM,Restaurant,Hyderabad,ATM Machine,No
T102584,C1136,2024-07-04,11924.36,ATM,Entertainment,Lucknow,ATM Machine,No
T102585,C1915,2024-08-31,9409.28,POS,Restaurant,Chennai,POS Terminal,No
T102586,C2151,2024-03-22,3774.44,Online,Restaurant,Kolkata,Mobile,No
T102587,C1840,2024-03-22,13811.04,ATM,Utilities,Ahmedabad,ATM Machine,No
T102588,C1576,2024-12-19,12248.2,Online,Electronics,Bangalore,Desktop,No
T102589,C1081,2024-03-10,10737.89,POS,Fashion,Kolkata,POS Terminal,No
T102590,C1041,2024-10-27,16539.43,ATM,Entertainment,Ahmedabad,ATM Machine,No
T102591,C1373,2024-08-17,40237.13,Online,Fashion,Lucknow,Desktop,No
T102592,C1175,2025-03-29,8332.26,POS,Electronics,Bangalore,POS Terminal,No
T102593,C1615,2024-12-12,7850.53,POS,Restaurant,Delhi,POS Terminal,No
T102594,C1404,2025-05-07,3286.08,ATM,Entertainment,Chennai,ATM Machine,No
T102595,C1171,2024-06-30,15619.25,ATM,Fashion,Mumbai,ATM Machine,No
T102596,C1856,2024-03-27,4144.0,POS,Fuel,Hyderabad,POS Terminal,No
T102597,C2066,2025-04-07,24935.43,Online,Fashion,Pune,Mobile,No
T102598,C1490,2024-12-24,4335.68,POS,Fuel,Ahmedabad,POS Terminal,No
T102599,C1692,2024-01-21,2094.04,POS,Fashion,Delhi,POS Terminal,No
T102600,C1065,2024-03-07,12776.38,ATM,Grocery,Lucknow,ATM Machine,Yes
T102601,C1780,2024-04-12,909.55,POS,Healthcare,Kolkata,POS Terminal,No
T102602,C1554,2024-12-22,11254.81,POS,Entertainment,Pune,POS Terminal,No
T102603,C1870,2024-07-27,6692.94,ATM,Entertainment,Bangalore,ATM Machine,No
T102604,C1536,2024-10-09,206.71,Online,Fashion,Chennai,Desktop,No
T102605,C1922,2025-04-15,10467.02,ATM,Electronics,Pune,ATM Machine,No
T102606,C1233,2024-01-12,2533.23,Online,Electronics,Hyderabad,Mobile,No
T102607,C1134,2024-03-19,5885.31,ATM,Travel,Delhi,ATM Machine,No
T102608,C1020,2025-01-05,35407.43,Online,Entertainment,Lucknow,Mobile,No
T102609,C1944,2024-11-19,1034.08,POS,Electronics,Lucknow,POS Terminal,No
T102610,C1285,2024-04-12,16867.1,ATM,Electronics,Bangalore,ATM Machine,No
T102611,C1188,2024-01-02,156.92,POS,Travel,Hyderabad,POS Terminal,No
T102612,C1163,2024-07-17,3777.68,POS,Utilities,Hyderabad,POS Terminal,No
T102613,C1405,2024-12-28,11139.47,POS,E-commerce,Bangalore,POS Terminal,No
T102614,C1126,2024-08-14,15950.25,Online,Utilities,Mumbai,Mobile,No
T102615,C1405,2024-05-14,5274.24,Online,Utilities,Lucknow,Mobile,No
T102616,C1156,2024-04-06,18139.65,Online,Entertainment,Hyderabad,Mobile,No
T102617,C1608,2024-11-03,4128.86,POS,Utilities,Chennai,POS Terminal,No
T102618,C1514,2025-02-26,12656.41,POS,Travel,Jaipur,POS Terminal,Yes
T102619,C1516,2024-05-24,15804.73,Online,Electronics,Mumbai,Mobile,No
T102620,C1124,2024-11-13,11855.09,POS,Electronics,Ahmedabad,POS Terminal,Yes
T102621,C1181,2024-06-12,17891.51,ATM,Entertainment,Lucknow,ATM Machine,No
T102622,C1135,2024-10-18,6563.88,POS,Entertainment,Ahmedabad,POS Terminal,No
T102623,C1984,2024-07-08,13658.15,POS,Fuel,Ahmedabad,POS Terminal,No
T102624,C1390,2024-04-26,7857.7,ATM,Restaurant,Mumbai,ATM Machine,No
T102625,C1840,2024-08-26,14464.77,POS,Entertainment,Kolkata,POS Terminal,No
T102626,C1952,2024-08-19,4646.62,Online,Restaurant,Kolkata,Desktop,No
T102627,C1286,2025-02-07,10336.59,POS,Healthcare,Bangalore,POS Terminal,No
T102628,C1029,2024-08-10,10129.37,ATM,Restaurant,Bangalore,ATM Machine,No
T102629,C1377,2024-04-21,19504.91,Online,Grocery,Kolkata,Desktop,No
T102630,C1691,2024-04-11,31709.05,Online,Fashion,Kolkata,Mobile,No
T102631,C2126,2024-05-22,35252.08,Online,Travel,Ahmedabad,Tablet,No
T102632,C1887,2024-08-10,417.29,Online,Fashion,Mumbai,Desktop,No
T102633,C1138,2025-05-02,2587.6,POS,Fashion,Lucknow,POS Terminal,No
T102634,C1482,2024-09-22,10724.39,POS,Travel,Kolkata,POS Terminal,No
T102635,C1631,2024-11-19,33385.99,Online,Entertainment,Chennai,Tablet,No
T102636,C1250,2024-11-02,48309.17,Online,Utilities,Chennai,Desktop,No
T102637,C1263,2024-07-08,15340.24,ATM,Fashion,Delhi,ATM Machine,Yes
T102638,C1758,2024-08-01,47548.48,Online,Travel,Pune,Tablet,No
T102639,C1641,2024-11-20,10567.85,POS,Fuel,Jaipur,POS Terminal,No
T102640,C1679,2024-12-23,15043.0,Online,Restaurant,Pune,Tablet,No
T102641,C1469,2024-12-28,2554.62,ATM,E-commerce,Hyderabad,ATM Machine,No
T102642,C1511,2024-09-07,15745.57,ATM,Fashion,Mumbai,ATM Machine,No
T102643,C1196,2024-07-15,32278.63,Online,E-commerce,Pune,Mobile,No
T102644,C1948,2024-11-04,1439.63,ATM,Fuel,Delhi,ATM Machine,No
T102645,C1396,2025-02-09,5464.75,POS,Restaurant,Pune,POS Terminal,No
T102646,C1121,2024-08-30,47848.63,Online,Travel,Mumbai,Desktop,No
T102647,C1989,2024-10-14,25119.98,Online,Fuel,Pune,Desktop,No
T102648,C2099,2024-04-12,8938.22,ATM,Travel,Lucknow,ATM Machine,No
T102649,C1606,2025-01-10,22993.44,Online,Travel,Jaipur,Tablet,No
T102650,C1771,2024-08-04,4573.21,ATM,Grocery,Chennai,ATM Machine,No
T102651,C1296,2024-05-31,18561.62,Online,Grocery,Kolkata,Mobile,No
T102652,C1303,2024-08-16,7711.36,ATM,Healthcare,Jaipur,ATM Machine,No
T102653,C1910,2025-01-23,880.09,POS,Electronics,Chennai,POS Terminal,No
T102654,C1406,2024-12-27,15467.57,ATM,Fashion,Chennai,ATM Machine,No
T102655,C1264,2024-06-14,20941.92,Online,Electronics,Mumbai,Desktop,No
T102656,C1756,2024-03-13,12350.48,POS,Healthcare,Jaipur,POS Terminal,Yes
T102657,C1890,2024-11-26,12770.19,POS,Healthcare,Bangalore,POS Terminal,No
T102658,C1071,2024-11-25,3258.71,POS,Entertainment,Lucknow,POS Terminal,No
T102659,C1081,2025-03-28,13318.39,ATM,Grocery,Bangalore,ATM Machine,No
T102660,C1140,2024-03-12,23719.63,Online,Electronics,Jaipur,Mobile,No
T102661,C1482,2024-02-17,13214.34,POS,Entertainment,Pune,POS Terminal,No
T102662,C1704,2025-01-19,10943.89,Online,Fashion,Kolkata,Tablet,No
T102663,C1853,2024-11-24,10199.42,POS,Restaurant,Jaipur,POS Terminal,No
T102664,C1425,2024-08-17,30466.06,Online,Electronics,Chennai,Mobile,No
T102665,C2143,2024-01-13,14906.01,Online,Travel,Ahmedabad,Mobile,No
T102666,C1477,2025-05-01,7002.73,Online,Restaurant,Jaipur,Desktop,No
T102667,C1811,2024-01-10,13206.98,ATM,Fuel,Ahmedabad,ATM Machine,Yes
T102668,C1850,2024-10-08,36982.15,Online,Grocery,Hyderabad,Tablet,No
T102669,C1471,2024-10-25,4802.85,POS,Grocery,Pune,POS Terminal,No
T102670,C2192,2025-03-27,9708.01,POS,Utilities,Bangalore,POS Terminal,No
T102671,C1312,2024-10-01,19877.52,Online,E-commerce,Chennai,Desktop,No
T102672,C2047,2024-07-17,35717.7,Online,Travel,Lucknow,Desktop,No
T102673,C1670,2025-04-04,3068.31,POS,Healthcare,Delhi,POS Terminal,No
T102674,C1925,2024-01-15,13364.2,POS,E-commerce,Jaipur,POS Terminal,No
T102675,C1420,2024-04-04,14513.0,Online,Grocery,Kolkata,Mobile,No
T102676,C1422,2024-04-12,7671.83,ATM,Fuel,Hyderabad,ATM Machine,No
T102677,C1622,2024-07-03,965.57,POS,Grocery,Hyderabad,POS Terminal,No
T102678,C1517,2024-04-21,2674.49,ATM,Grocery,Chennai,ATM Machine,Yes
T102679,C1371,2025-03-16,7786.34,POS,Travel,Ahmedabad,POS Terminal,No
T102680,C1796,2025-01-03,4087.13,POS,Fashion,Kolkata,POS Terminal,No
T102681,C1339,2025-04-16,12548.66,POS,Fashion,Jaipur,POS Terminal,No
T102682,C1509,2024-02-09,786.52,ATM,Electronics,Mumbai,ATM Machine,No
T102683,C1103,2025-03-14,19078.88,Online,Fuel,Mumbai,Desktop,No
T102684,C2164,2025-05-07,16999.81,Online,Electronics,Mumbai,Desktop,No
T102685,C1391,2025-05-12,387.98,POS,Entertainment,Delhi,POS Terminal,No
T102686,C1046,2024-06-01,6393.55,Online,Electronics,Chennai,Mobile,No
T102687,C1420,2024-03-02,8566.03,ATM,Grocery,Ahmedabad,ATM Machine,No
T102688,C1231,2024-02-14,10110.86,ATM,Travel,Ahmedabad,ATM Machine,No
T102689,C2188,2024-12-21,8383.65,ATM,Fuel,Chennai,ATM Machine,Yes
T102690,C2154,2024-09-02,26640.7,Online,Restaurant,Hyderabad,Mobile,No
T102691,C1773,2024-01-16,29837.56,Online,Fashion,Kolkata,Desktop,No
T102692,C1028,2024-10-22,694.21,Online,Electronics,Chennai,Tablet,No
T102693,C1982,2024-04-13,7015.02,POS,Grocery,Chennai,POS Terminal,No
T102694,C1386,2024-04-30,19288.24,ATM,Fashion,Mumbai,ATM Machine,No
T102695,C1091,2025-03-23,10621.13,ATM,Healthcare,Jaipur,ATM Machine,No
T102696,C2001,2025-02-09,33941.6,Online,Grocery,Chennai,Desktop,No
T102697,C1753,2024-08-21,4746.77,POS,Utilities,Bangalore,POS Terminal,No
T102698,C1761,2025-01-06,15592.83,ATM,Utilities,Bangalore,ATM Machine,No
T102699,C1711,2024-07-27,38691.49,Online,E-commerce,Kolkata,Desktop,No
T102700,C1712,2025-01-27,7867.31,POS,Restaurant,Ahmedabad,POS Terminal,No
T102701,C1836,2024-07-03,14642.61,POS,Electronics,Lucknow,POS Terminal,No
T102702,C1282,2024-06-19,1970.7,POS,Fashion,Ahmedabad,POS Terminal,No
T102703,C1337,2025-03-31,1043.99,Online,Entertainment,Jaipur,Tablet,No
T102704,C1700,2024-10-03,15518.09,ATM,Restaurant,Lucknow,ATM Machine,No
T102705,C1422,2025-02-26,16239.53,ATM,Healthcare,Delhi,ATM Machine,No
T102706,C1230,2024-09-13,2844.04,ATM,Grocery,Jaipur,ATM Machine,No
T102707,C1009,2024-05-10,5678.87,ATM,Restaurant,Hyderabad,ATM Machine,No
T102708,C1686,2024-09-07,1074.11,Online,Entertainment,Pune,Tablet,No
T102709,C2072,2024-12-02,4470.3,POS,Travel,Lucknow,POS Terminal,No
T102710,C1836,2024-12-18,38702.47,Online,Travel,Ahmedabad,Mobile,No
T102711,C1386,2025-01-01,25994.43,Online,Utilities,Delhi,Desktop,No
T102712,C1148,2024-12-21,5286.62,POS,Travel,Kolkata,POS Terminal,No
T102713,C1429,2024-10-04,7748.92,ATM,Electronics,Hyderabad,ATM Machine,Yes
T102714,C1064,2024-05-31,267.41,Online,Travel,Bangalore,Tablet,No
T102715,C1520,2024-08-19,15130.07,Online,Healthcare,Pune,Tablet,No
T102716,C1615,2024-06-24,9732.24,POS,Entertainment,Hyderabad,POS Terminal,No
T102717,C1980,2024-11-21,19496.79,ATM,E-commerce,Mumbai,ATM Machine,No
T102718,C1065,2024-09-12,12721.21,POS,Entertainment,Mumbai,POS Terminal,No
T102719,C1970,2025-03-16,451.56,POS,Utilities,Delhi,POS Terminal,No
T102720,C1719,2025-04-30,18021.93,ATM,Fashion,Mumbai,ATM Machine,No
T102721,C1999,2025-01-23,39203.28,Online,Fashion,Chennai,Tablet,No
T102722,C1503,2025-01-05,15717.33,ATM,Electronics,Ahmedabad,ATM Machine,No
T102723,C1691,2024-05-03,9430.92,ATM,Fashion,Mumbai,ATM Machine,No
T102724,C2132,2025-02-01,8261.1,ATM,Fashion,Hyderabad,ATM Machine,No
T102725,C1195,2024-01-06,6406.86,ATM,Restaurant,Lucknow,ATM Machine,No
T102726,C1058,2025-04-23,1781.05,ATM,Fashion,Delhi,ATM Machine,No
T102727,C1949,2024-05-20,4950.59,ATM,E-commerce,Kolkata,ATM Machine,No
T102728,C2098,2024-11-30,5308.77,ATM,Grocery,Chennai,ATM Machine,No
T102729,C2059,2024-09-08,24307.04,Online,Fashion,Chennai,Mobile,No
T102730,C1679,2024-08-06,37422.73,Online,Restaurant,Delhi,Mobile,No
T102731,C1511,2024-01-03,7159.77,POS,Restaurant,Kolkata,POS Terminal,No
T102732,C1375,2024-04-24,961.88,POS,E-commerce,Ahmedabad,POS Terminal,No
T102733,C1911,2025-02-17,19176.9,ATM,Electronics,Delhi,ATM Machine,No
T102734,C1271,2025-01-14,18883.12,ATM,E-commerce,Mumbai,ATM Machine,No
T102735,C1751,2025-02-10,15811.2,ATM,Healthcare,Mumbai,ATM Machine,No
T102736,C1755,2024-11-21,19830.89,ATM,Electronics,Kolkata,ATM Machine,No
T102737,C1572,2024-08-11,11117.41,ATM,Healthcare,Delhi,ATM Machine,No
T102738,C1539,2025-03-25,19273.98,ATM,Entertainment,Ahmedabad,ATM Machine,No
T102739,C1499,2025-04-09,3965.13,Online,Electronics,Mumbai,Mobile,No
T102740,C1383,2024-12-06,18410.9,Online,Fashion,Jaipur,Desktop,No
T102741,C1979,2024-02-04,4894.93,ATM,Restaurant,Lucknow,ATM Machine,No
T102742,C2147,2024-01-21,9952.49,Online,Travel,Bangalore,Desktop,No
T102743,C1801,2024-01-06,2197.96,POS,Grocery,Jaipur,POS Terminal,No
T102744,C1231,2024-09-25,12637.07,ATM,Fuel,Lucknow,ATM Machine,No
T102745,C1622,2025-03-26,39109.83,Online,Entertainment,Hyderabad,Desktop,No
T102746,C1387,2024-12-05,8716.65,POS,Fashion,Ahmedabad,POS Terminal,No
T102747,C1354,2024-07-17,3365.77,ATM,Utilities,Delhi,ATM Machine,No
T102748,C1261,2025-03-15,16316.91,ATM,Restaurant,Delhi,ATM Machine,No
T102749,C1149,2024-10-16,31870.54,Online,Travel,Kolkata,Tablet,No
T102750,C1462,2025-02-27,5883.67,POS,Healthcare,Mumbai,POS Terminal,No
T102751,C1088,2025-03-21,10144.54,POS,Healthcare,Mumbai,POS Terminal,No
T102752,C1766,2024-07-19,3972.58,POS,E-commerce,Hyderabad,POS Terminal,No
T102753,C1261,2024-09-02,7231.25,ATM,Utilities,Kolkata,ATM Machine,No
T102754,C1323,2024-05-03,18390.97,ATM,Utilities,Chennai,ATM Machine,No
T102755,C1154,2024-08-09,6164.84,ATM,Grocery,Kolkata,ATM Machine,No
T102756,C1174,2024-12-26,23605.42,Online,Grocery,Pune,Desktop,No
T102757,C1952,2024-11-28,13363.1,POS,Fuel,Jaipur,POS Terminal,No
T102758,C1632,2025-03-13,10645.05,POS,Utilities,Ahmedabad,POS Terminal,No
T102759,C2148,2025-04-17,1712.96,ATM,E-commerce,Lucknow,ATM Machine,No
T102760,C2176,2024-03-11,2294.82,POS,Entertainment,Delhi,POS Terminal,No
T102761,C1702,2024-09-29,652.91,ATM,E-commerce,Delhi,ATM Machine,No
T102762,C1550,2025-04-23,9500.73,POS,Fuel,Lucknow,POS Terminal,No
T102763,C1642,2025-04-19,6770.33,POS,Travel,Lucknow,POS Terminal,No
T102764,C1628,2024-04-08,2100.7,POS,Utilities,Kolkata,POS Terminal,No
T102765,C1869,2024-12-08,19179.72,ATM,Travel,Lucknow,ATM Machine,No
T102766,C1286,2025-02-14,10828.36,ATM,Fuel,Hyderabad,ATM Machine,No
T102767,C1741,2024-12-30,5216.92,ATM,Utilities,Pune,ATM Machine,No
T102768,C1948,2024-10-24,10261.77,ATM,Restaurant,Delhi,ATM Machine,No
T102769,C1597,2024-11-22,34045.09,Online,Travel,Lucknow,Tablet,No
T102770,C1375,2025-03-30,1986.66,ATM,Fashion,Pune,ATM Machine,No
T102771,C1992,2025-01-02,4193.09,POS,E-commerce,Ahmedabad,POS Terminal,No
T102772,C1300,2024-05-10,16235.83,ATM,Electronics,Chennai,ATM Machine,No
T102773,C1772,2025-02-20,9463.46,ATM,Healthcare,Mumbai,ATM Machine,No
T102774,C1522,2025-04-20,8244.0,POS,Fashion,Jaipur,POS Terminal,No
T102775,C1568,2024-09-18,8939.91,ATM,Healthcare,Hyderabad,ATM Machine,No
T102776,C1876,2024-11-17,754.11,POS,E-commerce,Delhi,POS Terminal,No
T102777,C1793,2024-06-09,8454.34,Online,Restaurant,Bangalore,Mobile,No
T102778,C1112,2024-01-22,22387.97,Online,Fuel,Delhi,Tablet,No
T102779,C1261,2025-02-05,10617.44,Online,Healthcare,Hyderabad,Mobile,No
T102780,C2161,2024-01-31,2688.96,Online,Electronics,Pune,Tablet,No
T102781,C1583,2024-08-08,42213.75,Online,Travel,Hyderabad,Tablet,No
T102782,C1547,2025-04-20,19633.25,ATM,Entertainment,Hyderabad,ATM Machine,No
T102783,C2134,2024-10-26,11917.83,POS,Travel,Bangalore,POS Terminal,No
T102784,C1785,2024-04-14,17148.81,ATM,E-commerce,Mumbai,ATM Machine,No
T102785,C1187,2024-10-19,5218.55,ATM,E-commerce,Chennai,ATM Machine,No
T102786,C1256,2024-02-18,48039.22,Online,Healthcare,Hyderabad,Mobile,No
T102787,C1340,2025-04-01,10006.9,Online,Travel,Chennai,Mobile,Yes
T102788,C1632,2024-08-10,19052.88,ATM,E-commerce,Kolkata,ATM Machine,No
T102789,C1476,2024-02-21,49742.0,Online,Healthcare,Ahmedabad,Desktop,No
T102790,C1788,2025-03-11,14378.59,ATM,Healthcare,Mumbai,ATM Machine,No
T102791,C1557,2024-04-15,19632.3,ATM,Fashion,Kolkata,ATM Machine,No
T102792,C2074,2024-06-24,8586.14,POS,Grocery,Ahmedabad,POS Terminal,No
T102793,C1795,2025-03-05,3967.17,POS,E-commerce,Hyderabad,POS Terminal,No
T102794,C1159,2024-11-03,9021.42,ATM,Healthcare,Bangalore,ATM Machine,No
T102795,C1425,2024-04-21,8944.06,POS,Entertainment,Kolkata,POS Terminal,No
T102796,C1596,2025-04-05,3839.46,Online,Healthcare,Lucknow,Desktop,No
T102797,C2154,2024-05-04,12635.69,ATM,Electronics,Ahmedabad,ATM Machine,No
T102798,C1045,2024-07-18,19632.97,ATM,Entertainment,Pune,ATM Machine,No
T102799,C2006,2024-08-11,4207.1,ATM,Fashion,Kolkata,ATM Machine,No
T102800,C1523,2024-06-27,39671.24,Online,Fuel,Pune,Desktop,No
T102801,C1346,2024-04-22,18204.03,ATM,Utilities,Lucknow,ATM Machine,No
T102802,C1401,2025-03-09,47196.34,Online,Healthcare,Pune,Mobile,No
T102803,C1185,2024-12-28,48014.75,Online,Electronics,Lucknow,Tablet,No
T102804,C1513,2024-02-10,10668.46,ATM,Fuel,Ahmedabad,ATM Machine,No
T102805,C1291,2025-03-15,14661.89,POS,Fuel,Bangalore,POS Terminal,No
T102806,C1639,2024-03-26,15267.55,ATM,Electronics,Hyderabad,ATM Machine,No
T102807,C1107,2024-10-20,3652.59,ATM,Restaurant,Chennai,ATM Machine,No
T102808,C1867,2025-04-03,23949.63,Online,Travel,Mumbai,Mobile,No
T102809,C1158,2024-02-04,35972.89,Online,Fuel,Bangalore,Tablet,No
T102810,C1948,2024-10-10,3785.37,POS,Restaurant,Bangalore,POS Terminal,No
T102811,C1383,2024-05-05,32102.64,Online,Entertainment,Bangalore,Desktop,No
T102812,C1043,2024-09-13,13498.71,ATM,Grocery,Kolkata,ATM Machine,No
T102813,C1100,2024-08-28,8302.45,Online,Restaurant,Hyderabad,Tablet,No
T102814,C2176,2025-02-04,8519.77,POS,Fashion,Hyderabad,POS Terminal,No
T102815,C1226,2024-12-31,38627.02,Online,Restaurant,Lucknow,Mobile,No
T102816,C1773,2024-03-10,25045.0,Online,Fuel,Ahmedabad,Tablet,No
T102817,C1809,2024-10-08,736.01,ATM,Healthcare,Jaipur,ATM Machine,No
T102818,C2065,2024-06-30,676.25,ATM,E-commerce,Kolkata,ATM Machine,No
T102819,C2073,2025-04-24,5419.74,POS,Restaurant,Jaipur,POS Terminal,No
T102820,C1259,2025-02-16,46324.46,Online,Travel,Delhi,Tablet,No
T102821,C1612,2024-02-29,4959.2,ATM,Healthcare,Kolkata,ATM Machine,No
T102822,C1766,2024-01-13,9552.02,POS,Fashion,Hyderabad,POS Terminal,No
T102823,C1442,2024-08-10,4830.48,ATM,Restaurant,Ahmedabad,ATM Machine,No
T102824,C1287,2024-11-28,4892.88,POS,Healthcare,Hyderabad,POS Terminal,No
T102825,C1466,2025-04-07,12735.83,POS,Fuel,Ahmedabad,POS Terminal,No
T102826,C1953,2024-07-09,36497.3,Online,Fashion,Bangalore,Desktop,No
T102827,C1503,2025-04-30,4950.88,Online,Electronics,Chennai,Desktop,No
T102828,C1953,2025-04-10,6487.66,POS,Healthcare,Delhi,POS Terminal,No
T102829,C1727,2025-02-24,1068.81,ATM,Utilities,Ahmedabad,ATM Machine,No
T102830,C1982,2024-02-04,7265.26,POS,Entertainment,Hyderabad,POS Terminal,No
T102831,C2038,2024-03-25,33189.21,Online,Electronics,Bangalore,Tablet,No
T102832,C1553,2024-01-31,6101.43,Online,Utilities,Hyderabad,Tablet,No
T102833,C1050,2024-08-17,4404.39,POS,Entertainment,Lucknow,POS Terminal,No
T102834,C1669,2024-05-25,6027.77,POS,Grocery,Jaipur,POS Terminal,No
T102835,C1898,2025-01-23,13801.01,POS,Healthcare,Jaipur,POS Terminal,No
T102836,C2123,2025-01-08,19868.47,ATM,E-commerce,Jaipur,ATM Machine,No
T102837,C1315,2025-04-22,769.18,POS,Entertainment,Ahmedabad,POS Terminal,No
T102838,C1548,2024-03-14,38098.19,Online,Travel,Delhi,Tablet,No
T102839,C1808,2024-04-22,18711.86,Online,Grocery,Chennai,Mobile,No
T102840,C1399,2024-08-02,8152.93,ATM,Travel,Kolkata,ATM Machine,No
T102841,C1311,2024-08-06,15208.17,ATM,E-commerce,Chennai,ATM Machine,No
T102842,C1432,2024-01-01,45937.64,Online,Restaurant,Mumbai,Desktop,No
T102843,C1136,2024-04-22,14268.84,POS,Restaurant,Ahmedabad,POS Terminal,No
T102844,C1942,2025-02-19,8699.13,POS,E-commerce,Pune,POS Terminal,No
T102845,C1529,2024-10-22,7463.86,ATM,Utilities,Pune,ATM Machine,No
T102846,C1669,2024-09-26,39419.94,Online,E-commerce,Jaipur,Tablet,No
T102847,C1503,2024-04-25,12699.87,Online,Healthcare,Ahmedabad,Desktop,No
T102848,C2043,2024-06-02,8504.7,POS,Healthcare,Mumbai,POS Terminal,No
T102849,C1616,2025-02-14,5442.82,POS,Electronics,Bangalore,POS Terminal,No
T102850,C1449,2025-03-26,32900.23,Online,Fashion,Bangalore,Mobile,No
T102851,C2036,2024-07-04,3681.94,POS,Healthcare,Kolkata,POS Terminal,No
T102852,C1613,2024-02-11,9741.33,Online,Restaurant,Lucknow,Desktop,No
T102853,C1136,2025-01-31,13781.76,POS,Grocery,Kolkata,POS Terminal,No
T102854,C1886,2024-03-19,1616.87,POS,Fashion,Mumbai,POS Terminal,No
T102855,C1759,2024-03-01,7638.77,POS,Travel,Ahmedabad,POS Terminal,No
T102856,C2008,2025-04-20,3390.71,POS,E-commerce,Hyderabad,POS Terminal,No
T102857,C1482,2024-05-26,2138.71,Online,E-commerce,Bangalore,Desktop,No
T102858,C1670,2024-10-30,636.68,POS,Electronics,Delhi,POS Terminal,No
T102859,C1018,2024-03-17,3916.82,ATM,Healthcare,Ahmedabad,ATM Machine,No
T102860,C1312,2024-01-27,43365.16,Online,Fashion,Bangalore,Mobile,No
T102861,C1752,2024-12-13,6008.34,ATM,Entertainment,Lucknow,ATM Machine,No
T102862,C1339,2025-04-02,14261.84,POS,Entertainment,Delhi,POS Terminal,No
T102863,C2194,2024-02-12,29164.79,Online,E-commerce,Mumbai,Mobile,No
T102864,C1801,2025-02-25,6605.55,POS,Electronics,Chennai,POS Terminal,No
T102865,C2078,2024-02-06,11811.73,ATM,Fuel,Bangalore,ATM Machine,No
T102866,C1533,2024-03-21,10575.62,ATM,Utilities,Delhi,ATM Machine,No
T102867,C1459,2024-12-18,11405.77,POS,Grocery,Kolkata,POS Terminal,No
T102868,C1334,2024-12-21,4309.19,POS,Fashion,Pune,POS Terminal,No
T102869,C1628,2024-05-30,7384.48,ATM,Healthcare,Kolkata,ATM Machine,No
T102870,C1482,2025-02-10,13422.01,POS,Entertainment,Hyderabad,POS Terminal,No
T102871,C1305,2024-12-26,47333.53,Online,Grocery,Delhi,Mobile,No
T102872,C1242,2024-03-16,44649.4,Online,Fashion,Bangalore,Mobile,No
T102873,C1579,2025-01-29,6349.78,POS,Entertainment,Lucknow,POS Terminal,No
T102874,C1987,2024-08-10,11727.45,POS,Electronics,Jaipur,POS Terminal,No
T102875,C1620,2025-04-24,9788.55,ATM,Travel,Ahmedabad,ATM Machine,No
T102876,C1746,2024-03-21,7513.34,POS,Travel,Pune,POS Terminal,No
T102877,C1065,2025-03-06,3149.73,POS,Healthcare,Bangalore,POS Terminal,No
T102878,C1950,2024-12-03,8907.84,POS,Entertainment,Ahmedabad,POS Terminal,No
T102879,C1670,2025-01-16,4129.65,ATM,Healthcare,Pune,ATM Machine,No
T102880,C2161,2025-03-20,6965.51,ATM,Restaurant,Mumbai,ATM Machine,No
T102881,C1337,2025-05-03,12839.95,POS,Healthcare,Delhi,POS Terminal,No
T102882,C1686,2024-03-16,10512.38,Online,Restaurant,Hyderabad,Tablet,No
T102883,C1570,2025-04-09,3743.68,Online,Restaurant,Kolkata,Mobile,No
T102884,C1739,2024-12-30,1128.21,POS,E-commerce,Pune,POS Terminal,No
T102885,C1215,2024-09-04,18845.3,ATM,Travel,Hyderabad,ATM Machine,No
T102886,C2035,2024-05-20,10384.95,ATM,Healthcare,Jaipur,ATM Machine,No
T102887,C1403,2024-08-10,8483.54,ATM,Grocery,Ahmedabad,ATM Machine,No
T102888,C2121,2024-05-28,16312.13,ATM,Fashion,Mumbai,ATM Machine,No
T102889,C1037,2024-07-27,16798.61,ATM,Electronics,Ahmedabad,ATM Machine,No
T102890,C1855,2025-04-20,5049.65,POS,E-commerce,Lucknow,POS Terminal,No
T102891,C1646,2025-03-03,14025.55,ATM,Travel,Ahmedabad,ATM Machine,No
T102892,C1080,2025-02-22,38601.92,Online,E-commerce,Chennai,Desktop,No
T102893,C2087,2024-04-27,32801.6,Online,Travel,Ahmedabad,Mobile,No
T102894,C1881,2024-01-25,7749.43,Online,Fuel,Jaipur,Tablet,No
T102895,C1034,2024-09-13,17579.72,ATM,Fuel,Lucknow,ATM Machine,No
T102896,C2018,2024-10-24,27046.91,Online,Utilities,Jaipur,Desktop,No
T102897,C1481,2025-04-18,4308.84,POS,Utilities,Pune,POS Terminal,No
T102898,C1411,2024-01-08,8791.95,ATM,Healthcare,Delhi,ATM Machine,No
T102899,C1503,2025-04-29,659.81,POS,Grocery,Delhi,POS Terminal,No
T102900,C1529,2024-03-27,2993.4,ATM,Fuel,Chennai,ATM Machine,No
T102901,C1874,2024-04-14,15428.16,ATM,Restaurant,Pune,ATM Machine,No
T102902,C1592,2024-06-07,500.23,ATM,Utilities,Delhi,ATM Machine,No
T102903,C1319,2025-03-23,20944.98,Online,Grocery,Hyderabad,Mobile,No
T102904,C1554,2025-05-09,26221.01,Online,Electronics,Ahmedabad,Desktop,No
T102905,C2095,2024-08-26,1565.37,ATM,Electronics,Ahmedabad,ATM Machine,No
T102906,C1570,2025-02-06,48659.29,Online,Entertainment,Delhi,Desktop,No
T102907,C1388,2024-10-06,3469.27,POS,Grocery,Lucknow,POS Terminal,No
T102908,C1177,2024-02-02,15349.1,Online,Restaurant,Pune,Mobile,No
T102909,C2096,2024-04-09,4628.74,POS,Entertainment,Mumbai,POS Terminal,No
T102910,C1798,2025-02-09,3533.21,POS,Electronics,Jaipur,POS Terminal,No
T102911,C1825,2024-04-18,273.4,Online,Travel,Lucknow,Tablet,No
T102912,C1138,2025-05-14,14722.22,ATM,Travel,Ahmedabad,ATM Machine,No
T102913,C1938,2024-07-17,14506.0,POS,Entertainment,Hyderabad,POS Terminal,No
T102914,C1075,2024-08-19,11369.82,Online,Grocery,Lucknow,Desktop,Yes
T102915,C1763,2024-11-28,9979.4,POS,Healthcare,Mumbai,POS Terminal,No
T102916,C1950,2024-02-13,37146.44,Online,Electronics,Lucknow,Tablet,No
T102917,C1239,2024-10-30,42451.58,Online,Fashion,Ahmedabad,Tablet,No
T102918,C1698,2024-03-02,8741.27,ATM,Grocery,Pune,ATM Machine,No
T102919,C2100,2025-02-24,4613.67,POS,Fuel,Mumbai,POS Terminal,No
T102920,C1113,2025-04-25,4946.9,POS,Restaurant,Chennai,POS Terminal,No
T102921,C1314,2024-05-23,10718.06,POS,Healthcare,Delhi,POS Terminal,No
T102922,C1746,2024-02-08,12270.01,POS,Fuel,Chennai,POS Terminal,No
T102923,C1054,2024-05-25,2806.05,POS,Restaurant,Delhi,POS Terminal,No
T102924,C2076,2024-11-04,7733.35,ATM,Electronics,Pune,ATM Machine,No
T102925,C1542,2025-01-28,13538.91,POS,Entertainment,Delhi,POS Terminal,No
T102926,C1435,2024-10-25,40373.34,Online,Travel,Mumbai,Desktop,No
T102927,C2127,2025-01-21,19704.74,ATM,Electronics,Jaipur,ATM Machine,No
T102928,C2119,2024-06-01,15207.84,ATM,Fuel,Delhi,ATM Machine,No
T102929,C1084,2024-06-08,5958.61,POS,Electronics,Pune,POS Terminal,No
T102930,C1107,2024-03-11,29613.76,Online,Electronics,Lucknow,Mobile,No
T102931,C1977,2024-01-22,9949.11,POS,Entertainment,Kolkata,POS Terminal,No
T102932,C1542,2024-03-22,2029.89,ATM,Utilities,Hyderabad,ATM Machine,No
T102933,C1345,2024-04-04,11117.69,ATM,E-commerce,Delhi,ATM Machine,No
T102934,C1035,2024-08-28,35524.18,Online,Restaurant,Bangalore,Tablet,No
T102935,C2044,2024-05-02,2593.09,POS,Grocery,Jaipur,POS Terminal,No
T102936,C2182,2025-02-10,15722.32,ATM,Travel,Ahmedabad,ATM Machine,No
T102937,C1122,2024-08-08,29271.88,Online,E-commerce,Kolkata,Mobile,No
T102938,C1600,2024-06-25,47620.64,Online,Healthcare,Lucknow,Desktop,No
T102939,C1590,2024-05-17,2312.63,Online,E-commerce,Delhi,Tablet,No
T102940,C2020,2024-01-01,13413.24,Online,Healthcare,Lucknow,Mobile,No
T102941,C1263,2024-10-22,30157.38,Online,E-commerce,Delhi,Tablet,No
T102942,C1083,2024-04-28,14968.68,Online,Grocery,Delhi,Tablet,No
T102943,C1447,2024-05-21,35778.32,Online,E-commerce,Mumbai,Tablet,No
T102944,C1227,2025-02-28,15300.6,ATM,Grocery,Kolkata,ATM Machine,No
T102945,C1423,2024-08-16,5305.3,Online,Restaurant,Delhi,Desktop,No
T102946,C1842,2024-07-12,10520.16,ATM,Utilities,Chennai,ATM Machine,No
T102947,C1413,2025-03-15,10423.37,ATM,Restaurant,Hyderabad,ATM Machine,No
T102948,C1386,2025-03-21,7700.98,ATM,Travel,Ahmedabad,ATM Machine,No
T102949,C1561,2024-08-11,46659.66,Online,Fuel,Mumbai,Desktop,No
T102950,C1126,2025-02-04,41409.81,Online,Fashion,Jaipur,Desktop,No
T102951,C1227,2025-03-27,10488.42,POS,Restaurant,Chennai,POS Terminal,No
T102952,C1873,2025-01-28,35773.47,Online,Fashion,Jaipur,Mobile,No
T102953,C1713,2024-06-04,9503.46,ATM,Travel,Ahmedabad,ATM Machine,No
T102954,C1565,2025-03-05,13822.82,POS,Healthcare,Chennai,POS Terminal,No
T102955,C1452,2024-08-12,34790.85,Online,Grocery,Hyderabad,Tablet,No
T102956,C1449,2025-04-30,14715.13,ATM,Utilities,Bangalore,ATM Machine,No
T102957,C1760,2024-09-24,12939.19,POS,Electronics,Chennai,POS Terminal,No
T102958,C2058,2025-02-13,4183.67,POS,Healthcare,Mumbai,POS Terminal,No
T102959,C1220,2024-05-03,12125.36,POS,Fuel,Hyderabad,POS Terminal,No
T102960,C2139,2025-03-14,4307.19,ATM,E-commerce,Jaipur,ATM Machine,No
T102961,C2018,2025-05-15,7234.17,ATM,Grocery,Bangalore,ATM Machine,No
T102962,C1671,2025-01-28,7044.4,ATM,Utilities,Kolkata,ATM Machine,No
T102963,C1003,2024-09-03,48930.57,Online,Restaurant,Delhi,Tablet,No
T102964,C1871,2024-05-08,17202.48,ATM,Fuel,Lucknow,ATM Machine,No
T102965,C1824,2024-12-08,14172.81,ATM,E-commerce,Lucknow,ATM Machine,No
T102966,C1779,2024-08-29,14677.61,ATM,Travel,Hyderabad,ATM Machine,No
T102967,C1689,2024-07-01,8474.88,POS,Travel,Jaipur,POS Terminal,No
T102968,C1467,2024-08-08,18968.27,ATM,Grocery,Delhi,ATM Machine,No
T102969,C1281,2024-04-28,7494.26,POS,Grocery,Hyderabad,POS Terminal,No
T102970,C2096,2025-01-13,19149.78,Online,Electronics,Jaipur,Desktop,No
T102971,C1453,2025-01-12,8319.16,Online,Travel,Pune,Mobile,No
T102972,C1024,2025-04-15,15831.01,ATM,Healthcare,Delhi,ATM Machine,No
T102973,C1922,2025-04-02,36775.31,Online,Electronics,Pune,Mobile,No
T102974,C1192,2025-02-16,5826.89,POS,E-commerce,Jaipur,POS Terminal,No
T102975,C1494,2024-01-23,475.38,POS,Fuel,Jaipur,POS Terminal,No
T102976,C1014,2025-04-19,12601.06,POS,Travel,Kolkata,POS Terminal,No
T102977,C1205,2024-02-15,722.65,ATM,E-commerce,Hyderabad,ATM Machine,No
T102978,C1569,2024-01-01,10585.13,POS,Entertainment,Pune,POS Terminal,No
T102979,C2140,2024-12-22,48518.8,Online,Grocery,Delhi,Tablet,No
T102980,C1564,2024-04-08,21995.53,Online,Restaurant,Hyderabad,Tablet,No
T102981,C1368,2024-04-10,11901.68,Online,Travel,Bangalore,Desktop,No
T102982,C1921,2024-04-25,14244.98,ATM,Restaurant,Mumbai,ATM Machine,No
T102983,C1419,2024-07-06,16434.0,ATM,Fuel,Kolkata,ATM Machine,No
T102984,C1130,2025-03-02,27412.23,Online,Fashion,Kolkata,Mobile,No
T102985,C1072,2024-09-29,48358.36,Online,Healthcare,Delhi,Mobile,No
T102986,C1434,2024-02-07,2773.1,Online,Healthcare,Delhi,Desktop,No
T102987,C1341,2024-05-16,10343.51,ATM,Utilities,Jaipur,ATM Machine,No
T102988,C2088,2025-05-01,14509.85,ATM,E-commerce,Pune,ATM Machine,No
T102989,C1323,2025-02-28,17321.49,ATM,Utilities,Lucknow,ATM Machine,No
T102990,C1920,2024-08-05,9126.93,Online,E-commerce,Ahmedabad,Desktop,No
T102991,C1439,2025-04-19,16100.07,ATM,Grocery,Hyderabad,ATM Machine,No
T102992,C1770,2025-01-30,11277.79,ATM,Fashion,Delhi,ATM Machine,No
T102993,C1237,2025-02-11,8232.8,ATM,Restaurant,Mumbai,ATM Machine,No
T102994,C2093,2025-05-01,6759.41,Online,Utilities,Ahmedabad,Desktop,No
T102995,C2190,2024-12-30,17373.27,ATM,Restaurant,Mumbai,ATM Machine,No
T102996,C2104,2025-03-24,8032.21,Online,Restaurant,Hyderabad,Mobile,No
T102997,C2114,2025-03-28,15627.44,Online,Travel,Jaipur,Tablet,No
T102998,C2076,2024-10-02,14644.27,Online,Fuel,Chennai,Desktop,No
T102999,C1366,2024-01-23,13084.07,POS,Fashion,Hyderabad,POS Terminal,No
T103000,C1452,2024-12-23,13617.71,ATM,Electronics,Jaipur,ATM Machine,No
T103001,C1906,2024-02-06,11970.55,POS,Utilities,Delhi,POS Terminal,No
T103002,C1660,2024-08-23,12673.3,Online,Fuel,Pune,Mobile,No
T103003,C1024,2025-02-03,31318.73,Online,Grocery,Mumbai,Mobile,No
T103004,C2200,2024-02-11,28672.95,Online,Travel,Ahmedabad,Mobile,No
T103005,C2104,2024-11-27,12509.17,POS,Grocery,Lucknow,POS Terminal,Yes
T103006,C1307,2024-06-29,13600.7,POS,Healthcare,Delhi,POS Terminal,No
T103007,C2033,2024-11-26,281.14,POS,Fuel,Chennai,POS Terminal,No
T103008,C2118,2025-02-20,33766.19,Online,E-commerce,Lucknow,Tablet,No
T103009,C2006,2024-09-24,2781.42,Online,Restaurant,Bangalore,Desktop,No
T103010,C1087,2024-06-09,8277.99,POS,Fashion,Mumbai,POS Terminal,No
T103011,C1958,2024-01-14,14524.11,Online,E-commerce,Mumbai,Mobile,No
T103012,C1504,2024-07-12,4670.97,POS,Entertainment,Delhi,POS Terminal,No
T103013,C2057,2024-05-20,7382.69,ATM,Restaurant,Kolkata,ATM Machine,No
T103014,C1252,2024-04-30,9357.26,POS,Restaurant,Chennai,POS Terminal,No
T103015,C1659,2024-07-08,7013.97,ATM,Grocery,Pune,ATM Machine,No
T103016,C1349,2025-02-05,14787.63,ATM,Healthcare,Mumbai,ATM Machine,No
T103017,C1081,2024-11-16,6127.46,POS,Grocery,Kolkata,POS Terminal,No
T103018,C1841,2024-11-04,1832.89,ATM,Utilities,Ahmedabad,ATM Machine,No
T103019,C1035,2025-01-30,15783.32,ATM,Utilities,Bangalore,ATM Machine,No
T103020,C1125,2024-05-17,14430.76,Online,Electronics,Kolkata,Desktop,No
T103021,C1255,2025-03-31,8938.95,ATM,Utilities,Mumbai,ATM Machine,No
T103022,C1530,2025-05-07,13866.16,ATM,Restaurant,Jaipur,ATM Machine,No
T103023,C2021,2025-03-26,16756.32,Online,Utilities,Hyderabad,Desktop,No
T103024,C1385,2024-09-27,1603.42,ATM,Electronics,Kolkata,ATM Machine,No
T103025,C1318,2024-12-10,18821.27,Online,Restaurant,Kolkata,Tablet,No
T103026,C1350,2024-09-24,18916.75,ATM,Fuel,Kolkata,ATM Machine,No
T103027,C1043,2024-05-04,9661.84,POS,Restaurant,Pune,POS Terminal,No
T103028,C2083,2024-08-08,33639.66,Online,Electronics,Chennai,Desktop,No
T103029,C1084,2025-02-24,9521.0,POS,Fuel,Kolkata,POS Terminal,No
T103030,C1766,2025-01-22,3064.98,POS,Grocery,Bangalore,POS Terminal,No
T103031,C1470,2025-01-04,8657.51,ATM,Entertainment,Pune,ATM Machine,No
T103032,C1383,2024-05-30,37596.8,Online,Grocery,Delhi,Desktop,No
T103033,C1843,2025-02-09,1610.46,POS,Fuel,Jaipur,POS Terminal,No
T103034,C2087,2024-09-15,14037.07,Online,Travel,Delhi,Desktop,No
T103035,C2026,2024-09-22,13960.69,Online,Fuel,Pune,Tablet,No
T103036,C1954,2024-11-08,8924.37,ATM,Grocery,Pune,ATM Machine,No
T103037,C1118,2025-03-12,14707.49,POS,Travel,Hyderabad,POS Terminal,No
T103038,C1428,2025-05-11,1105.79,POS,Travel,Jaipur,POS Terminal,No
T103039,C1646,2025-03-28,10614.67,ATM,Electronics,Kolkata,ATM Machine,No
T103040,C1290,2025-02-16,9132.36,Online,Electronics,Delhi,Tablet,No
T103041,C2078,2024-08-26,19428.19,ATM,Electronics,Jaipur,ATM Machine,No
T103042,C1407,2024-05-03,2709.42,ATM,Electronics,Hyderabad,ATM Machine,No
T103043,C1276,2024-07-26,8370.22,ATM,Entertainment,Hyderabad,ATM Machine,No
T103044,C1833,2025-03-13,36946.67,Online,Electronics,Delhi,Tablet,No
T103045,C2018,2025-01-23,10597.86,POS,Healthcare,Delhi,POS Terminal,No
T103046,C2026,2025-03-15,6398.66,POS,Utilities,Jaipur,POS Terminal,No
T103047,C1022,2025-04-11,17456.9,Online,Travel,Mumbai,Mobile,No
T103048,C1686,2025-02-02,6024.42,POS,Electronics,Jaipur,POS Terminal,No
T103049,C2073,2025-04-18,13360.96,Online,Travel,Kolkata,Desktop,No
T103050,C2019,2024-05-15,4503.99,ATM,Fuel,Lucknow,ATM Machine,No
T103051,C1851,2025-04-14,24255.38,Online,E-commerce,Hyderabad,Desktop,No
T103052,C1709,2024-03-09,13572.98,Online,Electronics,Chennai,Tablet,No
T103053,C1253,2025-03-21,6105.5,ATM,E-commerce,Chennai,ATM Machine,No
T103054,C1599,2024-04-25,32906.45,Online,Healthcare,Jaipur,Desktop,No
T103055,C1055,2024-10-27,48433.16,Online,Healthcare,Hyderabad,Mobile,No
T103056,C1323,2025-04-27,30261.13,Online,E-commerce,Lucknow,Tablet,No
T103057,C1492,2024-08-19,1246.99,POS,Entertainment,Pune,POS Terminal,No
T103058,C1189,2024-05-10,3964.06,Online,Fuel,Bangalore,Tablet,No
T103059,C1088,2025-02-28,14276.21,POS,Grocery,Pune,POS Terminal,No
T103060,C1810,2024-08-07,4529.63,POS,Grocery,Jaipur,POS Terminal,No
T103061,C1239,2025-01-17,4784.94,Online,Healthcare,Mumbai,Mobile,No
T103062,C1114,2024-09-23,30032.42,Online,Entertainment,Kolkata,Desktop,No
T103063,C1182,2025-02-22,31257.71,Online,Healthcare,Bangalore,Tablet,No
T103064,C1657,2025-04-26,13145.84,ATM,Travel,Delhi,ATM Machine,No
T103065,C1448,2024-05-10,4084.29,POS,Entertainment,Mumbai,POS Terminal,No
T103066,C2043,2024-10-08,952.51,Online,Healthcare,Lucknow,Mobile,No
T103067,C1994,2024-08-05,19317.8,ATM,Restaurant,Lucknow,ATM Machine,No
T103068,C2075,2025-03-01,3838.31,POS,Fuel,Mumbai,POS Terminal,No
T103069,C1623,2025-04-03,13682.51,ATM,Grocery,Jaipur,ATM Machine,No
T103070,C1398,2024-06-24,10628.79,POS,Travel,Ahmedabad,POS Terminal,No
T103071,C2127,2025-01-12,12395.14,ATM,Restaurant,Kolkata,ATM Machine,No
T103072,C1479,2024-11-26,4762.32,POS,E-commerce,Delhi,POS Terminal,No
T103073,C1759,2024-08-19,5786.38,ATM,Grocery,Lucknow,ATM Machine,No
T103074,C2040,2024-07-07,12154.53,ATM,E-commerce,Delhi,ATM Machine,No
T103075,C1586,2024-10-20,43331.56,Online,Grocery,Ahmedabad,Desktop,No
T103076,C1340,2024-07-25,18961.31,ATM,E-commerce,Lucknow,ATM Machine,No
T103077,C1862,2025-01-27,2565.16,ATM,E-commerce,Kolkata,ATM Machine,No
T103078,C1608,2025-03-01,3519.16,ATM,E-commerce,Lucknow,ATM Machine,No
T103079,C1935,2024-02-15,18922.36,ATM,Fuel,Bangalore,ATM Machine,No
T103080,C1750,2024-10-23,11074.37,POS,E-commerce,Hyderabad,POS Terminal,No
T103081,C2158,2024-02-22,13256.61,POS,Grocery,Jaipur,POS Terminal,No
T103082,C2167,2024-11-12,10291.11,Online,Restaurant,Hyderabad,Mobile,No
T103083,C1457,2024-05-30,29461.78,Online,Healthcare,Kolkata,Tablet,No
T103084,C1113,2024-07-27,14172.22,ATM,Grocery,Jaipur,ATM Machine,No
T103085,C1816,2024-11-23,34069.57,Online,Fashion,Kolkata,Mobile,No
T103086,C1357,2025-01-18,20525.95,Online,Fuel,Jaipur,Tablet,No
T103087,C1452,2024-06-15,800.2,ATM,E-commerce,Pune,ATM Machine,No
T103088,C2066,2024-03-11,11867.06,ATM,Utilities,Mumbai,ATM Machine,No
T103089,C1584,2025-02-27,12804.46,Online,Entertainment,Kolkata,Tablet,No
T103090,C1292,2025-04-06,9279.96,ATM,E-commerce,Lucknow,ATM Machine,No
T103091,C1062,2024-10-08,47887.53,Online,Healthcare,Lucknow,Desktop,No
T103092,C1301,2024-08-10,8281.19,ATM,Fuel,Delhi,ATM Machine,No
T103093,C1784,2024-10-20,12613.04,POS,Entertainment,Kolkata,POS Terminal,No
T103094,C1444,2024-01-08,4176.54,ATM,Fashion,Kolkata,ATM Machine,No
T103095,C1299,2025-01-27,33688.53,Online,Utilities,Pune,Tablet,No
T103096,C1247,2024-05-08,48854.95,Online,Fuel,Kolkata,Tablet,No
T103097,C1637,2025-03-11,2486.92,ATM,Fuel,Mumbai,ATM Machine,No
T103098,C1337,2024-09-01,614.33,Online,Grocery,Mumbai,Tablet,No
T103099,C1890,2024-11-03,6560.38,POS,Healthcare,Delhi,POS Terminal,No
T103100,C1240,2025-03-02,1480.12,POS,Utilities,Hyderabad,POS Terminal,No
T103101,C1396,2025-02-20,15093.49,ATM,Entertainment,Mumbai,ATM Machine,No
T103102,C1136,2024-07-11,18333.7,ATM,Grocery,Lucknow,ATM Machine,No
T103103,C1165,2024-05-30,8963.41,ATM,E-commerce,Delhi,ATM Machine,No
T103104,C1659,2024-01-28,3954.8,POS,Healthcare,Bangalore,POS Terminal,No
T103105,C2069,2024-04-10,8970.86,ATM,Fashion,Kolkata,ATM Machine,No
T103106,C1104,2025-01-08,10879.37,POS,Travel,Chennai,POS Terminal,No
T103107,C2015,2024-08-13,234.91,POS,E-commerce,Chennai,POS Terminal,No
T103108,C1120,2024-12-31,8882.86,POS,Restaurant,Kolkata,POS Terminal,No
T103109,C1844,2024-12-09,30741.93,Online,E-commerce,Bangalore,Desktop,Yes
T103110,C1189,2025-01-16,9601.55,POS,Fashion,Kolkata,POS Terminal,No
T103111,C1330,2024-10-16,5219.43,ATM,E-commerce,Delhi,ATM Machine,No
T103112,C1540,2024-01-12,10739.39,POS,Utilities,Jaipur,POS Terminal,No
T103113,C1400,2024-04-11,4751.3,Online,Fashion,Hyderabad,Mobile,No
T103114,C1644,2024-07-02,4385.77,ATM,Restaurant,Hyderabad,ATM Machine,No
T103115,C1822,2024-02-25,13174.3,POS,Utilities,Delhi,POS Terminal,No
T103116,C1420,2025-03-10,36988.41,Online,Electronics,Delhi,Tablet,No
T103117,C1778,2024-02-27,884.53,Online,Healthcare,Hyderabad,Tablet,No
T103118,C1651,2024-03-08,3800.81,POS,Fashion,Jaipur,POS Terminal,No
T103119,C1707,2024-07-11,10877.44,Online,Travel,Hyderabad,Desktop,No
T103120,C2117,2024-05-31,4135.01,POS,Fuel,Lucknow,POS Terminal,No
T103121,C1346,2025-03-18,5327.42,ATM,Entertainment,Mumbai,ATM Machine,No
T103122,C1811,2024-05-30,1719.26,ATM,Grocery,Delhi,ATM Machine,No
T103123,C1584,2024-01-28,23055.24,Online,Fashion,Hyderabad,Tablet,No
T103124,C1209,2024-07-22,11017.73,POS,Utilities,Delhi,POS Terminal,No
T103125,C1949,2025-01-14,9140.3,POS,Utilities,Bangalore,POS Terminal,No
T103126,C1154,2024-01-08,33709.01,Online,Electronics,Ahmedabad,Tablet,No
T103127,C1374,2024-02-22,2082.41,ATM,Travel,Chennai,ATM Machine,No
T103128,C1860,2024-03-28,19054.07,ATM,Utilities,Pune,ATM Machine,No
T103129,C2007,2025-02-05,16850.59,ATM,E-commerce,Ahmedabad,ATM Machine,No
T103130,C1873,2025-03-19,40293.5,Online,Utilities,Hyderabad,Mobile,No
T103131,C1363,2024-10-05,16548.18,ATM,Entertainment,Kolkata,ATM Machine,Yes
T103132,C1469,2024-10-20,13997.39,POS,Grocery,Ahmedabad,POS Terminal,No
T103133,C2116,2025-01-03,11112.95,ATM,Healthcare,Kolkata,ATM Machine,No
T103134,C1244,2024-08-20,3084.2,POS,Grocery,Kolkata,POS Terminal,No
T103135,C2017,2024-04-30,9290.08,POS,Utilities,Bangalore,POS Terminal,No
T103136,C1032,2024-07-05,37195.5,Online,Healthcare,Jaipur,Mobile,No
T103137,C1351,2024-04-02,36948.29,Online,Entertainment,Pune,Tablet,No
T103138,C1806,2024-12-13,10668.26,ATM,Entertainment,Mumbai,ATM Machine,No
T103139,C2105,2024-08-17,3609.24,Online,Fuel,Kolkata,Tablet,No
T103140,C1150,2024-09-24,7736.7,ATM,Restaurant,Delhi,ATM Machine,No
T103141,C1285,2024-06-16,18454.95,ATM,Healthcare,Ahmedabad,ATM Machine,No
T103142,C1081,2024-10-12,11896.75,ATM,Utilities,Chennai,ATM Machine,No
T103143,C2110,2024-05-27,10997.47,ATM,Grocery,Bangalore,ATM Machine,No
T103144,C1078,2025-03-11,4105.92,POS,Grocery,Lucknow,POS Terminal,No
T103145,C1471,2024-12-05,7684.75,ATM,Healthcare,Lucknow,ATM Machine,No
T103146,C1514,2024-09-16,13440.66,POS,Restaurant,Chennai,POS Terminal,No
T103147,C1692,2025-03-09,13496.03,ATM,E-commerce,Jaipur,ATM Machine,No
T103148,C1136,2024-11-27,39411.87,Online,Fuel,Pune,Desktop,No
T103149,C2040,2024-08-22,22826.4,Online,Fashion,Delhi,Desktop,No
T103150,C1482,2025-04-03,12789.82,ATM,Healthcare,Ahmedabad,ATM Machine,No
T103151,C1402,2024-10-03,5343.48,ATM,Restaurant,Mumbai,ATM Machine,No
T103152,C1926,2024-05-20,10611.37,POS,Electronics,Lucknow,POS Terminal,No
T103153,C1945,2024-09-10,8838.23,ATM,Utilities,Ahmedabad,ATM Machine,No
T103154,C1308,2025-03-14,9129.64,ATM,E-commerce,Kolkata,ATM Machine,No
T103155,C1316,2025-03-04,32536.25,Online,Entertainment,Jaipur,Tablet,No
T103156,C1079,2025-02-08,18757.47,ATM,Utilities,Pune,ATM Machine,No
T103157,C1002,2024-07-23,1748.12,ATM,Restaurant,Hyderabad,ATM Machine,No
T103158,C1552,2025-03-28,41272.21,Online,Entertainment,Kolkata,Desktop,No
T103159,C1680,2024-12-17,4456.51,POS,E-commerce,Mumbai,POS Terminal,No
T103160,C1256,2024-03-26,6714.4,POS,Utilities,Bangalore,POS Terminal,No
T103161,C1702,2025-03-12,426.51,POS,Fuel,Chennai,POS Terminal,No
T103162,C2073,2024-07-20,4585.59,POS,E-commerce,Kolkata,POS Terminal,No
T103163,C1723,2025-02-27,10301.31,ATM,Fuel,Bangalore,ATM Machine,No
T103164,C1273,2024-12-15,1595.43,ATM,E-commerce,Chennai,ATM Machine,No
T103165,C1456,2025-03-19,24656.57,Online,Utilities,Lucknow,Mobile,No
T103166,C1337,2024-05-13,46370.11,Online,Entertainment,Bangalore,Tablet,No
T103167,C1990,2024-04-01,1670.36,POS,Healthcare,Bangalore,POS Terminal,No
T103168,C1352,2024-07-25,15406.59,ATM,Travel,Hyderabad,ATM Machine,No
T103169,C1758,2024-02-22,20601.62,Online,Utilities,Delhi,Tablet,No
T103170,C1757,2024-07-06,32827.65,Online,Fashion,Jaipur,Desktop,No
T103171,C2145,2024-06-15,13159.78,Online,E-commerce,Pune,Desktop,No
T103172,C1589,2025-02-26,2476.43,POS,Travel,Mumbai,POS Terminal,No
T103173,C1246,2025-03-25,3629.02,ATM,Utilities,Lucknow,ATM Machine,No
T103174,C1232,2025-04-12,1150.33,POS,E-commerce,Ahmedabad,POS Terminal,No
T103175,C1408,2024-09-24,4120.11,ATM,Entertainment,Lucknow,ATM Machine,No
T103176,C1078,2024-02-14,9996.87,POS,Travel,Kolkata,POS Terminal,No
T103177,C1667,2024-05-30,13237.19,POS,Electronics,Pune,POS Terminal,No
T103178,C1415,2024-02-24,40743.46,Online,Restaurant,Pune,Tablet,No
T103179,C1860,2024-08-31,13860.12,ATM,Utilities,Delhi,ATM Machine,No
T103180,C1873,2024-08-17,1745.43,POS,Grocery,Mumbai,POS Terminal,No
T103181,C1545,2025-05-02,14601.53,Online,Electronics,Chennai,Mobile,No
T103182,C1725,2024-03-31,4716.12,POS,Healthcare,Lucknow,POS Terminal,No
T103183,C1250,2024-12-22,5374.16,ATM,Utilities,Ahmedabad,ATM Machine,No
T103184,C1270,2025-01-22,7773.58,POS,Grocery,Chennai,POS Terminal,No
T103185,C1482,2025-03-08,10943.3,ATM,Utilities,Jaipur,ATM Machine,No
T103186,C1714,2024-07-24,17972.92,Online,Restaurant,Pune,Tablet,No
T103187,C1877,2024-08-01,17818.7,Online,Entertainment,Lucknow,Tablet,No
T103188,C1922,2024-10-02,12445.48,POS,Fuel,Chennai,POS Terminal,No
T103189,C1284,2024-09-09,15891.21,ATM,Entertainment,Jaipur,ATM Machine,No
T103190,C1573,2024-10-04,6502.02,ATM,Entertainment,Lucknow,ATM Machine,No
T103191,C1745,2025-02-11,13715.45,POS,E-commerce,Chennai,POS Terminal,No
T103192,C1264,2024-06-04,19079.89,ATM,Electronics,Delhi,ATM Machine,No
T103193,C1877,2024-06-19,16471.78,Online,Restaurant,Mumbai,Mobile,No
T103194,C1629,2024-07-09,7411.29,ATM,Travel,Lucknow,ATM Machine,No
T103195,C1476,2024-02-07,25380.58,Online,Restaurant,Delhi,Desktop,No
T103196,C1142,2024-04-16,47067.82,Online,Entertainment,Pune,Desktop,No
T103197,C1418,2024-11-20,17588.23,ATM,Healthcare,Jaipur,ATM Machine,No
T103198,C1206,2024-05-25,1628.26,POS,Fuel,Jaipur,POS Terminal,No
T103199,C1785,2024-07-16,8158.25,ATM,E-commerce,Ahmedabad,ATM Machine,No
T103200,C1455,2024-08-04,8345.23,POS,Fashion,Chennai,POS Terminal,No
T103201,C1307,2025-01-17,25256.0,Online,Restaurant,Pune,Tablet,No
T103202,C1344,2025-04-15,2988.56,POS,Fuel,Hyderabad,POS Terminal,No
T103203,C1143,2024-09-26,42969.08,Online,Restaurant,Jaipur,Mobile,No
T103204,C1390,2025-03-04,33911.65,Online,Restaurant,Hyderabad,Tablet,No
T103205,C1015,2024-11-16,12584.83,POS,E-commerce,Delhi,POS Terminal,No
T103206,C1017,2025-03-29,42966.46,Online,Utilities,Hyderabad,Desktop,No
T103207,C1328,2024-04-14,15092.94,ATM,Utilities,Ahmedabad,ATM Machine,No
T103208,C2091,2024-03-25,6644.24,POS,Healthcare,Jaipur,POS Terminal,No
T103209,C1934,2024-03-31,30605.23,Online,Entertainment,Ahmedabad,Desktop,No
T103210,C1744,2024-10-14,3627.13,ATM,Fuel,Ahmedabad,ATM Machine,No
T103211,C1317,2025-03-17,13636.09,ATM,Grocery,Pune,ATM Machine,No
T103212,C1185,2024-09-18,3995.44,ATM,Fashion,Kolkata,ATM Machine,No
T103213,C2135,2024-05-03,14032.02,ATM,Electronics,Kolkata,ATM Machine,No
T103214,C1373,2025-01-02,3521.01,POS,Electronics,Ahmedabad,POS Terminal,No
T103215,C1937,2024-12-17,6054.05,Online,Travel,Ahmedabad,Tablet,No
T103216,C2157,2024-12-01,3723.05,ATM,Restaurant,Mumbai,ATM Machine,No
T103217,C1354,2024-03-20,538.85,ATM,E-commerce,Lucknow,ATM Machine,No
T103218,C1844,2025-03-27,35993.23,Online,Electronics,Kolkata,Desktop,No
T103219,C2199,2024-02-08,14781.82,ATM,Fuel,Hyderabad,ATM Machine,No
T103220,C1295,2024-05-01,25843.68,Online,Entertainment,Pune,Tablet,No
T103221,C2183,2025-03-14,3646.57,ATM,Travel,Pune,ATM Machine,No
T103222,C1631,2024-05-16,1344.96,POS,Electronics,Ahmedabad,POS Terminal,No
T103223,C1949,2025-01-12,873.01,ATM,Fashion,Hyderabad,ATM Machine,No
T103224,C1806,2024-05-28,8454.26,Online,Grocery,Lucknow,Desktop,No
T103225,C1520,2024-10-22,13373.75,POS,E-commerce,Delhi,POS Terminal,No
T103226,C1916,2024-11-05,5209.97,ATM,Fashion,Mumbai,ATM Machine,No
T103227,C1358,2024-08-13,17842.71,Online,Restaurant,Mumbai,Desktop,No
T103228,C1960,2025-01-23,2554.24,ATM,Fashion,Delhi,ATM Machine,No
T103229,C1670,2024-03-11,4836.05,ATM,Utilities,Jaipur,ATM Machine,No
T103230,C1306,2024-01-15,10624.88,ATM,Electronics,Bangalore,ATM Machine,No
T103231,C1814,2025-01-08,12351.18,ATM,Grocery,Jaipur,ATM Machine,No
T103232,C1078,2025-03-28,12418.55,Online,Fuel,Jaipur,Desktop,No
T103233,C1954,2024-09-22,1625.78,ATM,Utilities,Lucknow,ATM Machine,No
T103234,C1432,2024-12-20,8125.14,ATM,Entertainment,Jaipur,ATM Machine,No
T103235,C1485,2024-11-22,5066.97,ATM,Healthcare,Mumbai,ATM Machine,No
T103236,C1083,2024-04-13,11133.79,Online,Fuel,Chennai,Mobile,No
T103237,C1168,2025-02-21,19217.32,ATM,E-commerce,Pune,ATM Machine,No
T103238,C1137,2024-06-26,30891.76,Online,Travel,Lucknow,Mobile,Yes
T103239,C1306,2024-11-25,11359.13,ATM,Restaurant,Lucknow,ATM Machine,No
T103240,C1050,2024-02-17,6295.05,POS,Travel,Ahmedabad,POS Terminal,No
T103241,C2048,2024-04-08,21561.43,Online,E-commerce,Hyderabad,Mobile,No
T103242,C1963,2024-02-12,27137.07,Online,E-commerce,Ahmedabad,Mobile,No
T103243,C1236,2024-03-15,10476.8,POS,Grocery,Bangalore,POS Terminal,No
T103244,C1237,2024-04-16,35166.88,Online,Electronics,Ahmedabad,Desktop,No
T103245,C1286,2024-01-28,8750.36,Online,E-commerce,Delhi,Mobile,No
T103246,C1825,2024-02-23,25105.62,Online,Restaurant,Mumbai,Mobile,No
T103247,C1066,2024-08-16,20715.51,Online,Entertainment,Jaipur,Desktop,No
T103248,C1406,2025-04-18,17475.28,ATM,Travel,Mumbai,ATM Machine,No
T103249,C1395,2024-08-08,9508.14,POS,Entertainment,Hyderabad,POS Terminal,No
T103250,C1367,2024-08-21,10883.83,ATM,Fuel,Jaipur,ATM Machine,No
T103251,C1578,2024-03-31,5946.65,Online,Electronics,Chennai,Mobile,No
T103252,C1809,2024-11-16,12309.94,ATM,Restaurant,Pune,ATM Machine,No
T103253,C2181,2024-12-06,1846.34,POS,Restaurant,Bangalore,POS Terminal,No
T103254,C1770,2024-03-06,16992.89,Online,E-commerce,Hyderabad,Tablet,No
T103255,C1717,2025-01-04,2228.35,POS,Electronics,Mumbai,POS Terminal,No
T103256,C1440,2025-01-01,13995.44,ATM,E-commerce,Lucknow,ATM Machine,No
T103257,C2195,2024-09-11,10471.36,Online,Electronics,Hyderabad,Desktop,No
T103258,C1565,2024-04-07,5938.7,POS,Entertainment,Jaipur,POS Terminal,No
T103259,C1751,2024-07-17,13445.55,POS,Restaurant,Hyderabad,POS Terminal,No
T103260,C1532,2025-04-27,10374.96,Online,Restaurant,Mumbai,Mobile,No
T103261,C1111,2024-08-04,25488.69,Online,Entertainment,Lucknow,Mobile,No
T103262,C2142,2024-09-10,6347.15,POS,Grocery,Bangalore,POS Terminal,No
T103263,C1126,2024-08-14,853.42,ATM,Electronics,Kolkata,ATM Machine,No
T103264,C1046,2024-07-30,39679.35,Online,Restaurant,Bangalore,Desktop,No
T103265,C1220,2024-06-24,1128.78,POS,Fuel,Bangalore,POS Terminal,No
T103266,C1016,2024-04-23,9747.97,ATM,Fuel,Mumbai,ATM Machine,No
T103267,C1256,2024-01-09,11433.23,ATM,Entertainment,Kolkata,ATM Machine,No
T103268,C2156,2025-04-13,12754.32,ATM,Fashion,Pune,ATM Machine,No
T103269,C1632,2024-11-14,34493.86,Online,Entertainment,Ahmedabad,Tablet,No
T103270,C1713,2024-07-09,3873.76,POS,Healthcare,Bangalore,POS Terminal,No
T103271,C1515,2024-09-02,696.94,Online,Restaurant,Chennai,Desktop,No
T103272,C1227,2024-01-23,14607.15,ATM,Grocery,Delhi,ATM Machine,No
T103273,C2054,2024-03-03,26875.7,Online,Travel,Mumbai,Tablet,No
T103274,C2135,2024-04-27,41838.66,Online,Fashion,Kolkata,Desktop,No
T103275,C1185,2024-09-07,41105.14,Online,Healthcare,Jaipur,Mobile,No
T103276,C2059,2024-02-19,16944.86,ATM,Entertainment,Ahmedabad,ATM Machine,No
T103277,C1063,2025-03-20,9959.35,ATM,Electronics,Pune,ATM Machine,No
T103278,C1950,2024-02-13,16814.69,Online,Utilities,Mumbai,Desktop,No
T103279,C1505,2024-01-28,11894.22,POS,Travel,Pune,POS Terminal,No
T103280,C1098,2025-02-20,6824.28,POS,Entertainment,Jaipur,POS Terminal,No
T103281,C2008,2024-06-02,9335.42,Online,Healthcare,Bangalore,Mobile,No
T103282,C1051,2024-01-09,17171.99,ATM,Healthcare,Bangalore,ATM Machine,No
T103283,C2082,2024-12-12,13250.14,POS,Fashion,Kolkata,POS Terminal,No
T103284,C1520,2024-09-11,23422.23,Online,Travel,Delhi,Tablet,Yes
T103285,C1408,2024-12-09,3969.85,Online,E-commerce,Kolkata,Mobile,No
T103286,C1901,2025-04-17,5878.61,POS,Healthcare,Kolkata,POS Terminal,No
T103287,C1305,2024-02-10,12072.71,POS,E-commerce,Delhi,POS Terminal,No
T103288,C1284,2024-12-24,13536.43,POS,Grocery,Mumbai,POS Terminal,No
T103289,C1545,2024-07-25,3131.74,POS,Healthcare,Delhi,POS Terminal,No
T103290,C1677,2024-11-16,1805.99,ATM,Grocery,Delhi,ATM Machine,No
T103291,C1104,2024-08-16,17608.33,ATM,Fashion,Ahmedabad,ATM Machine,No
T103292,C1517,2024-01-20,19592.37,Online,Fuel,Lucknow,Mobile,No
T103293,C2131,2024-02-04,11064.34,ATM,E-commerce,Chennai,ATM Machine,No
T103294,C1646,2024-05-07,19377.28,ATM,Electronics,Pune,ATM Machine,No
T103295,C1087,2024-05-10,1798.01,ATM,E-commerce,Jaipur,ATM Machine,No
T103296,C1610,2024-11-27,13142.2,ATM,Fashion,Kolkata,ATM Machine,No
T103297,C2084,2024-09-09,1945.06,ATM,Travel,Delhi,ATM Machine,No
T103298,C1900,2024-12-16,18898.35,Online,Healthcare,Kolkata,Tablet,No
T103299,C1600,2024-02-22,12076.84,POS,Healthcare,Delhi,POS Terminal,No
T103300,C1994,2024-05-26,21786.92,Online,Fashion,Ahmedabad,Tablet,No
T103301,C1478,2025-03-01,49859.68,Online,Entertainment,Kolkata,Mobile,No
T103302,C2056,2024-12-08,11401.66,ATM,E-commerce,Chennai,ATM Machine,No
T103303,C1234,2024-11-08,4885.32,POS,Grocery,Delhi,POS Terminal,No
T103304,C1541,2024-03-25,3379.66,POS,Restaurant,Mumbai,POS Terminal,No
T103305,C1105,2024-09-20,5322.76,POS,Utilities,Bangalore,POS Terminal,No
T103306,C1842,2024-01-29,18752.16,Online,Grocery,Chennai,Mobile,No
T103307,C2118,2025-04-28,3621.94,Online,Travel,Pune,Tablet,No
T103308,C2171,2024-09-19,7706.7,ATM,Utilities,Lucknow,ATM Machine,No
T103309,C1301,2025-04-04,23319.08,Online,Electronics,Ahmedabad,Mobile,No
T103310,C2101,2024-09-14,14593.39,ATM,E-commerce,Chennai,ATM Machine,No
T103311,C2041,2024-01-16,32905.13,Online,Utilities,Kolkata,Desktop,No
T103312,C1284,2024-03-23,35496.53,Online,Fashion,Pune,Tablet,No
T103313,C1478,2024-10-19,224.62,POS,Utilities,Pune,POS Terminal,No
T103314,C1024,2024-10-03,11039.84,Online,Grocery,Mumbai,Desktop,No
T103315,C1858,2024-08-30,9959.1,POS,Fashion,Delhi,POS Terminal,No
T103316,C1369,2025-03-07,24302.67,Online,Healthcare,Lucknow,Mobile,No
T103317,C1826,2024-02-16,603.61,ATM,Electronics,Bangalore,ATM Machine,No
T103318,C2024,2024-12-11,16187.65,ATM,Fuel,Bangalore,ATM Machine,No
T103319,C1868,2024-10-13,15569.79,ATM,Restaurant,Ahmedabad,ATM Machine,No
T103320,C1804,2024-10-23,11194.17,ATM,Fashion,Mumbai,ATM Machine,No
T103321,C1727,2024-04-27,1796.03,ATM,Electronics,Chennai,ATM Machine,No
T103322,C1182,2025-02-08,15447.04,ATM,Healthcare,Delhi,ATM Machine,No
T103323,C1091,2024-09-10,11882.41,ATM,Travel,Bangalore,ATM Machine,No
T103324,C2133,2024-10-12,39141.61,Online,Entertainment,Kolkata,Desktop,No
T103325,C1943,2024-10-24,15159.07,ATM,Healthcare,Bangalore,ATM Machine,No
T103326,C1093,2025-03-29,16158.54,ATM,Healthcare,Chennai,ATM Machine,No
T103327,C1771,2024-07-15,10601.16,ATM,Travel,Chennai,ATM Machine,No
T103328,C1880,2024-01-14,2190.84,POS,Fashion,Jaipur,POS Terminal,No
T103329,C1133,2024-08-15,33623.64,Online,Restaurant,Jaipur,Desktop,No
T103330,C1292,2024-03-22,9345.06,POS,E-commerce,Hyderabad,POS Terminal,No
T103331,C1833,2024-05-20,14973.94,ATM,Utilities,Bangalore,ATM Machine,Yes
T103332,C2176,2025-05-06,8660.07,Online,Fuel,Jaipur,Desktop,No
T103333,C2028,2024-04-26,4302.02,ATM,Grocery,Kolkata,ATM Machine,No
T103334,C1530,2024-07-21,13367.1,POS,Restaurant,Jaipur,POS Terminal,No
T103335,C2180,2024-02-04,11274.67,POS,Grocery,Lucknow,POS Terminal,No
T103336,C1183,2024-06-02,45429.78,Online,Travel,Delhi,Tablet,No
T103337,C1509,2024-07-02,15294.95,ATM,E-commerce,Bangalore,ATM Machine,No
T103338,C1419,2024-12-31,8997.61,POS,Electronics,Hyderabad,POS Terminal,No
T103339,C1835,2025-04-02,32775.81,Online,Entertainment,Bangalore,Mobile,No
T103340,C1522,2024-06-13,17837.99,ATM,Utilities,Delhi,ATM Machine,No
T103341,C1045,2025-04-10,29024.58,Online,Entertainment,Chennai,Desktop,No
T103342,C1537,2024-03-04,12831.63,ATM,Electronics,Kolkata,ATM Machine,No
T103343,C1065,2025-03-22,7992.54,Online,Fuel,Chennai,Mobile,No
T103344,C1853,2024-07-24,23801.28,Online,Fashion,Ahmedabad,Tablet,No
T103345,C2057,2024-03-05,14469.74,ATM,Fuel,Lucknow,ATM Machine,No
T103346,C2120,2024-11-18,13692.95,Online,Utilities,Jaipur,Tablet,Yes
T103347,C1821,2024-08-24,4443.96,ATM,Restaurant,Delhi,ATM Machine,No
T103348,C1907,2024-05-18,4776.02,POS,Utilities,Delhi,POS Terminal,No
T103349,C1669,2024-11-14,12226.73,Online,Healthcare,Kolkata,Desktop,No
T103350,C2103,2024-11-12,10902.65,Online,E-commerce,Kolkata,Tablet,No
T103351,C1902,2024-06-08,8784.59,ATM,Healthcare,Lucknow,ATM Machine,No
T103352,C1185,2024-06-16,13626.79,POS,E-commerce,Chennai,POS Terminal,No
T103353,C1101,2024-02-26,25451.57,Online,E-commerce,Bangalore,Tablet,No
T103354,C1370,2024-01-30,4164.45,ATM,Fashion,Pune,ATM Machine,No
T103355,C1782,2025-03-31,2000.95,ATM,Grocery,Pune,ATM Machine,No
T103356,C1972,2024-02-10,10472.73,POS,Grocery,Hyderabad,POS Terminal,No
T103357,C2102,2025-01-20,7964.58,ATM,Healthcare,Hyderabad,ATM Machine,No
T103358,C1510,2024-07-29,16525.7,ATM,Restaurant,Delhi,ATM Machine,No
T103359,C1533,2024-06-16,9926.71,POS,E-commerce,Mumbai,POS Terminal,No
T103360,C1016,2024-01-26,39852.82,Online,E-commerce,Lucknow,Desktop,No
T103361,C1612,2024-09-28,5802.95,ATM,Fuel,Bangalore,ATM Machine,No
T103362,C1771,2024-07-11,14001.0,ATM,Fuel,Jaipur,ATM Machine,No
T103363,C1884,2024-09-11,4034.52,POS,Grocery,Pune,POS Terminal,No
T103364,C1537,2024-03-23,46965.61,Online,Fuel,Pune,Desktop,No
T103365,C2004,2025-01-22,9581.98,POS,Entertainment,Jaipur,POS Terminal,No
T103366,C2170,2024-08-18,4935.23,POS,Entertainment,Hyderabad,POS Terminal,No
T103367,C2038,2025-02-16,5755.48,ATM,Grocery,Kolkata,ATM Machine,No
T103368,C1757,2024-05-12,2944.81,POS,Healthcare,Bangalore,POS Terminal,No
T103369,C1378,2025-01-29,10450.15,POS,Entertainment,Chennai,POS Terminal,No
T103370,C1813,2024-11-19,3358.86,POS,E-commerce,Lucknow,POS Terminal,No
T103371,C1110,2024-01-05,12108.41,ATM,Healthcare,Bangalore,ATM Machine,No
T103372,C1243,2024-03-30,13378.82,Online,Fuel,Bangalore,Desktop,No
T103373,C1980,2024-12-21,13408.39,ATM,Fashion,Chennai,ATM Machine,No
T103374,C1648,2024-11-09,40784.0,Online,Healthcare,Mumbai,Mobile,No
T103375,C1576,2024-12-29,38945.66,Online,Electronics,Pune,Tablet,No
T103376,C1515,2024-09-30,15336.6,ATM,Healthcare,Mumbai,ATM Machine,Yes
T103377,C2100,2024-01-08,9548.58,Online,Fashion,Lucknow,Tablet,No
T103378,C1986,2024-12-30,1416.94,POS,Utilities,Bangalore,POS Terminal,No
T103379,C1163,2024-03-29,14129.5,ATM,E-commerce,Pune,ATM Machine,No
T103380,C1028,2025-04-21,5588.37,POS,Fashion,Bangalore,POS Terminal,No
T103381,C1837,2025-02-09,6541.96,POS,Restaurant,Kolkata,POS Terminal,No
T103382,C1228,2025-04-15,1751.22,Online,Grocery,Hyderabad,Tablet,No
T103383,C1981,2024-06-24,13126.91,Online,Healthcare,Pune,Tablet,No
T103384,C1791,2025-03-19,1156.69,ATM,Grocery,Ahmedabad,ATM Machine,No
T103385,C1346,2024-07-07,13199.87,POS,Utilities,Bangalore,POS Terminal,No
T103386,C1253,2024-12-09,5246.24,ATM,Travel,Jaipur,ATM Machine,No
T103387,C1519,2024-07-04,8404.32,POS,Grocery,Mumbai,POS Terminal,No
T103388,C1880,2024-05-10,680.79,POS,Entertainment,Chennai,POS Terminal,No
T103389,C1694,2025-01-13,33409.0,Online,Travel,Delhi,Mobile,No
T103390,C1397,2024-03-19,6799.03,ATM,Fashion,Chennai,ATM Machine,No
T103391,C2007,2024-12-15,18009.42,ATM,Electronics,Ahmedabad,ATM Machine,No
T103392,C1816,2025-01-26,44428.29,Online,Travel,Chennai,Tablet,No
T103393,C1341,2024-09-07,16399.47,Online,Grocery,Hyderabad,Tablet,No
T103394,C1348,2025-02-23,45067.85,Online,Fashion,Pune,Tablet,Yes
T103395,C2112,2024-02-01,49808.65,Online,E-commerce,Kolkata,Mobile,No
T103396,C1523,2024-06-17,16595.61,ATM,Travel,Mumbai,ATM Machine,No
T103397,C1471,2024-06-15,16974.99,ATM,Utilities,Jaipur,ATM Machine,No
T103398,C1547,2024-11-15,12600.64,Online,Entertainment,Hyderabad,Desktop,Yes
T103399,C1213,2024-09-20,28919.78,Online,Healthcare,Ahmedabad,Desktop,No
T103400,C2054,2025-04-08,3549.34,Online,Healthcare,Pune,Mobile,No
T103401,C1521,2025-04-14,2350.9,ATM,Entertainment,Chennai,ATM Machine,No
T103402,C1110,2025-02-26,19978.41,ATM,Travel,Jaipur,ATM Machine,No
T103403,C1136,2024-08-31,6869.47,ATM,E-commerce,Hyderabad,ATM Machine,No
T103404,C2132,2024-02-24,37459.56,Online,Entertainment,Hyderabad,Tablet,No
T103405,C1302,2024-10-01,12119.31,POS,Utilities,Jaipur,POS Terminal,No
T103406,C2104,2025-01-11,12884.55,POS,E-commerce,Lucknow,POS Terminal,No
T103407,C2081,2024-09-20,49881.89,Online,E-commerce,Mumbai,Desktop,No
T103408,C1645,2024-09-03,5209.18,ATM,Restaurant,Ahmedabad,ATM Machine,No
T103409,C1921,2024-12-14,2209.47,Online,Fuel,Kolkata,Mobile,No
T103410,C1184,2025-03-17,8518.23,ATM,E-commerce,Jaipur,ATM Machine,No
T103411,C1781,2024-12-29,2038.2,POS,Restaurant,Chennai,POS Terminal,No
T103412,C1418,2025-03-01,937.3,ATM,Travel,Lucknow,ATM Machine,No
T103413,C2068,2024-04-30,18149.26,Online,E-commerce,Delhi,Mobile,No
T103414,C2126,2024-09-12,39230.16,Online,Healthcare,Bangalore,Tablet,No
T103415,C1354,2024-09-21,11540.52,ATM,Grocery,Lucknow,ATM Machine,No
T103416,C1435,2024-03-26,15776.34,Online,Electronics,Mumbai,Mobile,Yes
T103417,C1472,2024-03-30,32786.23,Online,Grocery,Delhi,Tablet,No
T103418,C1945,2024-08-10,3557.07,POS,Electronics,Mumbai,POS Terminal,No
T103419,C2041,2025-03-06,780.44,ATM,E-commerce,Jaipur,ATM Machine,No
T103420,C1985,2025-01-01,11488.87,POS,Electronics,Mumbai,POS Terminal,No
T103421,C1606,2024-04-06,9393.77,POS,Healthcare,Delhi,POS Terminal,No
T103422,C1482,2025-04-04,15364.9,ATM,Fuel,Pune,ATM Machine,No
T103423,C1175,2024-10-28,1259.29,ATM,Grocery,Ahmedabad,ATM Machine,No
T103424,C2128,2024-11-24,41888.56,Online,Travel,Pune,Desktop,No
T103425,C1648,2025-03-02,12580.76,ATM,Electronics,Mumbai,ATM Machine,Yes
T103426,C1035,2024-08-22,8494.59,POS,Restaurant,Mumbai,POS Terminal,No
T103427,C1572,2025-04-28,9406.75,POS,E-commerce,Kolkata,POS Terminal,No
T103428,C1153,2024-06-18,43248.78,Online,Grocery,Kolkata,Desktop,No
T103429,C1799,2024-08-04,8845.35,POS,Electronics,Delhi,POS Terminal,Yes
T103430,C1805,2025-04-14,8756.16,POS,Fuel,Delhi,POS Terminal,No
T103431,C1461,2024-05-24,49535.82,Online,Fashion,Jaipur,Desktop,No
T103432,C1551,2025-01-30,15256.24,ATM,Fashion,Mumbai,ATM Machine,No
T103433,C1031,2024-07-07,9124.73,ATM,Travel,Kolkata,ATM Machine,No
T103434,C1415,2024-05-30,14294.24,ATM,Restaurant,Kolkata,ATM Machine,No
T103435,C2163,2024-10-16,8089.99,ATM,Healthcare,Bangalore,ATM Machine,No
T103436,C1941,2025-02-05,11598.0,Online,Utilities,Hyderabad,Tablet,No
T103437,C2138,2024-09-23,12138.61,ATM,E-commerce,Delhi,ATM Machine,No
T103438,C1994,2025-02-04,18599.55,ATM,Electronics,Pune,ATM Machine,No
T103439,C1879,2024-04-02,13944.18,POS,Fashion,Delhi,POS Terminal,No
T103440,C1773,2024-01-12,7167.15,ATM,E-commerce,Hyderabad,ATM Machine,No
T103441,C1179,2024-03-08,7962.39,POS,Entertainment,Ahmedabad,POS Terminal,No
T103442,C2070,2024-10-22,4626.9,ATM,Restaurant,Kolkata,ATM Machine,Yes
T103443,C1162,2024-10-10,49782.43,Online,E-commerce,Pune,Mobile,No
T103444,C1945,2024-07-03,14718.66,POS,Utilities,Pune,POS Terminal,No
T103445,C1242,2024-08-23,9777.68,POS,Fashion,Chennai,POS Terminal,No
T103446,C1283,2024-09-06,12085.77,POS,Healthcare,Lucknow,POS Terminal,No
T103447,C1153,2024-02-19,14444.45,ATM,Utilities,Bangalore,ATM Machine,No
T103448,C1825,2025-04-26,29739.28,Online,Healthcare,Chennai,Mobile,No
T103449,C1978,2024-06-20,1540.29,ATM,E-commerce,Delhi,ATM Machine,No
T103450,C1542,2025-01-04,9367.9,ATM,Entertainment,Chennai,ATM Machine,No
T103451,C1216,2025-02-25,13658.33,ATM,Entertainment,Chennai,ATM Machine,No
T103452,C1093,2024-06-12,10195.22,POS,Utilities,Bangalore,POS Terminal,Yes
T103453,C2184,2024-03-13,18781.51,Online,Entertainment,Ahmedabad,Mobile,No
T103454,C1037,2025-04-25,18862.99,ATM,Grocery,Delhi,ATM Machine,No
T103455,C1450,2025-04-18,3763.46,ATM,Entertainment,Kolkata,ATM Machine,No
T103456,C1109,2024-08-23,25117.9,Online,Travel,Bangalore,Desktop,No
T103457,C1963,2024-03-31,13972.24,ATM,Restaurant,Jaipur,ATM Machine,No
T103458,C1574,2024-01-03,34917.36,Online,Electronics,Ahmedabad,Tablet,No
T103459,C2059,2024-04-03,32502.22,Online,Fuel,Ahmedabad,Mobile,No
T103460,C1860,2024-02-07,4201.79,POS,Utilities,Pune,POS Terminal,Yes
T103461,C1135,2024-01-31,2427.48,POS,Utilities,Mumbai,POS Terminal,No
T103462,C2177,2024-07-09,31869.83,Online,E-commerce,Bangalore,Desktop,No
T103463,C1224,2025-02-21,12186.39,ATM,Electronics,Pune,ATM Machine,No
T103464,C1166,2025-01-17,9131.93,Online,Entertainment,Hyderabad,Desktop,No
T103465,C2167,2024-03-10,35315.93,Online,Grocery,Mumbai,Desktop,No
T103466,C1882,2024-10-30,6882.06,POS,Grocery,Mumbai,POS Terminal,No
T103467,C1526,2025-04-08,13521.33,ATM,Electronics,Jaipur,ATM Machine,No
T103468,C1640,2024-10-14,16828.66,ATM,Entertainment,Chennai,ATM Machine,No
T103469,C1289,2025-02-12,3809.7,ATM,Utilities,Ahmedabad,ATM Machine,No
T103470,C2138,2024-10-20,1153.41,Online,Healthcare,Pune,Mobile,No
T103471,C1572,2025-05-04,11708.63,POS,Electronics,Kolkata,POS Terminal,No
T103472,C1181,2025-05-06,12389.1,ATM,Utilities,Bangalore,ATM Machine,No
T103473,C1415,2025-02-16,10524.63,POS,Utilities,Delhi,POS Terminal,No
T103474,C1145,2024-01-19,12588.51,POS,Entertainment,Mumbai,POS Terminal,No
T103475,C2150,2024-12-05,16154.81,ATM,Healthcare,Hyderabad,ATM Machine,No
T103476,C1141,2024-08-27,14417.71,POS,Travel,Pune,POS Terminal,No
T103477,C2074,2025-01-26,26889.57,Online,Entertainment,Bangalore,Desktop,No
T103478,C1831,2025-03-17,7378.58,POS,Utilities,Kolkata,POS Terminal,No
T103479,C1880,2024-08-17,20213.98,Online,E-commerce,Jaipur,Mobile,No
T103480,C1515,2025-04-01,2390.0,POS,Utilities,Jaipur,POS Terminal,No
T103481,C1622,2025-05-10,28715.84,Online,Entertainment,Hyderabad,Desktop,No
T103482,C1611,2024-07-26,13995.22,Online,Utilities,Mumbai,Desktop,No
T103483,C1913,2025-02-21,13827.48,POS,Fuel,Mumbai,POS Terminal,No
T103484,C1920,2024-11-13,8789.54,POS,Entertainment,Delhi,POS Terminal,No
T103485,C1814,2024-03-22,29723.44,Online,E-commerce,Bangalore,Tablet,No
T103486,C1070,2024-10-03,5388.38,POS,Entertainment,Delhi,POS Terminal,No
T103487,C1634,2025-01-09,2789.07,Online,E-commerce,Delhi,Mobile,No
T103488,C1171,2024-02-21,572.98,POS,Utilities,Kolkata,POS Terminal,No
T103489,C1040,2024-03-13,6407.69,POS,Fuel,Ahmedabad,POS Terminal,No
T103490,C1111,2024-12-17,2149.02,ATM,Restaurant,Bangalore,ATM Machine,No
T103491,C1832,2025-01-02,12333.52,ATM,Entertainment,Hyderabad,ATM Machine,No
T103492,C1549,2024-12-23,44072.46,Online,Restaurant,Mumbai,Mobile,No
T103493,C1374,2024-08-12,13255.43,POS,E-commerce,Pune,POS Terminal,No
T103494,C1122,2024-01-06,33020.46,Online,Healthcare,Mumbai,Mobile,No
T103495,C1691,2024-04-19,4619.02,ATM,Restaurant,Pune,ATM Machine,No
T103496,C1532,2024-08-13,17328.44,ATM,E-commerce,Pune,ATM Machine,No
T103497,C1579,2024-01-23,13302.79,POS,Electronics,Ahmedabad,POS Terminal,No
T103498,C1265,2024-08-25,4334.74,ATM,Utilities,Mumbai,ATM Machine,No
T103499,C1750,2024-11-25,36923.82,Online,Travel,Delhi,Mobile,Yes
T103500,C1805,2024-05-27,6087.13,ATM,E-commerce,Hyderabad,ATM Machine,No
T103501,C1025,2024-04-14,16151.49,ATM,E-commerce,Delhi,ATM Machine,Yes
T103502,C1714,2024-03-05,49862.45,Online,Travel,Kolkata,Mobile,No
T103503,C1583,2024-02-02,1695.3,Online,Utilities,Chennai,Tablet,No
T103504,C1193,2025-05-04,44888.82,Online,Entertainment,Lucknow,Tablet,No
T103505,C2118,2024-07-02,9377.19,POS,Travel,Pune,POS Terminal,No
T103506,C1698,2024-03-16,48674.45,Online,Entertainment,Kolkata,Mobile,No
T103507,C1835,2025-05-08,7028.64,POS,E-commerce,Lucknow,POS Terminal,Yes
T103508,C1040,2024-07-22,17024.06,ATM,Healthcare,Jaipur,ATM Machine,No
T103509,C2120,2024-07-17,1716.68,ATM,Fashion,Ahmedabad,ATM Machine,No
T103510,C1495,2024-09-02,7037.94,ATM,Fuel,Bangalore,ATM Machine,No
T103511,C1447,2024-12-05,3537.42,Online,E-commerce,Chennai,Desktop,No
T103512,C1768,2025-03-17,48772.09,Online,Grocery,Mumbai,Desktop,No
T103513,C1773,2025-01-23,40885.3,Online,Entertainment,Pune,Mobile,No
T103514,C1713,2025-02-28,42656.86,Online,Electronics,Ahmedabad,Mobile,No
T103515,C1642,2024-05-10,46910.67,Online,Healthcare,Bangalore,Desktop,No
T103516,C2101,2024-05-10,4438.15,Online,E-commerce,Mumbai,Tablet,No
T103517,C2173,2024-12-25,19402.76,Online,Travel,Hyderabad,Desktop,No
T103518,C1196,2024-02-05,3737.54,Online,Grocery,Lucknow,Mobile,No
T103519,C1864,2025-03-05,4610.47,ATM,Grocery,Pune,ATM Machine,No
T103520,C2108,2024-10-11,3517.55,POS,Utilities,Chennai,POS Terminal,No
T103521,C1311,2025-03-29,23561.54,Online,Electronics,Kolkata,Desktop,No
T103522,C1279,2024-11-11,13574.4,Online,Fuel,Pune,Desktop,No
T103523,C2153,2024-10-11,2469.07,ATM,Fashion,Pune,ATM Machine,No
T103524,C1382,2024-02-14,8541.06,Online,E-commerce,Lucknow,Desktop,No
T103525,C1810,2024-01-24,7534.32,Online,Travel,Kolkata,Tablet,No
T103526,C1367,2025-02-12,48659.22,Online,Restaurant,Ahmedabad,Desktop,No
T103527,C1383,2024-02-09,11413.46,POS,Fashion,Ahmedabad,POS Terminal,No
T103528,C1259,2024-01-01,14519.65,POS,Electronics,Delhi,POS Terminal,No
T103529,C1332,2024-04-25,9074.94,ATM,Utilities,Mumbai,ATM Machine,No
T103530,C1884,2024-12-24,14062.75,Online,Electronics,Lucknow,Tablet,No
T103531,C1139,2024-06-29,16066.72,ATM,Electronics,Jaipur,ATM Machine,No
T103532,C2002,2025-01-05,16447.45,Online,Entertainment,Lucknow,Mobile,No
T103533,C1230,2024-09-14,4560.81,POS,Travel,Jaipur,POS Terminal,No
T103534,C2127,2024-10-08,11778.8,Online,E-commerce,Pune,Tablet,No
T103535,C1964,2024-03-26,3028.74,ATM,Electronics,Kolkata,ATM Machine,No
T103536,C1092,2024-12-28,12971.86,Online,Entertainment,Hyderabad,Desktop,No
T103537,C1443,2024-02-04,7428.74,ATM,Healthcare,Lucknow,ATM Machine,No
T103538,C2042,2025-04-10,13642.89,ATM,Fashion,Bangalore,ATM Machine,No
T103539,C1566,2024-06-18,1032.22,POS,Grocery,Delhi,POS Terminal,No
T103540,C1283,2024-03-27,4604.89,ATM,Fashion,Bangalore,ATM Machine,Yes
T103541,C1364,2024-10-09,40489.38,Online,E-commerce,Chennai,Tablet,No
T103542,C1469,2024-03-10,3364.98,ATM,Restaurant,Mumbai,ATM Machine,No
T103543,C1569,2024-05-22,5205.41,POS,Fuel,Hyderabad,POS Terminal,No
T103544,C2075,2025-01-17,43260.01,Online,Electronics,Kolkata,Desktop,No
T103545,C1402,2024-12-24,7915.28,Online,Restaurant,Mumbai,Mobile,No
T103546,C1426,2024-01-26,1332.78,POS,Restaurant,Hyderabad,POS Terminal,No
T103547,C1268,2025-01-02,7319.62,POS,Fashion,Pune,POS Terminal,No
T103548,C1261,2024-12-22,15260.49,Online,Travel,Pune,Tablet,No
T103549,C1268,2024-09-14,28257.74,Online,Healthcare,Pune,Mobile,No
T103550,C1811,2024-04-10,40229.48,Online,Grocery,Pune,Tablet,No
T103551,C1473,2025-04-23,2143.51,POS,Fashion,Ahmedabad,POS Terminal,No
T103552,C2198,2024-02-19,11823.63,ATM,Utilities,Hyderabad,ATM Machine,No
T103553,C1146,2024-12-16,25374.34,Online,Restaurant,Lucknow,Mobile,No
T103554,C1152,2024-08-28,2246.77,POS,Healthcare,Lucknow,POS Terminal,No
T103555,C1326,2024-10-25,12667.97,ATM,Utilities,Hyderabad,ATM Machine,No
T103556,C1060,2024-05-14,13827.29,Online,Utilities,Chennai,Mobile,No
T103557,C1803,2024-03-24,24494.15,Online,E-commerce,Delhi,Mobile,No
T103558,C1860,2024-09-06,4297.16,Online,Utilities,Mumbai,Desktop,No
T103559,C1755,2025-05-11,6947.8,POS,Healthcare,Ahmedabad,POS Terminal,No
T103560,C1084,2024-07-15,15461.88,Online,Healthcare,Bangalore,Mobile,No
T103561,C1807,2024-07-04,12353.48,POS,Grocery,Chennai,POS Terminal,No
T103562,C1522,2024-06-02,1611.09,ATM,Grocery,Ahmedabad,ATM Machine,No
T103563,C1802,2024-04-10,8662.84,ATM,Fuel,Lucknow,ATM Machine,No
T103564,C1461,2024-10-17,6930.63,POS,Entertainment,Mumbai,POS Terminal,No
T103565,C1772,2024-03-26,10902.59,POS,Travel,Bangalore,POS Terminal,No
T103566,C1790,2024-03-09,8656.88,POS,Electronics,Delhi,POS Terminal,No
T103567,C1301,2024-05-10,33427.17,Online,Healthcare,Bangalore,Tablet,No
T103568,C2137,2024-12-22,11678.03,POS,Fuel,Bangalore,POS Terminal,No
T103569,C2055,2025-03-11,17312.96,ATM,Grocery,Jaipur,ATM Machine,No
T103570,C1201,2025-01-13,6620.57,ATM,Healthcare,Bangalore,ATM Machine,No
T103571,C1638,2025-04-09,10991.44,ATM,Electronics,Lucknow,ATM Machine,No
T103572,C1779,2024-05-14,42037.38,Online,Travel,Jaipur,Desktop,No
T103573,C1275,2025-01-03,14842.82,POS,Fashion,Bangalore,POS Terminal,No
T103574,C1118,2024-07-05,17845.63,ATM,Travel,Hyderabad,ATM Machine,No
T103575,C1415,2025-05-01,18699.07,Online,Travel,Delhi,Mobile,No
T103576,C1750,2025-03-10,4305.75,ATM,Utilities,Ahmedabad,ATM Machine,No
T103577,C1766,2025-01-03,7391.95,POS,Entertainment,Ahmedabad,POS Terminal,No
T103578,C1800,2025-04-14,14962.01,ATM,E-commerce,Chennai,ATM Machine,No
T103579,C1929,2024-07-24,10105.1,ATM,Fuel,Pune,ATM Machine,No
T103580,C1739,2025-05-10,24262.41,Online,Healthcare,Pune,Tablet,No
T103581,C1555,2024-07-20,12589.63,POS,E-commerce,Jaipur,POS Terminal,No
T103582,C1131,2024-08-08,18197.91,Online,Fuel,Bangalore,Mobile,No
T103583,C1585,2024-07-08,43017.77,Online,Utilities,Mumbai,Tablet,No
T103584,C1628,2024-09-17,20458.88,Online,Entertainment,Bangalore,Desktop,No
T103585,C1662,2025-02-06,4990.67,POS,E-commerce,Kolkata,POS Terminal,No
T103586,C1915,2024-04-03,22808.7,Online,Travel,Mumbai,Desktop,No
T103587,C1566,2024-03-10,38169.86,Online,Entertainment,Lucknow,Mobile,No
T103588,C1789,2024-03-03,1977.43,POS,Grocery,Chennai,POS Terminal,No
T103589,C2196,2024-04-10,9981.68,Online,Restaurant,Kolkata,Mobile,No
T103590,C1649,2025-03-29,14276.53,POS,Travel,Mumbai,POS Terminal,No
T103591,C1846,2024-04-22,3922.09,ATM,Fashion,Hyderabad,ATM Machine,No
T103592,C1038,2024-01-16,11570.68,ATM,Electronics,Ahmedabad,ATM Machine,No
T103593,C1730,2025-04-15,29049.86,Online,Restaurant,Delhi,Mobile,No
T103594,C2125,2024-08-16,24583.3,Online,Utilities,Chennai,Desktop,No
T103595,C1743,2025-02-21,13072.53,ATM,Fuel,Bangalore,ATM Machine,No
T103596,C2036,2025-02-12,3524.42,POS,Fuel,Chennai,POS Terminal,No
T103597,C2021,2024-01-25,27722.58,Online,Fashion,Hyderabad,Tablet,No
T103598,C1052,2024-12-20,7757.38,ATM,Healthcare,Pune,ATM Machine,No
T103599,C1303,2024-04-23,9958.84,POS,Fashion,Ahmedabad,POS Terminal,No
T103600,C1881,2024-07-23,3253.86,ATM,Entertainment,Kolkata,ATM Machine,No
T103601,C1959,2024-01-02,28629.7,Online,Fuel,Mumbai,Tablet,No
T103602,C1732,2025-02-21,9426.46,Online,Fashion,Jaipur,Mobile,Yes
T103603,C1753,2024-06-15,5933.54,ATM,Utilities,Mumbai,ATM Machine,No
T103604,C1312,2024-09-04,4764.84,ATM,Restaurant,Bangalore,ATM Machine,No
T103605,C1382,2024-06-12,2824.28,POS,Travel,Delhi,POS Terminal,No
T103606,C1617,2024-04-26,16601.36,ATM,Electronics,Hyderabad,ATM Machine,No
T103607,C2084,2025-02-16,6071.3,ATM,Electronics,Ahmedabad,ATM Machine,No
T103608,C1072,2024-04-11,46370.76,Online,Travel,Kolkata,Tablet,No
T103609,C1316,2024-09-22,14551.91,POS,Restaurant,Mumbai,POS Terminal,No
T103610,C1382,2024-10-21,11639.58,ATM,Fashion,Hyderabad,ATM Machine,No
T103611,C1765,2025-05-09,3288.52,ATM,Entertainment,Hyderabad,ATM Machine,No
T103612,C1304,2024-03-27,18852.5,Online,Fashion,Hyderabad,Tablet,No
T103613,C2070,2024-11-04,16055.78,ATM,Restaurant,Mumbai,ATM Machine,No
T103614,C1971,2024-12-19,7664.12,ATM,Travel,Pune,ATM Machine,No
T103615,C1465,2024-08-04,1396.56,POS,Electronics,Jaipur,POS Terminal,No
T103616,C1072,2024-08-28,8396.1,POS,Electronics,Mumbai,POS Terminal,No
T103617,C1941,2024-01-24,16979.86,ATM,Restaurant,Kolkata,ATM Machine,No
T103618,C1248,2025-01-26,16020.56,ATM,Restaurant,Hyderabad,ATM Machine,No
T103619,C1203,2024-01-08,2709.33,POS,Electronics,Bangalore,POS Terminal,No
T103620,C1726,2024-11-26,13618.91,ATM,Travel,Jaipur,ATM Machine,No
T103621,C1375,2024-12-27,11181.11,Online,Fashion,Kolkata,Tablet,No
T103622,C2094,2025-03-16,3351.29,POS,Healthcare,Ahmedabad,POS Terminal,No
T103623,C1907,2025-01-20,13123.67,POS,Restaurant,Bangalore,POS Terminal,No
T103624,C1444,2024-12-19,12633.51,Online,Restaurant,Bangalore,Tablet,No
T103625,C1218,2025-01-21,5633.32,ATM,Fuel,Chennai,ATM Machine,No
T103626,C1709,2024-10-13,512.74,ATM,E-commerce,Bangalore,ATM Machine,No
T103627,C1378,2024-04-01,17478.05,ATM,Entertainment,Kolkata,ATM Machine,No
T103628,C1375,2025-02-24,15955.6,ATM,Entertainment,Hyderabad,ATM Machine,No
T103629,C1101,2025-04-05,9447.2,POS,Travel,Ahmedabad,POS Terminal,No
T103630,C1502,2024-02-04,15130.18,ATM,Electronics,Jaipur,ATM Machine,No
T103631,C1813,2024-12-16,2365.52,POS,Fuel,Delhi,POS Terminal,No
T103632,C1013,2024-09-05,9437.31,ATM,Entertainment,Hyderabad,ATM Machine,No
T103633,C1625,2025-01-30,17690.73,Online,Utilities,Pune,Mobile,Yes
T103634,C1147,2024-04-22,1497.27,POS,Restaurant,Kolkata,POS Terminal,No
T103635,C2042,2025-02-05,7343.34,POS,Healthcare,Hyderabad,POS Terminal,No
T103636,C1970,2024-12-02,13819.02,POS,Healthcare,Delhi,POS Terminal,No
T103637,C1567,2025-02-08,696.88,POS,Grocery,Pune,POS Terminal,No
T103638,C2165,2024-02-07,14714.75,Online,Electronics,Pune,Mobile,No
T103639,C1549,2024-02-06,10535.54,Online,E-commerce,Pune,Desktop,No
T103640,C1035,2024-10-18,5143.86,ATM,Electronics,Lucknow,ATM Machine,No
T103641,C1434,2024-10-29,13635.67,POS,Fashion,Jaipur,POS Terminal,No
T103642,C1379,2024-01-31,7074.23,POS,Grocery,Bangalore,POS Terminal,Yes
T103643,C1346,2024-08-10,23421.71,Online,Grocery,Delhi,Tablet,No
T103644,C2017,2024-02-19,38076.67,Online,Electronics,Bangalore,Desktop,No
T103645,C1414,2024-10-19,7893.71,Online,Healthcare,Lucknow,Desktop,No
T103646,C2161,2024-11-27,7360.25,POS,Healthcare,Mumbai,POS Terminal,No
T103647,C2072,2024-08-30,21613.26,Online,Electronics,Bangalore,Desktop,No
T103648,C1991,2024-04-28,29926.15,Online,E-commerce,Bangalore,Mobile,No
T103649,C1798,2024-12-11,49977.97,Online,Fashion,Pune,Tablet,No
T103650,C2087,2024-09-30,15504.25,ATM,Fashion,Jaipur,ATM Machine,No
T103651,C1486,2025-03-06,8258.38,ATM,Travel,Lucknow,ATM Machine,No
T103652,C1633,2024-04-13,41412.14,Online,E-commerce,Delhi,Tablet,No
T103653,C1674,2024-06-07,8701.28,Online,Grocery,Jaipur,Tablet,No
T103654,C2185,2024-11-22,553.91,POS,Restaurant,Hyderabad,POS Terminal,No
T103655,C1094,2024-03-22,10381.53,Online,E-commerce,Delhi,Desktop,No
T103656,C1715,2024-09-05,5172.13,POS,Fuel,Chennai,POS Terminal,No
T103657,C1935,2025-02-13,7707.65,POS,Fashion,Mumbai,POS Terminal,No
T103658,C1003,2024-03-12,9265.42,POS,Utilities,Ahmedabad,POS Terminal,No
T103659,C1634,2024-10-05,18256.81,ATM,Healthcare,Ahmedabad,ATM Machine,No
T103660,C2173,2024-08-17,10442.15,ATM,Fashion,Chennai,ATM Machine,No
T103661,C1183,2024-08-02,25163.53,Online,Healthcare,Pune,Desktop,No
T103662,C1070,2024-05-11,848.62,POS,Grocery,Mumbai,POS Terminal,No
T103663,C1723,2024-06-10,1180.78,ATM,Travel,Ahmedabad,ATM Machine,No
T103664,C1791,2025-05-14,8312.28,POS,E-commerce,Kolkata,POS Terminal,No
T103665,C1952,2024-08-13,22021.29,Online,Electronics,Lucknow,Tablet,No
T103666,C2166,2024-12-22,12603.79,POS,Travel,Pune,POS Terminal,No
T103667,C1760,2024-10-30,2494.13,POS,Grocery,Bangalore,POS Terminal,No
T103668,C1226,2024-03-23,986.95,ATM,Restaurant,Ahmedabad,ATM Machine,No
T103669,C1423,2024-08-06,6790.68,POS,Travel,Delhi,POS Terminal,No
T103670,C1594,2025-04-14,5130.83,ATM,E-commerce,Jaipur,ATM Machine,No
T103671,C1687,2024-11-09,839.25,POS,Entertainment,Chennai,POS Terminal,No
T103672,C1891,2024-05-06,10896.51,POS,Entertainment,Chennai,POS Terminal,No
T103673,C1599,2025-01-16,5757.33,Online,Fuel,Chennai,Mobile,No
T103674,C1626,2024-11-09,30494.31,Online,Healthcare,Lucknow,Tablet,No
T103675,C1497,2025-03-02,5980.47,ATM,Fuel,Chennai,ATM Machine,No
T103676,C1584,2024-04-25,3883.17,ATM,Fuel,Kolkata,ATM Machine,No
T103677,C2077,2025-01-23,7905.15,ATM,Utilities,Bangalore,ATM Machine,No
T103678,C1098,2024-10-30,12041.54,POS,Utilities,Kolkata,POS Terminal,No
T103679,C1977,2025-01-05,19726.26,Online,E-commerce,Jaipur,Tablet,No
T103680,C2070,2024-10-25,11286.47,POS,Electronics,Hyderabad,POS Terminal,No
T103681,C1017,2025-04-02,2946.98,ATM,Fashion,Bangalore,ATM Machine,No
T103682,C1355,2024-02-28,11614.29,POS,Grocery,Ahmedabad,POS Terminal,No
T103683,C2063,2024-06-27,11999.28,Online,Fuel,Kolkata,Desktop,No
T103684,C2200,2024-03-08,33934.18,Online,Grocery,Hyderabad,Mobile,No
T103685,C1570,2024-10-17,8530.15,POS,Fuel,Kolkata,POS Terminal,No
T103686,C1304,2025-01-05,18618.32,ATM,Travel,Lucknow,ATM Machine,No
T103687,C1057,2024-03-13,8052.79,ATM,Entertainment,Delhi,ATM Machine,No
T103688,C1236,2024-04-14,1790.22,ATM,Fashion,Pune,ATM Machine,No
T103689,C1730,2024-09-27,873.53,ATM,E-commerce,Kolkata,ATM Machine,No
T103690,C2193,2024-06-21,16623.74,ATM,Fashion,Mumbai,ATM Machine,No
T103691,C1882,2025-05-12,26331.83,Online,E-commerce,Lucknow,Mobile,No
T103692,C1535,2024-12-27,11651.14,POS,Utilities,Chennai,POS Terminal,No
T103693,C1671,2024-07-22,3592.94,POS,Travel,Delhi,POS Terminal,No
T103694,C2111,2024-10-08,5241.75,POS,Grocery,Hyderabad,POS Terminal,No
T103695,C1376,2024-04-07,548.55,POS,Restaurant,Bangalore,POS Terminal,No
T103696,C1510,2024-04-09,14426.24,POS,Fashion,Chennai,POS Terminal,No
T103697,C1833,2024-04-16,13523.42,ATM,Electronics,Mumbai,ATM Machine,No
T103698,C1924,2024-12-31,18697.5,ATM,Healthcare,Jaipur,ATM Machine,No
T103699,C1812,2025-02-04,5677.18,ATM,Grocery,Mumbai,ATM Machine,No
T103700,C1643,2024-12-29,12423.54,ATM,Restaurant,Lucknow,ATM Machine,No
T103701,C1782,2025-01-20,13730.75,ATM,Grocery,Bangalore,ATM Machine,No
T103702,C1184,2024-11-27,6692.22,ATM,Fashion,Ahmedabad,ATM Machine,No
T103703,C1132,2024-08-26,12736.83,POS,Travel,Mumbai,POS Terminal,No
T103704,C1653,2024-01-30,47368.64,Online,Travel,Jaipur,Desktop,No
T103705,C1335,2024-03-23,17754.67,ATM,E-commerce,Chennai,ATM Machine,No
T103706,C1693,2024-04-02,11112.1,POS,Entertainment,Bangalore,POS Terminal,No
T103707,C1274,2024-09-23,14017.74,Online,E-commerce,Hyderabad,Mobile,No
T103708,C1276,2024-06-18,4296.08,POS,E-commerce,Delhi,POS Terminal,No
T103709,C1021,2024-04-27,48175.34,Online,Travel,Hyderabad,Desktop,No
T103710,C1904,2024-02-04,700.55,ATM,Electronics,Kolkata,ATM Machine,No
T103711,C1748,2025-04-22,35859.29,Online,Fashion,Kolkata,Mobile,No
T103712,C1712,2025-01-19,10623.07,POS,Travel,Mumbai,POS Terminal,No
T103713,C1759,2024-04-17,31209.94,Online,Electronics,Bangalore,Mobile,No
T103714,C2139,2025-01-29,14852.62,POS,Fashion,Bangalore,POS Terminal,No
T103715,C1444,2024-05-18,6581.65,ATM,Restaurant,Mumbai,ATM Machine,No
T103716,C1607,2024-08-22,17130.6,Online,E-commerce,Mumbai,Mobile,No
T103717,C1334,2025-05-05,4131.18,Online,Restaurant,Chennai,Mobile,No
T103718,C1120,2024-08-12,9134.56,ATM,Healthcare,Chennai,ATM Machine,No
T103719,C2120,2024-08-24,5590.45,ATM,Electronics,Ahmedabad,ATM Machine,No
T103720,C2015,2024-06-13,5216.46,POS,Healthcare,Delhi,POS Terminal,No
T103721,C1375,2025-04-18,12535.12,POS,Grocery,Kolkata,POS Terminal,No
T103722,C2110,2024-04-26,18741.95,ATM,Fashion,Bangalore,ATM Machine,No
T103723,C1961,2024-11-18,9449.51,Online,Entertainment,Jaipur,Mobile,No
T103724,C1649,2024-11-02,18750.94,Online,E-commerce,Pune,Desktop,No
T103725,C2094,2024-05-24,18608.3,ATM,Fuel,Jaipur,ATM Machine,No
T103726,C1302,2025-04-29,3278.06,Online,Fashion,Hyderabad,Tablet,No
T103727,C2175,2025-01-28,4799.55,Online,Restaurant,Delhi,Mobile,No
T103728,C1097,2024-03-02,3674.42,ATM,Fashion,Jaipur,ATM Machine,No
T103729,C1710,2024-12-18,12106.65,ATM,Healthcare,Lucknow,ATM Machine,No
T103730,C1152,2024-08-20,7693.52,Online,Fashion,Chennai,Tablet,No
T103731,C1462,2024-11-02,48410.2,Online,Entertainment,Delhi,Tablet,No
T103732,C1516,2024-12-21,6756.05,POS,Restaurant,Lucknow,POS Terminal,No
T103733,C1225,2024-09-09,25175.59,Online,Restaurant,Bangalore,Mobile,No
T103734,C1795,2025-01-18,3775.21,POS,Travel,Hyderabad,POS Terminal,No
T103735,C1373,2024-03-24,23653.82,Online,Entertainment,Chennai,Mobile,No
T103736,C1770,2024-03-31,9962.51,POS,Entertainment,Chennai,POS Terminal,No
T103737,C1784,2025-03-11,37608.62,Online,Travel,Mumbai,Tablet,No
T103738,C1401,2024-04-13,11332.63,POS,Fuel,Chennai,POS Terminal,No
T103739,C1038,2024-06-05,11768.88,ATM,Utilities,Ahmedabad,ATM Machine,No
T103740,C2189,2025-04-17,13574.96,POS,Grocery,Chennai,POS Terminal,No
T103741,C1341,2024-01-06,12279.38,POS,E-commerce,Kolkata,POS Terminal,No
T103742,C1716,2024-02-06,15262.44,ATM,Entertainment,Hyderabad,ATM Machine,No
T103743,C1918,2024-09-11,928.52,POS,E-commerce,Bangalore,POS Terminal,No
T103744,C1429,2024-03-22,634.12,ATM,Entertainment,Kolkata,ATM Machine,No
T103745,C1379,2024-08-19,3265.46,POS,Fashion,Pune,POS Terminal,No
T103746,C1328,2025-04-11,9986.5,POS,E-commerce,Bangalore,POS Terminal,Yes
T103747,C1165,2025-03-29,6226.84,POS,Entertainment,Jaipur,POS Terminal,No
T103748,C1275,2024-01-15,8346.92,ATM,Entertainment,Lucknow,ATM Machine,No
T103749,C1323,2024-03-18,17749.44,ATM,Fuel,Delhi,ATM Machine,No
T103750,C1841,2024-04-21,44799.03,Online,Restaurant,Lucknow,Desktop,No
T103751,C2192,2024-07-24,45476.93,Online,Healthcare,Hyderabad,Desktop,No
T103752,C1316,2024-11-26,4776.78,POS,Restaurant,Lucknow,POS Terminal,No
T103753,C1369,2024-01-22,10396.73,POS,Healthcare,Delhi,POS Terminal,No
T103754,C1531,2024-11-15,5796.85,ATM,Grocery,Jaipur,ATM Machine,No
T103755,C1399,2024-04-14,4216.89,ATM,Electronics,Hyderabad,ATM Machine,No
T103756,C1083,2024-01-23,2851.02,POS,E-commerce,Jaipur,POS Terminal,No
T103757,C1460,2024-12-26,17236.96,Online,Electronics,Delhi,Mobile,No
T103758,C1194,2025-05-01,21611.89,Online,Electronics,Pune,Tablet,No
T103759,C1231,2024-12-30,12481.14,POS,Utilities,Bangalore,POS Terminal,No
T103760,C2113,2024-08-01,2837.88,ATM,Fashion,Kolkata,ATM Machine,No
T103761,C1018,2024-02-23,14831.05,ATM,Electronics,Jaipur,ATM Machine,No
T103762,C2140,2024-10-02,26666.45,Online,Healthcare,Chennai,Desktop,No
T103763,C1002,2024-01-22,4390.39,POS,Restaurant,Lucknow,POS Terminal,No
T103764,C2020,2024-08-14,10109.98,ATM,Utilities,Ahmedabad,ATM Machine,No
T103765,C1643,2024-09-23,4569.14,POS,Healthcare,Kolkata,POS Terminal,No
T103766,C1818,2025-01-18,8981.62,POS,Electronics,Lucknow,POS Terminal,No
T103767,C1265,2024-04-21,6564.27,POS,Restaurant,Delhi,POS Terminal,No
T103768,C1894,2025-02-18,8387.4,Online,Restaurant,Delhi,Mobile,No
T103769,C1626,2024-12-19,6005.84,Online,Grocery,Chennai,Mobile,No
T103770,C2090,2024-04-21,27425.44,Online,Fuel,Ahmedabad,Tablet,No
T103771,C2164,2025-01-30,18097.05,ATM,Electronics,Delhi,ATM Machine,No
T103772,C1915,2024-03-19,5224.97,POS,E-commerce,Lucknow,POS Terminal,No
T103773,C1569,2024-10-21,14793.5,ATM,Utilities,Delhi,ATM Machine,No
T103774,C2053,2024-12-23,33001.34,Online,Electronics,Jaipur,Mobile,No
T103775,C1885,2024-08-04,13980.17,POS,Grocery,Bangalore,POS Terminal,No
T103776,C1128,2024-01-03,12332.62,POS,Travel,Bangalore,POS Terminal,No
T103777,C1397,2024-10-05,8542.42,POS,Travel,Delhi,POS Terminal,Yes
T103778,C1096,2024-06-16,32920.12,Online,Fuel,Hyderabad,Tablet,No
T103779,C2127,2024-12-29,44939.65,Online,Entertainment,Jaipur,Tablet,No
T103780,C1856,2025-03-07,8290.62,ATM,Restaurant,Lucknow,ATM Machine,No
T103781,C1128,2024-01-31,4969.24,POS,Healthcare,Jaipur,POS Terminal,No
T103782,C1336,2025-02-25,261.09,POS,Healthcare,Hyderabad,POS Terminal,No
T103783,C1364,2025-03-08,16617.75,ATM,Travel,Jaipur,ATM Machine,No
T103784,C1790,2024-12-10,40088.84,Online,Travel,Ahmedabad,Desktop,No
T103785,C1171,2024-09-15,1656.37,POS,Electronics,Jaipur,POS Terminal,No
T103786,C1825,2024-03-31,8695.17,POS,Fashion,Delhi,POS Terminal,No
T103787,C2131,2024-06-05,23306.29,Online,Grocery,Delhi,Mobile,No
T103788,C2036,2025-02-09,6111.71,Online,Travel,Hyderabad,Tablet,No
T103789,C1204,2024-12-10,19621.08,ATM,Utilities,Hyderabad,ATM Machine,No
T103790,C1383,2024-08-24,4686.57,ATM,E-commerce,Delhi,ATM Machine,No
T103791,C1667,2024-12-28,1811.07,ATM,Grocery,Kolkata,ATM Machine,No
T103792,C1988,2024-09-09,8963.23,POS,Electronics,Mumbai,POS Terminal,No
T103793,C1759,2025-02-26,14907.9,ATM,Restaurant,Mumbai,ATM Machine,No
T103794,C2103,2024-09-24,1815.68,Online,Fuel,Hyderabad,Mobile,No
T103795,C1957,2024-11-06,9914.89,POS,Healthcare,Delhi,POS Terminal,No
T103796,C2031,2024-12-21,26708.14,Online,Entertainment,Lucknow,Desktop,No
T103797,C2093,2024-11-25,5342.6,Online,Utilities,Chennai,Desktop,No
T103798,C1365,2025-01-11,3864.22,ATM,Grocery,Bangalore,ATM Machine,No
T103799,C1772,2024-07-07,11575.5,ATM,Healthcare,Jaipur,ATM Machine,No
T103800,C1350,2024-11-09,4515.73,POS,E-commerce,Delhi,POS Terminal,No
T103801,C1918,2024-04-14,14080.9,POS,E-commerce,Jaipur,POS Terminal,No
T103802,C1333,2024-06-24,12299.23,POS,Travel,Lucknow,POS Terminal,No
T103803,C1892,2024-11-17,19679.56,ATM,Grocery,Ahmedabad,ATM Machine,No
T103804,C1280,2024-10-23,5563.58,ATM,Grocery,Ahmedabad,ATM Machine,No
T103805,C1974,2024-03-14,19409.61,ATM,Healthcare,Kolkata,ATM Machine,No
T103806,C1624,2024-02-02,6525.38,POS,E-commerce,Lucknow,POS Terminal,No
T103807,C1045,2024-10-14,17506.44,Online,Utilities,Lucknow,Desktop,No
T103808,C2020,2024-05-10,1481.82,ATM,Entertainment,Lucknow,ATM Machine,No
T103809,C1583,2024-07-26,886.2,POS,Electronics,Jaipur,POS Terminal,No
T103810,C2033,2025-03-09,10410.97,POS,Electronics,Kolkata,POS Terminal,No
T103811,C1592,2025-03-05,6923.14,POS,Utilities,Pune,POS Terminal,No
T103812,C2191,2024-10-01,4917.17,ATM,Electronics,Kolkata,ATM Machine,No
T103813,C2197,2024-09-30,30775.72,Online,Fuel,Chennai,Desktop,Yes
T103814,C1342,2024-12-05,5430.73,ATM,Utilities,Kolkata,ATM Machine,No
T103815,C1670,2025-05-09,28966.06,Online,Electronics,Mumbai,Mobile,No
T103816,C1940,2024-01-21,5452.21,POS,Healthcare,Chennai,POS Terminal,No
T103817,C1126,2024-01-10,16559.27,ATM,Restaurant,Chennai,ATM Machine,No
T103818,C1518,2024-07-02,16503.58,ATM,Electronics,Hyderabad,ATM Machine,Yes
T103819,C2106,2024-10-20,9808.33,ATM,Travel,Mumbai,ATM Machine,No
T103820,C1625,2024-12-07,7340.97,ATM,Utilities,Hyderabad,ATM Machine,No
T103821,C1971,2024-05-14,7569.92,ATM,Electronics,Jaipur,ATM Machine,No
T103822,C1485,2024-01-08,40324.58,Online,Fashion,Pune,Mobile,No
T103823,C1436,2024-01-24,6899.5,ATM,Entertainment,Kolkata,ATM Machine,No
T103824,C1826,2024-02-22,4576.66,ATM,E-commerce,Pune,ATM Machine,No
T103825,C1036,2025-04-11,1361.86,POS,Healthcare,Chennai,POS Terminal,No
T103826,C1535,2025-01-27,9600.52,ATM,Travel,Ahmedabad,ATM Machine,No
T103827,C1603,2024-08-09,7283.77,POS,E-commerce,Mumbai,POS Terminal,No
T103828,C1983,2025-04-12,16897.72,ATM,Grocery,Delhi,ATM Machine,No
T103829,C1332,2024-07-31,4814.15,ATM,Grocery,Mumbai,ATM Machine,No
T103830,C1418,2024-08-06,5776.77,POS,Electronics,Mumbai,POS Terminal,No
T103831,C1606,2024-06-04,12145.25,POS,Restaurant,Lucknow,POS Terminal,No
T103832,C1089,2024-07-20,12371.99,POS,Fuel,Pune,POS Terminal,No
T103833,C2145,2025-04-07,5830.71,POS,Entertainment,Bangalore,POS Terminal,No
T103834,C1080,2024-07-12,23064.38,Online,Restaurant,Delhi,Desktop,No
T103835,C1894,2025-03-22,4618.96,POS,Restaurant,Pune,POS Terminal,No
T103836,C1366,2024-04-04,46641.23,Online,Electronics,Lucknow,Mobile,No
T103837,C1442,2025-04-22,2813.55,ATM,Fuel,Ahmedabad,ATM Machine,No
T103838,C1530,2024-09-12,14012.87,POS,Fashion,Kolkata,POS Terminal,No
T103839,C1591,2024-12-16,10289.61,POS,Entertainment,Lucknow,POS Terminal,No
T103840,C1896,2024-06-16,26672.29,Online,Electronics,Hyderabad,Tablet,No
T103841,C1013,2024-09-07,1826.42,Online,Restaurant,Chennai,Desktop,No
T103842,C1447,2024-02-22,23884.69,Online,E-commerce,Mumbai,Mobile,No
T103843,C1808,2024-03-06,8451.09,ATM,Restaurant,Delhi,ATM Machine,No
T103844,C1140,2025-04-20,3643.77,ATM,Fashion,Hyderabad,ATM Machine,No
T103845,C1294,2024-11-20,9880.5,POS,Fashion,Bangalore,POS Terminal,No
T103846,C1555,2024-10-01,19437.44,ATM,Utilities,Hyderabad,ATM Machine,No
T103847,C2139,2024-06-13,11462.68,ATM,Entertainment,Jaipur,ATM Machine,No
T103848,C1371,2024-10-26,14437.69,ATM,Fuel,Bangalore,ATM Machine,No
T103849,C1710,2024-03-12,1834.78,ATM,Entertainment,Delhi,ATM Machine,No
T103850,C2029,2024-06-16,6323.24,POS,Entertainment,Lucknow,POS Terminal,No
T103851,C1137,2024-01-29,1833.74,POS,Grocery,Jaipur,POS Terminal,No
T103852,C1097,2024-07-04,9230.66,POS,E-commerce,Delhi,POS Terminal,No
T103853,C1931,2024-06-06,14083.38,POS,Fashion,Hyderabad,POS Terminal,No
T103854,C1440,2024-07-01,33156.53,Online,Fuel,Ahmedabad,Tablet,No
T103855,C1606,2024-02-27,1244.37,POS,Electronics,Pune,POS Terminal,No
T103856,C2170,2024-08-23,17862.38,Online,Fuel,Chennai,Tablet,No
T103857,C1683,2024-04-28,8304.88,POS,Utilities,Jaipur,POS Terminal,No
T103858,C1400,2024-03-04,8362.55,ATM,Travel,Kolkata,ATM Machine,No
T103859,C1141,2024-12-18,41715.47,Online,Travel,Jaipur,Tablet,No
T103860,C1875,2025-04-24,40770.62,Online,Utilities,Ahmedabad,Tablet,No
T103861,C1359,2025-02-19,12430.7,ATM,Electronics,Pune,ATM Machine,No
T103862,C1983,2024-10-05,5664.52,POS,Travel,Mumbai,POS Terminal,No
T103863,C2137,2024-08-10,12915.75,Online,Entertainment,Delhi,Desktop,No
T103864,C1912,2024-12-20,1677.53,POS,Healthcare,Pune,POS Terminal,No
T103865,C1436,2025-04-19,5387.98,POS,Travel,Ahmedabad,POS Terminal,No
T103866,C2049,2024-01-26,20775.99,Online,Utilities,Lucknow,Mobile,No
T103867,C1980,2024-04-06,10169.76,POS,Fuel,Kolkata,POS Terminal,No
T103868,C1982,2024-08-14,13334.12,ATM,Healthcare,Bangalore,ATM Machine,No
T103869,C1815,2024-10-28,3691.39,Online,Fuel,Hyderabad,Mobile,No
T103870,C1280,2024-10-27,8207.56,ATM,E-commerce,Chennai,ATM Machine,No
T103871,C1881,2024-05-14,2808.51,POS,Grocery,Lucknow,POS Terminal,No
T103872,C2200,2025-02-08,8009.27,Online,Grocery,Delhi,Mobile,No
T103873,C2135,2024-06-23,12426.8,POS,Travel,Lucknow,POS Terminal,Yes
T103874,C1480,2025-03-02,1317.35,ATM,Entertainment,Bangalore,ATM Machine,No
T103875,C1175,2024-10-03,8674.07,ATM,Healthcare,Jaipur,ATM Machine,No
T103876,C1589,2024-03-28,3779.97,ATM,Fuel,Kolkata,ATM Machine,No
T103877,C2054,2025-02-01,17646.94,ATM,Fuel,Lucknow,ATM Machine,No
T103878,C1938,2024-10-25,8399.9,POS,Fashion,Bangalore,POS Terminal,No
T103879,C1760,2025-02-25,3547.57,POS,Entertainment,Lucknow,POS Terminal,No
T103880,C2065,2024-03-05,10297.33,ATM,Electronics,Lucknow,ATM Machine,No
T103881,C1294,2024-02-06,10999.15,POS,E-commerce,Ahmedabad,POS Terminal,No
T103882,C1152,2025-02-23,47914.28,Online,Fuel,Jaipur,Tablet,No
T103883,C1926,2025-04-05,11178.21,Online,Fashion,Mumbai,Desktop,No
T103884,C2084,2024-06-02,13304.11,POS,Entertainment,Delhi,POS Terminal,No
T103885,C1423,2024-08-05,14021.13,POS,Restaurant,Jaipur,POS Terminal,No
T103886,C2072,2024-02-23,45837.74,Online,Restaurant,Hyderabad,Tablet,Yes
T103887,C2082,2024-09-14,9567.67,POS,Healthcare,Jaipur,POS Terminal,No
T103888,C1168,2024-10-22,31565.07,Online,E-commerce,Ahmedabad,Tablet,No
T103889,C1690,2024-10-22,20279.89,Online,Grocery,Lucknow,Tablet,No
T103890,C2174,2024-11-18,37669.41,Online,Electronics,Ahmedabad,Desktop,No
T103891,C1759,2024-06-10,26658.44,Online,Utilities,Kolkata,Desktop,No
T103892,C1453,2025-02-25,10193.83,POS,Electronics,Pune,POS Terminal,No
T103893,C2103,2025-01-19,21537.2,Online,Fashion,Mumbai,Tablet,No
T103894,C1260,2024-12-10,10999.3,POS,Grocery,Delhi,POS Terminal,No
T103895,C1494,2025-02-07,16577.19,ATM,Electronics,Mumbai,ATM Machine,No
T103896,C2091,2024-03-05,3355.51,ATM,Fashion,Chennai,ATM Machine,No
T103897,C1646,2024-06-27,41679.9,Online,Travel,Kolkata,Mobile,No
T103898,C2088,2024-06-16,11035.78,ATM,Electronics,Jaipur,ATM Machine,No
T103899,C1088,2024-05-25,12685.52,POS,Grocery,Bangalore,POS Terminal,No
T103900,C1945,2024-04-15,6526.4,POS,Electronics,Pune,POS Terminal,No
T103901,C2088,2024-09-11,19076.22,Online,Healthcare,Kolkata,Mobile,No
T103902,C1162,2024-04-21,18343.68,ATM,Entertainment,Jaipur,ATM Machine,No
T103903,C1822,2024-10-17,12708.23,Online,Travel,Pune,Mobile,No
T103904,C1124,2024-12-26,42241.77,Online,Entertainment,Jaipur,Desktop,No
T103905,C1882,2024-02-16,7311.91,POS,Fuel,Ahmedabad,POS Terminal,No
T103906,C1177,2024-11-29,7760.02,POS,Healthcare,Kolkata,POS Terminal,No
T103907,C1999,2024-10-17,15561.72,Online,Entertainment,Pune,Mobile,No
T103908,C1595,2024-05-06,8638.33,POS,E-commerce,Mumbai,POS Terminal,No
T103909,C2041,2025-04-11,16395.52,Online,Fashion,Ahmedabad,Mobile,No
T103910,C1325,2024-10-05,1265.75,ATM,Healthcare,Kolkata,ATM Machine,No
T103911,C1703,2025-04-13,13745.53,Online,Fuel,Bangalore,Tablet,No
T103912,C1523,2024-05-11,517.68,Online,Healthcare,Delhi,Mobile,No
T103913,C1946,2025-05-05,14677.49,POS,Travel,Pune,POS Terminal,No
T103914,C1614,2024-07-28,14489.63,POS,Grocery,Pune,POS Terminal,No
T103915,C1077,2024-04-06,8205.53,ATM,Utilities,Jaipur,ATM Machine,Yes
T103916,C2005,2024-04-19,36472.87,Online,Fuel,Bangalore,Desktop,No
T103917,C1865,2024-03-09,7243.22,ATM,Electronics,Chennai,ATM Machine,No
T103918,C1555,2024-08-20,33620.44,Online,Utilities,Lucknow,Mobile,No
T103919,C1433,2025-04-19,40310.42,Online,E-commerce,Kolkata,Tablet,No
T103920,C1857,2024-09-10,14206.67,POS,Fuel,Lucknow,POS Terminal,No
T103921,C1008,2024-10-18,20130.57,Online,Restaurant,Jaipur,Tablet,No
T103922,C1570,2025-04-25,15774.31,ATM,Utilities,Ahmedabad,ATM Machine,No
T103923,C1656,2025-01-21,4062.33,POS,Electronics,Hyderabad,POS Terminal,No
T103924,C1674,2024-10-02,19811.48,ATM,Fashion,Bangalore,ATM Machine,No
T103925,C1253,2024-08-20,483.97,POS,Travel,Mumbai,POS Terminal,No
T103926,C1871,2025-02-16,12268.81,ATM,Utilities,Delhi,ATM Machine,No
T103927,C1786,2025-03-05,9926.64,POS,Grocery,Hyderabad,POS Terminal,No
T103928,C1427,2024-10-29,13916.89,ATM,Utilities,Delhi,ATM Machine,No
T103929,C1421,2024-10-07,1893.77,POS,Fashion,Pune,POS Terminal,No
T103930,C1456,2025-01-09,46938.78,Online,Travel,Kolkata,Desktop,No
T103931,C1921,2024-01-08,2799.63,POS,Electronics,Hyderabad,POS Terminal,No
T103932,C1026,2024-11-14,31213.12,Online,Entertainment,Hyderabad,Tablet,No
T103933,C1859,2025-05-11,11289.27,Online,Restaurant,Jaipur,Mobile,No
T103934,C1715,2024-05-15,15499.38,Online,Grocery,Chennai,Mobile,No
T103935,C1349,2025-03-17,27413.64,Online,Electronics,Lucknow,Mobile,No
T103936,C1730,2024-08-18,6316.18,POS,Restaurant,Mumbai,POS Terminal,No
T103937,C1573,2024-02-03,8179.23,Online,Grocery,Ahmedabad,Tablet,No
T103938,C1558,2024-02-21,3833.26,ATM,Travel,Bangalore,ATM Machine,No
T103939,C1492,2025-03-06,8653.82,ATM,Electronics,Mumbai,ATM Machine,No
T103940,C1634,2024-02-20,15267.02,ATM,Restaurant,Bangalore,ATM Machine,No
T103941,C2115,2025-05-02,13479.67,POS,Grocery,Lucknow,POS Terminal,No
T103942,C2143,2024-08-31,4389.56,Online,Healthcare,Chennai,Tablet,No
T103943,C1376,2024-03-31,5957.25,POS,Electronics,Ahmedabad,POS Terminal,No
T103944,C1296,2024-04-04,1593.66,POS,Grocery,Chennai,POS Terminal,No
T103945,C1439,2024-03-29,347.23,POS,Electronics,Delhi,POS Terminal,No
T103946,C1106,2024-01-19,33153.59,Online,Fuel,Kolkata,Tablet,No
T103947,C1782,2024-04-20,30201.98,Online,Fashion,Mumbai,Mobile,No
T103948,C1919,2024-12-21,3678.87,ATM,Restaurant,Mumbai,ATM Machine,No
T103949,C1311,2025-02-02,11843.88,Online,Grocery,Lucknow,Desktop,No
T103950,C1485,2024-07-19,453.25,POS,Restaurant,Delhi,POS Terminal,No
T103951,C1403,2024-07-28,16781.47,ATM,E-commerce,Mumbai,ATM Machine,Yes
T103952,C1953,2024-08-31,19506.47,ATM,Entertainment,Mumbai,ATM Machine,No
T103953,C2014,2024-05-04,6945.88,Online,Entertainment,Lucknow,Mobile,Yes
T103954,C1945,2024-04-20,5013.77,ATM,Fashion,Delhi,ATM Machine,No
T103955,C1071,2024-12-01,13039.3,POS,Restaurant,Bangalore,POS Terminal,No
T103956,C1419,2024-10-03,13904.31,POS,E-commerce,Mumbai,POS Terminal,No
T103957,C1968,2025-03-28,21097.44,Online,Healthcare,Ahmedabad,Mobile,No
T103958,C1052,2025-02-15,854.27,POS,Entertainment,Chennai,POS Terminal,No
T103959,C1230,2024-09-10,2161.71,Online,E-commerce,Bangalore,Tablet,No
T103960,C1141,2024-08-30,28782.7,Online,Fashion,Chennai,Desktop,No
T103961,C1111,2025-05-15,19766.18,Online,Travel,Chennai,Desktop,No
T103962,C1270,2024-04-04,526.92,POS,Restaurant,Delhi,POS Terminal,No
T103963,C1032,2024-03-14,8790.46,POS,Restaurant,Hyderabad,POS Terminal,No
T103964,C1553,2025-01-21,762.87,Online,Restaurant,Mumbai,Tablet,No
T103965,C1914,2025-02-12,11831.84,POS,Restaurant,Kolkata,POS Terminal,No
T103966,C1427,2024-12-11,15460.35,Online,Healthcare,Pune,Desktop,No
T103967,C1268,2024-08-28,699.84,POS,Electronics,Ahmedabad,POS Terminal,No
T103968,C1615,2025-01-03,11972.87,ATM,Grocery,Bangalore,ATM Machine,No
T103969,C1707,2025-02-27,8254.85,ATM,Entertainment,Lucknow,ATM Machine,No
T103970,C1230,2024-07-14,48695.26,Online,Restaurant,Delhi,Mobile,No
T103971,C1227,2024-06-12,11111.87,ATM,E-commerce,Delhi,ATM Machine,No
T103972,C1881,2024-10-03,4201.06,POS,Fuel,Lucknow,POS Terminal,No
T103973,C1848,2024-05-10,10670.64,POS,Utilities,Kolkata,POS Terminal,No
T103974,C2053,2024-12-11,4145.23,POS,Restaurant,Hyderabad,POS Terminal,No
T103975,C1121,2025-04-09,45231.32,Online,Utilities,Jaipur,Desktop,No
T103976,C1531,2024-01-13,7807.08,ATM,Travel,Ahmedabad,ATM Machine,No
T103977,C2142,2025-05-14,27583.45,Online,E-commerce,Delhi,Tablet,No
T103978,C1598,2024-11-13,1486.18,ATM,Restaurant,Delhi,ATM Machine,No
T103979,C1090,2024-01-26,6449.21,POS,E-commerce,Jaipur,POS Terminal,No
T103980,C1413,2024-07-20,16731.09,ATM,Restaurant,Hyderabad,ATM Machine,No
T103981,C1472,2024-05-22,16210.15,ATM,Fuel,Jaipur,ATM Machine,No
T103982,C1920,2025-04-28,11371.06,Online,Utilities,Bangalore,Mobile,No
T103983,C2081,2024-07-29,3468.58,POS,Fuel,Kolkata,POS Terminal,No
T103984,C1020,2024-03-27,40901.8,Online,Restaurant,Hyderabad,Tablet,No
T103985,C1304,2025-03-19,46533.84,Online,Entertainment,Pune,Mobile,No
T103986,C1447,2024-01-02,4948.97,Online,Grocery,Mumbai,Tablet,No
T103987,C1510,2025-02-10,6805.87,POS,Healthcare,Ahmedabad,POS Terminal,No
T103988,C1228,2024-11-09,17005.22,Online,Grocery,Jaipur,Tablet,No
T103989,C2164,2024-02-16,43560.29,Online,Fuel,Delhi,Desktop,No
T103990,C1048,2024-10-23,4359.54,Online,Healthcare,Lucknow,Tablet,No
T103991,C1482,2024-03-12,4616.96,ATM,Fashion,Hyderabad,ATM Machine,No
T103992,C2192,2024-12-10,15173.13,ATM,E-commerce,Ahmedabad,ATM Machine,No
T103993,C1092,2024-07-17,2754.43,Online,Utilities,Pune,Desktop,No
T103994,C1169,2025-04-27,10104.44,ATM,Healthcare,Ahmedabad,ATM Machine,No
T103995,C1796,2024-05-05,22216.93,Online,Grocery,Mumbai,Tablet,No
T103996,C2055,2024-05-21,7020.82,ATM,Travel,Hyderabad,ATM Machine,No
T103997,C1199,2025-01-05,19849.7,Online,Fashion,Delhi,Mobile,No
T103998,C1175,2024-06-11,26591.04,Online,E-commerce,Jaipur,Tablet,No
T103999,C1531,2024-06-17,3646.66,ATM,Restaurant,Lucknow,ATM Machine,No
T104000,C1633,2024-03-17,28685.39,Online,Travel,Chennai,Tablet,Yes
T104001,C1744,2024-04-14,12100.94,POS,Travel,Chennai,POS Terminal,No
T104002,C1062,2024-08-16,11426.4,POS,Healthcare,Lucknow,POS Terminal,No
T104003,C1513,2024-05-25,3501.05,ATM,Fuel,Kolkata,ATM Machine,No
T104004,C1304,2025-01-01,7632.62,Online,Electronics,Mumbai,Tablet,No
T104005,C1033,2025-02-18,13555.08,Online,Utilities,Delhi,Tablet,No
T104006,C1283,2024-11-30,18181.52,Online,Utilities,Ahmedabad,Tablet,No
T104007,C1592,2025-05-10,20541.09,Online,Restaurant,Kolkata,Mobile,No
T104008,C1710,2024-09-13,34048.92,Online,Fashion,Chennai,Tablet,No
T104009,C1279,2024-08-27,3022.69,Online,Entertainment,Hyderabad,Desktop,No
T104010,C1456,2024-06-25,616.62,POS,Grocery,Mumbai,POS Terminal,No
T104011,C1327,2024-11-13,19717.15,Online,Utilities,Bangalore,Tablet,No
T104012,C1220,2024-10-08,34918.75,Online,Healthcare,Delhi,Tablet,No
T104013,C1671,2024-06-26,4271.99,ATM,Grocery,Chennai,ATM Machine,No
T104014,C1815,2024-02-28,32146.92,Online,Grocery,Ahmedabad,Tablet,No
T104015,C1114,2024-05-15,3971.44,POS,Healthcare,Mumbai,POS Terminal,No
T104016,C1262,2024-10-14,44327.09,Online,Utilities,Bangalore,Desktop,No
T104017,C1184,2025-01-05,17965.95,ATM,Restaurant,Hyderabad,ATM Machine,No
T104018,C1261,2024-10-17,6297.1,ATM,Healthcare,Delhi,ATM Machine,No
T104019,C1257,2024-01-16,4984.88,ATM,Fuel,Jaipur,ATM Machine,No
T104020,C1024,2024-09-11,8520.43,ATM,Healthcare,Kolkata,ATM Machine,No
T104021,C1460,2025-05-04,5190.37,ATM,Fuel,Chennai,ATM Machine,No
T104022,C1095,2025-05-11,10118.52,POS,Restaurant,Bangalore,POS Terminal,No
T104023,C1859,2024-04-22,16608.26,ATM,Fuel,Kolkata,ATM Machine,No
T104024,C1052,2024-02-24,13625.3,ATM,Electronics,Pune,ATM Machine,No
T104025,C1750,2024-09-12,16574.83,ATM,Travel,Chennai,ATM Machine,No
T104026,C1305,2024-05-12,19970.21,Online,Entertainment,Jaipur,Desktop,No
T104027,C1840,2024-09-30,7984.59,Online,Restaurant,Pune,Mobile,No
T104028,C1259,2025-02-26,11095.47,POS,Restaurant,Kolkata,POS Terminal,No
T104029,C1008,2024-09-17,5471.07,POS,Healthcare,Kolkata,POS Terminal,No
T104030,C1820,2025-05-02,33629.29,Online,Restaurant,Chennai,Mobile,No
T104031,C1906,2025-03-28,4132.59,POS,Utilities,Ahmedabad,POS Terminal,No
T104032,C1553,2025-02-08,2083.98,ATM,Fuel,Ahmedabad,ATM Machine,No
T104033,C1165,2024-12-05,49630.57,Online,E-commerce,Mumbai,Tablet,No
T104034,C1031,2024-01-19,2427.4,POS,Electronics,Jaipur,POS Terminal,No
T104035,C2159,2024-09-04,14827.47,POS,Restaurant,Bangalore,POS Terminal,No
T104036,C1557,2025-02-19,48868.54,Online,Fuel,Mumbai,Desktop,No
T104037,C1775,2024-10-07,39732.14,Online,Electronics,Bangalore,Mobile,No
T104038,C1887,2025-03-07,9925.4,POS,E-commerce,Pune,POS Terminal,No
T104039,C1526,2024-10-21,28974.79,Online,Grocery,Kolkata,Tablet,No
T104040,C1580,2024-11-25,43331.86,Online,Electronics,Delhi,Tablet,No
T104041,C2010,2025-01-31,14614.09,Online,Utilities,Jaipur,Mobile,No
T104042,C1950,2024-05-07,23490.52,Online,Healthcare,Hyderabad,Desktop,No
T104043,C1589,2024-09-13,12578.1,ATM,Restaurant,Delhi,ATM Machine,No
T104044,C1568,2024-10-27,6226.74,POS,Utilities,Mumbai,POS Terminal,No
T104045,C1830,2024-05-12,21488.83,Online,Entertainment,Delhi,Mobile,No
T104046,C1373,2024-02-16,16648.18,Online,Entertainment,Chennai,Mobile,No
T104047,C1572,2024-02-12,11502.52,ATM,Restaurant,Hyderabad,ATM Machine,No
T104048,C1243,2024-12-28,12773.56,POS,Grocery,Chennai,POS Terminal,No
T104049,C2082,2024-08-05,10236.11,Online,Travel,Ahmedabad,Mobile,No
T104050,C2035,2024-07-16,46734.77,Online,Grocery,Hyderabad,Mobile,No
T104051,C1413,2024-02-23,13937.21,ATM,Fashion,Jaipur,ATM Machine,No
T104052,C1102,2024-02-11,41199.01,Online,Fuel,Mumbai,Mobile,No
T104053,C1973,2025-02-20,27898.3,Online,Travel,Delhi,Tablet,No
T104054,C1203,2024-10-28,11714.8,POS,Utilities,Kolkata,POS Terminal,No
T104055,C1215,2025-03-28,815.91,ATM,Healthcare,Bangalore,ATM Machine,No
T104056,C1727,2024-12-16,16458.42,ATM,E-commerce,Mumbai,ATM Machine,No
T104057,C1530,2024-02-20,1282.71,ATM,Fuel,Ahmedabad,ATM Machine,No
T104058,C1674,2025-03-20,13359.71,POS,Grocery,Delhi,POS Terminal,No
T104059,C1897,2024-06-23,49599.74,Online,Entertainment,Jaipur,Mobile,No
T104060,C1047,2024-08-29,14844.56,Online,Utilities,Jaipur,Tablet,No
T104061,C1909,2024-09-24,4601.21,ATM,Grocery,Ahmedabad,ATM Machine,No
T104062,C1959,2024-11-02,38315.1,Online,Travel,Ahmedabad,Mobile,No
T104063,C1217,2024-08-06,12800.71,Online,Utilities,Jaipur,Mobile,No
T104064,C1963,2025-05-14,43305.01,Online,Restaurant,Hyderabad,Tablet,No
T104065,C1787,2024-05-08,1632.35,POS,Fashion,Delhi,POS Terminal,No
T104066,C1994,2024-06-22,6472.57,Online,Grocery,Ahmedabad,Desktop,No
T104067,C1218,2025-04-05,48961.75,Online,Restaurant,Chennai,Tablet,Yes
T104068,C2125,2024-07-06,10140.2,POS,Fashion,Jaipur,POS Terminal,No
T104069,C1348,2024-11-29,12718.62,POS,Fuel,Hyderabad,POS Terminal,No
T104070,C1277,2024-04-19,4932.51,POS,Restaurant,Bangalore,POS Terminal,No
T104071,C1249,2024-07-19,13691.43,ATM,Grocery,Kolkata,ATM Machine,No
T104072,C1784,2024-10-09,8954.2,POS,Fashion,Chennai,POS Terminal,No
T104073,C1967,2024-01-11,9086.94,POS,Fashion,Pune,POS Terminal,No
T104074,C1243,2024-05-05,13809.38,ATM,Entertainment,Bangalore,ATM Machine,No
T104075,C1113,2025-01-11,28852.89,Online,Healthcare,Chennai,Mobile,No
T104076,C1010,2024-09-02,21567.31,Online,Travel,Hyderabad,Desktop,No
T104077,C2071,2025-01-27,4211.25,POS,Restaurant,Chennai,POS Terminal,No
T104078,C1231,2024-11-13,15487.34,ATM,Travel,Lucknow,ATM Machine,No
T104079,C2110,2025-03-13,3471.46,POS,Utilities,Delhi,POS Terminal,No
T104080,C1021,2024-06-03,34679.24,Online,Healthcare,Lucknow,Mobile,No
T104081,C1648,2025-03-15,11819.97,Online,Grocery,Bangalore,Mobile,No
T104082,C1146,2024-07-12,9417.42,POS,Entertainment,Jaipur,POS Terminal,No
T104083,C1596,2024-07-25,15068.03,ATM,Travel,Hyderabad,ATM Machine,No
T104084,C1676,2024-04-29,3358.84,POS,Utilities,Delhi,POS Terminal,No
T104085,C1668,2024-01-09,3185.18,Online,Fuel,Ahmedabad,Desktop,No
T104086,C1319,2024-09-08,3053.99,ATM,E-commerce,Kolkata,ATM Machine,No
T104087,C1251,2024-06-12,9129.35,POS,Travel,Jaipur,POS Terminal,No
T104088,C1228,2024-03-11,17064.2,ATM,Electronics,Ahmedabad,ATM Machine,No
T104089,C1675,2025-02-17,2440.84,Online,Restaurant,Hyderabad,Tablet,No
T104090,C2153,2024-09-11,14815.95,ATM,Electronics,Pune,ATM Machine,No
T104091,C1317,2024-07-11,7155.71,ATM,Grocery,Lucknow,ATM Machine,No
T104092,C1466,2025-01-10,7230.07,POS,Grocery,Bangalore,POS Terminal,No
T104093,C1600,2024-08-10,18612.76,ATM,Entertainment,Chennai,ATM Machine,No
T104094,C1948,2024-08-27,16732.18,Online,Grocery,Pune,Mobile,No
T104095,C1056,2024-08-23,23373.78,Online,Grocery,Jaipur,Desktop,No
T104096,C1787,2025-02-16,303.87,POS,Fashion,Jaipur,POS Terminal,No
T104097,C1471,2024-09-03,2091.18,ATM,Grocery,Hyderabad,ATM Machine,No
T104098,C1652,2024-06-06,13077.86,Online,Utilities,Mumbai,Mobile,No
T104099,C1608,2025-02-24,1587.04,Online,Fuel,Jaipur,Desktop,No
T104100,C1371,2024-07-15,31642.49,Online,Restaurant,Lucknow,Mobile,No
T104101,C1808,2024-12-16,8814.77,ATM,Healthcare,Bangalore,ATM Machine,No
T104102,C1381,2024-10-11,11188.83,ATM,Fuel,Mumbai,ATM Machine,No
T104103,C1878,2024-05-08,8897.43,Online,Grocery,Ahmedabad,Tablet,No
T104104,C1424,2024-03-14,4509.39,POS,Electronics,Hyderabad,POS Terminal,No
T104105,C1427,2025-01-07,13444.58,ATM,Healthcare,Ahmedabad,ATM Machine,No
T104106,C1284,2024-07-02,19323.4,ATM,Restaurant,Hyderabad,ATM Machine,No
T104107,C1884,2025-01-04,1483.13,ATM,Fashion,Lucknow,ATM Machine,No
T104108,C1062,2025-02-12,13366.73,POS,Utilities,Jaipur,POS Terminal,No
T104109,C1479,2024-03-31,28928.68,Online,Entertainment,Pune,Mobile,No
T104110,C1711,2025-02-07,28283.19,Online,Utilities,Lucknow,Mobile,No
T104111,C2184,2024-08-02,10255.43,ATM,Electronics,Pune,ATM Machine,No
T104112,C1921,2024-08-07,1133.97,POS,Grocery,Pune,POS Terminal,No
T104113,C1659,2024-07-29,1439.17,POS,Grocery,Ahmedabad,POS Terminal,No
T104114,C1949,2024-09-12,12217.78,ATM,Entertainment,Pune,ATM Machine,No
T104115,C1894,2025-03-11,17179.74,Online,E-commerce,Mumbai,Mobile,No
T104116,C2080,2024-05-12,45879.95,Online,Restaurant,Ahmedabad,Mobile,No
T104117,C1267,2024-08-21,8428.52,ATM,Travel,Bangalore,ATM Machine,No
T104118,C1361,2024-03-30,3293.99,ATM,Restaurant,Ahmedabad,ATM Machine,No
T104119,C1154,2025-03-03,10749.31,POS,Entertainment,Ahmedabad,POS Terminal,No
T104120,C1248,2025-05-10,4470.97,POS,Electronics,Kolkata,POS Terminal,No
T104121,C1604,2024-03-21,10746.67,ATM,Utilities,Pune,ATM Machine,No
T104122,C1550,2025-03-04,14107.74,ATM,Healthcare,Lucknow,ATM Machine,No
T104123,C1067,2024-07-10,45033.15,Online,Electronics,Kolkata,Tablet,Yes
T104124,C2198,2025-03-14,39651.12,Online,Restaurant,Mumbai,Mobile,No
T104125,C2165,2025-02-10,13689.04,ATM,Grocery,Delhi,ATM Machine,No
T104126,C1546,2024-04-04,13752.85,ATM,Healthcare,Chennai,ATM Machine,No
T104127,C1159,2024-02-01,14194.28,POS,Utilities,Mumbai,POS Terminal,No
T104128,C1923,2024-08-25,14932.04,Online,Travel,Delhi,Desktop,No
T104129,C1913,2025-03-30,255.38,Online,Entertainment,Mumbai,Mobile,No
T104130,C1407,2024-04-16,13743.34,Online,Healthcare,Ahmedabad,Mobile,No
T104131,C1573,2024-07-11,4748.88,ATM,Travel,Delhi,ATM Machine,No
T104132,C1903,2024-03-22,13405.77,ATM,Fuel,Ahmedabad,ATM Machine,No
T104133,C1495,2025-04-13,12857.38,ATM,Grocery,Jaipur,ATM Machine,No
T104134,C2153,2024-01-17,12072.5,ATM,Healthcare,Pune,ATM Machine,No
T104135,C1321,2025-03-27,342.03,POS,E-commerce,Lucknow,POS Terminal,No
T104136,C2127,2024-06-15,36493.15,Online,E-commerce,Hyderabad,Tablet,No
T104137,C1261,2024-08-24,6808.84,ATM,Restaurant,Ahmedabad,ATM Machine,No
T104138,C1179,2024-03-22,13468.59,ATM,Electronics,Kolkata,ATM Machine,No
T104139,C1098,2024-06-01,11353.28,ATM,Healthcare,Mumbai,ATM Machine,No
T104140,C1882,2025-01-02,5206.69,POS,Fashion,Kolkata,POS Terminal,No
T104141,C1352,2024-08-20,6901.9,Online,Utilities,Chennai,Desktop,No
T104142,C2002,2024-05-15,2341.17,ATM,E-commerce,Pune,ATM Machine,Yes
T104143,C1002,2024-09-15,16714.61,ATM,Healthcare,Chennai,ATM Machine,No
T104144,C1858,2025-01-18,13784.12,POS,Entertainment,Kolkata,POS Terminal,No
T104145,C1045,2024-03-27,32559.44,Online,Utilities,Mumbai,Tablet,No
T104146,C1212,2024-10-16,5351.02,Online,E-commerce,Mumbai,Mobile,No
T104147,C1160,2025-04-07,6090.21,POS,Fuel,Hyderabad,POS Terminal,No
T104148,C1573,2024-05-12,14714.31,ATM,E-commerce,Mumbai,ATM Machine,No
T104149,C1356,2025-04-05,39035.08,Online,Entertainment,Hyderabad,Mobile,No
T104150,C1014,2025-05-05,6087.29,Online,Travel,Pune,Mobile,No
T104151,C1767,2025-04-08,500.6,ATM,Entertainment,Pune,ATM Machine,No
T104152,C1122,2024-02-28,14386.67,ATM,Travel,Pune,ATM Machine,No
T104153,C1069,2024-04-25,5413.28,POS,E-commerce,Jaipur,POS Terminal,No
T104154,C2148,2024-05-25,5462.39,ATM,Travel,Lucknow,ATM Machine,No
T104155,C1503,2024-04-08,842.29,Online,Fuel,Hyderabad,Desktop,No
T104156,C1874,2024-03-08,27106.91,Online,Utilities,Mumbai,Desktop,No
T104157,C2103,2024-11-26,42587.31,Online,Electronics,Bangalore,Desktop,No
T104158,C1186,2024-03-23,19173.82,ATM,Grocery,Ahmedabad,ATM Machine,No
T104159,C1805,2024-06-09,11532.03,ATM,E-commerce,Lucknow,ATM Machine,No
T104160,C1116,2024-03-01,25820.17,Online,Travel,Ahmedabad,Desktop,No
T104161,C1986,2024-08-23,1367.34,POS,E-commerce,Pune,POS Terminal,No
T104162,C1135,2025-04-09,27533.87,Online,Healthcare,Bangalore,Tablet,No
T104163,C1550,2024-11-24,19122.96,Online,E-commerce,Hyderabad,Desktop,No
T104164,C1201,2024-10-27,30435.34,Online,Restaurant,Kolkata,Desktop,No
T104165,C1470,2024-02-21,5892.02,POS,Entertainment,Hyderabad,POS Terminal,No
T104166,C1263,2025-04-28,3680.46,POS,Fuel,Ahmedabad,POS Terminal,No
T104167,C2042,2024-11-18,1514.98,POS,Fuel,Kolkata,POS Terminal,No
T104168,C1291,2024-12-25,15882.94,Online,E-commerce,Kolkata,Mobile,No
T104169,C1469,2024-01-14,5012.91,Online,E-commerce,Lucknow,Mobile,No
T104170,C2092,2025-04-07,2735.76,POS,Entertainment,Bangalore,POS Terminal,No
T104171,C1392,2024-03-26,19753.06,ATM,Electronics,Delhi,ATM Machine,No
T104172,C1472,2025-03-16,6717.14,POS,Entertainment,Mumbai,POS Terminal,No
T104173,C1555,2024-04-17,10871.5,ATM,Restaurant,Delhi,ATM Machine,No
T104174,C1216,2024-06-02,43706.2,Online,Grocery,Jaipur,Desktop,No
T104175,C1945,2024-11-22,49779.33,Online,Fuel,Ahmedabad,Tablet,No
T104176,C1767,2024-12-20,11862.93,ATM,Fuel,Bangalore,ATM Machine,No
T104177,C1192,2024-09-13,16343.24,ATM,Travel,Chennai,ATM Machine,No
T104178,C1659,2024-12-24,6875.35,ATM,Electronics,Lucknow,ATM Machine,No
T104179,C1016,2024-06-03,6462.01,ATM,Fashion,Ahmedabad,ATM Machine,No
T104180,C2010,2024-11-20,6100.29,POS,E-commerce,Hyderabad,POS Terminal,No
T104181,C1481,2025-01-22,33690.86,Online,E-commerce,Lucknow,Tablet,No
T104182,C1196,2024-07-02,13802.74,ATM,Grocery,Bangalore,ATM Machine,No
T104183,C2112,2024-12-06,4797.07,POS,Healthcare,Chennai,POS Terminal,No
T104184,C2065,2024-06-19,3097.59,ATM,Utilities,Pune,ATM Machine,No
T104185,C2087,2024-04-08,12831.73,ATM,Utilities,Bangalore,ATM Machine,No
T104186,C1657,2024-12-24,2012.06,POS,Fashion,Bangalore,POS Terminal,No
T104187,C1353,2024-01-10,11780.6,ATM,Utilities,Chennai,ATM Machine,No
T104188,C1257,2024-12-03,14021.73,ATM,Restaurant,Pune,ATM Machine,No
T104189,C1444,2025-03-17,14161.92,ATM,Entertainment,Pune,ATM Machine,No
T104190,C2200,2024-07-19,37722.91,Online,Utilities,Bangalore,Mobile,No
T104191,C1718,2024-01-05,43668.4,Online,Utilities,Bangalore,Desktop,No
T104192,C1831,2024-03-27,7549.39,POS,Fashion,Bangalore,POS Terminal,No
T104193,C1387,2024-10-28,10980.71,POS,Restaurant,Mumbai,POS Terminal,No
T104194,C1348,2025-02-09,31034.8,Online,Travel,Chennai,Mobile,No
T104195,C2175,2024-03-30,4139.48,ATM,Grocery,Mumbai,ATM Machine,No
T104196,C1856,2024-07-20,1479.34,Online,Fashion,Mumbai,Mobile,No
T104197,C1001,2024-05-14,4339.67,POS,Grocery,Lucknow,POS Terminal,No
T104198,C1398,2024-04-04,22263.08,Online,Fashion,Chennai,Tablet,No
T104199,C1475,2024-11-10,30931.88,Online,Grocery,Delhi,Tablet,No
T104200,C1760,2025-01-25,42527.97,Online,Utilities,Lucknow,Mobile,No
T104201,C1611,2025-03-04,3024.06,POS,Electronics,Delhi,POS Terminal,No
T104202,C1456,2024-07-14,6452.38,Online,Grocery,Kolkata,Mobile,No
T104203,C1295,2024-08-24,14455.85,POS,Grocery,Pune,POS Terminal,No
T104204,C1820,2024-02-26,2606.87,ATM,Healthcare,Mumbai,ATM Machine,No
T104205,C1893,2025-03-21,24028.86,Online,Healthcare,Chennai,Mobile,No
T104206,C1725,2024-01-06,29361.07,Online,E-commerce,Pune,Mobile,No
T104207,C1410,2024-05-18,8166.48,POS,Electronics,Ahmedabad,POS Terminal,No
T104208,C1301,2025-03-14,4484.4,Online,Electronics,Hyderabad,Mobile,No
T104209,C1235,2024-01-07,1612.02,ATM,E-commerce,Chennai,ATM Machine,No
T104210,C1191,2025-05-09,1671.7,POS,Fuel,Bangalore,POS Terminal,No
T104211,C1204,2024-07-18,8825.26,POS,Fuel,Chennai,POS Terminal,No
T104212,C1403,2024-08-23,27308.38,Online,Fashion,Ahmedabad,Tablet,No
T104213,C2072,2024-07-04,3582.74,POS,Healthcare,Mumbai,POS Terminal,No
T104214,C1427,2025-02-08,9602.83,POS,E-commerce,Chennai,POS Terminal,No
T104215,C1093,2025-02-23,12319.01,POS,Healthcare,Delhi,POS Terminal,No
T104216,C1697,2024-02-21,1310.79,ATM,Utilities,Ahmedabad,ATM Machine,Yes
T104217,C1178,2025-03-03,7522.14,POS,E-commerce,Lucknow,POS Terminal,No
T104218,C1354,2024-06-02,13941.55,ATM,Restaurant,Mumbai,ATM Machine,No
T104219,C1588,2024-10-13,12765.13,Online,Fashion,Chennai,Desktop,No
T104220,C1160,2025-01-28,4685.79,POS,Restaurant,Hyderabad,POS Terminal,No
T104221,C1878,2025-02-03,9243.2,POS,Travel,Jaipur,POS Terminal,No
T104222,C2173,2024-05-10,13479.24,POS,E-commerce,Mumbai,POS Terminal,No
T104223,C1601,2025-01-30,16293.53,ATM,Entertainment,Hyderabad,ATM Machine,No
T104224,C1281,2024-08-02,11871.04,ATM,E-commerce,Mumbai,ATM Machine,No
T104225,C1958,2024-03-29,36565.04,Online,Utilities,Kolkata,Tablet,No
T104226,C1130,2024-11-30,18368.16,Online,Grocery,Lucknow,Desktop,No
T104227,C1691,2024-11-16,9650.39,POS,Fashion,Chennai,POS Terminal,No
T104228,C1801,2025-01-06,7046.11,POS,Travel,Pune,POS Terminal,No
T104229,C1033,2025-03-03,9658.82,Online,E-commerce,Hyderabad,Desktop,No
T104230,C1537,2024-12-10,10555.9,POS,Grocery,Chennai,POS Terminal,No
T104231,C1841,2025-01-12,27911.94,Online,Fuel,Hyderabad,Desktop,No
T104232,C2071,2024-05-14,5443.46,POS,Travel,Ahmedabad,POS Terminal,No
T104233,C1769,2024-02-12,18271.11,ATM,Fashion,Pune,ATM Machine,No
T104234,C1526,2025-04-03,411.92,POS,Fashion,Bangalore,POS Terminal,No
T104235,C1795,2025-01-21,15925.5,Online,Healthcare,Jaipur,Mobile,No
T104236,C1609,2025-03-27,1609.19,ATM,Electronics,Jaipur,ATM Machine,No
T104237,C2060,2025-01-17,15447.28,ATM,E-commerce,Mumbai,ATM Machine,No
T104238,C1306,2024-08-19,10561.4,POS,Restaurant,Lucknow,POS Terminal,No
T104239,C1023,2025-02-01,6961.37,ATM,Fuel,Pune,ATM Machine,No
T104240,C1931,2024-11-28,13675.43,ATM,Healthcare,Mumbai,ATM Machine,No
T104241,C1484,2024-07-05,5999.46,POS,Healthcare,Mumbai,POS Terminal,No
T104242,C1075,2024-04-26,15246.95,ATM,Travel,Ahmedabad,ATM Machine,No
T104243,C1871,2024-10-30,9356.58,ATM,Travel,Hyderabad,ATM Machine,Yes
T104244,C1990,2024-11-26,6242.97,POS,Travel,Mumbai,POS Terminal,No
T104245,C1965,2024-12-24,46749.55,Online,Utilities,Bangalore,Mobile,No
T104246,C1862,2024-07-29,3838.1,POS,E-commerce,Chennai,POS Terminal,No
T104247,C1034,2025-01-29,2848.72,ATM,Fashion,Jaipur,ATM Machine,No
T104248,C1883,2024-06-17,29310.25,Online,Utilities,Pune,Tablet,No
T104249,C1096,2024-07-17,14542.9,POS,Travel,Lucknow,POS Terminal,No
T104250,C1624,2024-12-14,19016.39,Online,Utilities,Lucknow,Tablet,No
T104251,C1819,2024-01-13,1709.72,ATM,Entertainment,Pune,ATM Machine,No
T104252,C1620,2024-10-19,17097.4,Online,Restaurant,Delhi,Tablet,No
T104253,C1538,2024-11-27,10365.67,ATM,Healthcare,Delhi,ATM Machine,No
T104254,C1823,2024-12-15,3657.5,ATM,Fashion,Mumbai,ATM Machine,No
T104255,C1422,2024-04-05,32973.49,Online,Electronics,Kolkata,Mobile,No
T104256,C1031,2024-08-30,49887.92,Online,E-commerce,Lucknow,Mobile,No
T104257,C2043,2025-03-05,9308.92,ATM,Electronics,Lucknow,ATM Machine,No
T104258,C1328,2024-09-08,17865.48,Online,Utilities,Bangalore,Desktop,No
T104259,C1418,2025-01-30,20155.07,Online,Fashion,Delhi,Desktop,No
T104260,C1013,2024-09-30,1815.68,POS,Fuel,Lucknow,POS Terminal,No
T104261,C1830,2024-10-27,13260.78,POS,Restaurant,Mumbai,POS Terminal,No
T104262,C2097,2024-12-17,8589.1,ATM,Travel,Delhi,ATM Machine,No
T104263,C1487,2025-05-05,5870.39,POS,Fuel,Lucknow,POS Terminal,No
T104264,C1232,2024-05-24,9929.39,POS,E-commerce,Lucknow,POS Terminal,No
T104265,C1921,2024-01-14,6686.3,POS,E-commerce,Bangalore,POS Terminal,No
T104266,C1697,2025-02-23,13140.55,ATM,Fashion,Hyderabad,ATM Machine,Yes
T104267,C1530,2024-11-06,1698.2,ATM,Restaurant,Chennai,ATM Machine,No
T104268,C2050,2025-01-15,12224.48,POS,Travel,Mumbai,POS Terminal,No
T104269,C1155,2024-08-26,18839.83,ATM,Utilities,Delhi,ATM Machine,No
T104270,C2029,2025-03-16,32508.52,Online,Healthcare,Kolkata,Tablet,No
T104271,C1455,2024-12-13,47737.38,Online,Entertainment,Jaipur,Tablet,No
T104272,C1107,2024-02-22,2356.34,POS,Fuel,Lucknow,POS Terminal,No
T104273,C1291,2025-04-06,9809.62,ATM,Utilities,Delhi,ATM Machine,No
T104274,C1410,2025-04-26,9066.92,POS,Grocery,Delhi,POS Terminal,No
T104275,C1320,2024-07-30,11843.86,ATM,Fuel,Mumbai,ATM Machine,No
T104276,C1099,2024-04-14,20192.8,Online,Utilities,Jaipur,Mobile,No
T104277,C1135,2024-08-20,17036.6,Online,Healthcare,Bangalore,Tablet,No
T104278,C1850,2024-10-08,6515.84,Online,Fuel,Chennai,Tablet,No
T104279,C1062,2024-12-04,19708.77,Online,Fashion,Bangalore,Tablet,No
T104280,C2187,2025-05-09,2523.65,POS,E-commerce,Bangalore,POS Terminal,No
T104281,C1957,2024-11-19,11042.05,POS,Electronics,Delhi,POS Terminal,No
T104282,C1005,2024-08-04,4572.2,ATM,Electronics,Lucknow,ATM Machine,No
T104283,C1789,2025-03-15,3116.55,Online,Restaurant,Ahmedabad,Desktop,No
T104284,C1032,2024-10-12,27707.83,Online,Utilities,Bangalore,Mobile,No
T104285,C1246,2024-08-21,29842.44,Online,Restaurant,Kolkata,Mobile,No
T104286,C1542,2024-05-23,13091.5,POS,Travel,Pune,POS Terminal,No
T104287,C1782,2024-11-18,11751.14,ATM,Restaurant,Chennai,ATM Machine,No
T104288,C2069,2024-12-14,5247.66,POS,Grocery,Delhi,POS Terminal,No
T104289,C1605,2025-02-18,16158.73,ATM,Restaurant,Chennai,ATM Machine,No
T104290,C1766,2024-04-20,8150.16,POS,E-commerce,Mumbai,POS Terminal,No
T104291,C1320,2025-05-04,4148.16,Online,Fashion,Pune,Mobile,Yes
T104292,C2130,2025-04-10,8531.17,POS,E-commerce,Ahmedabad,POS Terminal,No
T104293,C1121,2024-05-07,18206.36,ATM,Healthcare,Ahmedabad,ATM Machine,Yes
T104294,C1602,2024-05-04,6005.06,POS,Entertainment,Bangalore,POS Terminal,No
T104295,C1632,2024-01-22,4515.25,POS,Entertainment,Hyderabad,POS Terminal,No
T104296,C1871,2024-05-10,3297.65,ATM,Electronics,Jaipur,ATM Machine,No
T104297,C1753,2025-02-02,2356.54,POS,Grocery,Hyderabad,POS Terminal,No
T104298,C1558,2025-03-06,8939.04,ATM,Utilities,Bangalore,ATM Machine,No
T104299,C2168,2024-08-19,8975.63,POS,Travel,Jaipur,POS Terminal,No
T104300,C1820,2024-07-29,4214.65,Online,Travel,Bangalore,Mobile,No
T104301,C1781,2024-07-25,14099.57,POS,E-commerce,Lucknow,POS Terminal,No
T104302,C1836,2024-05-25,15225.11,ATM,Electronics,Bangalore,ATM Machine,No
T104303,C1636,2024-10-17,8840.7,POS,Restaurant,Bangalore,POS Terminal,No
T104304,C1526,2024-04-05,16654.55,ATM,Utilities,Kolkata,ATM Machine,No
T104305,C1842,2024-10-15,2063.64,ATM,Restaurant,Mumbai,ATM Machine,No
T104306,C1816,2024-02-07,7204.9,POS,E-commerce,Lucknow,POS Terminal,No
T104307,C1388,2025-04-01,9488.39,POS,Healthcare,Lucknow,POS Terminal,No
T104308,C1317,2024-10-28,16658.73,ATM,E-commerce,Jaipur,ATM Machine,No
T104309,C1657,2025-01-19,15777.66,ATM,Fashion,Kolkata,ATM Machine,No
T104310,C1951,2024-12-29,4228.33,POS,Fashion,Lucknow,POS Terminal,No
T104311,C1889,2024-01-07,14119.11,POS,Electronics,Hyderabad,POS Terminal,No
T104312,C1354,2024-01-26,2924.74,ATM,Fuel,Lucknow,ATM Machine,No
T104313,C1196,2024-06-16,43781.65,Online,E-commerce,Jaipur,Tablet,No
T104314,C1174,2024-03-20,48552.82,Online,Healthcare,Mumbai,Mobile,Yes
T104315,C1137,2024-05-28,2739.59,POS,Grocery,Ahmedabad,POS Terminal,No
T104316,C1301,2025-03-06,14580.29,ATM,Electronics,Chennai,ATM Machine,No
T104317,C1465,2025-03-12,2206.22,Online,Fuel,Lucknow,Mobile,No
T104318,C1243,2024-01-09,20390.06,Online,Utilities,Lucknow,Desktop,No
T104319,C2114,2024-08-28,25910.91,Online,Grocery,Lucknow,Tablet,No
T104320,C1671,2025-03-02,11822.58,ATM,Healthcare,Chennai,ATM Machine,No
T104321,C1278,2024-05-31,46809.67,Online,Entertainment,Lucknow,Tablet,No
T104322,C1114,2024-09-22,33678.08,Online,Travel,Pune,Mobile,No
T104323,C1993,2024-08-06,7271.04,POS,E-commerce,Delhi,POS Terminal,No
T104324,C1535,2024-10-13,16288.66,ATM,Healthcare,Bangalore,ATM Machine,No
T104325,C2165,2025-04-26,19035.39,ATM,Grocery,Pune,ATM Machine,No
T104326,C1270,2025-03-26,1298.89,Online,Electronics,Ahmedabad,Tablet,No
T104327,C1006,2024-08-17,19659.16,ATM,Healthcare,Kolkata,ATM Machine,No
T104328,C2078,2024-08-08,2179.58,ATM,Entertainment,Ahmedabad,ATM Machine,No
T104329,C1595,2025-03-10,40756.46,Online,Fuel,Hyderabad,Desktop,No
T104330,C1247,2024-12-29,14160.67,Online,Entertainment,Hyderabad,Mobile,No
T104331,C1988,2024-12-04,3077.5,ATM,Entertainment,Kolkata,ATM Machine,No
T104332,C1107,2024-09-11,6653.85,POS,Fashion,Hyderabad,POS Terminal,No
T104333,C1151,2024-09-11,9694.95,POS,Grocery,Hyderabad,POS Terminal,No
T104334,C2179,2025-01-25,7928.56,ATM,Restaurant,Mumbai,ATM Machine,No
T104335,C1684,2025-03-02,1564.03,ATM,E-commerce,Lucknow,ATM Machine,No
T104336,C1407,2024-09-21,9031.97,POS,Travel,Hyderabad,POS Terminal,No
T104337,C1389,2024-06-01,18096.86,ATM,Restaurant,Chennai,ATM Machine,No
T104338,C1636,2024-05-20,5809.91,POS,Fuel,Jaipur,POS Terminal,No
T104339,C1555,2024-09-09,3323.36,POS,Grocery,Ahmedabad,POS Terminal,No
T104340,C2095,2024-07-31,22240.35,Online,Travel,Pune,Mobile,No
T104341,C1011,2024-12-20,820.6,POS,Healthcare,Pune,POS Terminal,No
T104342,C1147,2025-02-06,12325.27,POS,Grocery,Jaipur,POS Terminal,No
T104343,C1732,2024-02-15,12412.48,POS,Travel,Bangalore,POS Terminal,No
T104344,C1711,2024-02-10,8861.21,POS,Entertainment,Kolkata,POS Terminal,No
T104345,C1524,2024-01-19,7385.51,ATM,Electronics,Jaipur,ATM Machine,No
T104346,C2043,2024-01-01,12016.77,POS,Entertainment,Jaipur,POS Terminal,No
T104347,C1196,2024-06-13,8364.84,POS,Fuel,Chennai,POS Terminal,No
T104348,C1804,2024-12-08,12406.39,POS,Travel,Lucknow,POS Terminal,No
T104349,C1816,2024-01-25,12813.45,ATM,Fashion,Ahmedabad,ATM Machine,Yes
T104350,C1584,2024-01-06,15795.91,ATM,Travel,Mumbai,ATM Machine,No
T104351,C1654,2025-04-02,9018.59,POS,Electronics,Jaipur,POS Terminal,No
T104352,C1038,2025-01-24,20824.23,Online,E-commerce,Jaipur,Mobile,No
T104353,C2106,2024-01-13,19179.94,ATM,Travel,Lucknow,ATM Machine,No
T104354,C1329,2025-01-27,11051.72,ATM,Grocery,Hyderabad,ATM Machine,No
T104355,C2115,2024-10-10,9115.83,POS,Fuel,Mumbai,POS Terminal,No
T104356,C2094,2024-10-03,11180.28,Online,Restaurant,Kolkata,Desktop,No
T104357,C1693,2024-02-16,9422.2,POS,Fuel,Kolkata,POS Terminal,No
T104358,C1424,2025-03-19,28666.06,Online,Travel,Pune,Tablet,No
T104359,C1410,2024-01-29,9404.95,Online,E-commerce,Ahmedabad,Desktop,No
T104360,C1043,2024-09-14,1661.95,ATM,Grocery,Kolkata,ATM Machine,No
T104361,C2036,2025-01-03,12285.01,ATM,Utilities,Ahmedabad,ATM Machine,No
T104362,C1088,2024-11-01,38231.88,Online,Grocery,Delhi,Tablet,No
T104363,C1190,2024-10-03,10706.33,ATM,Fuel,Hyderabad,ATM Machine,No
T104364,C1409,2024-12-14,11493.28,Online,Healthcare,Kolkata,Mobile,No
T104365,C2101,2024-05-21,13497.18,ATM,Entertainment,Jaipur,ATM Machine,No
T104366,C1334,2025-02-13,1293.58,POS,Travel,Bangalore,POS Terminal,No
T104367,C1229,2024-10-31,9115.76,ATM,Healthcare,Mumbai,ATM Machine,No
T104368,C1932,2025-02-12,3685.65,ATM,Restaurant,Bangalore,ATM Machine,Yes
T104369,C1463,2024-11-03,2848.44,POS,Grocery,Ahmedabad,POS Terminal,No
T104370,C1559,2024-07-05,4444.73,ATM,Fuel,Chennai,ATM Machine,No
T104371,C1117,2025-03-18,8040.79,ATM,Restaurant,Hyderabad,ATM Machine,No
T104372,C1131,2024-05-28,862.14,POS,Electronics,Lucknow,POS Terminal,No
T104373,C1500,2024-10-22,6027.12,POS,Healthcare,Ahmedabad,POS Terminal,No
T104374,C1836,2024-03-08,7724.44,POS,Restaurant,Hyderabad,POS Terminal,No
T104375,C2181,2024-07-11,24268.06,Online,Entertainment,Hyderabad,Mobile,No
T104376,C1788,2024-02-07,7964.29,ATM,Utilities,Chennai,ATM Machine,Yes
T104377,C1766,2024-09-05,16863.36,ATM,Fashion,Mumbai,ATM Machine,No
T104378,C1796,2024-09-21,2265.37,POS,Grocery,Pune,POS Terminal,No
T104379,C1107,2024-07-20,25383.7,Online,Grocery,Kolkata,Desktop,No
T104380,C1018,2024-07-08,3289.66,Online,Restaurant,Jaipur,Tablet,No
T104381,C1879,2024-05-16,3743.55,Online,E-commerce,Jaipur,Tablet,No
T104382,C1444,2024-10-27,28778.52,Online,E-commerce,Delhi,Mobile,No
T104383,C1486,2024-11-23,28387.72,Online,Restaurant,Pune,Mobile,Yes
T104384,C1538,2024-06-22,43926.07,Online,Travel,Ahmedabad,Desktop,No
T104385,C1751,2024-04-28,27982.11,Online,E-commerce,Bangalore,Desktop,No
T104386,C2093,2024-08-08,47997.59,Online,Restaurant,Ahmedabad,Desktop,No
T104387,C2010,2025-04-23,825.55,POS,Entertainment,Chennai,POS Terminal,No
T104388,C1281,2024-01-23,1560.31,POS,Fuel,Jaipur,POS Terminal,No
T104389,C1577,2024-12-21,756.58,POS,Entertainment,Hyderabad,POS Terminal,No
T104390,C1255,2024-10-12,9426.79,Online,Utilities,Delhi,Tablet,No
T104391,C1798,2024-06-27,11054.77,ATM,Entertainment,Jaipur,ATM Machine,No
T104392,C1580,2025-01-25,9719.03,POS,Healthcare,Kolkata,POS Terminal,No
T104393,C1344,2024-11-01,1388.91,ATM,Entertainment,Bangalore,ATM Machine,No
T104394,C2014,2024-01-27,14194.97,POS,Healthcare,Kolkata,POS Terminal,Yes
T104395,C1837,2024-02-22,12648.26,POS,Restaurant,Chennai,POS Terminal,No
T104396,C1063,2024-08-17,14971.3,Online,Fuel,Ahmedabad,Tablet,No
T104397,C1864,2025-04-06,1250.09,POS,Grocery,Bangalore,POS Terminal,No
T104398,C1129,2024-07-06,3812.8,ATM,Entertainment,Mumbai,ATM Machine,No
T104399,C1408,2024-12-14,6521.83,Online,Electronics,Ahmedabad,Mobile,No
T104400,C1185,2024-08-04,1936.93,POS,Electronics,Pune,POS Terminal,No
T104401,C1711,2024-09-26,7826.57,POS,E-commerce,Mumbai,POS Terminal,No
T104402,C1368,2024-05-10,3763.13,POS,Electronics,Hyderabad,POS Terminal,No
T104403,C1669,2024-06-06,5436.28,POS,E-commerce,Chennai,POS Terminal,No
T104404,C1769,2025-05-10,14843.63,POS,Entertainment,Hyderabad,POS Terminal,No
T104405,C1656,2024-12-21,10296.28,POS,E-commerce,Mumbai,POS Terminal,No
T104406,C1943,2024-03-04,19005.12,ATM,Electronics,Jaipur,ATM Machine,No
T104407,C2089,2024-07-22,2224.09,POS,Fuel,Kolkata,POS Terminal,No
T104408,C1880,2024-06-18,5793.88,POS,Electronics,Jaipur,POS Terminal,No
T104409,C1661,2024-12-31,11317.27,ATM,Fashion,Chennai,ATM Machine,No
T104410,C2146,2024-08-23,1243.7,POS,Utilities,Mumbai,POS Terminal,No
T104411,C1960,2024-01-26,408.53,Online,Travel,Ahmedabad,Desktop,No
T104412,C1182,2024-10-04,10089.47,POS,Travel,Mumbai,POS Terminal,No
T104413,C1206,2024-10-15,32162.61,Online,Restaurant,Mumbai,Tablet,No
T104414,C2002,2024-05-03,20657.28,Online,Travel,Bangalore,Tablet,No
T104415,C1982,2024-04-18,10048.06,ATM,Restaurant,Hyderabad,ATM Machine,No
T104416,C1830,2024-05-28,6290.1,POS,Grocery,Bangalore,POS Terminal,No
T104417,C1274,2024-06-13,1395.45,Online,Restaurant,Kolkata,Desktop,No
T104418,C1383,2024-05-12,16901.51,Online,Fashion,Ahmedabad,Mobile,No
T104419,C1327,2024-04-24,3953.1,ATM,Utilities,Pune,ATM Machine,No
T104420,C1096,2024-03-10,5101.52,Online,Restaurant,Mumbai,Tablet,No
T104421,C1001,2024-02-03,14355.13,POS,E-commerce,Hyderabad,POS Terminal,No
T104422,C1359,2024-09-21,9030.46,POS,Fuel,Bangalore,POS Terminal,No
T104423,C1609,2024-09-10,14708.8,ATM,Electronics,Lucknow,ATM Machine,No
T104424,C1306,2025-03-31,6649.59,ATM,Grocery,Ahmedabad,ATM Machine,No
T104425,C1658,2025-03-17,19778.73,Online,Entertainment,Chennai,Tablet,No
T104426,C1797,2024-01-30,3630.17,POS,Entertainment,Kolkata,POS Terminal,No
T104427,C1143,2024-04-13,2390.83,ATM,Travel,Delhi,ATM Machine,Yes
T104428,C1806,2025-02-07,2767.57,POS,Travel,Hyderabad,POS Terminal,No
T104429,C1378,2025-01-31,11982.96,POS,Restaurant,Bangalore,POS Terminal,No
T104430,C1958,2024-08-27,33941.78,Online,Travel,Delhi,Desktop,No
T104431,C2037,2024-12-24,27437.06,Online,Healthcare,Kolkata,Desktop,No
T104432,C1058,2025-04-18,7178.84,POS,Grocery,Hyderabad,POS Terminal,No
T104433,C1108,2024-05-01,13844.27,POS,Grocery,Pune,POS Terminal,No
T104434,C1348,2024-11-15,1918.33,ATM,Fuel,Bangalore,ATM Machine,No
T104435,C1174,2025-01-07,14173.92,Online,Fashion,Chennai,Tablet,No
T104436,C2016,2024-05-18,17626.91,Online,Healthcare,Ahmedabad,Desktop,No
T104437,C1877,2024-08-20,11758.14,POS,Restaurant,Pune,POS Terminal,No
T104438,C1005,2025-03-07,14888.47,POS,Restaurant,Mumbai,POS Terminal,No
T104439,C1502,2024-12-27,3685.99,POS,Travel,Jaipur,POS Terminal,No
T104440,C1731,2024-11-20,13127.18,POS,Fuel,Kolkata,POS Terminal,No
T104441,C1580,2024-10-20,12476.28,POS,Fuel,Pune,POS Terminal,No
T104442,C1428,2024-02-23,4880.82,ATM,Travel,Lucknow,ATM Machine,No
T104443,C2169,2024-12-13,6050.06,POS,E-commerce,Jaipur,POS Terminal,No
T104444,C1159,2024-05-11,8488.62,ATM,Utilities,Kolkata,ATM Machine,No
T104445,C1646,2025-02-20,14675.49,POS,Grocery,Chennai,POS Terminal,No
T104446,C1426,2024-03-14,2795.29,POS,Healthcare,Chennai,POS Terminal,No
T104447,C1270,2025-01-16,39998.07,Online,E-commerce,Chennai,Desktop,No
T104448,C1207,2024-03-21,7016.76,ATM,Utilities,Lucknow,ATM Machine,No
T104449,C2093,2025-02-16,14751.97,ATM,Electronics,Delhi,ATM Machine,No
T104450,C1591,2024-10-14,6358.16,POS,Travel,Chennai,POS Terminal,Yes
T104451,C1150,2024-04-03,11778.02,ATM,Fashion,Kolkata,ATM Machine,No
T104452,C1335,2024-03-11,41664.07,Online,E-commerce,Jaipur,Tablet,No
T104453,C2020,2024-06-02,40247.45,Online,Restaurant,Pune,Desktop,No
T104454,C2033,2024-12-22,13009.71,POS,Electronics,Jaipur,POS Terminal,No
T104455,C2078,2024-03-13,3168.94,Online,Travel,Ahmedabad,Tablet,No
T104456,C1990,2024-01-30,10411.55,POS,Utilities,Chennai,POS Terminal,No
T104457,C2070,2024-01-26,2185.81,POS,Electronics,Hyderabad,POS Terminal,No
T104458,C1524,2024-10-21,8608.46,ATM,Entertainment,Kolkata,ATM Machine,No
T104459,C2178,2024-11-02,11197.47,ATM,Fuel,Kolkata,ATM Machine,Yes
T104460,C1665,2024-09-20,6100.82,POS,Fashion,Lucknow,POS Terminal,No
T104461,C1793,2024-04-08,10632.43,ATM,Utilities,Hyderabad,ATM Machine,No
T104462,C1911,2024-03-19,49827.01,Online,Healthcare,Delhi,Mobile,No
T104463,C1122,2024-10-20,6933.82,Online,Healthcare,Delhi,Desktop,No
T104464,C1016,2024-02-20,10164.3,POS,Entertainment,Pune,POS Terminal,No
T104465,C1921,2024-12-16,8222.02,ATM,Healthcare,Chennai,ATM Machine,No
T104466,C2071,2025-04-29,2081.85,POS,Entertainment,Pune,POS Terminal,No
T104467,C1735,2025-03-30,2465.18,POS,Entertainment,Delhi,POS Terminal,No
T104468,C1353,2024-05-10,14244.17,POS,Healthcare,Chennai,POS Terminal,Yes
T104469,C1108,2024-07-16,17652.23,ATM,Fashion,Pune,ATM Machine,No
T104470,C1850,2025-02-17,18187.32,ATM,Restaurant,Chennai,ATM Machine,No
T104471,C1732,2024-02-06,14873.84,POS,Healthcare,Pune,POS Terminal,No
T104472,C1219,2024-03-19,10574.11,Online,Fuel,Chennai,Desktop,No
T104473,C2050,2024-10-28,7431.07,ATM,Fashion,Chennai,ATM Machine,Yes
T104474,C1414,2024-04-13,13549.77,ATM,Healthcare,Jaipur,ATM Machine,No
T104475,C1035,2024-09-19,24293.37,Online,Entertainment,Ahmedabad,Mobile,No
T104476,C1927,2024-01-11,21035.8,Online,Healthcare,Hyderabad,Mobile,No
T104477,C1611,2025-02-18,5431.39,POS,Restaurant,Hyderabad,POS Terminal,No
T104478,C1843,2024-02-01,29770.28,Online,Grocery,Pune,Tablet,No
T104479,C2096,2024-04-24,28864.55,Online,E-commerce,Chennai,Tablet,No
T104480,C1552,2024-12-08,3648.43,ATM,Grocery,Lucknow,ATM Machine,No
T104481,C1136,2025-02-25,9698.93,ATM,Fashion,Lucknow,ATM Machine,No
T104482,C2180,2025-03-25,8346.73,POS,Restaurant,Chennai,POS Terminal,No
T104483,C1314,2024-10-11,8597.28,POS,Electronics,Hyderabad,POS Terminal,No
T104484,C1554,2024-09-26,10663.34,Online,Fuel,Pune,Mobile,No
T104485,C1725,2025-01-20,11159.84,POS,Fashion,Chennai,POS Terminal,No
T104486,C1030,2024-10-20,475.47,POS,Fashion,Hyderabad,POS Terminal,No
T104487,C1039,2025-03-30,5386.99,POS,E-commerce,Jaipur,POS Terminal,No
T104488,C1886,2024-01-01,39054.59,Online,E-commerce,Chennai,Desktop,No
T104489,C1091,2025-02-14,28281.87,Online,Electronics,Pune,Tablet,No
T104490,C1287,2024-06-19,5592.67,ATM,Fuel,Lucknow,ATM Machine,No
T104491,C1036,2024-08-27,34808.67,Online,Fuel,Bangalore,Mobile,No
T104492,C2155,2025-01-15,8554.13,POS,Fashion,Ahmedabad,POS Terminal,No
T104493,C1895,2024-08-23,11964.03,POS,E-commerce,Pune,POS Terminal,No
T104494,C1233,2024-12-02,11051.88,POS,Electronics,Jaipur,POS Terminal,No
T104495,C1548,2025-04-10,12397.1,ATM,Utilities,Bangalore,ATM Machine,No
T104496,C2026,2024-09-24,10019.46,ATM,Restaurant,Lucknow,ATM Machine,No
T104497,C2065,2025-03-23,2084.41,POS,Utilities,Chennai,POS Terminal,No
T104498,C1861,2024-03-22,13214.38,Online,Travel,Bangalore,Desktop,No
T104499,C1739,2025-01-04,8672.44,ATM,Healthcare,Lucknow,ATM Machine,No
T104500,C1340,2024-08-23,9029.56,POS,Fashion,Chennai,POS Terminal,No
T104501,C1430,2024-02-20,7754.25,POS,Travel,Mumbai,POS Terminal,No
T104502,C1373,2025-03-07,6119.6,ATM,Travel,Delhi,ATM Machine,No
T104503,C2085,2025-04-17,521.93,Online,Fashion,Jaipur,Tablet,No
T104504,C1301,2025-03-29,7493.96,POS,Entertainment,Pune,POS Terminal,No
T104505,C1849,2024-11-14,6069.71,ATM,E-commerce,Mumbai,ATM Machine,No
T104506,C1313,2024-04-30,36783.49,Online,Fashion,Bangalore,Mobile,No
T104507,C1244,2024-08-18,966.95,ATM,Utilities,Lucknow,ATM Machine,Yes
T104508,C1311,2025-03-28,29324.43,Online,Travel,Ahmedabad,Tablet,No
T104509,C1116,2024-01-19,18858.75,ATM,Healthcare,Pune,ATM Machine,No
T104510,C2111,2024-11-17,3900.98,ATM,Fashion,Mumbai,ATM Machine,No
T104511,C2131,2024-05-23,7127.58,POS,Fashion,Lucknow,POS Terminal,No
T104512,C1532,2024-02-06,2282.73,ATM,Fashion,Kolkata,ATM Machine,No
T104513,C1643,2024-04-13,12700.8,ATM,Utilities,Delhi,ATM Machine,No
T104514,C2116,2024-10-03,11235.37,ATM,Grocery,Ahmedabad,ATM Machine,No
T104515,C1948,2024-09-20,20486.8,Online,Entertainment,Lucknow,Mobile,No
T104516,C1119,2024-10-12,10666.85,ATM,Fuel,Pune,ATM Machine,No
T104517,C1800,2024-03-26,13458.96,POS,Utilities,Hyderabad,POS Terminal,No
T104518,C2128,2024-09-19,3024.79,POS,Healthcare,Hyderabad,POS Terminal,No
T104519,C1319,2025-05-06,1323.71,Online,Fashion,Kolkata,Mobile,No
T104520,C1818,2024-12-14,43110.91,Online,Restaurant,Delhi,Tablet,No
T104521,C1058,2024-11-19,8699.04,POS,Electronics,Jaipur,POS Terminal,No
T104522,C2120,2024-02-21,44554.79,Online,E-commerce,Jaipur,Tablet,No
T104523,C1202,2024-09-18,29927.87,Online,Grocery,Ahmedabad,Mobile,No
T104524,C1795,2025-01-01,16298.14,ATM,Grocery,Delhi,ATM Machine,No
T104525,C1271,2024-04-22,6502.13,POS,Restaurant,Lucknow,POS Terminal,No
T104526,C1794,2024-10-10,15122.27,ATM,Travel,Hyderabad,ATM Machine,No
T104527,C2048,2024-12-05,13704.32,POS,Fuel,Lucknow,POS Terminal,No
T104528,C1095,2024-05-04,11656.4,ATM,Entertainment,Mumbai,ATM Machine,No
T104529,C1672,2024-08-23,4025.31,ATM,E-commerce,Kolkata,ATM Machine,No
T104530,C1462,2025-05-13,13586.12,Online,Entertainment,Pune,Tablet,No
T104531,C1998,2024-08-14,10092.5,Online,Electronics,Bangalore,Tablet,No
T104532,C1447,2024-02-21,3778.17,POS,Entertainment,Pune,POS Terminal,No
T104533,C1652,2024-08-13,6475.1,ATM,Grocery,Pune,ATM Machine,No
T104534,C1192,2024-09-25,8371.49,POS,E-commerce,Lucknow,POS Terminal,No
T104535,C1456,2024-09-21,8861.08,POS,Fuel,Chennai,POS Terminal,No
T104536,C1753,2024-09-17,8816.75,ATM,Travel,Delhi,ATM Machine,No
T104537,C1638,2024-02-02,9269.77,POS,Fashion,Mumbai,POS Terminal,No
T104538,C1210,2025-01-20,4262.43,Online,Travel,Pune,Mobile,No
T104539,C2098,2024-08-15,4571.85,Online,Entertainment,Kolkata,Tablet,No
T104540,C1077,2024-10-25,3850.67,ATM,Fashion,Ahmedabad,ATM Machine,No
T104541,C2102,2024-01-28,26000.26,Online,Travel,Chennai,Tablet,No
T104542,C1874,2024-09-19,3288.52,POS,Fuel,Kolkata,POS Terminal,No
T104543,C2177,2025-02-18,4320.94,POS,Grocery,Hyderabad,POS Terminal,No
T104544,C1867,2025-01-06,6064.66,POS,Fuel,Mumbai,POS Terminal,No
T104545,C1447,2025-04-25,40630.93,Online,E-commerce,Pune,Desktop,No
T104546,C2022,2024-09-16,770.31,ATM,Travel,Delhi,ATM Machine,No
T104547,C2021,2024-07-06,9775.74,POS,Restaurant,Lucknow,POS Terminal,No
T104548,C1302,2024-12-05,10066.26,POS,Travel,Delhi,POS Terminal,No
T104549,C2146,2025-01-31,16073.79,ATM,Travel,Mumbai,ATM Machine,No
T104550,C1182,2024-06-18,18688.68,ATM,Entertainment,Chennai,ATM Machine,No
T104551,C1465,2024-04-26,1202.86,Online,Fuel,Delhi,Desktop,No
T104552,C1764,2024-02-05,3498.78,ATM,Entertainment,Chennai,ATM Machine,No
T104553,C2195,2024-08-09,13303.95,POS,Grocery,Ahmedabad,POS Terminal,No
T104554,C1615,2024-05-29,6931.93,POS,Fashion,Chennai,POS Terminal,No
T104555,C1251,2024-06-25,11509.52,ATM,E-commerce,Pune,ATM Machine,No
T104556,C1169,2025-04-16,13429.03,ATM,Fashion,Chennai,ATM Machine,No
T104557,C1236,2024-08-05,34017.52,Online,Fashion,Mumbai,Desktop,Yes
T104558,C1331,2025-04-04,46600.67,Online,Electronics,Jaipur,Tablet,No
T104559,C2157,2024-10-09,49848.08,Online,Fuel,Delhi,Mobile,No
T104560,C1615,2025-03-04,10830.35,POS,Fashion,Kolkata,POS Terminal,No
T104561,C1120,2024-12-27,6100.81,ATM,Fuel,Jaipur,ATM Machine,No
T104562,C1998,2025-02-19,13208.31,POS,Fuel,Mumbai,POS Terminal,No
T104563,C1264,2024-10-29,1459.81,ATM,Restaurant,Jaipur,ATM Machine,No
T104564,C1495,2025-05-12,11707.83,Online,Grocery,Bangalore,Desktop,No
T104565,C1713,2025-05-11,17999.02,ATM,Grocery,Lucknow,ATM Machine,No
T104566,C2199,2024-07-15,5495.73,ATM,Restaurant,Delhi,ATM Machine,No
T104567,C1387,2024-07-31,3387.7,POS,Fashion,Ahmedabad,POS Terminal,No
T104568,C1774,2024-07-31,2158.07,POS,Healthcare,Delhi,POS Terminal,Yes
T104569,C1642,2025-01-17,12900.77,POS,Travel,Chennai,POS Terminal,No
T104570,C1066,2024-03-09,25102.9,Online,Restaurant,Hyderabad,Desktop,No
T104571,C2115,2024-01-21,33809.68,Online,Travel,Ahmedabad,Desktop,No
T104572,C1863,2024-09-06,3662.09,POS,E-commerce,Mumbai,POS Terminal,No
T104573,C1927,2024-11-10,37950.41,Online,Entertainment,Bangalore,Tablet,No
T104574,C1827,2024-03-02,11424.08,POS,Fuel,Mumbai,POS Terminal,No
T104575,C1433,2024-05-05,4757.71,POS,Electronics,Ahmedabad,POS Terminal,No
T104576,C1810,2025-04-09,6219.17,POS,Healthcare,Chennai,POS Terminal,No
T104577,C1772,2025-02-20,10642.58,Online,Electronics,Jaipur,Desktop,No
T104578,C1263,2024-07-13,48832.74,Online,Electronics,Lucknow,Tablet,No
T104579,C1731,2025-01-11,13089.25,ATM,Healthcare,Lucknow,ATM Machine,No
T104580,C1730,2024-10-25,46740.29,Online,Restaurant,Ahmedabad,Tablet,No
T104581,C1539,2025-02-19,15308.6,Online,Fuel,Lucknow,Mobile,Yes
T104582,C2122,2024-06-14,39138.17,Online,Restaurant,Pune,Desktop,No
T104583,C1427,2025-03-01,11511.29,POS,Fuel,Chennai,POS Terminal,No
T104584,C1818,2024-09-03,34644.45,Online,Restaurant,Jaipur,Tablet,No
T104585,C1002,2024-06-02,14488.02,POS,Travel,Hyderabad,POS Terminal,No
T104586,C1740,2024-05-21,5963.97,POS,Electronics,Pune,POS Terminal,No
T104587,C1599,2024-10-24,6709.72,Online,Restaurant,Pune,Mobile,No
T104588,C1938,2024-09-26,13598.32,ATM,Fashion,Lucknow,ATM Machine,No
T104589,C1438,2024-02-02,36519.63,Online,Grocery,Chennai,Mobile,No
T104590,C1585,2024-05-04,8668.4,POS,Fashion,Kolkata,POS Terminal,No
T104591,C2053,2024-04-09,10499.53,Online,Utilities,Pune,Tablet,No
T104592,C1205,2025-01-05,10336.89,ATM,Utilities,Ahmedabad,ATM Machine,No
T104593,C1176,2024-06-08,15747.05,Online,E-commerce,Delhi,Desktop,No
T104594,C1133,2024-05-08,21487.83,Online,Healthcare,Ahmedabad,Tablet,No
T104595,C1213,2025-04-28,32331.89,Online,Fashion,Jaipur,Mobile,No
T104596,C1200,2024-01-24,15031.69,ATM,Healthcare,Jaipur,ATM Machine,No
T104597,C1617,2024-03-06,3560.15,POS,Fashion,Mumbai,POS Terminal,No
T104598,C2123,2024-11-29,20385.2,Online,Restaurant,Kolkata,Tablet,No
T104599,C1501,2025-04-18,5748.65,ATM,Electronics,Pune,ATM Machine,No
T104600,C1368,2024-12-27,4373.32,ATM,Travel,Mumbai,ATM Machine,No
T104601,C1109,2024-04-04,39212.68,Online,Grocery,Bangalore,Tablet,No
T104602,C1687,2025-05-15,18230.43,ATM,Entertainment,Mumbai,ATM Machine,No
T104603,C1283,2024-03-27,5616.46,POS,Electronics,Delhi,POS Terminal,No
T104604,C1315,2024-01-14,11294.06,POS,Healthcare,Ahmedabad,POS Terminal,No
T104605,C1646,2024-02-08,13465.23,POS,Entertainment,Lucknow,POS Terminal,No
T104606,C1040,2024-02-18,12707.25,POS,Healthcare,Hyderabad,POS Terminal,No
T104607,C2064,2024-03-13,9304.11,Online,Restaurant,Bangalore,Desktop,No
T104608,C1655,2024-04-28,19147.69,ATM,Restaurant,Bangalore,ATM Machine,No
T104609,C1097,2024-07-09,5712.48,POS,Restaurant,Mumbai,POS Terminal,No
T104610,C1095,2025-03-11,17094.18,Online,Electronics,Hyderabad,Desktop,No
T104611,C1429,2024-04-24,1717.41,ATM,Electronics,Hyderabad,ATM Machine,No
T104612,C1357,2024-07-05,24411.45,Online,Utilities,Kolkata,Mobile,No
T104613,C1325,2024-05-04,2625.77,ATM,E-commerce,Chennai,ATM Machine,No
T104614,C1844,2024-12-13,3803.24,POS,Entertainment,Bangalore,POS Terminal,No
T104615,C1381,2024-09-13,4822.45,POS,Fuel,Chennai,POS Terminal,No
T104616,C1877,2025-02-10,40479.55,Online,Restaurant,Chennai,Tablet,No
T104617,C1880,2024-04-08,13144.78,POS,Restaurant,Mumbai,POS Terminal,No
T104618,C2195,2025-05-01,4606.75,POS,Travel,Kolkata,POS Terminal,No
T104619,C1970,2024-11-16,42963.17,Online,Fuel,Lucknow,Tablet,No
T104620,C1739,2024-03-31,17216.0,ATM,Fashion,Hyderabad,ATM Machine,No
T104621,C1189,2024-06-20,15410.69,ATM,Restaurant,Kolkata,ATM Machine,No
T104622,C1828,2024-07-08,2285.76,POS,E-commerce,Delhi,POS Terminal,No
T104623,C1799,2025-05-06,34578.08,Online,Entertainment,Hyderabad,Tablet,No
T104624,C1854,2024-08-01,14180.86,POS,Electronics,Chennai,POS Terminal,No
T104625,C1757,2024-04-22,34190.52,Online,Healthcare,Lucknow,Tablet,No
T104626,C1591,2025-03-25,5041.09,POS,Fuel,Kolkata,POS Terminal,No
T104627,C1651,2024-12-07,25128.85,Online,Entertainment,Hyderabad,Tablet,No
T104628,C1836,2024-03-06,13091.64,ATM,E-commerce,Jaipur,ATM Machine,No
T104629,C1512,2024-03-19,7707.5,POS,Travel,Kolkata,POS Terminal,No
T104630,C1309,2024-06-01,6173.66,Online,Entertainment,Ahmedabad,Mobile,No
T104631,C1938,2025-03-18,6585.25,ATM,Healthcare,Hyderabad,ATM Machine,No
T104632,C2121,2025-04-21,40159.32,Online,Entertainment,Chennai,Mobile,No
T104633,C1587,2024-07-29,17297.65,ATM,Entertainment,Jaipur,ATM Machine,No
T104634,C1505,2024-12-08,3177.35,ATM,Grocery,Kolkata,ATM Machine,No
T104635,C1806,2025-01-09,19071.54,ATM,Restaurant,Chennai,ATM Machine,No
T104636,C1485,2024-11-11,6912.04,ATM,Utilities,Delhi,ATM Machine,No
T104637,C1726,2025-03-16,33183.22,Online,Utilities,Delhi,Mobile,No
T104638,C2056,2024-12-01,37640.89,Online,Fashion,Delhi,Mobile,No
T104639,C2019,2025-02-16,40634.92,Online,Fashion,Bangalore,Desktop,No
T104640,C1341,2025-01-31,47298.34,Online,Electronics,Chennai,Tablet,No
T104641,C1988,2025-05-05,6601.93,ATM,Grocery,Jaipur,ATM Machine,No
T104642,C1792,2025-01-09,12891.75,POS,E-commerce,Hyderabad,POS Terminal,No
T104643,C1251,2024-05-26,2062.13,POS,Travel,Lucknow,POS Terminal,No
T104644,C1906,2024-07-22,35311.04,Online,Entertainment,Chennai,Mobile,No
T104645,C1337,2024-07-17,14968.57,ATM,Fuel,Pune,ATM Machine,No
T104646,C1421,2025-04-14,33950.62,Online,E-commerce,Delhi,Desktop,No
T104647,C2199,2025-03-16,5420.14,ATM,Fuel,Mumbai,ATM Machine,No
T104648,C2173,2024-05-14,17524.34,ATM,Electronics,Delhi,ATM Machine,No
T104649,C1848,2024-12-25,2615.99,POS,Fuel,Lucknow,POS Terminal,No
T104650,C1840,2024-08-19,1545.88,ATM,Grocery,Kolkata,ATM Machine,No
T104651,C2128,2024-04-24,35929.76,Online,Entertainment,Hyderabad,Tablet,No
T104652,C1215,2025-05-04,7184.59,POS,Electronics,Bangalore,POS Terminal,No
T104653,C2170,2024-01-15,42485.08,Online,Healthcare,Hyderabad,Tablet,No
T104654,C2199,2024-01-18,19293.18,Online,Travel,Hyderabad,Mobile,No
T104655,C1557,2024-04-20,2607.35,POS,Healthcare,Ahmedabad,POS Terminal,No
T104656,C1421,2025-05-04,16810.62,ATM,Fuel,Jaipur,ATM Machine,No
T104657,C1577,2024-01-24,11203.74,ATM,Utilities,Chennai,ATM Machine,No
T104658,C1128,2025-05-03,9621.95,Online,Healthcare,Ahmedabad,Tablet,No
T104659,C1152,2024-05-08,14547.49,ATM,Electronics,Delhi,ATM Machine,No
T104660,C1580,2024-10-23,10466.72,ATM,E-commerce,Delhi,ATM Machine,No
T104661,C1098,2025-03-10,9104.26,POS,Restaurant,Mumbai,POS Terminal,No
T104662,C2151,2025-03-01,6967.39,POS,Healthcare,Delhi,POS Terminal,No
T104663,C2115,2024-01-17,16659.83,ATM,Electronics,Lucknow,ATM Machine,No
T104664,C1505,2024-05-29,41512.22,Online,Electronics,Hyderabad,Desktop,No
T104665,C1675,2024-06-03,14333.08,ATM,Fuel,Bangalore,ATM Machine,No
T104666,C1430,2024-06-12,5448.99,Online,Electronics,Kolkata,Mobile,No
T104667,C2159,2024-12-09,41974.92,Online,Fashion,Lucknow,Mobile,No
T104668,C2114,2024-07-14,33616.45,Online,Electronics,Pune,Desktop,No
T104669,C1177,2025-02-08,10485.66,POS,Electronics,Hyderabad,POS Terminal,No
T104670,C1201,2024-10-25,7578.17,ATM,Fuel,Mumbai,ATM Machine,No
T104671,C1622,2025-04-08,13201.27,POS,Grocery,Bangalore,POS Terminal,No
T104672,C2067,2024-10-11,14644.75,ATM,Electronics,Chennai,ATM Machine,No
T104673,C1272,2025-03-06,2695.51,ATM,Fashion,Chennai,ATM Machine,No
T104674,C1993,2025-04-23,8451.67,ATM,Electronics,Lucknow,ATM Machine,No
T104675,C1894,2024-08-31,17784.42,ATM,Entertainment,Ahmedabad,ATM Machine,No
T104676,C1878,2024-04-06,1420.34,ATM,Electronics,Hyderabad,ATM Machine,No
T104677,C1164,2024-01-20,19247.62,ATM,Fashion,Chennai,ATM Machine,No
T104678,C1228,2024-12-02,10219.52,POS,Electronics,Lucknow,POS Terminal,No
T104679,C1347,2024-05-07,12811.83,ATM,Restaurant,Delhi,ATM Machine,No
T104680,C1099,2024-02-08,5775.91,ATM,Travel,Delhi,ATM Machine,No
T104681,C1447,2024-06-18,12589.83,Online,Healthcare,Lucknow,Tablet,No
T104682,C1380,2024-07-17,47114.5,Online,Healthcare,Jaipur,Desktop,No
T104683,C1691,2024-03-26,4544.26,POS,Restaurant,Ahmedabad,POS Terminal,No
T104684,C1154,2024-01-02,38820.16,Online,Entertainment,Chennai,Desktop,No
T104685,C1134,2025-04-23,8165.88,ATM,Fashion,Lucknow,ATM Machine,No
T104686,C1566,2024-09-23,3215.45,ATM,Entertainment,Kolkata,ATM Machine,No
T104687,C1579,2024-09-16,708.95,ATM,E-commerce,Hyderabad,ATM Machine,No
T104688,C1063,2024-07-08,27304.02,Online,E-commerce,Pune,Desktop,No
T104689,C1824,2024-04-16,14639.1,POS,Entertainment,Jaipur,POS Terminal,No
T104690,C1299,2025-03-12,18582.98,Online,Fashion,Delhi,Desktop,No
T104691,C1828,2024-03-09,7465.25,ATM,Entertainment,Kolkata,ATM Machine,No
T104692,C1531,2024-07-14,17335.76,Online,Fashion,Mumbai,Tablet,No
T104693,C1603,2025-03-15,10650.6,ATM,Fuel,Delhi,ATM Machine,No
T104694,C1011,2025-02-23,6665.91,POS,Utilities,Kolkata,POS Terminal,No
T104695,C1534,2024-01-21,17658.34,ATM,Utilities,Ahmedabad,ATM Machine,No
T104696,C1211,2025-03-24,25374.94,Online,Grocery,Kolkata,Desktop,No
T104697,C1121,2024-12-10,7665.59,POS,Electronics,Ahmedabad,POS Terminal,No
T104698,C1289,2024-01-04,2161.74,POS,Healthcare,Bangalore,POS Terminal,No
T104699,C1228,2024-03-03,14742.82,POS,Restaurant,Bangalore,POS Terminal,No
T104700,C2131,2024-03-16,12648.65,Online,Restaurant,Jaipur,Mobile,No
T104701,C2098,2024-05-22,1193.12,POS,Entertainment,Bangalore,POS Terminal,No
T104702,C1734,2024-11-06,13431.35,ATM,E-commerce,Chennai,ATM Machine,No
T104703,C1559,2024-02-17,29849.25,Online,Utilities,Chennai,Desktop,No
T104704,C1238,2024-04-26,6285.67,POS,Electronics,Delhi,POS Terminal,No
T104705,C1711,2024-12-07,21225.17,Online,Entertainment,Hyderabad,Desktop,No
T104706,C1908,2025-04-19,39296.18,Online,Restaurant,Jaipur,Tablet,No
T104707,C1016,2025-02-09,3016.12,POS,Fuel,Delhi,POS Terminal,No
T104708,C1737,2025-05-04,12321.77,POS,Utilities,Mumbai,POS Terminal,No
T104709,C1952,2024-09-25,32507.61,Online,Grocery,Bangalore,Tablet,Yes
T104710,C1150,2024-01-13,6342.65,POS,Electronics,Lucknow,POS Terminal,No
T104711,C1675,2024-05-04,6924.63,POS,Electronics,Lucknow,POS Terminal,No
T104712,C1259,2025-02-06,5504.62,ATM,Electronics,Chennai,ATM Machine,No
T104713,C2139,2024-07-28,11306.5,POS,Fuel,Bangalore,POS Terminal,No
T104714,C1359,2024-02-13,10501.06,ATM,Utilities,Jaipur,ATM Machine,No
T104715,C1458,2024-01-12,4880.73,POS,Travel,Pune,POS Terminal,No
T104716,C2146,2024-11-24,12122.98,ATM,Grocery,Hyderabad,ATM Machine,No
T104717,C2199,2025-01-30,49787.58,Online,Restaurant,Delhi,Mobile,No
T104718,C1911,2024-05-08,21876.06,Online,Healthcare,Lucknow,Tablet,Yes
T104719,C1680,2024-10-09,13818.3,POS,Entertainment,Ahmedabad,POS Terminal,No
T104720,C2172,2024-06-05,7227.83,ATM,Grocery,Jaipur,ATM Machine,No
T104721,C1383,2024-10-21,1567.29,ATM,Grocery,Kolkata,ATM Machine,No
T104722,C1881,2024-10-17,4482.72,ATM,Grocery,Chennai,ATM Machine,No
T104723,C1314,2024-09-23,8664.56,ATM,Utilities,Kolkata,ATM Machine,Yes
T104724,C1137,2025-01-07,11137.82,Online,Healthcare,Pune,Desktop,No
T104725,C1479,2024-08-19,103.38,POS,Entertainment,Ahmedabad,POS Terminal,No
T104726,C1170,2024-07-23,13733.52,POS,Restaurant,Ahmedabad,POS Terminal,No
T104727,C1457,2024-08-02,16955.65,ATM,Utilities,Delhi,ATM Machine,No
T104728,C2131,2024-01-30,37166.15,Online,Entertainment,Hyderabad,Tablet,Yes
T104729,C1575,2024-04-09,2600.44,POS,Healthcare,Lucknow,POS Terminal,No
T104730,C1815,2024-05-31,1893.42,POS,Fuel,Ahmedabad,POS Terminal,No
T104731,C2022,2025-03-16,3566.72,Online,Entertainment,Mumbai,Tablet,No
T104732,C1378,2024-05-03,14618.57,ATM,Restaurant,Chennai,ATM Machine,No
T104733,C1618,2024-09-19,46454.64,Online,Grocery,Chennai,Mobile,No
T104734,C1259,2024-06-06,21640.68,Online,Entertainment,Pune,Mobile,No
T104735,C1816,2024-11-03,6133.21,Online,Entertainment,Jaipur,Desktop,No
T104736,C1578,2025-03-09,10491.66,ATM,Grocery,Kolkata,ATM Machine,No
T104737,C2022,2024-10-15,5297.6,POS,Grocery,Bangalore,POS Terminal,No
T104738,C1756,2024-08-19,18866.28,Online,Travel,Hyderabad,Mobile,No
T104739,C1693,2024-12-11,12615.95,ATM,Fuel,Pune,ATM Machine,No
T104740,C1456,2025-03-10,35992.16,Online,Entertainment,Jaipur,Mobile,No
T104741,C1464,2024-01-24,1747.99,POS,Grocery,Bangalore,POS Terminal,No
T104742,C1804,2024-04-04,1194.01,ATM,E-commerce,Lucknow,ATM Machine,No
T104743,C1324,2024-02-20,14915.52,POS,Fuel,Bangalore,POS Terminal,No
T104744,C1269,2024-01-14,3567.65,POS,Electronics,Kolkata,POS Terminal,No
T104745,C1363,2025-04-08,2880.76,Online,Entertainment,Hyderabad,Tablet,No
T104746,C1832,2024-07-14,4202.57,ATM,Travel,Ahmedabad,ATM Machine,No
T104747,C1011,2024-07-21,2140.1,Online,Restaurant,Pune,Mobile,No
T104748,C1249,2025-03-05,19712.18,Online,E-commerce,Bangalore,Tablet,No
T104749,C2089,2025-02-03,12055.79,POS,Grocery,Bangalore,POS Terminal,No
T104750,C1857,2024-02-18,7154.27,ATM,E-commerce,Mumbai,ATM Machine,No
T104751,C1491,2024-11-25,22320.33,Online,Travel,Pune,Tablet,No
T104752,C1998,2024-02-13,13673.94,ATM,Grocery,Mumbai,ATM Machine,No
T104753,C1045,2024-04-04,10423.43,ATM,E-commerce,Pune,ATM Machine,No
T104754,C1772,2024-03-15,43100.0,Online,Entertainment,Kolkata,Tablet,No
T104755,C1576,2024-12-24,13003.93,POS,Electronics,Jaipur,POS Terminal,No
T104756,C1725,2025-05-11,693.26,ATM,Fuel,Mumbai,ATM Machine,No
T104757,C2187,2024-11-14,38946.71,Online,Travel,Mumbai,Desktop,No
T104758,C1705,2025-01-07,23144.53,Online,Restaurant,Hyderabad,Mobile,No
T104759,C1960,2024-08-26,19782.39,ATM,Electronics,Chennai,ATM Machine,No
T104760,C1594,2024-08-13,9923.03,ATM,Fuel,Hyderabad,ATM Machine,No
T104761,C1243,2024-11-10,14804.75,POS,Entertainment,Hyderabad,POS Terminal,No
T104762,C1214,2025-04-16,37777.55,Online,Fashion,Ahmedabad,Desktop,No
T104763,C1877,2024-06-23,12580.52,Online,Entertainment,Bangalore,Tablet,No
T104764,C1857,2024-02-04,27012.07,Online,Grocery,Lucknow,Mobile,No
T104765,C1658,2024-09-01,19846.64,ATM,Grocery,Kolkata,ATM Machine,No
T104766,C1123,2024-03-20,42905.02,Online,Travel,Delhi,Tablet,No
T104767,C1980,2024-11-16,2398.65,ATM,Fashion,Mumbai,ATM Machine,No
T104768,C1979,2024-11-19,10624.94,POS,Travel,Pune,POS Terminal,No
T104769,C1310,2024-04-11,7238.8,ATM,Fashion,Delhi,ATM Machine,No
T104770,C2200,2024-03-20,547.72,Online,Restaurant,Kolkata,Tablet,No
T104771,C1583,2024-11-27,8367.88,ATM,Entertainment,Kolkata,ATM Machine,No
T104772,C2020,2024-02-12,11890.77,Online,Fuel,Bangalore,Tablet,No
T104773,C1045,2024-01-21,40979.69,Online,Travel,Ahmedabad,Desktop,No
T104774,C1504,2024-10-18,7077.95,ATM,E-commerce,Bangalore,ATM Machine,No
T104775,C1150,2024-04-16,41410.68,Online,Fuel,Kolkata,Desktop,No
T104776,C2029,2025-03-11,108.91,POS,Healthcare,Lucknow,POS Terminal,No
T104777,C1981,2025-01-21,6502.47,ATM,Fuel,Delhi,ATM Machine,No
T104778,C2135,2024-04-13,5202.72,ATM,Fashion,Kolkata,ATM Machine,No
T104779,C1147,2025-03-27,3580.15,POS,Travel,Jaipur,POS Terminal,No
T104780,C1194,2024-02-20,1115.98,POS,Grocery,Kolkata,POS Terminal,No
T104781,C1336,2024-12-24,2888.15,POS,Healthcare,Chennai,POS Terminal,No
T104782,C1912,2025-03-19,27866.37,Online,Entertainment,Delhi,Mobile,No
T104783,C1573,2024-06-10,4441.28,POS,Travel,Hyderabad,POS Terminal,No
T104784,C1749,2024-12-10,6319.18,POS,Entertainment,Kolkata,POS Terminal,No
T104785,C1842,2024-05-13,7848.9,ATM,Fashion,Jaipur,ATM Machine,No
T104786,C1873,2024-03-22,43820.07,Online,Fuel,Lucknow,Desktop,No
T104787,C1247,2024-01-12,13588.96,POS,Healthcare,Bangalore,POS Terminal,No
T104788,C1847,2024-10-23,24749.26,Online,E-commerce,Kolkata,Desktop,No
T104789,C1684,2025-03-15,16641.77,Online,Restaurant,Mumbai,Desktop,No
T104790,C1917,2025-03-24,1691.33,POS,Fashion,Bangalore,POS Terminal,No
T104791,C1474,2025-01-13,14305.7,POS,Grocery,Lucknow,POS Terminal,No
T104792,C1442,2024-05-11,1674.43,ATM,Fuel,Bangalore,ATM Machine,No
T104793,C2179,2024-02-26,4534.99,POS,Healthcare,Pune,POS Terminal,No
T104794,C1382,2024-03-16,15043.7,Online,Fuel,Ahmedabad,Desktop,No
T104795,C1013,2024-05-26,4873.98,POS,Fashion,Lucknow,POS Terminal,No
T104796,C1281,2024-07-10,8381.48,Online,Utilities,Chennai,Tablet,No
T104797,C1940,2024-01-13,39201.44,Online,Travel,Lucknow,Tablet,No
T104798,C1600,2024-08-19,2888.71,ATM,Restaurant,Hyderabad,ATM Machine,No
T104799,C1320,2024-12-21,31818.35,Online,E-commerce,Chennai,Desktop,No
T104800,C1809,2024-09-06,1945.31,POS,Fashion,Mumbai,POS Terminal,No
T104801,C1834,2024-11-18,3712.67,Online,Restaurant,Jaipur,Desktop,No
T104802,C1232,2024-02-04,45489.59,Online,Restaurant,Mumbai,Mobile,No
T104803,C2061,2024-05-29,4207.51,ATM,Fuel,Bangalore,ATM Machine,No
T104804,C1519,2025-01-30,16514.38,ATM,Travel,Hyderabad,ATM Machine,No
T104805,C1436,2024-08-04,8215.0,POS,E-commerce,Kolkata,POS Terminal,Yes
T104806,C2044,2024-03-26,2018.2,ATM,Utilities,Lucknow,ATM Machine,No
T104807,C1176,2024-12-23,47781.32,Online,Healthcare,Mumbai,Desktop,No
T104808,C1519,2024-11-06,3779.72,POS,Healthcare,Lucknow,POS Terminal,No
T104809,C2152,2024-07-08,12908.72,POS,Fuel,Lucknow,POS Terminal,No
T104810,C1107,2024-02-28,8606.74,Online,Restaurant,Chennai,Tablet,No
T104811,C1192,2025-04-09,17151.89,ATM,Travel,Pune,ATM Machine,No
T104812,C1002,2024-02-09,858.79,Online,Entertainment,Chennai,Desktop,No
T104813,C1707,2025-02-06,10479.72,ATM,Grocery,Jaipur,ATM Machine,No
T104814,C1444,2025-05-02,15504.13,ATM,Utilities,Lucknow,ATM Machine,No
T104815,C1074,2024-05-26,14028.45,POS,Electronics,Mumbai,POS Terminal,No
T104816,C1557,2024-05-03,45478.27,Online,Entertainment,Kolkata,Desktop,No
T104817,C1697,2024-02-08,16482.68,ATM,Travel,Pune,ATM Machine,No
T104818,C1212,2024-05-20,17819.73,ATM,Travel,Ahmedabad,ATM Machine,No
T104819,C1655,2024-06-29,4384.78,ATM,Grocery,Hyderabad,ATM Machine,No
T104820,C1025,2024-02-22,4334.35,POS,Utilities,Pune,POS Terminal,No
T104821,C1917,2024-02-26,4405.63,POS,Fashion,Jaipur,POS Terminal,No
T104822,C1187,2025-05-07,7852.55,ATM,Grocery,Bangalore,ATM Machine,No
T104823,C1211,2024-07-26,8169.75,ATM,Utilities,Jaipur,ATM Machine,No
T104824,C1419,2024-09-04,11118.83,ATM,Electronics,Kolkata,ATM Machine,No
T104825,C1750,2024-09-21,2482.21,POS,Healthcare,Jaipur,POS Terminal,No
T104826,C1232,2024-02-13,13979.31,ATM,E-commerce,Ahmedabad,ATM Machine,No
T104827,C1790,2024-08-12,2596.74,POS,E-commerce,Jaipur,POS Terminal,No
T104828,C1408,2024-03-22,4723.6,POS,Electronics,Ahmedabad,POS Terminal,No
T104829,C1658,2025-03-18,25266.59,Online,Entertainment,Jaipur,Mobile,No
T104830,C1524,2024-07-01,16030.59,ATM,Utilities,Delhi,ATM Machine,No
T104831,C1865,2024-06-16,11118.09,POS,Restaurant,Jaipur,POS Terminal,No
T104832,C1747,2025-05-02,32347.61,Online,Travel,Lucknow,Tablet,No
T104833,C2043,2024-03-24,2421.02,POS,Restaurant,Kolkata,POS Terminal,No
T104834,C1291,2024-02-18,8250.98,POS,Fashion,Pune,POS Terminal,No
T104835,C1137,2024-12-14,1402.95,POS,Utilities,Chennai,POS Terminal,No
T104836,C1877,2024-10-07,5722.71,POS,E-commerce,Hyderabad,POS Terminal,Yes
T104837,C1415,2024-01-04,20793.12,Online,Utilities,Pune,Mobile,No
T104838,C1947,2024-04-01,693.19,POS,Healthcare,Kolkata,POS Terminal,No
T104839,C1455,2024-05-10,4182.42,POS,Electronics,Pune,POS Terminal,No
T104840,C1126,2024-03-25,14339.18,POS,Restaurant,Jaipur,POS Terminal,No
T104841,C1615,2024-08-06,47690.9,Online,Travel,Mumbai,Tablet,No
T104842,C1391,2025-04-26,17745.89,Online,Utilities,Lucknow,Desktop,No
T104843,C1017,2024-11-23,742.19,POS,Travel,Jaipur,POS Terminal,No
T104844,C1342,2025-05-01,2768.51,POS,Fashion,Ahmedabad,POS Terminal,No
T104845,C1238,2024-03-02,8148.25,ATM,Fuel,Bangalore,ATM Machine,No
T104846,C1985,2024-11-30,18981.7,ATM,Healthcare,Hyderabad,ATM Machine,Yes
T104847,C1126,2024-01-05,2203.87,POS,Electronics,Bangalore,POS Terminal,No
T104848,C1290,2025-01-01,11476.39,POS,Restaurant,Hyderabad,POS Terminal,No
T104849,C1595,2024-09-07,5612.39,Online,Grocery,Pune,Tablet,No
T104850,C1916,2024-08-28,49066.63,Online,E-commerce,Kolkata,Mobile,No
T104851,C2194,2024-11-19,5786.09,POS,Electronics,Kolkata,POS Terminal,No
T104852,C1890,2024-06-28,11650.99,POS,Healthcare,Ahmedabad,POS Terminal,No
T104853,C1084,2024-11-06,7180.53,ATM,Healthcare,Jaipur,ATM Machine,No
T104854,C1399,2024-05-27,9452.27,POS,Grocery,Mumbai,POS Terminal,No
T104855,C1751,2024-03-18,9762.4,Online,Fuel,Bangalore,Tablet,No
T104856,C1747,2024-04-10,2275.71,POS,E-commerce,Hyderabad,POS Terminal,No
T104857,C1374,2024-03-06,46915.59,Online,E-commerce,Delhi,Desktop,No
T104858,C1028,2024-08-22,45898.83,Online,Entertainment,Chennai,Desktop,No
T104859,C1863,2024-01-26,44395.95,Online,Entertainment,Ahmedabad,Tablet,No
T104860,C1170,2025-04-09,9418.96,POS,Grocery,Delhi,POS Terminal,No
T104861,C1813,2024-12-28,40451.76,Online,Healthcare,Mumbai,Mobile,No
T104862,C1276,2024-07-24,1128.65,POS,Utilities,Lucknow,POS Terminal,No
T104863,C1536,2025-03-08,5088.36,POS,Entertainment,Lucknow,POS Terminal,No
T104864,C2140,2025-04-15,15822.42,Online,Travel,Pune,Desktop,No
T104865,C1424,2024-07-02,9571.12,POS,Electronics,Lucknow,POS Terminal,No
T104866,C1581,2024-10-19,5403.77,POS,Fashion,Lucknow,POS Terminal,No
T104867,C1517,2024-07-15,7595.64,Online,Utilities,Kolkata,Tablet,No
T104868,C1581,2024-12-13,29904.06,Online,Restaurant,Mumbai,Mobile,No
T104869,C2014,2024-12-20,40756.32,Online,Healthcare,Kolkata,Desktop,No
T104870,C2062,2024-03-13,5793.64,POS,Healthcare,Jaipur,POS Terminal,No
T104871,C1341,2025-01-03,2070.8,POS,Restaurant,Chennai,POS Terminal,Yes
T104872,C1071,2024-12-18,4335.42,ATM,Restaurant,Mumbai,ATM Machine,No
T104873,C1102,2024-02-14,3638.5,POS,Healthcare,Mumbai,POS Terminal,No
T104874,C1050,2024-10-13,4568.47,POS,Fuel,Hyderabad,POS Terminal,No
T104875,C2015,2025-03-25,32211.19,Online,Healthcare,Hyderabad,Tablet,No
T104876,C1406,2024-04-30,9054.09,POS,Healthcare,Hyderabad,POS Terminal,No
T104877,C1412,2025-02-19,34864.78,Online,Electronics,Mumbai,Mobile,No
T104878,C1108,2024-09-26,7568.79,ATM,E-commerce,Hyderabad,ATM Machine,No
T104879,C1909,2024-09-23,41235.08,Online,Grocery,Chennai,Tablet,No
T104880,C1356,2024-09-26,4479.71,ATM,Travel,Pune,ATM Machine,No
T104881,C1571,2024-02-03,7088.71,POS,Utilities,Lucknow,POS Terminal,No
T104882,C1104,2024-11-14,16118.31,ATM,Travel,Mumbai,ATM Machine,No
T104883,C1452,2024-11-20,2784.36,POS,Healthcare,Kolkata,POS Terminal,No
T104884,C1856,2024-07-20,5671.18,Online,Utilities,Mumbai,Tablet,No
T104885,C1169,2024-03-12,44207.46,Online,Healthcare,Jaipur,Mobile,No
T104886,C2172,2024-06-04,5209.65,POS,Fuel,Ahmedabad,POS Terminal,No
T104887,C1712,2025-04-11,13835.47,ATM,Travel,Delhi,ATM Machine,No
T104888,C1181,2024-01-19,477.69,POS,Utilities,Hyderabad,POS Terminal,No
T104889,C1501,2024-01-05,13955.91,ATM,Healthcare,Ahmedabad,ATM Machine,No
T104890,C1918,2024-11-12,6663.98,ATM,Fuel,Bangalore,ATM Machine,No
T104891,C2198,2024-03-04,1586.95,ATM,Fuel,Bangalore,ATM Machine,No
T104892,C1477,2024-08-30,9186.21,POS,Entertainment,Mumbai,POS Terminal,No
T104893,C1213,2024-07-26,3687.98,POS,Healthcare,Ahmedabad,POS Terminal,No
T104894,C1202,2024-09-17,5863.43,POS,Fashion,Kolkata,POS Terminal,No
T104895,C1257,2024-12-02,2071.33,ATM,Utilities,Hyderabad,ATM Machine,No
T104896,C1484,2024-08-09,3369.68,ATM,Utilities,Pune,ATM Machine,Yes
T104897,C1813,2025-03-26,6310.56,ATM,Restaurant,Ahmedabad,ATM Machine,No
T104898,C1353,2024-10-30,4670.02,Online,Restaurant,Kolkata,Desktop,No
T104899,C2055,2025-03-01,18261.11,ATM,Utilities,Mumbai,ATM Machine,No
T104900,C1399,2024-08-17,617.92,ATM,Healthcare,Delhi,ATM Machine,No
T104901,C1666,2024-03-27,24296.24,Online,Utilities,Lucknow,Tablet,No
T104902,C2102,2025-05-10,2903.33,ATM,Grocery,Ahmedabad,ATM Machine,No
T104903,C2196,2024-05-03,4684.42,POS,E-commerce,Jaipur,POS Terminal,No
T104904,C1663,2024-06-23,18558.16,ATM,Fashion,Ahmedabad,ATM Machine,No
T104905,C1889,2024-06-14,3653.04,ATM,Fashion,Kolkata,ATM Machine,No
T104906,C2125,2025-03-05,48298.45,Online,Utilities,Pune,Tablet,No
T104907,C1650,2024-01-16,10448.56,Online,Fuel,Delhi,Desktop,No
T104908,C1794,2024-06-17,11149.34,POS,Utilities,Lucknow,POS Terminal,No
T104909,C1144,2025-05-03,27424.53,Online,E-commerce,Pune,Desktop,No
T104910,C1191,2024-09-30,17747.34,ATM,Fashion,Delhi,ATM Machine,No
T104911,C1632,2024-09-26,8354.5,POS,Grocery,Mumbai,POS Terminal,No
T104912,C1740,2025-01-31,26821.05,Online,Grocery,Lucknow,Mobile,No
T104913,C1371,2024-09-24,3012.32,POS,Utilities,Ahmedabad,POS Terminal,No
T104914,C1949,2024-01-26,3741.47,ATM,Travel,Mumbai,ATM Machine,No
T104915,C1402,2024-01-10,45841.16,Online,Electronics,Bangalore,Desktop,No
T104916,C1131,2024-11-25,6892.84,ATM,Healthcare,Mumbai,ATM Machine,No
T104917,C1351,2024-10-19,18729.7,Online,Healthcare,Lucknow,Desktop,No
T104918,C1372,2024-03-23,38039.22,Online,Travel,Kolkata,Tablet,No
T104919,C1244,2024-11-20,7107.06,ATM,Grocery,Kolkata,ATM Machine,No
T104920,C1086,2024-01-07,14285.73,POS,Travel,Mumbai,POS Terminal,No
T104921,C1536,2025-02-06,36948.8,Online,Healthcare,Kolkata,Mobile,No
T104922,C2176,2024-08-19,9001.7,POS,Travel,Ahmedabad,POS Terminal,No
T104923,C1591,2024-01-13,17677.46,ATM,Entertainment,Ahmedabad,ATM Machine,No
T104924,C1189,2025-02-17,1467.32,ATM,Fuel,Chennai,ATM Machine,No
T104925,C1753,2025-04-06,3930.23,POS,Fashion,Chennai,POS Terminal,No
T104926,C1780,2024-10-04,7029.04,POS,Travel,Pune,POS Terminal,No
T104927,C1519,2025-04-26,3481.98,POS,Travel,Chennai,POS Terminal,No
T104928,C1135,2024-05-23,11184.19,POS,Healthcare,Jaipur,POS Terminal,No
T104929,C1858,2024-06-30,18424.56,ATM,Travel,Chennai,ATM Machine,No
T104930,C1608,2024-10-14,8763.52,ATM,Travel,Pune,ATM Machine,No
T104931,C1879,2024-11-18,17238.2,Online,Healthcare,Ahmedabad,Mobile,No
T104932,C1803,2025-02-28,14427.11,POS,Utilities,Pune,POS Terminal,No
T104933,C1061,2025-03-16,9174.62,ATM,Fashion,Ahmedabad,ATM Machine,No
T104934,C1965,2024-01-03,10036.44,ATM,E-commerce,Chennai,ATM Machine,No
T104935,C1837,2025-01-29,7357.17,ATM,Utilities,Hyderabad,ATM Machine,No
T104936,C1516,2024-06-02,45495.51,Online,Healthcare,Lucknow,Tablet,No
T104937,C2097,2024-01-17,8577.44,POS,Grocery,Chennai,POS Terminal,No
T104938,C1123,2024-07-03,15362.4,ATM,Grocery,Lucknow,ATM Machine,No
T104939,C1552,2024-07-24,12195.92,POS,Restaurant,Mumbai,POS Terminal,No
T104940,C1404,2024-05-23,17224.08,Online,E-commerce,Hyderabad,Tablet,No
T104941,C1958,2024-08-16,21797.98,Online,Fashion,Bangalore,Tablet,No
T104942,C1708,2024-12-07,17045.2,ATM,Grocery,Hyderabad,ATM Machine,No
T104943,C1059,2024-02-02,5512.5,POS,Restaurant,Pune,POS Terminal,No
T104944,C1720,2024-02-26,11929.63,POS,Grocery,Bangalore,POS Terminal,No
T104945,C1010,2024-06-02,14120.79,POS,Grocery,Bangalore,POS Terminal,No
T104946,C1193,2024-06-08,31235.88,Online,Entertainment,Hyderabad,Mobile,No
T104947,C1951,2024-11-01,11150.25,POS,Travel,Hyderabad,POS Terminal,No
T104948,C1678,2024-04-06,40293.85,Online,Electronics,Delhi,Mobile,No
T104949,C1723,2024-10-21,42282.97,Online,Fuel,Bangalore,Desktop,No
T104950,C1944,2025-02-22,5986.29,POS,Restaurant,Jaipur,POS Terminal,No
T104951,C1779,2025-04-08,2752.92,Online,Entertainment,Delhi,Tablet,No
T104952,C1745,2024-09-10,20213.44,Online,Utilities,Hyderabad,Tablet,No
T104953,C1717,2024-06-27,10138.97,POS,Entertainment,Delhi,POS Terminal,No
T104954,C1884,2025-05-15,22627.45,Online,E-commerce,Delhi,Tablet,No
T104955,C1193,2024-02-10,11259.55,POS,Fuel,Pune,POS Terminal,No
T104956,C1641,2025-01-21,7461.16,ATM,Travel,Ahmedabad,ATM Machine,No
T104957,C1856,2024-03-10,9557.69,POS,Restaurant,Jaipur,POS Terminal,No
T104958,C1852,2024-08-21,9483.71,Online,Travel,Ahmedabad,Desktop,No
T104959,C1288,2025-03-09,37518.6,Online,Entertainment,Ahmedabad,Desktop,No
T104960,C1342,2025-01-24,8230.87,POS,Fuel,Delhi,POS Terminal,No
T104961,C1869,2024-01-15,4479.26,ATM,Fuel,Jaipur,ATM Machine,No
T104962,C1906,2024-07-19,14737.18,Online,Grocery,Lucknow,Tablet,No
T104963,C1869,2024-10-19,37480.71,Online,Electronics,Lucknow,Desktop,No
T104964,C1482,2025-04-17,9910.72,ATM,E-commerce,Pune,ATM Machine,No
T104965,C1893,2025-01-16,3318.87,POS,Grocery,Chennai,POS Terminal,No
T104966,C1676,2025-01-04,19361.79,ATM,E-commerce,Jaipur,ATM Machine,No
T104967,C1257,2025-04-13,14444.94,ATM,Healthcare,Ahmedabad,ATM Machine,No
T104968,C1205,2025-04-30,47865.31,Online,Travel,Chennai,Mobile,No
T104969,C2088,2025-04-15,8828.55,ATM,Utilities,Mumbai,ATM Machine,No
T104970,C1705,2025-03-11,23860.0,Online,Fuel,Bangalore,Mobile,No
T104971,C1497,2024-07-24,13479.53,POS,Entertainment,Mumbai,POS Terminal,No
T104972,C1297,2024-10-10,26347.46,Online,Travel,Delhi,Mobile,No
T104973,C1966,2024-07-04,10638.46,POS,Fashion,Kolkata,POS Terminal,No
T104974,C1131,2024-02-26,5417.37,ATM,Entertainment,Chennai,ATM Machine,No
T104975,C1585,2024-11-17,6756.22,POS,Travel,Delhi,POS Terminal,No
T104976,C1416,2024-11-27,1939.4,POS,Travel,Kolkata,POS Terminal,No
T104977,C1763,2024-04-25,10457.81,Online,Grocery,Bangalore,Tablet,No
T104978,C1991,2024-09-04,246.98,Online,Electronics,Pune,Mobile,No
T104979,C2198,2024-02-28,1265.67,ATM,Fashion,Lucknow,ATM Machine,No
T104980,C1696,2025-02-18,48868.73,Online,Fashion,Hyderabad,Mobile,No
T104981,C1876,2024-03-13,5225.9,ATM,E-commerce,Delhi,ATM Machine,No
T104982,C2032,2024-09-07,33232.87,Online,E-commerce,Bangalore,Mobile,No
T104983,C2127,2024-05-06,12602.59,POS,E-commerce,Delhi,POS Terminal,No
T104984,C1907,2024-04-21,11237.88,ATM,Fashion,Kolkata,ATM Machine,No
T104985,C1234,2025-01-30,7826.6,Online,Entertainment,Bangalore,Tablet,No
T104986,C1925,2024-09-06,36460.2,Online,Fashion,Chennai,Desktop,No
T104987,C1166,2024-07-10,30092.52,Online,Grocery,Chennai,Desktop,No
T104988,C1022,2025-02-18,36616.28,Online,Grocery,Bangalore,Tablet,No
T104989,C2067,2024-05-04,15510.06,ATM,Fashion,Jaipur,ATM Machine,No
T104990,C1437,2025-01-16,14633.61,POS,Entertainment,Mumbai,POS Terminal,No
T104991,C1648,2024-09-14,8646.09,POS,Fashion,Kolkata,POS Terminal,No
T104992,C1098,2024-05-19,17213.73,Online,E-commerce,Hyderabad,Desktop,No
T104993,C1941,2024-12-13,9762.12,POS,Fuel,Delhi,POS Terminal,No
T104994,C1300,2024-05-02,1119.77,POS,Utilities,Jaipur,POS Terminal,No
T104995,C1155,2025-03-30,44890.39,Online,Utilities,Bangalore,Desktop,No
T104996,C1100,2025-03-22,1878.78,POS,Electronics,Hyderabad,POS Terminal,No
T104997,C1769,2024-01-31,16526.57,Online,Utilities,Chennai,Mobile,No
T104998,C1202,2024-04-30,16407.03,ATM,Utilities,Bangalore,ATM Machine,No
T104999,C1484,2024-03-29,29946.16,Online,Utilities,Hyderabad,Tablet,No
T105000,C1793,2024-09-24,19803.05,Online,Healthcare,Hyderabad,Desktop,No
T105001,C1487,2024-10-02,9732.0,ATM,Electronics,Ahmedabad,ATM Machine,No
T105002,C1780,2024-11-03,42756.46,Online,Fashion,Jaipur,Tablet,No
T105003,C1996,2024-08-07,5166.07,POS,Restaurant,Mumbai,POS Terminal,No
T105004,C1725,2024-03-07,43508.55,Online,Fuel,Delhi,Mobile,No
T105005,C1019,2024-08-21,4589.09,Online,Healthcare,Hyderabad,Desktop,No
T105006,C1057,2025-02-10,15647.57,ATM,Utilities,Lucknow,ATM Machine,No
T105007,C1370,2024-04-20,12728.46,POS,Grocery,Jaipur,POS Terminal,No
T105008,C1226,2025-03-27,4045.44,ATM,Electronics,Lucknow,ATM Machine,No
T105009,C1623,2024-07-04,6512.16,POS,Entertainment,Kolkata,POS Terminal,No
T105010,C1291,2024-11-11,2565.95,POS,Entertainment,Pune,POS Terminal,No
T105011,C1236,2024-11-03,35388.89,Online,Fashion,Kolkata,Desktop,No
T105012,C1900,2024-08-16,10939.28,ATM,Electronics,Jaipur,ATM Machine,No
T105013,C1290,2025-03-09,9566.32,POS,Travel,Lucknow,POS Terminal,No
T105014,C1219,2024-03-09,4331.5,ATM,Healthcare,Kolkata,ATM Machine,No
T105015,C1903,2024-10-05,10744.94,Online,Grocery,Pune,Desktop,No
T105016,C1940,2024-02-20,2266.57,Online,Utilities,Jaipur,Desktop,No
T105017,C1096,2024-03-25,6780.32,ATM,Restaurant,Hyderabad,ATM Machine,No
T105018,C1592,2024-12-07,8440.2,POS,Electronics,Chennai,POS Terminal,No
T105019,C1801,2025-03-29,12883.23,POS,Restaurant,Ahmedabad,POS Terminal,No
T105020,C1448,2024-01-01,10037.22,POS,Electronics,Delhi,POS Terminal,No
T105021,C1853,2025-02-02,21882.74,Online,Fuel,Bangalore,Tablet,No
T105022,C1768,2024-04-05,14301.49,POS,Utilities,Hyderabad,POS Terminal,No
T105023,C1813,2024-09-29,14525.28,ATM,Healthcare,Hyderabad,ATM Machine,No
T105024,C1852,2024-05-14,13959.46,POS,Grocery,Chennai,POS Terminal,No
T105025,C1773,2024-10-02,10787.97,ATM,Healthcare,Lucknow,ATM Machine,No
T105026,C1990,2025-04-19,13093.43,Online,Travel,Kolkata,Tablet,No
T105027,C1474,2024-01-02,2830.77,Online,Fuel,Jaipur,Mobile,No
T105028,C1467,2024-07-24,14658.65,ATM,Travel,Delhi,ATM Machine,No
T105029,C2181,2025-05-14,6240.89,Online,Restaurant,Lucknow,Mobile,No
T105030,C1344,2024-09-04,15278.2,Online,Healthcare,Pune,Tablet,No
T105031,C1132,2024-01-23,8033.82,POS,Grocery,Kolkata,POS Terminal,No
T105032,C1298,2024-10-23,28307.95,Online,Electronics,Jaipur,Desktop,No
T105033,C2052,2024-03-21,9048.69,POS,Fashion,Delhi,POS Terminal,No
T105034,C1042,2024-02-14,3741.98,ATM,Electronics,Ahmedabad,ATM Machine,No
T105035,C1821,2024-11-29,19110.92,Online,Fashion,Pune,Tablet,No
T105036,C2067,2024-12-01,9296.19,POS,E-commerce,Ahmedabad,POS Terminal,No
T105037,C2192,2024-11-10,14550.3,POS,E-commerce,Lucknow,POS Terminal,No
T105038,C1331,2025-04-21,36436.03,Online,Electronics,Ahmedabad,Mobile,No
T105039,C2119,2025-03-13,13846.8,POS,Entertainment,Kolkata,POS Terminal,No
T105040,C1195,2024-10-10,15363.14,ATM,Utilities,Delhi,ATM Machine,No
T105041,C1020,2024-08-09,29667.51,Online,Fashion,Hyderabad,Tablet,No
T105042,C1642,2024-07-27,9762.76,Online,Electronics,Kolkata,Mobile,No
T105043,C1345,2024-11-01,10033.62,POS,Entertainment,Pune,POS Terminal,No
T105044,C1365,2025-01-16,9388.36,POS,Electronics,Kolkata,POS Terminal,No
T105045,C1841,2024-04-21,9076.79,POS,Utilities,Jaipur,POS Terminal,No
T105046,C2176,2025-03-05,24591.34,Online,Utilities,Lucknow,Tablet,No
T105047,C2199,2024-01-28,7976.98,POS,Utilities,Bangalore,POS Terminal,No
T105048,C1234,2025-01-25,16855.24,Online,Grocery,Ahmedabad,Mobile,No
T105049,C2012,2024-06-27,26061.77,Online,Restaurant,Delhi,Desktop,No
T105050,C1399,2024-08-03,10038.28,Online,Travel,Delhi,Desktop,No
T105051,C2080,2024-06-17,12097.1,POS,E-commerce,Mumbai,POS Terminal,No
T105052,C1093,2024-06-07,4122.65,ATM,E-commerce,Mumbai,ATM Machine,No
T105053,C1335,2024-11-03,1366.0,POS,Fuel,Pune,POS Terminal,No
T105054,C1682,2024-09-14,21925.05,Online,Entertainment,Kolkata,Mobile,No
T105055,C2123,2025-01-23,32983.71,Online,Restaurant,Ahmedabad,Desktop,No
T105056,C1447,2024-11-05,9035.48,ATM,Restaurant,Bangalore,ATM Machine,No
T105057,C1701,2024-02-24,4223.64,POS,Fuel,Delhi,POS Terminal,No
T105058,C1378,2024-06-14,11384.34,ATM,Electronics,Chennai,ATM Machine,No
T105059,C1863,2025-04-04,17480.72,Online,Electronics,Bangalore,Tablet,No
T105060,C1077,2024-03-03,18690.92,ATM,Utilities,Kolkata,ATM Machine,No
T105061,C1535,2024-07-02,13847.41,POS,Electronics,Hyderabad,POS Terminal,No
T105062,C2137,2024-05-08,7585.34,POS,Travel,Delhi,POS Terminal,No
T105063,C1446,2025-02-01,16528.62,Online,E-commerce,Hyderabad,Mobile,No
T105064,C1964,2024-11-02,11083.27,POS,Utilities,Pune,POS Terminal,No
T105065,C1095,2024-11-29,1215.9,ATM,Healthcare,Chennai,ATM Machine,No
T105066,C2187,2024-10-02,7174.06,POS,Restaurant,Chennai,POS Terminal,No
T105067,C1066,2024-10-14,7058.31,ATM,E-commerce,Lucknow,ATM Machine,No
T105068,C1221,2024-08-23,13815.98,POS,Travel,Pune,POS Terminal,No
T105069,C1191,2024-08-02,278.85,POS,Utilities,Delhi,POS Terminal,No
T105070,C1423,2024-04-20,11279.89,ATM,Fashion,Hyderabad,ATM Machine,No
T105071,C1928,2024-01-15,11135.89,POS,Restaurant,Delhi,POS Terminal,No
T105072,C1464,2024-12-27,7326.77,POS,Grocery,Bangalore,POS Terminal,No
T105073,C1352,2024-11-26,4453.07,Online,Fuel,Delhi,Tablet,No
T105074,C1471,2025-02-19,48628.58,Online,Healthcare,Hyderabad,Mobile,No
T105075,C1889,2024-06-09,7818.36,POS,Grocery,Delhi,POS Terminal,No
T105076,C1205,2024-11-28,9251.38,POS,Fuel,Chennai,POS Terminal,No
T105077,C2133,2025-03-22,3625.49,POS,Restaurant,Mumbai,POS Terminal,No
T105078,C1573,2024-05-05,7304.12,POS,Grocery,Lucknow,POS Terminal,No
T105079,C1843,2024-06-28,8868.42,ATM,Electronics,Delhi,ATM Machine,No
T105080,C2055,2024-08-06,1960.47,ATM,Electronics,Pune,ATM Machine,No
T105081,C1562,2024-01-05,2570.13,ATM,E-commerce,Chennai,ATM Machine,No
T105082,C2014,2024-06-28,41906.13,Online,E-commerce,Jaipur,Tablet,No
T105083,C1395,2024-08-27,12143.03,Online,Entertainment,Chennai,Tablet,No
T105084,C1666,2024-02-17,4301.69,ATM,E-commerce,Mumbai,ATM Machine,No
T105085,C1367,2024-07-16,25344.59,Online,Electronics,Mumbai,Tablet,No
T105086,C1786,2024-06-12,15490.57,ATM,Fuel,Bangalore,ATM Machine,No
T105087,C1360,2024-01-19,1707.96,ATM,Restaurant,Hyderabad,ATM Machine,No
T105088,C1782,2024-08-09,11747.75,ATM,Healthcare,Lucknow,ATM Machine,No
T105089,C1344,2024-10-18,1876.24,POS,Travel,Hyderabad,POS Terminal,No
T105090,C1192,2024-10-18,643.27,POS,Electronics,Delhi,POS Terminal,No
T105091,C2110,2025-02-04,2826.65,Online,E-commerce,Mumbai,Tablet,No
T105092,C1626,2024-03-05,12529.05,POS,Restaurant,Chennai,POS Terminal,Yes
T105093,C1870,2024-12-10,6075.03,Online,Utilities,Hyderabad,Desktop,No
T105094,C1413,2025-02-16,772.76,POS,Utilities,Jaipur,POS Terminal,No
T105095,C1488,2024-05-11,22007.41,Online,Fashion,Pune,Mobile,No
T105096,C2079,2024-07-14,12675.5,POS,E-commerce,Chennai,POS Terminal,No
T105097,C2040,2024-08-10,4009.88,POS,Fuel,Bangalore,POS Terminal,No
T105098,C2152,2024-03-31,6383.52,POS,E-commerce,Bangalore,POS Terminal,No
T105099,C1704,2024-01-11,694.85,POS,Fuel,Hyderabad,POS Terminal,No
T105100,C1045,2024-10-22,6791.27,POS,Restaurant,Jaipur,POS Terminal,No
T105101,C2072,2025-02-17,11763.46,ATM,Entertainment,Lucknow,ATM Machine,No
T105102,C1983,2025-03-07,11632.69,ATM,Grocery,Hyderabad,ATM Machine,No
T105103,C1865,2024-05-25,5053.16,POS,Travel,Pune,POS Terminal,No
T105104,C1964,2024-07-26,4801.44,POS,Grocery,Chennai,POS Terminal,No
T105105,C2126,2024-09-24,5509.86,Online,Grocery,Mumbai,Tablet,No
T105106,C1697,2024-05-20,18466.56,Online,Utilities,Jaipur,Desktop,No
T105107,C1563,2024-05-25,2440.15,ATM,E-commerce,Kolkata,ATM Machine,No
T105108,C2058,2025-05-07,11522.28,POS,Healthcare,Ahmedabad,POS Terminal,No
T105109,C2187,2024-05-12,14497.49,POS,Grocery,Kolkata,POS Terminal,No
T105110,C1938,2024-12-24,19416.45,ATM,Grocery,Kolkata,ATM Machine,No
T105111,C1175,2025-03-09,12989.56,POS,E-commerce,Ahmedabad,POS Terminal,No
T105112,C1166,2024-01-14,30119.45,Online,Utilities,Chennai,Tablet,No
T105113,C1918,2024-02-22,10542.9,POS,Healthcare,Ahmedabad,POS Terminal,No
T105114,C1858,2024-08-09,6061.51,ATM,Entertainment,Mumbai,ATM Machine,No
T105115,C1157,2024-10-04,12800.02,ATM,Utilities,Kolkata,ATM Machine,No
T105116,C1197,2024-07-15,6889.18,POS,Fuel,Chennai,POS Terminal,No
T105117,C1371,2024-04-14,7282.06,POS,Travel,Pune,POS Terminal,No
T105118,C1891,2024-10-21,15276.64,ATM,Entertainment,Mumbai,ATM Machine,No
T105119,C1570,2024-06-14,14239.53,Online,Entertainment,Kolkata,Desktop,No
T105120,C2181,2025-02-08,16038.37,Online,Fashion,Pune,Desktop,No
T105121,C1542,2025-04-06,46247.16,Online,Utilities,Kolkata,Mobile,No
T105122,C2100,2024-10-27,2999.97,Online,Entertainment,Ahmedabad,Mobile,No
T105123,C1069,2025-03-08,24384.59,Online,Entertainment,Mumbai,Tablet,No
T105124,C2104,2024-06-14,18299.62,ATM,Fashion,Kolkata,ATM Machine,No
T105125,C1771,2025-03-23,9194.41,POS,Utilities,Delhi,POS Terminal,No
T105126,C1511,2024-09-21,11154.94,ATM,Fuel,Lucknow,ATM Machine,No
T105127,C1834,2025-03-16,5370.01,ATM,Grocery,Kolkata,ATM Machine,No
T105128,C2049,2024-06-28,17295.12,Online,Grocery,Delhi,Mobile,No
T105129,C1290,2024-08-12,17114.94,ATM,E-commerce,Kolkata,ATM Machine,No
T105130,C1173,2025-05-10,11404.75,ATM,Travel,Mumbai,ATM Machine,No
T105131,C2032,2025-03-16,7769.66,POS,Restaurant,Ahmedabad,POS Terminal,No
T105132,C2074,2024-07-11,1583.74,POS,Grocery,Hyderabad,POS Terminal,No
T105133,C1850,2024-03-16,998.2,Online,Travel,Kolkata,Mobile,No
T105134,C1577,2024-04-18,19291.86,ATM,E-commerce,Chennai,ATM Machine,No
T105135,C1774,2025-01-17,7851.23,ATM,Travel,Hyderabad,ATM Machine,No
T105136,C1148,2024-12-11,30240.01,Online,Travel,Hyderabad,Desktop,No
T105137,C1864,2024-02-15,1287.75,POS,Grocery,Ahmedabad,POS Terminal,No
T105138,C1255,2025-03-29,10278.4,POS,Fuel,Chennai,POS Terminal,No
T105139,C1945,2024-08-24,13995.24,POS,Restaurant,Kolkata,POS Terminal,No
T105140,C1795,2024-05-05,8677.41,POS,Fashion,Jaipur,POS Terminal,No
T105141,C1085,2024-09-17,2959.25,ATM,Utilities,Lucknow,ATM Machine,No
T105142,C2016,2024-05-15,8767.65,POS,Entertainment,Lucknow,POS Terminal,No
T105143,C1588,2024-11-28,38364.09,Online,Fuel,Jaipur,Tablet,No
T105144,C1726,2025-03-10,20439.54,Online,Fashion,Ahmedabad,Desktop,No
T105145,C1057,2025-05-07,44015.92,Online,Fashion,Kolkata,Desktop,No
T105146,C1974,2024-05-24,32504.41,Online,Fuel,Bangalore,Mobile,No
T105147,C1984,2024-08-03,13498.81,POS,Entertainment,Delhi,POS Terminal,No
T105148,C1912,2024-06-28,31250.56,Online,Fuel,Delhi,Mobile,No
T105149,C1965,2025-01-27,6738.14,Online,Travel,Mumbai,Tablet,No
T105150,C1067,2024-11-25,6538.99,ATM,Grocery,Lucknow,ATM Machine,No
T105151,C1069,2025-02-11,3106.74,POS,Entertainment,Kolkata,POS Terminal,No
T105152,C2037,2024-03-17,45459.56,Online,Fuel,Chennai,Desktop,No
T105153,C1684,2024-12-01,15327.8,ATM,Healthcare,Pune,ATM Machine,No
T105154,C1370,2025-04-12,33884.64,Online,Restaurant,Kolkata,Desktop,No
T105155,C1028,2025-03-17,15188.12,Online,Fuel,Ahmedabad,Mobile,No
T105156,C2169,2025-01-12,9365.43,Online,Electronics,Mumbai,Tablet,No
T105157,C1631,2024-10-26,15250.8,ATM,Entertainment,Kolkata,ATM Machine,No
T105158,C2028,2024-10-17,9746.08,ATM,Healthcare,Pune,ATM Machine,No
T105159,C1178,2024-10-07,11444.32,Online,Entertainment,Jaipur,Mobile,No
T105160,C1918,2025-02-07,9287.67,POS,Healthcare,Kolkata,POS Terminal,No
T105161,C1628,2024-08-28,700.97,POS,Healthcare,Delhi,POS Terminal,No
T105162,C1837,2024-09-18,4959.94,POS,Grocery,Chennai,POS Terminal,No
T105163,C2196,2024-07-29,7081.5,POS,Healthcare,Jaipur,POS Terminal,No
T105164,C1033,2025-01-14,2304.58,POS,Restaurant,Pune,POS Terminal,No
T105165,C1768,2024-01-09,19700.76,ATM,E-commerce,Delhi,ATM Machine,No
T105166,C1337,2024-12-25,10613.05,Online,Travel,Mumbai,Tablet,No
T105167,C1381,2024-09-11,2042.26,POS,Fuel,Mumbai,POS Terminal,No
T105168,C1986,2024-12-14,10336.04,Online,E-commerce,Jaipur,Desktop,No
T105169,C1319,2024-02-04,11559.01,POS,Grocery,Pune,POS Terminal,No
T105170,C1181,2024-09-29,6440.03,POS,Healthcare,Mumbai,POS Terminal,No
T105171,C1630,2024-08-18,28357.71,Online,Travel,Jaipur,Tablet,No
T105172,C1519,2024-08-20,909.68,ATM,Utilities,Pune,ATM Machine,No
T105173,C1933,2024-06-02,613.03,POS,Restaurant,Mumbai,POS Terminal,No
T105174,C1538,2024-05-24,22402.11,Online,Grocery,Bangalore,Tablet,No
T105175,C2034,2024-09-03,16424.78,ATM,Travel,Pune,ATM Machine,No
T105176,C2101,2025-04-13,17762.16,ATM,Healthcare,Kolkata,ATM Machine,No
T105177,C2018,2024-09-02,1391.93,POS,Electronics,Hyderabad,POS Terminal,No
T105178,C1417,2025-04-15,8121.61,POS,Electronics,Jaipur,POS Terminal,No
T105179,C1018,2024-03-13,13707.12,POS,Utilities,Pune,POS Terminal,No
T105180,C1857,2025-01-30,5880.79,POS,Utilities,Delhi,POS Terminal,No
T105181,C2080,2025-02-01,16676.53,ATM,Entertainment,Bangalore,ATM Machine,No
T105182,C2002,2024-10-08,3107.07,ATM,Entertainment,Pune,ATM Machine,No
T105183,C1119,2025-02-18,18740.19,ATM,Utilities,Chennai,ATM Machine,No
T105184,C1156,2025-04-14,37620.88,Online,Utilities,Kolkata,Desktop,No
T105185,C2063,2025-03-05,47078.45,Online,Healthcare,Ahmedabad,Desktop,No
T105186,C1365,2024-04-20,13694.04,ATM,Travel,Delhi,ATM Machine,No
T105187,C1638,2024-09-29,7586.38,ATM,Electronics,Jaipur,ATM Machine,No
T105188,C1085,2025-01-09,46921.42,Online,Travel,Jaipur,Mobile,No
T105189,C1789,2024-04-06,4205.94,POS,Restaurant,Lucknow,POS Terminal,No
T105190,C1355,2024-06-08,16742.19,Online,Electronics,Lucknow,Desktop,No
T105191,C1496,2025-05-15,35100.26,Online,E-commerce,Delhi,Mobile,No
T105192,C1644,2024-03-20,11503.21,POS,Travel,Chennai,POS Terminal,No
T105193,C1179,2024-05-31,18623.37,ATM,Healthcare,Delhi,ATM Machine,No
T105194,C1172,2024-06-19,4493.65,ATM,Entertainment,Pune,ATM Machine,No
T105195,C1111,2025-05-02,39940.3,Online,Entertainment,Hyderabad,Mobile,No
T105196,C1630,2024-05-31,36979.59,Online,Fashion,Ahmedabad,Tablet,No
T105197,C1205,2025-04-02,3376.97,Online,E-commerce,Kolkata,Desktop,No
T105198,C1621,2024-12-05,5869.62,POS,Entertainment,Ahmedabad,POS Terminal,No
T105199,C1886,2024-05-01,6013.93,ATM,Fuel,Pune,ATM Machine,No
T105200,C1622,2024-03-02,6437.56,ATM,Restaurant,Lucknow,ATM Machine,No
T105201,C1290,2024-07-27,19667.46,ATM,E-commerce,Chennai,ATM Machine,No
T105202,C1113,2024-08-01,9677.38,POS,Electronics,Lucknow,POS Terminal,No
T105203,C1211,2024-01-12,10793.37,POS,Electronics,Kolkata,POS Terminal,No
T105204,C1780,2024-12-19,19544.04,ATM,Electronics,Mumbai,ATM Machine,No
T105205,C2079,2024-11-21,18984.65,Online,Restaurant,Chennai,Mobile,No
T105206,C1253,2024-07-26,16135.88,ATM,Restaurant,Kolkata,ATM Machine,No
T105207,C1258,2024-03-18,8973.35,ATM,Electronics,Ahmedabad,ATM Machine,No
T105208,C1824,2024-03-28,17455.91,ATM,Healthcare,Lucknow,ATM Machine,No
T105209,C1782,2025-05-03,9196.75,Online,Grocery,Jaipur,Mobile,No
T105210,C2017,2024-10-20,18979.88,ATM,Electronics,Mumbai,ATM Machine,Yes
T105211,C2165,2024-04-27,11094.83,Online,Entertainment,Ahmedabad,Mobile,No
T105212,C2129,2024-11-17,4960.69,POS,Grocery,Hyderabad,POS Terminal,No
T105213,C1063,2024-01-24,15245.75,ATM,Fashion,Chennai,ATM Machine,No
T105214,C2011,2025-01-11,19809.01,Online,Fuel,Hyderabad,Tablet,No
T105215,C1251,2024-03-15,12360.12,ATM,Entertainment,Delhi,ATM Machine,No
T105216,C1382,2025-04-06,9169.18,ATM,Grocery,Pune,ATM Machine,No
T105217,C2049,2025-03-28,14976.21,ATM,Grocery,Bangalore,ATM Machine,No
T105218,C2057,2024-07-23,11570.9,Online,Healthcare,Mumbai,Desktop,No
T105219,C1356,2025-02-09,3111.21,Online,Fuel,Mumbai,Desktop,No
T105220,C1616,2025-03-29,4568.95,POS,Fuel,Ahmedabad,POS Terminal,No
T105221,C1818,2024-12-20,9749.02,ATM,Entertainment,Mumbai,ATM Machine,No
T105222,C1048,2024-05-11,8567.4,Online,Utilities,Lucknow,Tablet,No
T105223,C1804,2025-05-08,7418.55,ATM,Fuel,Hyderabad,ATM Machine,No
T105224,C1797,2024-06-17,8299.67,ATM,Entertainment,Kolkata,ATM Machine,No
T105225,C1452,2024-09-20,1619.14,ATM,Fashion,Jaipur,ATM Machine,No
T105226,C2046,2024-08-14,11874.49,ATM,Healthcare,Pune,ATM Machine,No
T105227,C1487,2024-02-07,44240.3,Online,Healthcare,Mumbai,Desktop,No
T105228,C1283,2025-03-07,3458.99,ATM,Grocery,Delhi,ATM Machine,No
T105229,C1397,2024-10-11,9007.34,POS,Grocery,Chennai,POS Terminal,No
T105230,C1568,2024-12-06,10004.61,POS,Electronics,Lucknow,POS Terminal,No
T105231,C1439,2024-09-17,21082.87,Online,Travel,Pune,Mobile,No
T105232,C1526,2025-03-14,14171.4,ATM,E-commerce,Pune,ATM Machine,No
T105233,C2148,2024-03-27,8509.27,ATM,E-commerce,Chennai,ATM Machine,No
T105234,C1250,2024-05-12,7619.1,POS,E-commerce,Mumbai,POS Terminal,No
T105235,C1478,2024-06-06,209.56,POS,Restaurant,Jaipur,POS Terminal,No
T105236,C1735,2025-03-27,34647.66,Online,Healthcare,Ahmedabad,Mobile,No
T105237,C2156,2024-06-18,13396.18,ATM,Travel,Bangalore,ATM Machine,No
T105238,C1807,2024-09-09,2112.36,Online,Utilities,Chennai,Tablet,No
T105239,C1828,2025-02-21,7680.88,ATM,Utilities,Kolkata,ATM Machine,No
T105240,C1680,2024-07-13,19591.12,ATM,Restaurant,Lucknow,ATM Machine,No
T105241,C1753,2025-01-31,8704.36,ATM,Utilities,Bangalore,ATM Machine,No
T105242,C1326,2024-09-26,25196.88,Online,Utilities,Mumbai,Mobile,No
T105243,C1316,2024-05-05,13657.96,POS,Travel,Mumbai,POS Terminal,No
T105244,C2045,2024-09-20,10787.2,POS,Healthcare,Jaipur,POS Terminal,No
T105245,C1866,2024-09-05,8772.84,POS,Fashion,Jaipur,POS Terminal,Yes
T105246,C1818,2024-05-22,11987.29,POS,Utilities,Hyderabad,POS Terminal,No
T105247,C1551,2025-01-10,12979.06,POS,E-commerce,Pune,POS Terminal,No
T105248,C1973,2024-06-20,22953.03,Online,Electronics,Hyderabad,Desktop,No
T105249,C1167,2025-04-25,7179.11,POS,Entertainment,Pune,POS Terminal,No
T105250,C1676,2024-11-03,8027.99,ATM,Restaurant,Jaipur,ATM Machine,No
T105251,C2001,2024-05-20,19350.77,ATM,Fashion,Chennai,ATM Machine,No
T105252,C1132,2024-12-27,14094.74,ATM,Fuel,Jaipur,ATM Machine,No
T105253,C1321,2024-08-07,1340.02,POS,Entertainment,Delhi,POS Terminal,No
T105254,C1242,2025-02-08,17327.71,ATM,E-commerce,Ahmedabad,ATM Machine,No
T105255,C1686,2024-04-24,7260.34,POS,E-commerce,Kolkata,POS Terminal,No
T105256,C1652,2024-02-06,1124.43,POS,Healthcare,Chennai,POS Terminal,No
T105257,C1826,2024-08-13,11219.49,ATM,E-commerce,Kolkata,ATM Machine,No
T105258,C1017,2025-04-12,20974.78,Online,E-commerce,Hyderabad,Desktop,No
T105259,C1377,2024-02-01,43911.92,Online,Healthcare,Hyderabad,Mobile,No
T105260,C1671,2024-10-21,3139.52,POS,Restaurant,Bangalore,POS Terminal,No
T105261,C1297,2024-03-05,16616.06,ATM,Fuel,Jaipur,ATM Machine,No
T105262,C1441,2024-06-05,11374.93,ATM,E-commerce,Bangalore,ATM Machine,No
T105263,C1841,2024-10-10,2919.59,Online,E-commerce,Jaipur,Desktop,No
T105264,C1101,2025-05-03,48597.9,Online,Utilities,Mumbai,Desktop,Yes
T105265,C1418,2024-04-10,7737.97,POS,Utilities,Mumbai,POS Terminal,No
T105266,C1684,2025-03-21,14685.67,Online,Fashion,Hyderabad,Desktop,No
T105267,C2080,2024-07-23,7094.16,POS,Fashion,Delhi,POS Terminal,No
T105268,C1669,2024-05-13,12882.08,POS,Healthcare,Mumbai,POS Terminal,No
T105269,C2200,2024-03-19,4643.06,POS,Grocery,Lucknow,POS Terminal,No
T105270,C1993,2025-03-14,2970.88,POS,Healthcare,Bangalore,POS Terminal,No
T105271,C1099,2024-11-18,2023.16,POS,Travel,Kolkata,POS Terminal,No
T105272,C1613,2024-11-15,6308.26,ATM,Electronics,Delhi,ATM Machine,No
T105273,C1314,2024-12-29,15710.94,ATM,Entertainment,Kolkata,ATM Machine,No
T105274,C1315,2025-02-15,9696.71,ATM,Entertainment,Mumbai,ATM Machine,No
T105275,C1176,2025-03-26,3489.48,POS,Entertainment,Hyderabad,POS Terminal,No
T105276,C1041,2024-12-10,2576.16,POS,Fashion,Pune,POS Terminal,No
T105277,C2125,2024-03-12,16769.93,Online,Restaurant,Kolkata,Mobile,No
T105278,C1446,2025-04-27,18828.53,ATM,Entertainment,Kolkata,ATM Machine,No
T105279,C2049,2024-05-16,5211.1,POS,Healthcare,Mumbai,POS Terminal,No
T105280,C1046,2025-03-01,14823.05,POS,Entertainment,Delhi,POS Terminal,No
T105281,C2153,2024-12-22,9961.99,ATM,Electronics,Lucknow,ATM Machine,No
T105282,C1935,2024-09-04,2769.54,POS,Entertainment,Delhi,POS Terminal,No
T105283,C1568,2024-06-02,44578.78,Online,Fuel,Lucknow,Mobile,No
T105284,C1206,2024-08-07,6959.3,POS,E-commerce,Jaipur,POS Terminal,No
T105285,C1501,2024-09-21,14338.59,ATM,Entertainment,Lucknow,ATM Machine,No
T105286,C1902,2024-08-15,14757.3,POS,Entertainment,Kolkata,POS Terminal,No
T105287,C2193,2025-04-04,2698.73,Online,Fashion,Mumbai,Desktop,No
T105288,C1540,2024-11-28,2385.54,ATM,Travel,Chennai,ATM Machine,No
T105289,C1885,2024-10-01,10834.81,POS,Fashion,Delhi,POS Terminal,No
T105290,C1841,2025-02-13,5995.59,ATM,Restaurant,Bangalore,ATM Machine,No
T105291,C2193,2024-05-16,4093.88,ATM,Grocery,Ahmedabad,ATM Machine,No
T105292,C1494,2024-06-01,2160.22,Online,Entertainment,Hyderabad,Desktop,No
T105293,C1956,2024-03-04,1287.97,Online,Grocery,Delhi,Mobile,No
T105294,C1517,2024-08-24,11639.84,POS,Travel,Chennai,POS Terminal,No
T105295,C1539,2024-05-03,3121.45,ATM,Electronics,Chennai,ATM Machine,No
T105296,C1991,2024-03-09,23492.49,Online,Entertainment,Pune,Desktop,No
T105297,C1690,2024-07-24,9127.86,POS,Electronics,Hyderabad,POS Terminal,No
T105298,C2000,2024-06-07,21531.92,Online,Healthcare,Jaipur,Desktop,No
T105299,C1767,2024-08-27,1549.91,Online,E-commerce,Pune,Mobile,No
T105300,C1297,2024-10-01,11774.17,POS,Entertainment,Pune,POS Terminal,No
T105301,C2193,2025-02-06,256.65,POS,Fashion,Lucknow,POS Terminal,No
T105302,C2000,2024-07-04,15356.85,ATM,Electronics,Kolkata,ATM Machine,No
T105303,C1319,2025-02-07,17919.44,ATM,Fuel,Delhi,ATM Machine,No
T105304,C1841,2024-03-26,21755.43,Online,Travel,Chennai,Desktop,Yes
T105305,C1038,2024-08-26,26870.02,Online,Fuel,Kolkata,Tablet,No
T105306,C1911,2024-11-20,9801.18,ATM,Electronics,Chennai,ATM Machine,No
T105307,C2010,2024-12-08,8089.57,ATM,Fashion,Hyderabad,ATM Machine,No
T105308,C1255,2024-10-11,13322.63,POS,Entertainment,Lucknow,POS Terminal,No
T105309,C1086,2024-09-22,17931.7,ATM,Travel,Ahmedabad,ATM Machine,No
T105310,C1764,2024-12-31,5103.66,POS,Grocery,Delhi,POS Terminal,No
T105311,C1392,2024-11-07,9264.54,POS,Electronics,Mumbai,POS Terminal,No
T105312,C1713,2024-11-11,18574.7,ATM,Grocery,Mumbai,ATM Machine,No
T105313,C1898,2025-01-18,48110.51,Online,Healthcare,Ahmedabad,Tablet,No
T105314,C1553,2024-10-21,25546.16,Online,Fashion,Jaipur,Desktop,No
T105315,C1365,2025-04-28,9330.08,ATM,Entertainment,Pune,ATM Machine,No
T105316,C1815,2025-04-07,5934.54,ATM,Restaurant,Delhi,ATM Machine,No
T105317,C1748,2024-10-23,47951.82,Online,Utilities,Lucknow,Desktop,No
T105318,C1512,2024-06-29,7312.15,Online,Healthcare,Ahmedabad,Mobile,No
T105319,C1730,2024-12-26,11806.68,ATM,E-commerce,Kolkata,ATM Machine,No
T105320,C1119,2024-08-20,14271.0,Online,Restaurant,Jaipur,Tablet,No
T105321,C1175,2025-05-10,14094.61,Online,Travel,Pune,Mobile,No
T105322,C1015,2024-02-08,6134.03,POS,Travel,Mumbai,POS Terminal,No
T105323,C1635,2024-03-25,14982.01,POS,Fuel,Lucknow,POS Terminal,No
T105324,C1830,2025-03-11,1571.84,ATM,Travel,Pune,ATM Machine,No
T105325,C2163,2024-07-30,8720.27,POS,Electronics,Chennai,POS Terminal,No
T105326,C1046,2024-04-10,2110.16,ATM,Grocery,Mumbai,ATM Machine,No
T105327,C1468,2025-02-15,2402.36,POS,Healthcare,Pune,POS Terminal,No
T105328,C1315,2024-07-18,22090.23,Online,Utilities,Bangalore,Desktop,No
T105329,C1851,2024-05-01,10453.97,ATM,Fashion,Lucknow,ATM Machine,No
T105330,C1140,2024-03-13,5546.45,ATM,Utilities,Kolkata,ATM Machine,No
T105331,C2195,2024-02-23,15959.57,Online,Restaurant,Bangalore,Mobile,No
T105332,C1341,2024-02-08,1395.81,POS,Restaurant,Pune,POS Terminal,No
T105333,C1774,2024-02-12,15300.35,Online,E-commerce,Ahmedabad,Tablet,No
T105334,C1301,2025-03-07,14501.72,POS,E-commerce,Chennai,POS Terminal,No
T105335,C1653,2024-08-19,14176.14,POS,Fuel,Kolkata,POS Terminal,No
T105336,C1440,2024-04-02,5089.69,POS,Entertainment,Chennai,POS Terminal,No
T105337,C1157,2024-02-26,11631.65,ATM,Electronics,Jaipur,ATM Machine,No
T105338,C1702,2024-02-13,45497.85,Online,Healthcare,Ahmedabad,Mobile,No
T105339,C1038,2024-12-17,192.14,POS,Restaurant,Mumbai,POS Terminal,No
T105340,C2106,2024-02-21,16308.33,ATM,E-commerce,Hyderabad,ATM Machine,No
T105341,C1879,2024-09-19,14230.71,POS,Electronics,Jaipur,POS Terminal,No
T105342,C1573,2025-03-17,1460.75,POS,Electronics,Chennai,POS Terminal,No
T105343,C1276,2024-03-25,8240.09,Online,Electronics,Chennai,Tablet,No
T105344,C1407,2024-05-04,14415.12,POS,Fuel,Mumbai,POS Terminal,No
T105345,C1228,2024-04-04,8109.35,POS,Restaurant,Jaipur,POS Terminal,No
T105346,C1798,2024-01-06,906.99,Online,Grocery,Jaipur,Desktop,No
T105347,C1809,2025-04-16,3938.72,POS,Fashion,Ahmedabad,POS Terminal,No
T105348,C2174,2024-01-06,6804.16,POS,Fashion,Kolkata,POS Terminal,No
T105349,C2114,2024-05-01,10424.34,POS,Healthcare,Bangalore,POS Terminal,No
T105350,C1765,2024-01-02,11024.09,POS,Healthcare,Ahmedabad,POS Terminal,No
T105351,C1135,2024-11-21,14931.78,POS,Restaurant,Delhi,POS Terminal,No
T105352,C1086,2024-05-24,6106.47,ATM,Utilities,Jaipur,ATM Machine,No
T105353,C1102,2024-12-02,8119.48,POS,Electronics,Jaipur,POS Terminal,No
T105354,C2177,2024-04-23,26759.51,Online,Travel,Bangalore,Desktop,No
T105355,C1673,2025-02-11,6144.11,POS,Fuel,Lucknow,POS Terminal,No
T105356,C1612,2024-02-25,3798.66,ATM,E-commerce,Delhi,ATM Machine,No
T105357,C1662,2025-01-02,19560.4,ATM,Travel,Lucknow,ATM Machine,No
T105358,C1793,2025-02-05,12814.43,POS,E-commerce,Mumbai,POS Terminal,No
T105359,C1997,2024-11-26,25016.98,Online,Travel,Chennai,Mobile,No
T105360,C1235,2024-12-27,12263.29,ATM,Fashion,Mumbai,ATM Machine,No
T105361,C1142,2025-01-12,3486.19,POS,Utilities,Lucknow,POS Terminal,No
T105362,C1814,2024-10-05,27280.6,Online,E-commerce,Kolkata,Desktop,No
T105363,C1947,2024-05-21,34809.51,Online,Electronics,Pune,Mobile,No
T105364,C1510,2024-11-22,7775.99,POS,Restaurant,Pune,POS Terminal,No
T105365,C1823,2025-02-11,49516.2,Online,Restaurant,Bangalore,Mobile,No
T105366,C1052,2024-10-08,12421.16,ATM,Utilities,Ahmedabad,ATM Machine,No
T105367,C1566,2024-09-20,18674.49,Online,Restaurant,Lucknow,Mobile,No
T105368,C1754,2024-10-06,38653.17,Online,Utilities,Chennai,Mobile,No
T105369,C1170,2024-01-03,2639.89,POS,Entertainment,Ahmedabad,POS Terminal,No
T105370,C1669,2025-03-11,19348.89,Online,Fashion,Chennai,Desktop,No
T105371,C1773,2024-10-20,17478.56,Online,Entertainment,Delhi,Mobile,No
T105372,C1167,2024-06-04,21703.99,Online,Electronics,Bangalore,Tablet,No
T105373,C1178,2024-10-19,11748.52,POS,Entertainment,Jaipur,POS Terminal,No
T105374,C2194,2024-12-27,7314.18,POS,E-commerce,Lucknow,POS Terminal,Yes
T105375,C1452,2024-06-22,15983.28,ATM,Fashion,Delhi,ATM Machine,No
T105376,C2010,2024-02-11,8689.68,POS,Grocery,Hyderabad,POS Terminal,No
T105377,C1842,2024-09-13,5196.83,POS,Grocery,Lucknow,POS Terminal,No
T105378,C1266,2024-05-09,16294.59,ATM,Healthcare,Mumbai,ATM Machine,No
T105379,C1804,2024-05-09,5146.65,ATM,Travel,Jaipur,ATM Machine,No
T105380,C1428,2024-05-02,3443.31,POS,Healthcare,Jaipur,POS Terminal,No
T105381,C2142,2024-08-20,7617.09,POS,Fashion,Ahmedabad,POS Terminal,No
T105382,C1893,2025-03-15,13190.29,Online,Grocery,Kolkata,Desktop,No
T105383,C1665,2025-04-27,677.2,ATM,E-commerce,Ahmedabad,ATM Machine,No
T105384,C1478,2025-03-07,32485.22,Online,Fashion,Hyderabad,Mobile,No
T105385,C1363,2024-05-15,10466.33,ATM,Healthcare,Ahmedabad,ATM Machine,No
T105386,C2024,2025-04-03,6738.22,POS,Entertainment,Delhi,POS Terminal,No
T105387,C1619,2024-10-04,14507.83,POS,Utilities,Mumbai,POS Terminal,No
T105388,C1899,2025-01-06,28645.72,Online,Electronics,Jaipur,Mobile,No
T105389,C1793,2024-01-11,12965.13,POS,Fuel,Bangalore,POS Terminal,No
T105390,C1932,2024-10-31,3219.28,ATM,Entertainment,Lucknow,ATM Machine,No
T105391,C1613,2025-02-15,8581.18,POS,Healthcare,Delhi,POS Terminal,No
T105392,C1105,2024-09-04,17425.6,ATM,Fashion,Kolkata,ATM Machine,No
T105393,C1921,2024-07-04,8788.28,POS,Entertainment,Kolkata,POS Terminal,No
T105394,C1307,2024-09-19,14501.28,ATM,Fashion,Bangalore,ATM Machine,No
T105395,C2181,2024-04-17,5643.45,POS,Utilities,Pune,POS Terminal,No
T105396,C1051,2025-01-23,4803.99,Online,E-commerce,Mumbai,Tablet,No
T105397,C1779,2024-09-27,6922.71,POS,Healthcare,Mumbai,POS Terminal,No
T105398,C1777,2025-01-05,8192.35,ATM,E-commerce,Bangalore,ATM Machine,No
T105399,C1836,2024-02-04,43379.6,Online,Utilities,Bangalore,Desktop,No
T105400,C1976,2024-01-18,5257.91,ATM,Fashion,Ahmedabad,ATM Machine,No
T105401,C1900,2024-11-01,14504.34,POS,Fashion,Mumbai,POS Terminal,No
T105402,C1421,2024-10-18,19183.69,ATM,Healthcare,Bangalore,ATM Machine,No
T105403,C2018,2024-08-27,5328.82,ATM,Restaurant,Ahmedabad,ATM Machine,No
T105404,C1175,2024-01-29,5285.97,POS,Travel,Pune,POS Terminal,No
T105405,C2135,2024-11-01,13443.78,POS,Restaurant,Bangalore,POS Terminal,No
T105406,C1067,2024-07-27,19349.13,ATM,Restaurant,Chennai,ATM Machine,No
T105407,C1475,2024-04-08,9147.06,ATM,Travel,Mumbai,ATM Machine,No
T105408,C1442,2024-11-11,6759.44,ATM,Travel,Chennai,ATM Machine,No
T105409,C1047,2025-02-07,7938.8,POS,Grocery,Kolkata,POS Terminal,No
T105410,C1530,2024-12-28,34450.91,Online,Grocery,Kolkata,Tablet,No
T105411,C1268,2024-04-07,4174.77,POS,Fashion,Jaipur,POS Terminal,No
T105412,C1662,2025-02-02,36876.36,Online,E-commerce,Chennai,Mobile,No
T105413,C1704,2024-05-04,869.69,POS,Grocery,Mumbai,POS Terminal,No
T105414,C1543,2024-05-09,1461.24,ATM,Utilities,Pune,ATM Machine,No
T105415,C1981,2025-02-03,5855.69,POS,Travel,Delhi,POS Terminal,No
T105416,C2186,2024-11-19,7392.73,ATM,Grocery,Chennai,ATM Machine,No
T105417,C1717,2025-05-08,4802.93,POS,Restaurant,Jaipur,POS Terminal,No
T105418,C1664,2024-05-06,7416.19,POS,Healthcare,Chennai,POS Terminal,No
T105419,C1748,2024-06-19,16172.53,Online,Fashion,Jaipur,Desktop,No
T105420,C1915,2024-10-05,2964.64,POS,Grocery,Bangalore,POS Terminal,No
T105421,C1267,2024-03-27,15611.58,Online,Travel,Delhi,Desktop,No
T105422,C1191,2024-11-14,19510.63,ATM,Entertainment,Jaipur,ATM Machine,No
T105423,C1850,2025-04-17,20673.45,Online,E-commerce,Lucknow,Tablet,No
T105424,C1967,2024-10-16,9171.9,ATM,Fashion,Bangalore,ATM Machine,No
T105425,C2064,2024-09-11,28911.94,Online,Electronics,Chennai,Mobile,No
T105426,C2163,2024-07-04,14751.78,POS,Restaurant,Lucknow,POS Terminal,No
T105427,C1971,2025-04-13,5211.22,ATM,E-commerce,Kolkata,ATM Machine,No
T105428,C1236,2024-08-06,34127.85,Online,Travel,Hyderabad,Mobile,No
T105429,C2038,2024-01-04,10768.17,POS,Grocery,Mumbai,POS Terminal,No
T105430,C1085,2024-04-01,12342.83,ATM,Fashion,Chennai,ATM Machine,No
T105431,C1163,2024-03-17,4611.2,Online,Restaurant,Bangalore,Tablet,No
T105432,C1008,2024-02-12,13699.01,ATM,Fashion,Pune,ATM Machine,No
T105433,C1557,2024-02-04,1055.01,POS,Fuel,Jaipur,POS Terminal,No
T105434,C1282,2024-12-03,12124.78,ATM,Electronics,Mumbai,ATM Machine,No
T105435,C1552,2024-07-26,11119.76,POS,Restaurant,Ahmedabad,POS Terminal,No
T105436,C1037,2025-02-03,10706.3,Online,Entertainment,Bangalore,Desktop,No
T105437,C2170,2024-08-17,12640.17,POS,Fuel,Bangalore,POS Terminal,No
T105438,C1471,2025-03-20,1091.9,ATM,Healthcare,Mumbai,ATM Machine,No
T105439,C1700,2024-05-29,16954.35,ATM,Utilities,Hyderabad,ATM Machine,No
T105440,C2174,2025-05-10,6958.9,POS,Utilities,Ahmedabad,POS Terminal,No
T105441,C1488,2024-12-18,4742.96,ATM,Travel,Kolkata,ATM Machine,No
T105442,C1022,2024-08-06,6862.15,Online,Electronics,Chennai,Desktop,No
T105443,C1315,2024-04-27,47674.7,Online,Healthcare,Ahmedabad,Mobile,No
T105444,C2089,2024-06-24,1916.98,ATM,Electronics,Lucknow,ATM Machine,No
T105445,C1015,2024-02-18,3066.49,POS,Grocery,Delhi,POS Terminal,No
T105446,C2017,2024-11-07,5282.55,POS,Restaurant,Mumbai,POS Terminal,No
T105447,C1718,2024-02-07,12594.58,ATM,Restaurant,Mumbai,ATM Machine,No
T105448,C2152,2024-03-20,11123.62,ATM,Entertainment,Bangalore,ATM Machine,No
T105449,C1306,2025-05-11,2950.05,ATM,Fashion,Mumbai,ATM Machine,No
T105450,C2179,2024-11-27,14628.45,Online,Fashion,Lucknow,Desktop,No
T105451,C1212,2024-06-24,5155.66,ATM,Entertainment,Pune,ATM Machine,No
T105452,C1159,2024-08-07,10834.43,Online,E-commerce,Ahmedabad,Mobile,No
T105453,C1338,2025-05-13,20674.99,Online,Fashion,Pune,Desktop,No
T105454,C1227,2025-02-09,10590.07,POS,Restaurant,Chennai,POS Terminal,No
T105455,C1958,2025-02-27,11029.16,Online,E-commerce,Kolkata,Mobile,No
T105456,C1709,2024-11-03,18460.61,Online,Utilities,Jaipur,Mobile,No
T105457,C1365,2024-06-02,8122.89,ATM,E-commerce,Ahmedabad,ATM Machine,No
T105458,C1483,2025-01-23,19540.9,ATM,Healthcare,Ahmedabad,ATM Machine,No
T105459,C1529,2024-06-01,47742.38,Online,Fuel,Hyderabad,Tablet,No
T105460,C1624,2024-11-14,12022.05,POS,Utilities,Ahmedabad,POS Terminal,No
T105461,C1771,2024-07-04,3700.72,POS,Electronics,Pune,POS Terminal,No
T105462,C1630,2024-04-24,1826.73,ATM,Grocery,Bangalore,ATM Machine,No
T105463,C2171,2024-01-25,15981.83,Online,Fuel,Jaipur,Tablet,Yes
T105464,C1608,2024-03-05,4075.24,POS,Fashion,Lucknow,POS Terminal,No
T105465,C1104,2024-11-16,25395.1,Online,Grocery,Lucknow,Desktop,Yes
T105466,C1135,2024-08-02,15665.69,ATM,Entertainment,Ahmedabad,ATM Machine,No
T105467,C1851,2024-03-06,12889.01,POS,Restaurant,Kolkata,POS Terminal,No
T105468,C1284,2024-03-05,12688.47,POS,Fuel,Lucknow,POS Terminal,No
T105469,C1068,2024-04-23,5459.17,POS,E-commerce,Hyderabad,POS Terminal,No
T105470,C1174,2025-01-02,10339.79,POS,Grocery,Delhi,POS Terminal,No
T105471,C1304,2024-08-26,15779.14,Online,Electronics,Delhi,Desktop,No
T105472,C1374,2024-07-21,1007.49,POS,Electronics,Chennai,POS Terminal,No
T105473,C1673,2024-08-03,14180.52,ATM,Grocery,Mumbai,ATM Machine,No
T105474,C2069,2024-05-16,689.41,Online,E-commerce,Hyderabad,Mobile,No
T105475,C2081,2025-01-12,6196.82,POS,Fashion,Chennai,POS Terminal,No
T105476,C2179,2024-10-02,6922.9,ATM,Travel,Pune,ATM Machine,No
T105477,C1851,2025-04-11,14020.86,ATM,Fashion,Ahmedabad,ATM Machine,No
T105478,C1169,2024-06-29,38359.02,Online,E-commerce,Mumbai,Mobile,No
T105479,C1335,2025-01-14,4631.01,POS,Fashion,Hyderabad,POS Terminal,No
T105480,C1022,2024-01-22,16326.73,ATM,Travel,Bangalore,ATM Machine,No
T105481,C1033,2024-10-21,14837.05,Online,Grocery,Kolkata,Desktop,No
T105482,C1833,2024-02-04,9203.36,ATM,Fuel,Chennai,ATM Machine,No
T105483,C2031,2024-09-07,36405.52,Online,Entertainment,Pune,Desktop,No
T105484,C1108,2024-12-31,10424.51,POS,Restaurant,Hyderabad,POS Terminal,No
T105485,C2010,2024-11-02,49370.95,Online,Grocery,Kolkata,Desktop,No
T105486,C1549,2025-04-29,4890.64,ATM,Travel,Lucknow,ATM Machine,No
T105487,C1474,2024-12-16,13415.2,ATM,Healthcare,Lucknow,ATM Machine,Yes
T105488,C1655,2025-03-13,30562.16,Online,E-commerce,Bangalore,Tablet,No
T105489,C2052,2024-08-28,18344.42,ATM,Travel,Pune,ATM Machine,No
T105490,C1509,2025-02-27,3549.06,ATM,Electronics,Hyderabad,ATM Machine,No
T105491,C1986,2024-04-29,11301.79,POS,Entertainment,Hyderabad,POS Terminal,No
T105492,C1427,2024-01-26,28499.78,Online,Travel,Kolkata,Desktop,No
T105493,C1367,2024-03-19,4192.52,POS,Fashion,Chennai,POS Terminal,Yes
T105494,C2168,2024-10-02,7169.08,POS,Travel,Ahmedabad,POS Terminal,No
T105495,C1496,2024-04-27,5073.27,POS,Grocery,Pune,POS Terminal,No
T105496,C1819,2024-01-25,29049.81,Online,Travel,Bangalore,Desktop,No
T105497,C1059,2024-09-06,17835.51,ATM,Electronics,Pune,ATM Machine,No
T105498,C1665,2024-09-30,8582.64,POS,Grocery,Lucknow,POS Terminal,No
T105499,C1547,2024-11-20,12818.59,ATM,Grocery,Chennai,ATM Machine,No
T105500,C1613,2025-04-29,7829.34,POS,Healthcare,Chennai,POS Terminal,No
T105501,C1321,2024-07-09,862.37,POS,Electronics,Bangalore,POS Terminal,No
T105502,C2046,2025-02-14,11796.36,Online,Fashion,Jaipur,Mobile,No
T105503,C1511,2025-02-25,10094.03,ATM,Entertainment,Mumbai,ATM Machine,No
T105504,C1458,2025-01-08,6549.59,ATM,Fuel,Lucknow,ATM Machine,No
T105505,C1141,2024-11-11,4044.39,ATM,Fashion,Delhi,ATM Machine,No
T105506,C2019,2025-03-15,7611.58,POS,Entertainment,Ahmedabad,POS Terminal,No
T105507,C1804,2024-08-09,16275.93,Online,Restaurant,Jaipur,Tablet,No
T105508,C1569,2024-07-28,13053.76,Online,Grocery,Kolkata,Mobile,No
T105509,C1275,2025-03-08,23306.47,Online,Utilities,Pune,Tablet,No
T105510,C1648,2024-03-08,6837.56,Online,Grocery,Ahmedabad,Desktop,No
T105511,C1641,2024-01-22,13923.41,POS,Restaurant,Mumbai,POS Terminal,No
T105512,C2152,2024-12-03,13028.76,POS,Utilities,Pune,POS Terminal,No
T105513,C1861,2024-10-31,10643.55,POS,Fashion,Delhi,POS Terminal,No
T105514,C1442,2024-12-20,1682.59,POS,Grocery,Jaipur,POS Terminal,No
T105515,C1078,2024-02-25,38838.69,Online,Electronics,Chennai,Desktop,No
T105516,C1103,2025-01-10,40436.27,Online,E-commerce,Bangalore,Desktop,No
T105517,C2075,2024-09-13,15471.41,ATM,Electronics,Jaipur,ATM Machine,No
T105518,C1079,2024-05-23,1798.09,POS,Electronics,Kolkata,POS Terminal,No
T105519,C2137,2024-09-24,32266.62,Online,Healthcare,Jaipur,Desktop,No
T105520,C1722,2024-02-15,16769.33,ATM,Entertainment,Kolkata,ATM Machine,No
T105521,C1094,2024-06-28,11758.39,ATM,Grocery,Lucknow,ATM Machine,No
T105522,C1820,2025-01-23,13104.94,ATM,Utilities,Bangalore,ATM Machine,No
T105523,C1361,2024-09-25,23026.5,Online,Grocery,Ahmedabad,Mobile,No
T105524,C1321,2025-02-25,26529.62,Online,Utilities,Delhi,Tablet,No
T105525,C1595,2024-08-17,1911.97,Online,Travel,Ahmedabad,Mobile,No
T105526,C1580,2024-01-10,9620.55,POS,Utilities,Hyderabad,POS Terminal,No
T105527,C1059,2025-05-06,2088.22,ATM,Travel,Mumbai,ATM Machine,No
T105528,C1909,2025-05-02,8982.78,ATM,E-commerce,Lucknow,ATM Machine,No
T105529,C2167,2024-07-09,14774.22,Online,Fuel,Pune,Desktop,No
T105530,C1419,2024-07-29,8226.88,POS,Electronics,Chennai,POS Terminal,No
T105531,C1540,2024-10-15,6844.13,Online,Healthcare,Kolkata,Tablet,No
T105532,C1856,2024-08-18,10405.49,POS,Electronics,Jaipur,POS Terminal,No
T105533,C2007,2025-04-02,39791.57,Online,Electronics,Kolkata,Desktop,No
T105534,C1094,2024-06-28,3685.41,ATM,E-commerce,Pune,ATM Machine,No
T105535,C1425,2024-06-04,5394.79,Online,Electronics,Jaipur,Mobile,No
T105536,C1899,2024-04-17,3337.55,ATM,Restaurant,Mumbai,ATM Machine,No
T105537,C1276,2024-06-27,17603.99,ATM,Entertainment,Kolkata,ATM Machine,No
T105538,C1439,2024-05-02,7970.02,POS,Fashion,Ahmedabad,POS Terminal,No
T105539,C1038,2024-12-12,23469.6,Online,Electronics,Kolkata,Desktop,No
T105540,C1986,2024-02-25,2580.88,ATM,Restaurant,Kolkata,ATM Machine,No
T105541,C1580,2024-10-07,9778.38,POS,Restaurant,Mumbai,POS Terminal,No
T105542,C1295,2024-05-14,17425.99,ATM,Grocery,Bangalore,ATM Machine,No
T105543,C1595,2024-06-21,12439.97,POS,Grocery,Mumbai,POS Terminal,No
T105544,C1606,2024-10-29,31377.52,Online,Utilities,Mumbai,Tablet,No
T105545,C2128,2025-03-07,3948.88,Online,E-commerce,Ahmedabad,Desktop,No
T105546,C1486,2024-09-23,2691.74,ATM,Fashion,Bangalore,ATM Machine,No
T105547,C1200,2024-07-19,2655.59,Online,Grocery,Hyderabad,Desktop,No
T105548,C1451,2025-01-30,5520.84,ATM,Grocery,Mumbai,ATM Machine,Yes
T105549,C1163,2024-05-29,6955.94,Online,Entertainment,Bangalore,Tablet,No
T105550,C1463,2024-01-10,3974.72,POS,Fuel,Delhi,POS Terminal,No
T105551,C2164,2024-10-16,8008.63,ATM,Healthcare,Pune,ATM Machine,No
T105552,C1847,2025-01-21,14150.44,POS,Restaurant,Jaipur,POS Terminal,No
T105553,C1399,2024-07-02,30596.73,Online,Utilities,Lucknow,Desktop,No
T105554,C1690,2024-03-20,12541.11,POS,Entertainment,Kolkata,POS Terminal,No
T105555,C1340,2024-03-06,35575.5,Online,Grocery,Bangalore,Mobile,No
T105556,C1588,2024-01-20,1776.3,POS,Healthcare,Ahmedabad,POS Terminal,No
T105557,C1210,2024-04-04,11065.21,POS,Electronics,Pune,POS Terminal,No
T105558,C1090,2025-02-26,4198.97,POS,Electronics,Jaipur,POS Terminal,No
T105559,C1340,2025-01-30,12962.6,ATM,Grocery,Pune,ATM Machine,No
T105560,C1825,2024-08-08,17179.91,Online,Utilities,Delhi,Mobile,No
T105561,C1261,2024-09-06,19954.61,ATM,Utilities,Chennai,ATM Machine,No
T105562,C1996,2024-11-21,5639.25,ATM,Grocery,Lucknow,ATM Machine,No
T105563,C1397,2024-08-01,14100.7,Online,Entertainment,Bangalore,Desktop,No
T105564,C1662,2025-02-28,18648.11,ATM,Fuel,Chennai,ATM Machine,No
T105565,C1031,2024-03-15,1427.29,Online,Fuel,Jaipur,Mobile,No
T105566,C2115,2025-03-04,10480.67,POS,Travel,Delhi,POS Terminal,No
T105567,C1946,2024-04-30,10907.36,POS,Electronics,Chennai,POS Terminal,No
T105568,C1464,2025-04-27,41851.65,Online,Electronics,Jaipur,Mobile,No
T105569,C1779,2024-12-13,14619.15,POS,E-commerce,Delhi,POS Terminal,No
T105570,C1249,2024-11-05,48784.98,Online,E-commerce,Kolkata,Mobile,No
T105571,C1051,2024-05-15,1072.62,POS,Electronics,Jaipur,POS Terminal,No
T105572,C1255,2025-03-01,41127.6,Online,E-commerce,Lucknow,Mobile,No
T105573,C1775,2025-05-04,13103.04,ATM,E-commerce,Bangalore,ATM Machine,No
T105574,C1996,2024-07-28,13123.17,ATM,Utilities,Hyderabad,ATM Machine,No
T105575,C1093,2024-04-22,2012.41,POS,Electronics,Chennai,POS Terminal,No
T105576,C1143,2024-09-21,32579.32,Online,Electronics,Jaipur,Tablet,No
T105577,C1020,2025-04-30,14738.99,POS,Electronics,Hyderabad,POS Terminal,No
T105578,C1238,2024-08-15,18280.46,ATM,Grocery,Chennai,ATM Machine,No
T105579,C1079,2024-09-14,6643.05,POS,Healthcare,Mumbai,POS Terminal,No
T105580,C1563,2025-02-09,2189.41,Online,Healthcare,Ahmedabad,Mobile,No
T105581,C2031,2024-08-22,7564.72,ATM,Travel,Delhi,ATM Machine,Yes
T105582,C1215,2024-05-14,12413.22,POS,Healthcare,Chennai,POS Terminal,No
T105583,C1257,2025-04-29,35134.66,Online,Fashion,Pune,Tablet,No
T105584,C1551,2025-02-08,23075.31,Online,Fashion,Chennai,Mobile,No
T105585,C1922,2024-05-15,921.01,POS,E-commerce,Lucknow,POS Terminal,No
T105586,C2076,2024-08-18,21459.36,Online,E-commerce,Hyderabad,Mobile,No
T105587,C1469,2024-07-20,9645.99,ATM,E-commerce,Chennai,ATM Machine,No
T105588,C1829,2025-05-08,13935.48,POS,Electronics,Mumbai,POS Terminal,No
T105589,C1035,2024-04-24,32126.09,Online,Healthcare,Ahmedabad,Desktop,No
T105590,C1134,2024-12-25,6577.23,ATM,Utilities,Mumbai,ATM Machine,No
T105591,C1813,2024-05-03,26360.85,Online,Grocery,Delhi,Mobile,No
T105592,C1832,2024-11-25,1084.22,POS,Fuel,Kolkata,POS Terminal,No
T105593,C1340,2024-06-13,48633.9,Online,Healthcare,Mumbai,Desktop,No
T105594,C1044,2024-02-01,5464.89,POS,Fashion,Chennai,POS Terminal,No
T105595,C1820,2024-08-25,9818.41,ATM,Fuel,Jaipur,ATM Machine,No
T105596,C2196,2025-02-21,7428.04,ATM,E-commerce,Chennai,ATM Machine,No
T105597,C2059,2024-02-05,10269.42,POS,Grocery,Hyderabad,POS Terminal,No
T105598,C1219,2024-01-13,33179.16,Online,Fashion,Ahmedabad,Mobile,No
T105599,C1911,2024-09-05,35823.05,Online,Fashion,Pune,Tablet,No
T105600,C1405,2025-02-18,13553.53,Online,Grocery,Ahmedabad,Tablet,No
T105601,C1152,2024-08-14,15920.29,Online,E-commerce,Kolkata,Mobile,No
T105602,C1570,2024-11-11,6437.51,Online,Restaurant,Delhi,Desktop,No
T105603,C1177,2025-04-28,9867.1,POS,Entertainment,Lucknow,POS Terminal,No
T105604,C1573,2024-04-26,2181.9,Online,Travel,Jaipur,Desktop,No
T105605,C1834,2024-12-25,9005.47,POS,Entertainment,Bangalore,POS Terminal,No
T105606,C1224,2024-09-02,17459.07,ATM,Grocery,Hyderabad,ATM Machine,No
T105607,C1738,2024-05-04,44563.44,Online,Grocery,Chennai,Tablet,No
T105608,C2200,2024-10-25,22562.08,Online,Healthcare,Kolkata,Desktop,No
T105609,C1791,2025-01-02,23073.32,Online,E-commerce,Ahmedabad,Tablet,No
T105610,C1483,2024-02-23,1246.84,POS,Travel,Lucknow,POS Terminal,No
T105611,C1876,2024-12-21,33604.1,Online,Fuel,Jaipur,Desktop,No
T105612,C1312,2025-04-20,41098.72,Online,Utilities,Pune,Tablet,No
T105613,C1675,2025-05-11,5270.77,ATM,Travel,Lucknow,ATM Machine,No
T105614,C1982,2024-12-03,6377.38,POS,Utilities,Ahmedabad,POS Terminal,No
T105615,C1535,2024-12-25,41974.2,Online,Travel,Chennai,Tablet,No
T105616,C1255,2025-04-03,13169.09,POS,E-commerce,Kolkata,POS Terminal,No
T105617,C1069,2024-08-08,12310.36,Online,Entertainment,Pune,Tablet,No
T105618,C1979,2025-03-22,27618.42,Online,Entertainment,Ahmedabad,Tablet,No
T105619,C1249,2024-07-17,9786.16,Online,Entertainment,Mumbai,Desktop,No
T105620,C2142,2024-11-09,5273.56,Online,Entertainment,Chennai,Desktop,No
T105621,C1428,2025-02-23,18266.85,ATM,Utilities,Lucknow,ATM Machine,No
T105622,C1209,2025-04-25,12325.56,POS,Entertainment,Pune,POS Terminal,No
T105623,C1473,2024-11-02,15320.68,ATM,Travel,Chennai,ATM Machine,No
T105624,C1974,2024-12-22,2628.56,Online,Utilities,Kolkata,Desktop,No
T105625,C2195,2025-05-09,42217.69,Online,Entertainment,Pune,Mobile,No
T105626,C1113,2024-06-17,22014.59,Online,E-commerce,Bangalore,Desktop,No
T105627,C1015,2024-01-25,7176.7,ATM,Electronics,Delhi,ATM Machine,No
T105628,C1114,2024-02-12,8242.5,POS,Healthcare,Delhi,POS Terminal,No
T105629,C2199,2024-08-23,4749.39,Online,Utilities,Chennai,Desktop,No
T105630,C2054,2024-02-11,37881.0,Online,Electronics,Hyderabad,Mobile,No
T105631,C2139,2024-09-19,29205.27,Online,Travel,Jaipur,Desktop,No
T105632,C1769,2025-03-02,4138.51,ATM,E-commerce,Mumbai,ATM Machine,No
T105633,C2149,2025-03-12,2904.66,POS,Fashion,Bangalore,POS Terminal,No
T105634,C1447,2024-02-07,9375.58,Online,Fuel,Chennai,Tablet,No
T105635,C1955,2025-04-30,1611.55,ATM,Travel,Kolkata,ATM Machine,No
T105636,C1744,2025-05-11,8858.2,POS,Healthcare,Delhi,POS Terminal,No
T105637,C1259,2024-02-06,16886.79,ATM,Utilities,Bangalore,ATM Machine,No
T105638,C1043,2024-07-29,1071.41,Online,Electronics,Jaipur,Tablet,No
T105639,C1589,2024-03-03,830.17,POS,Healthcare,Delhi,POS Terminal,No
T105640,C1458,2025-02-28,28723.96,Online,Restaurant,Hyderabad,Desktop,No
T105641,C1239,2024-12-19,16480.17,ATM,Healthcare,Lucknow,ATM Machine,No
T105642,C2038,2024-04-06,4968.41,POS,E-commerce,Lucknow,POS Terminal,No
T105643,C1948,2024-08-10,5309.25,POS,Grocery,Hyderabad,POS Terminal,No
T105644,C2183,2024-12-07,29898.06,Online,E-commerce,Hyderabad,Tablet,No
T105645,C1704,2024-03-12,5847.15,ATM,Restaurant,Kolkata,ATM Machine,No
T105646,C1209,2024-03-30,496.46,POS,E-commerce,Hyderabad,POS Terminal,No
T105647,C1533,2024-11-05,14836.96,ATM,E-commerce,Pune,ATM Machine,No
T105648,C1339,2025-04-24,31357.37,Online,Entertainment,Bangalore,Tablet,No
T105649,C1527,2024-05-12,8753.26,POS,Utilities,Chennai,POS Terminal,No
T105650,C1509,2025-02-14,14962.84,ATM,Healthcare,Jaipur,ATM Machine,No
T105651,C1232,2025-03-22,33826.5,Online,Electronics,Chennai,Mobile,No
T105652,C1873,2024-05-11,10452.92,Online,E-commerce,Jaipur,Mobile,No
T105653,C2024,2024-09-02,17753.56,Online,Entertainment,Pune,Tablet,No
T105654,C1115,2025-01-29,2959.15,ATM,Healthcare,Bangalore,ATM Machine,No
T105655,C2087,2024-09-02,3032.21,ATM,Grocery,Bangalore,ATM Machine,No
T105656,C2182,2024-02-20,13685.82,ATM,Restaurant,Mumbai,ATM Machine,No
T105657,C1546,2025-05-03,12893.14,POS,Travel,Ahmedabad,POS Terminal,No
T105658,C1845,2024-04-01,19273.29,ATM,Healthcare,Kolkata,ATM Machine,No
T105659,C1444,2024-03-15,31491.69,Online,Entertainment,Jaipur,Desktop,No
T105660,C1014,2024-03-30,4089.98,ATM,Entertainment,Pune,ATM Machine,No
T105661,C2163,2025-05-02,1674.19,POS,Fashion,Hyderabad,POS Terminal,No
T105662,C2170,2024-04-10,16350.59,ATM,Entertainment,Ahmedabad,ATM Machine,No
T105663,C1647,2025-01-25,8723.47,POS,Electronics,Lucknow,POS Terminal,No
T105664,C1300,2024-05-10,12556.56,ATM,Fashion,Chennai,ATM Machine,No
T105665,C1151,2024-02-02,11743.79,POS,Travel,Kolkata,POS Terminal,No
T105666,C1934,2024-01-07,35223.21,Online,Utilities,Kolkata,Mobile,No
T105667,C1805,2025-05-05,16771.94,ATM,Fashion,Kolkata,ATM Machine,No
T105668,C1329,2024-07-05,1596.17,ATM,Fuel,Bangalore,ATM Machine,No
T105669,C1063,2025-02-11,37426.53,Online,Utilities,Mumbai,Desktop,No
T105670,C1511,2024-01-17,17091.63,ATM,Utilities,Bangalore,ATM Machine,No
T105671,C1341,2024-11-17,4363.41,POS,Utilities,Bangalore,POS Terminal,No
T105672,C1458,2025-05-07,32094.27,Online,Electronics,Mumbai,Desktop,No
T105673,C2069,2024-09-25,15845.27,Online,Electronics,Bangalore,Tablet,No
T105674,C1875,2024-06-29,14373.77,POS,Utilities,Pune,POS Terminal,No
T105675,C1006,2024-08-29,1864.49,Online,Grocery,Delhi,Tablet,No
T105676,C1047,2024-10-08,8738.91,POS,Restaurant,Jaipur,POS Terminal,No
T105677,C1143,2024-08-11,3746.82,ATM,Restaurant,Ahmedabad,ATM Machine,No
T105678,C1881,2025-01-25,35668.57,Online,Healthcare,Pune,Mobile,No
T105679,C1671,2024-06-29,2720.77,POS,Electronics,Mumbai,POS Terminal,Yes
T105680,C1745,2025-03-29,11922.09,Online,Grocery,Jaipur,Mobile,No
T105681,C2102,2025-01-28,7466.13,POS,Restaurant,Bangalore,POS Terminal,No
T105682,C1355,2024-04-16,18339.28,ATM,Grocery,Mumbai,ATM Machine,No
T105683,C1022,2024-08-19,10743.38,Online,Restaurant,Hyderabad,Desktop,No
T105684,C2084,2024-04-28,7383.15,Online,Travel,Chennai,Tablet,No
T105685,C1563,2024-04-11,11408.75,POS,Entertainment,Hyderabad,POS Terminal,No
T105686,C1891,2025-01-27,10262.08,ATM,Restaurant,Jaipur,ATM Machine,No
T105687,C1230,2025-03-22,13685.6,POS,Healthcare,Hyderabad,POS Terminal,No
T105688,C1874,2024-11-09,2284.56,POS,Utilities,Ahmedabad,POS Terminal,No
T105689,C1626,2024-01-05,32367.21,Online,Travel,Mumbai,Desktop,No
T105690,C1518,2024-02-02,11797.38,Online,Healthcare,Delhi,Desktop,No
T105691,C2189,2024-08-25,8006.67,Online,Grocery,Jaipur,Desktop,No
T105692,C1679,2024-10-09,34234.78,Online,Electronics,Pune,Tablet,No
T105693,C2004,2024-07-27,8945.9,POS,Restaurant,Lucknow,POS Terminal,No
T105694,C1349,2024-09-21,37790.41,Online,E-commerce,Bangalore,Desktop,No
T105695,C1735,2024-01-04,4710.99,POS,Grocery,Lucknow,POS Terminal,No
T105696,C1836,2024-11-11,9235.45,ATM,Healthcare,Delhi,ATM Machine,No
T105697,C1400,2024-03-03,6141.53,POS,Restaurant,Pune,POS Terminal,No
T105698,C1501,2024-12-22,49207.66,Online,Restaurant,Jaipur,Mobile,No
T105699,C2123,2024-04-08,4454.51,POS,Fashion,Chennai,POS Terminal,No
T105700,C1556,2025-01-13,14881.9,Online,Fuel,Ahmedabad,Desktop,No
T105701,C1697,2025-01-17,7413.69,ATM,Travel,Lucknow,ATM Machine,No
T105702,C1219,2024-02-14,28316.79,Online,Entertainment,Bangalore,Desktop,No
T105703,C1892,2025-03-03,12765.67,Online,Fashion,Ahmedabad,Tablet,No
T105704,C2103,2024-03-31,13737.82,POS,Grocery,Hyderabad,POS Terminal,No
T105705,C1912,2024-05-21,5680.87,ATM,E-commerce,Mumbai,ATM Machine,No
T105706,C1041,2024-05-10,13447.65,POS,Utilities,Jaipur,POS Terminal,Yes
T105707,C1965,2024-03-01,2517.76,ATM,Healthcare,Delhi,ATM Machine,No
T105708,C1634,2025-02-27,32896.82,Online,Restaurant,Lucknow,Mobile,No
T105709,C1673,2025-05-06,18186.22,ATM,Fuel,Pune,ATM Machine,No
T105710,C1371,2024-01-24,2614.37,POS,Entertainment,Lucknow,POS Terminal,No
T105711,C1658,2024-08-15,14528.07,POS,E-commerce,Lucknow,POS Terminal,No
T105712,C1181,2024-02-24,9331.23,ATM,Travel,Ahmedabad,ATM Machine,No
T105713,C2123,2024-04-24,47296.61,Online,Fuel,Pune,Desktop,No
T105714,C1293,2024-08-14,10184.62,POS,Entertainment,Delhi,POS Terminal,No
T105715,C1797,2024-01-01,6380.94,ATM,E-commerce,Pune,ATM Machine,No
T105716,C2169,2024-08-25,9577.47,Online,Electronics,Pune,Tablet,No
T105717,C1344,2024-04-02,15326.01,Online,Travel,Hyderabad,Desktop,No
T105718,C1770,2024-02-01,4832.27,Online,Utilities,Hyderabad,Desktop,No
T105719,C1145,2024-03-07,3305.43,ATM,Utilities,Lucknow,ATM Machine,No
T105720,C1466,2024-01-04,2540.88,ATM,Fashion,Chennai,ATM Machine,No
T105721,C1217,2025-01-14,21262.59,Online,Travel,Lucknow,Tablet,No
T105722,C1982,2024-10-22,16013.78,ATM,Restaurant,Ahmedabad,ATM Machine,No
T105723,C1673,2024-12-22,2206.61,POS,Grocery,Hyderabad,POS Terminal,No
T105724,C1995,2025-01-18,3041.25,ATM,Utilities,Pune,ATM Machine,No
T105725,C1299,2024-09-19,9687.09,POS,Utilities,Lucknow,POS Terminal,No
T105726,C2050,2024-11-29,10019.71,Online,Utilities,Chennai,Mobile,No
T105727,C1958,2024-07-21,2403.4,ATM,Travel,Mumbai,ATM Machine,No
T105728,C2165,2024-01-05,3753.55,ATM,Grocery,Ahmedabad,ATM Machine,No
T105729,C1583,2024-11-11,18512.76,ATM,E-commerce,Chennai,ATM Machine,No
T105730,C1641,2024-08-24,16518.69,ATM,Fuel,Chennai,ATM Machine,No
T105731,C1089,2024-08-19,5375.56,POS,E-commerce,Bangalore,POS Terminal,No
T105732,C1278,2024-07-16,13288.5,ATM,Entertainment,Chennai,ATM Machine,No
T105733,C1610,2025-01-28,8105.41,POS,Entertainment,Lucknow,POS Terminal,No
T105734,C1801,2024-01-16,13703.92,ATM,Fuel,Hyderabad,ATM Machine,No
T105735,C2056,2024-04-17,13812.09,ATM,Utilities,Pune,ATM Machine,No
T105736,C2163,2025-01-14,31510.95,Online,Fashion,Lucknow,Tablet,No
T105737,C1879,2024-07-05,5688.98,ATM,Entertainment,Ahmedabad,ATM Machine,No
T105738,C1457,2025-04-17,1260.63,ATM,Fashion,Pune,ATM Machine,No
T105739,C2131,2024-02-06,6887.95,POS,Fashion,Jaipur,POS Terminal,No
T105740,C1447,2024-06-05,17873.99,ATM,Grocery,Ahmedabad,ATM Machine,No
T105741,C1432,2024-01-30,8585.51,POS,Electronics,Ahmedabad,POS Terminal,No
T105742,C1795,2024-02-18,16731.63,ATM,Travel,Pune,ATM Machine,No
T105743,C1006,2024-09-08,19836.67,ATM,Utilities,Hyderabad,ATM Machine,No
T105744,C1321,2024-03-17,8348.09,Online,Travel,Jaipur,Desktop,No
T105745,C1484,2025-04-07,34650.53,Online,Healthcare,Lucknow,Tablet,No
T105746,C1267,2025-05-03,13648.72,ATM,Entertainment,Mumbai,ATM Machine,No
T105747,C1460,2024-02-14,49001.78,Online,Healthcare,Pune,Mobile,No
T105748,C1488,2024-06-09,19719.21,ATM,Entertainment,Delhi,ATM Machine,No
T105749,C1923,2024-03-20,10331.51,POS,E-commerce,Mumbai,POS Terminal,No
T105750,C1263,2024-05-05,3729.86,POS,Fashion,Ahmedabad,POS Terminal,No
T105751,C1869,2025-02-09,16071.84,ATM,Entertainment,Mumbai,ATM Machine,No
T105752,C1732,2024-06-09,1694.73,POS,Entertainment,Ahmedabad,POS Terminal,No
T105753,C1086,2025-04-12,39078.83,Online,Grocery,Mumbai,Desktop,No
T105754,C1516,2024-02-07,45527.77,Online,Healthcare,Chennai,Desktop,No
T105755,C1739,2024-10-15,5804.22,POS,Fashion,Kolkata,POS Terminal,No
T105756,C1328,2024-02-25,12797.39,ATM,E-commerce,Hyderabad,ATM Machine,No
T105757,C1191,2025-05-04,8887.78,ATM,Restaurant,Ahmedabad,ATM Machine,No
T105758,C1030,2025-03-07,6622.7,POS,Entertainment,Mumbai,POS Terminal,No
T105759,C1830,2024-02-22,15656.47,Online,Restaurant,Bangalore,Tablet,No
T105760,C1055,2024-07-05,11455.73,POS,Fuel,Chennai,POS Terminal,No
T105761,C1723,2024-05-07,18755.44,ATM,Grocery,Chennai,ATM Machine,No
T105762,C1664,2025-02-19,14117.19,POS,E-commerce,Pune,POS Terminal,No
T105763,C1836,2024-04-18,3908.24,ATM,Entertainment,Kolkata,ATM Machine,Yes
T105764,C2021,2024-09-06,17557.5,ATM,E-commerce,Chennai,ATM Machine,No
T105765,C1444,2024-04-28,14879.91,ATM,Restaurant,Ahmedabad,ATM Machine,No
T105766,C1393,2024-10-22,5430.33,ATM,E-commerce,Mumbai,ATM Machine,No
T105767,C1842,2024-01-19,3550.77,Online,Utilities,Bangalore,Tablet,No
T105768,C1501,2024-07-23,5725.95,ATM,Healthcare,Bangalore,ATM Machine,No
T105769,C1869,2025-03-31,18288.06,ATM,Grocery,Bangalore,ATM Machine,No
T105770,C1377,2024-03-17,31732.3,Online,E-commerce,Ahmedabad,Desktop,No
T105771,C1048,2024-07-24,36108.52,Online,Fashion,Lucknow,Mobile,No
T105772,C1947,2024-01-13,5514.47,ATM,Electronics,Pune,ATM Machine,No
T105773,C1354,2024-01-20,36025.53,Online,Travel,Lucknow,Mobile,No
T105774,C1068,2024-08-22,519.01,POS,E-commerce,Ahmedabad,POS Terminal,No
T105775,C1235,2024-07-14,18891.0,Online,Electronics,Jaipur,Tablet,No
T105776,C1487,2025-01-21,12721.69,ATM,Travel,Lucknow,ATM Machine,No
T105777,C1149,2025-01-14,3348.88,ATM,Restaurant,Lucknow,ATM Machine,No
T105778,C1301,2024-02-27,41185.58,Online,Entertainment,Hyderabad,Mobile,No
T105779,C1327,2024-03-29,3601.97,POS,Grocery,Mumbai,POS Terminal,No
T105780,C1258,2025-03-28,32683.6,Online,Utilities,Hyderabad,Tablet,No
T105781,C1573,2024-04-03,6137.44,POS,Grocery,Pune,POS Terminal,No
T105782,C2147,2024-06-14,8981.05,POS,Utilities,Jaipur,POS Terminal,No
T105783,C1342,2025-04-01,2595.29,ATM,Restaurant,Mumbai,ATM Machine,No
T105784,C1309,2024-03-22,829.8,ATM,Utilities,Mumbai,ATM Machine,No
T105785,C1343,2024-08-03,18236.51,ATM,Utilities,Mumbai,ATM Machine,No
T105786,C1530,2024-07-31,5757.79,ATM,Healthcare,Pune,ATM Machine,No
T105787,C1664,2024-03-11,16483.7,ATM,Fuel,Ahmedabad,ATM Machine,No
T105788,C2163,2024-08-01,19987.33,ATM,Grocery,Kolkata,ATM Machine,No
T105789,C1544,2024-08-13,10729.28,Online,Fuel,Pune,Mobile,No
T105790,C1446,2024-08-19,5670.83,ATM,Fashion,Chennai,ATM Machine,No
T105791,C2122,2025-04-08,13425.77,ATM,Fuel,Mumbai,ATM Machine,No
T105792,C1559,2024-08-01,14485.18,POS,Fashion,Ahmedabad,POS Terminal,No
T105793,C1109,2024-08-10,45807.55,Online,Restaurant,Lucknow,Tablet,No
T105794,C1930,2025-05-03,25243.2,Online,Utilities,Chennai,Mobile,No
T105795,C1126,2025-02-11,16004.65,ATM,Restaurant,Jaipur,ATM Machine,No
T105796,C1301,2025-04-02,2122.61,POS,Electronics,Kolkata,POS Terminal,No
T105797,C1897,2024-01-14,48876.42,Online,Entertainment,Hyderabad,Desktop,No
T105798,C2057,2025-04-27,14468.86,POS,Grocery,Pune,POS Terminal,No
T105799,C1815,2024-10-04,3692.71,ATM,Grocery,Hyderabad,ATM Machine,No
T105800,C1823,2024-07-12,4561.4,POS,Fashion,Lucknow,POS Terminal,No
T105801,C1132,2024-03-14,1592.31,POS,E-commerce,Jaipur,POS Terminal,No
T105802,C1253,2025-03-26,13731.54,Online,Fuel,Bangalore,Tablet,No
T105803,C1488,2024-07-10,16411.14,ATM,Fuel,Delhi,ATM Machine,No
T105804,C1037,2024-02-13,7877.15,ATM,E-commerce,Delhi,ATM Machine,No
T105805,C2140,2024-12-14,1417.11,POS,Utilities,Mumbai,POS Terminal,No
T105806,C1006,2025-04-21,7173.4,ATM,Electronics,Ahmedabad,ATM Machine,Yes
T105807,C2054,2025-02-03,19636.98,ATM,Healthcare,Ahmedabad,ATM Machine,No
T105808,C1211,2024-07-06,31558.24,Online,Grocery,Ahmedabad,Desktop,No
T105809,C1113,2024-08-29,6300.8,POS,Grocery,Chennai,POS Terminal,No
T105810,C1870,2025-05-14,3747.5,ATM,E-commerce,Pune,ATM Machine,No
T105811,C1777,2024-08-19,19730.45,ATM,Restaurant,Chennai,ATM Machine,No
T105812,C1110,2024-06-16,41078.28,Online,Electronics,Mumbai,Tablet,No
T105813,C1105,2024-12-12,4294.01,POS,Grocery,Delhi,POS Terminal,No
T105814,C1742,2024-01-15,1866.34,ATM,Restaurant,Mumbai,ATM Machine,No
T105815,C1305,2024-06-27,1604.2,ATM,Fuel,Lucknow,ATM Machine,No
T105816,C1471,2024-12-26,2847.37,ATM,E-commerce,Bangalore,ATM Machine,No
T105817,C1025,2024-12-11,29122.28,Online,E-commerce,Ahmedabad,Desktop,No
T105818,C1970,2024-05-17,18610.89,ATM,Fashion,Pune,ATM Machine,No
T105819,C1865,2024-06-13,10186.5,ATM,Fashion,Chennai,ATM Machine,No
T105820,C1343,2024-06-26,42178.69,Online,Healthcare,Lucknow,Tablet,No
T105821,C1340,2024-01-29,6743.71,POS,Electronics,Kolkata,POS Terminal,No
T105822,C1716,2025-02-02,14317.38,ATM,Travel,Ahmedabad,ATM Machine,No
T105823,C1751,2024-02-17,36647.26,Online,Travel,Ahmedabad,Tablet,No
T105824,C1910,2025-02-08,2692.06,POS,Healthcare,Lucknow,POS Terminal,No
T105825,C1917,2024-07-13,7543.71,ATM,Electronics,Kolkata,ATM Machine,No
T105826,C1010,2025-03-04,12927.39,ATM,Entertainment,Pune,ATM Machine,No
T105827,C1182,2025-02-17,1153.38,POS,Fuel,Lucknow,POS Terminal,No
T105828,C1744,2024-09-23,5486.95,POS,E-commerce,Kolkata,POS Terminal,No
T105829,C1162,2024-05-20,8068.51,POS,E-commerce,Lucknow,POS Terminal,No
T105830,C1120,2024-04-18,14943.74,POS,Utilities,Kolkata,POS Terminal,No
T105831,C1093,2024-12-11,7170.55,POS,Fashion,Chennai,POS Terminal,No
T105832,C1055,2024-10-16,16413.11,ATM,E-commerce,Jaipur,ATM Machine,No
T105833,C1375,2024-05-12,6537.8,POS,Travel,Pune,POS Terminal,No
T105834,C1904,2025-01-12,16029.62,ATM,Electronics,Delhi,ATM Machine,No
T105835,C1186,2024-12-20,29851.66,Online,Utilities,Pune,Tablet,No
T105836,C2095,2024-05-08,13310.27,POS,Healthcare,Jaipur,POS Terminal,No
T105837,C1659,2024-11-01,20664.94,Online,Restaurant,Delhi,Mobile,No
T105838,C2182,2024-07-29,30294.36,Online,Utilities,Hyderabad,Mobile,No
T105839,C1930,2025-01-05,12785.36,ATM,Travel,Chennai,ATM Machine,No
T105840,C2090,2024-01-05,20985.67,Online,Restaurant,Bangalore,Tablet,No
T105841,C1543,2024-03-20,2250.25,POS,E-commerce,Ahmedabad,POS Terminal,No
T105842,C1275,2024-01-05,1494.04,POS,Entertainment,Chennai,POS Terminal,No
T105843,C1336,2025-02-25,825.1,ATM,Utilities,Ahmedabad,ATM Machine,No
T105844,C2123,2025-03-18,43702.01,Online,E-commerce,Bangalore,Mobile,No
T105845,C1578,2024-08-28,5111.26,ATM,Fuel,Lucknow,ATM Machine,No
T105846,C1574,2024-08-16,3251.45,POS,Healthcare,Mumbai,POS Terminal,No
T105847,C2196,2024-05-06,11066.93,POS,Electronics,Ahmedabad,POS Terminal,No
T105848,C1517,2024-12-15,4868.24,POS,Restaurant,Delhi,POS Terminal,No
T105849,C1161,2024-08-22,25401.03,Online,Fashion,Pune,Tablet,No
T105850,C1556,2024-06-25,8293.05,Online,E-commerce,Bangalore,Desktop,No
T105851,C1877,2024-11-13,19215.04,ATM,Utilities,Lucknow,ATM Machine,No
T105852,C2110,2024-09-25,12788.56,POS,Fashion,Pune,POS Terminal,No
T105853,C1675,2024-09-19,12970.47,POS,Fashion,Chennai,POS Terminal,No
T105854,C1483,2024-05-22,20457.33,Online,Electronics,Lucknow,Mobile,No
T105855,C2191,2024-12-20,38165.59,Online,Healthcare,Mumbai,Tablet,No
T105856,C1891,2024-04-03,3305.59,ATM,Fashion,Pune,ATM Machine,No
T105857,C1132,2024-12-23,668.07,ATM,Travel,Chennai,ATM Machine,No
T105858,C1511,2024-09-21,889.47,ATM,Grocery,Delhi,ATM Machine,No
T105859,C1571,2025-03-06,11938.73,ATM,Fuel,Chennai,ATM Machine,No
T105860,C1497,2024-08-04,9380.2,ATM,Entertainment,Kolkata,ATM Machine,No
T105861,C1144,2024-07-03,7818.43,POS,Utilities,Kolkata,POS Terminal,No
T105862,C1271,2024-12-25,571.66,Online,Grocery,Ahmedabad,Mobile,No
T105863,C1687,2024-11-10,6398.03,POS,Utilities,Mumbai,POS Terminal,No
T105864,C1476,2024-02-22,10799.22,POS,Grocery,Bangalore,POS Terminal,No
T105865,C1921,2024-11-21,6696.14,POS,Travel,Hyderabad,POS Terminal,No
T105866,C1902,2025-05-06,14778.27,ATM,Restaurant,Ahmedabad,ATM Machine,No
T105867,C1848,2024-11-21,5043.87,ATM,Restaurant,Chennai,ATM Machine,No
T105868,C1722,2024-08-02,40694.47,Online,Electronics,Delhi,Mobile,No
T105869,C1430,2024-10-05,11974.41,ATM,Grocery,Ahmedabad,ATM Machine,No
T105870,C1381,2024-10-12,3240.37,POS,Utilities,Mumbai,POS Terminal,No
T105871,C1853,2024-02-09,3627.14,POS,Fuel,Pune,POS Terminal,No
T105872,C2046,2024-06-18,12746.59,ATM,Healthcare,Kolkata,ATM Machine,No
T105873,C1887,2024-06-15,16683.82,ATM,Fuel,Delhi,ATM Machine,No
T105874,C1059,2024-03-25,8604.74,ATM,Utilities,Jaipur,ATM Machine,No
T105875,C1286,2024-02-08,13063.36,Online,Utilities,Jaipur,Desktop,No
T105876,C1085,2025-04-11,13018.47,POS,E-commerce,Chennai,POS Terminal,No
T105877,C2078,2025-01-24,10072.1,POS,Restaurant,Jaipur,POS Terminal,No
T105878,C1321,2024-12-20,9237.67,ATM,Fuel,Ahmedabad,ATM Machine,No
T105879,C1673,2024-03-19,24497.43,Online,Travel,Delhi,Tablet,No
T105880,C1344,2025-02-21,4483.0,ATM,Utilities,Jaipur,ATM Machine,No
T105881,C1943,2024-02-16,12722.65,ATM,Restaurant,Hyderabad,ATM Machine,No
T105882,C1035,2024-04-16,5445.26,POS,Healthcare,Jaipur,POS Terminal,No
T105883,C1601,2024-03-05,14935.11,POS,Fashion,Jaipur,POS Terminal,No
T105884,C1876,2025-04-28,9863.58,ATM,Entertainment,Bangalore,ATM Machine,No
T105885,C2084,2024-08-24,9974.77,ATM,Healthcare,Mumbai,ATM Machine,No
T105886,C1307,2024-01-04,11534.11,ATM,Fashion,Ahmedabad,ATM Machine,No
T105887,C1551,2024-08-12,45854.45,Online,Grocery,Kolkata,Mobile,No
T105888,C1467,2025-02-25,40080.74,Online,Fuel,Pune,Tablet,No
T105889,C1984,2024-05-04,6821.84,POS,Healthcare,Bangalore,POS Terminal,No
T105890,C1265,2025-03-15,10808.62,POS,Fashion,Mumbai,POS Terminal,No
T105891,C1678,2024-04-19,8834.91,POS,Utilities,Pune,POS Terminal,No
T105892,C1963,2024-04-21,24719.88,Online,Restaurant,Ahmedabad,Mobile,No
T105893,C1260,2024-03-28,4250.16,ATM,Entertainment,Ahmedabad,ATM Machine,No
T105894,C1047,2024-06-08,9546.76,ATM,Restaurant,Chennai,ATM Machine,No
T105895,C1313,2024-06-18,3762.7,POS,Entertainment,Chennai,POS Terminal,No
T105896,C2068,2024-11-05,18339.42,ATM,Travel,Lucknow,ATM Machine,No
T105897,C1939,2024-11-28,16903.26,Online,Fuel,Delhi,Mobile,No
T105898,C2143,2024-10-02,47622.75,Online,Entertainment,Lucknow,Desktop,No
T105899,C1585,2024-07-23,10894.58,ATM,Fashion,Hyderabad,ATM Machine,No
T105900,C1704,2024-07-13,12815.12,ATM,Grocery,Chennai,ATM Machine,No
T105901,C1571,2024-09-20,11087.34,ATM,Fuel,Kolkata,ATM Machine,No
T105902,C1468,2024-04-16,6643.15,Online,Restaurant,Lucknow,Mobile,No
T105903,C1334,2024-05-25,7828.51,ATM,E-commerce,Pune,ATM Machine,No
T105904,C1953,2025-04-15,2433.35,ATM,Fashion,Mumbai,ATM Machine,Yes
T105905,C1867,2025-04-01,31223.11,Online,Travel,Lucknow,Desktop,No
T105906,C2194,2025-03-06,9214.05,ATM,Fuel,Bangalore,ATM Machine,No
T105907,C1066,2024-09-06,11691.98,POS,Grocery,Jaipur,POS Terminal,No
T105908,C1423,2024-01-31,11179.43,Online,Restaurant,Mumbai,Mobile,No
T105909,C1502,2024-10-21,3709.04,ATM,Grocery,Delhi,ATM Machine,No
T105910,C2034,2024-09-12,20435.35,Online,Healthcare,Bangalore,Tablet,No
T105911,C1729,2024-08-05,18568.41,ATM,E-commerce,Mumbai,ATM Machine,No
T105912,C2123,2025-01-31,35579.01,Online,Grocery,Jaipur,Tablet,Yes
T105913,C1240,2024-07-06,21062.4,Online,Travel,Ahmedabad,Desktop,No
T105914,C1405,2024-06-15,7807.36,POS,Fashion,Mumbai,POS Terminal,No
T105915,C1922,2024-09-08,4393.81,Online,Utilities,Ahmedabad,Mobile,No
T105916,C1781,2024-07-06,19699.23,ATM,Healthcare,Lucknow,ATM Machine,No
T105917,C2191,2024-12-07,10029.47,POS,Entertainment,Ahmedabad,POS Terminal,No
T105918,C1703,2024-11-09,6065.38,ATM,Entertainment,Pune,ATM Machine,Yes
T105919,C1702,2024-06-14,11923.26,ATM,Travel,Kolkata,ATM Machine,No
T105920,C1170,2024-08-14,5652.22,Online,Fuel,Jaipur,Desktop,No
T105921,C1587,2025-04-04,48298.67,Online,Utilities,Hyderabad,Tablet,No
T105922,C1329,2024-12-19,2704.3,POS,Restaurant,Pune,POS Terminal,No
T105923,C1127,2025-04-27,9755.65,POS,Utilities,Jaipur,POS Terminal,No
T105924,C1153,2024-07-20,5286.36,ATM,Entertainment,Delhi,ATM Machine,No
T105925,C1379,2024-02-17,10791.66,POS,Entertainment,Ahmedabad,POS Terminal,No
T105926,C1606,2024-06-12,38885.7,Online,Grocery,Hyderabad,Mobile,No
T105927,C1278,2024-08-30,13631.68,ATM,Healthcare,Lucknow,ATM Machine,No
T105928,C1949,2024-04-13,30802.07,Online,Utilities,Jaipur,Mobile,No
T105929,C1117,2024-04-06,17903.15,ATM,Entertainment,Hyderabad,ATM Machine,No
T105930,C1188,2025-02-06,4115.61,Online,Fuel,Chennai,Mobile,No
T105931,C1355,2024-10-25,16679.56,Online,Healthcare,Hyderabad,Desktop,No
T105932,C1046,2024-10-21,3799.48,POS,Electronics,Bangalore,POS Terminal,No
T105933,C1182,2025-02-25,19766.27,ATM,Grocery,Pune,ATM Machine,No
T105934,C1338,2024-06-30,5901.91,POS,E-commerce,Pune,POS Terminal,No
T105935,C1126,2024-12-28,36684.11,Online,Fuel,Ahmedabad,Tablet,No
T105936,C1182,2024-03-10,13852.14,ATM,Travel,Bangalore,ATM Machine,No
T105937,C1833,2024-01-05,10761.65,Online,Utilities,Lucknow,Mobile,No
T105938,C1234,2024-04-14,3661.07,POS,Travel,Chennai,POS Terminal,No
T105939,C1752,2024-08-30,14207.97,Online,Travel,Hyderabad,Tablet,No
T105940,C1886,2024-12-20,20674.14,Online,Fashion,Kolkata,Tablet,No
T105941,C1381,2024-09-09,11869.39,Online,Fuel,Bangalore,Mobile,No
T105942,C1309,2024-01-14,1178.64,Online,E-commerce,Delhi,Tablet,No
T105943,C2030,2024-02-12,43993.77,Online,Grocery,Delhi,Desktop,No
T105944,C1626,2024-10-13,48287.37,Online,Restaurant,Lucknow,Tablet,No
T105945,C1104,2024-10-11,7160.62,ATM,Utilities,Delhi,ATM Machine,No
T105946,C1845,2024-06-03,5143.75,POS,Restaurant,Hyderabad,POS Terminal,No
T105947,C2173,2024-02-25,638.29,ATM,E-commerce,Lucknow,ATM Machine,No
T105948,C1316,2024-02-05,13764.89,ATM,Travel,Hyderabad,ATM Machine,No
T105949,C2151,2025-01-07,16596.08,ATM,Travel,Delhi,ATM Machine,No
T105950,C1311,2024-04-29,2284.46,POS,Healthcare,Ahmedabad,POS Terminal,No
T105951,C1616,2025-05-13,3613.49,ATM,Electronics,Ahmedabad,ATM Machine,No
T105952,C1446,2024-12-19,15906.62,ATM,E-commerce,Delhi,ATM Machine,No
T105953,C2037,2025-02-10,9282.73,POS,Fuel,Mumbai,POS Terminal,No
T105954,C1062,2024-02-27,2434.06,Online,Travel,Bangalore,Mobile,No
T105955,C1510,2024-05-19,9375.95,POS,E-commerce,Pune,POS Terminal,No
T105956,C2010,2024-02-09,4702.87,POS,Utilities,Ahmedabad,POS Terminal,No
T105957,C1707,2024-01-30,7690.14,ATM,Fashion,Ahmedabad,ATM Machine,No
T105958,C1315,2024-07-02,15509.76,ATM,Fashion,Bangalore,ATM Machine,No
T105959,C1773,2025-01-22,16313.24,ATM,Travel,Delhi,ATM Machine,No
T105960,C1402,2024-12-05,6065.31,POS,Utilities,Delhi,POS Terminal,No
T105961,C1113,2024-06-10,18969.48,ATM,Fashion,Mumbai,ATM Machine,No
T105962,C2175,2024-11-09,6156.29,POS,Travel,Mumbai,POS Terminal,No
T105963,C1946,2024-01-12,38637.43,Online,Entertainment,Lucknow,Tablet,No
T105964,C1813,2024-07-22,9935.61,ATM,E-commerce,Hyderabad,ATM Machine,No
T105965,C1281,2025-01-27,44897.11,Online,Travel,Ahmedabad,Mobile,Yes
T105966,C1222,2025-01-15,18201.34,ATM,Entertainment,Jaipur,ATM Machine,No
T105967,C1055,2024-10-23,1402.51,POS,Electronics,Chennai,POS Terminal,No
T105968,C2146,2024-08-03,46837.37,Online,Travel,Bangalore,Mobile,No
T105969,C1063,2025-02-13,12400.47,POS,Entertainment,Jaipur,POS Terminal,No
T105970,C1601,2024-05-26,15930.56,ATM,Utilities,Jaipur,ATM Machine,No
T105971,C1351,2024-05-04,3093.58,POS,Entertainment,Lucknow,POS Terminal,No
T105972,C2184,2024-09-09,40294.94,Online,Restaurant,Jaipur,Desktop,No
T105973,C1290,2024-12-17,12766.98,POS,Utilities,Pune,POS Terminal,No
T105974,C1730,2024-06-10,14599.69,Online,Travel,Lucknow,Mobile,No
T105975,C1862,2025-02-04,47622.55,Online,Travel,Chennai,Tablet,No
T105976,C1482,2024-08-07,842.92,POS,Utilities,Jaipur,POS Terminal,No
T105977,C2122,2024-12-29,2333.65,POS,Travel,Kolkata,POS Terminal,No
T105978,C1395,2024-03-15,26971.54,Online,Utilities,Mumbai,Mobile,No
T105979,C1483,2024-07-29,8679.31,POS,Fashion,Pune,POS Terminal,No
T105980,C1847,2024-08-03,9712.74,POS,Utilities,Kolkata,POS Terminal,No
T105981,C1545,2024-02-20,352.84,POS,Travel,Ahmedabad,POS Terminal,No
T105982,C1267,2024-01-20,14409.46,POS,Travel,Delhi,POS Terminal,No
T105983,C1707,2025-03-31,2420.49,Online,E-commerce,Ahmedabad,Desktop,No
T105984,C1250,2024-05-13,2231.62,POS,Utilities,Chennai,POS Terminal,Yes
T105985,C1212,2024-02-26,773.28,ATM,Fuel,Chennai,ATM Machine,No
T105986,C1758,2024-08-12,28429.55,Online,Utilities,Delhi,Tablet,No
T105987,C1439,2024-12-25,13990.78,POS,Electronics,Delhi,POS Terminal,No
T105988,C1781,2024-03-01,33364.17,Online,Fuel,Kolkata,Mobile,No
T105989,C1769,2024-02-08,41168.34,Online,Utilities,Lucknow,Mobile,No
T105990,C1046,2025-02-04,297.89,POS,Entertainment,Pune,POS Terminal,No
T105991,C1553,2024-07-13,8176.03,POS,Fuel,Bangalore,POS Terminal,No
T105992,C2026,2025-05-11,23086.24,Online,Healthcare,Jaipur,Desktop,No
T105993,C1475,2024-09-12,7534.62,POS,Electronics,Chennai,POS Terminal,No
T105994,C1407,2024-05-28,1908.16,ATM,Fuel,Pune,ATM Machine,No
T105995,C1693,2025-03-09,13846.49,ATM,Entertainment,Kolkata,ATM Machine,No
T105996,C1059,2024-01-05,25260.38,Online,Grocery,Delhi,Mobile,No
T105997,C1848,2024-11-25,38304.41,Online,Restaurant,Ahmedabad,Mobile,No
T105998,C2071,2024-07-11,9963.17,ATM,Fashion,Chennai,ATM Machine,No
T105999,C1203,2024-11-29,3412.94,ATM,Fashion,Hyderabad,ATM Machine,No
