Booking_ID,Hotel_Type,Booking_Date,Checkin_Date,Checkout_Date,Lead_Time,Country,Adults,Children,Room_Type,Average_Daily_Rate,Booking_Channel,Cancellation_Status,year,month,month_name,month_year,Stay_Duration,Revenue,is_canceled
BKG100000,Resort Hotel,2023-10-17,2023-11-14,2023-11-15,28,Singapore,3,0.0,Standard,124.73,Online Travel Agent,Check-Out,2023,10,Oct,2023-10,1,124.73,0
BKG100001,City Hotel,2022-04-06,2022-05-31,2022-06-04,55,Australia,1,2.0,Family,117.66,Online Travel Agent,Canceled,2022,4,Apr,2022-04,4,470.64,1
BKG100002,City Hotel,2022-01-07,2022-02-16,2022-02-23,40,USA,3,0.0,Standard,105.09,Offline Agent,Check-Out,2022,1,Jan,2022-01,7,735.63,0
BKG100003,Resort Hotel,2024-05-17,2024-08-13,2024-08-23,88,Australia,3,0.0,Standard,271.62,Corporate,Canceled,2024,5,May,2024-05,10,2716.2,1
BKG100004,Resort Hotel,2023-09-26,2023-12-27,2024-01-06,92,France,2,0.0,Standard,73.29,Online Travel Agent,Canceled,2023,9,Sep,2023-09,10,732.9000000000001,1
BKG100005,Resort Hotel,2023-01-25,2023-04-06,2023-04-14,71,France,3,0.0,Family,167.35,Direct,Check-Out,2023,1,Jan,2023-01,8,1338.8,0
BKG100006,Resort Hotel,2022-09-08,2022-10-19,2022-10-27,41,UAE,4,0.0,Family,346.96,Online Travel Agent,Canceled,2022,9,Sep,2022-09,8,2775.68,1
BKG100007,City Hotel,2024-04-04,2024-06-23,2024-06-30,80,Germany,3,0.0,Family,121.19,Offline Agent,Canceled,2024,4,Apr,2024-04,7,848.3299999999999,1
BKG100008,City Hotel,2023-10-21,2024-02-15,2024-02-18,117,Australia,3,0.0,Family,131.52,Online Travel Agent,Check-Out,2023,10,Oct,2023-10,3,394.56000000000006,0
BKG100009,Resort Hotel,2022-05-22,2022-09-29,2022-10-07,130,UK,1,0.0,Family,309.72,Online Travel Agent,Check-Out,2022,5,May,2022-05,8,2477.76,0
BKG100010,Resort Hotel,2023-09-03,2023-12-31,2024-01-09,119,USA,3,2.0,Suite,309.63,Corporate,Check-Out,2023,9,Sep,2023-09,9,2786.67,0
BKG100011,Resort Hotel,2023-03-22,2023-05-01,2023-05-09,40,Singapore,1,0.0,Family,341.85,Corporate,Canceled,2023,3,Mar,2023-03,8,2734.8,1
BKG100012,Resort Hotel,2023-06-04,2023-11-06,2023-11-10,155,Brazil,2,0.0,Suite,281.13,Offline Agent,Check-Out,2023,6,Jun,2023-06,4,1124.52,0
BKG100013,Resort Hotel,2023-01-07,2023-03-26,2023-03-30,78,USA,1,0.0,Family,314.62,Online Travel Agent,No-Show,2023,1,Jan,2023-01,4,1258.48,0
BKG100014,City Hotel,2023-06-30,2023-08-01,2023-08-04,32,Germany,4,2.0,Family,107.89,Online Travel Agent,Check-Out,2023,6,Jun,2023-06,3,323.67,0
BKG100015,Resort Hotel,2023-11-19,2024-05-03,2024-05-09,166,Australia,4,2.0,Standard,190.93,Corporate,Check-Out,2023,11,Nov,2023-11,6,1145.58,0
BKG100016,Resort Hotel,2023-07-22,2023-09-18,2023-09-28,58,Germany,2,0.0,Standard,80.59,Online Travel Agent,Canceled,2023,7,Jul,2023-07,10,805.9000000000001,1
BKG100017,Resort Hotel,2022-03-14,2022-07-23,2022-07-27,131,Brazil,3,1.0,Family,122.13,Direct,Canceled,2022,3,Mar,2022-03,4,488.52,1
BKG100018,City Hotel,2024-04-06,2024-07-19,2024-07-23,104,Australia,1,0.0,Family,251.1,Online Travel Agent,Canceled,2024,4,Apr,2024-04,4,1004.4,1
BKG100019,Resort Hotel,2022-02-25,2022-08-16,2022-08-18,172,Germany,1,1.0,Deluxe,271.18,Direct,Check-Out,2022,2,Feb,2022-02,2,542.36,0
BKG100020,Resort Hotel,2022-05-24,2022-09-09,2022-09-12,108,Canada,3,1.0,Standard,132.44,Online Travel Agent,Check-Out,2022,5,May,2022-05,3,397.32,0
BKG100021,City Hotel,2023-07-08,2023-07-11,2023-07-13,3,Germany,2,0.0,Family,177.86,Online Travel Agent,Check-Out,2023,7,Jul,2023-07,2,355.72,0
BKG100022,City Hotel,2022-01-03,2022-04-12,2022-04-17,99,UK,4,0.0,Deluxe,182.67,Corporate,Check-Out,2022,1,Jan,2022-01,5,913.3499999999999,0
BKG100023,City Hotel,2022-03-01,2022-07-27,2022-08-05,148,Singapore,1,0.0,Deluxe,76.58,Online Travel Agent,No-Show,2022,3,Mar,2022-03,9,689.22,0
BKG100024,Resort Hotel,2022-03-24,2022-05-10,2022-05-12,47,Brazil,1,0.0,Standard,177.09,Online Travel Agent,Check-Out,2022,3,Mar,2022-03,2,354.18,0
BKG100025,City Hotel,2023-08-21,2024-01-12,2024-01-21,144,Germany,3,0.0,Suite,119.24,Offline Agent,Check-Out,2023,8,Aug,2023-08,9,1073.1599999999999,0
BKG100026,Resort Hotel,2023-10-23,2024-01-07,2024-01-15,76,USA,3,0.0,Deluxe,62.7,Corporate,Check-Out,2023,10,Oct,2023-10,8,501.6,0
BKG100027,City Hotel,2022-12-24,2023-01-10,2023-01-14,17,Australia,3,0.0,Standard,105.75,Corporate,Canceled,2022,12,Dec,2022-12,4,423.0,1
BKG100028,Resort Hotel,2022-04-17,2022-05-21,2022-05-26,34,France,1,0.0,Family,275.3,Direct,Canceled,2022,4,Apr,2022-04,5,1376.5,1
BKG100029,Resort Hotel,2022-07-28,2023-01-19,2023-01-24,175,USA,4,0.0,Family,322.55,Corporate,Check-Out,2022,7,Jul,2022-07,5,1612.75,0
BKG100030,City Hotel,2022-12-08,2023-01-10,2023-01-15,33,Singapore,2,1.0,Standard,219.99,Online Travel Agent,Check-Out,2022,12,Dec,2022-12,5,1099.95,0
BKG100031,Resort Hotel,2023-12-09,2024-01-16,2024-01-25,38,Australia,1,0.0,Deluxe,228.93,Online Travel Agent,Check-Out,2023,12,Dec,2023-12,9,2060.37,0
BKG100032,City Hotel,2024-03-26,2024-04-05,2024-04-11,10,Singapore,2,0.0,Family,253.41,Direct,Canceled,2024,3,Mar,2024-03,6,1520.46,1
BKG100033,City Hotel,2022-08-31,2022-10-11,2022-10-14,41,Australia,4,0.0,Deluxe,112.01,Corporate,Check-Out,2022,8,Aug,2022-08,3,336.03000000000003,0
BKG100034,City Hotel,2023-12-20,2024-01-16,2024-01-23,27,UAE,1,1.0,Suite,124.51,Direct,Check-Out,2023,12,Dec,2023-12,7,871.57,0
BKG100035,City Hotel,2023-11-07,2023-12-26,2024-01-02,49,UAE,3,0.0,Family,310.66,Corporate,Canceled,2023,11,Nov,2023-11,7,2174.6200000000003,1
BKG100036,City Hotel,2022-04-29,2022-07-04,2022-07-07,66,UAE,3,0.0,Suite,91.44,Online Travel Agent,Check-Out,2022,4,Apr,2022-04,3,274.32,0
BKG100037,City Hotel,2023-06-08,2023-07-07,2023-07-14,29,India,2,0.0,Deluxe,72.87,Corporate,Check-Out,2023,6,Jun,2023-06,7,510.09000000000003,0
BKG100038,City Hotel,2023-11-12,2024-02-04,2024-02-14,84,Singapore,3,0.0,Suite,268.73,Offline Agent,Check-Out,2023,11,Nov,2023-11,10,2687.3,0
BKG100039,City Hotel,2023-12-15,2024-02-28,2024-03-08,75,UK,2,0.0,Suite,181.93,Offline Agent,Check-Out,2023,12,Dec,2023-12,9,1637.3700000000001,0
BKG100040,City Hotel,2022-01-01,2022-03-19,2022-03-24,77,Canada,2,1.0,Family,287.87,Offline Agent,Check-Out,2022,1,Jan,2022-01,5,1439.35,0
BKG100041,City Hotel,2023-06-08,2023-10-07,2023-10-10,121,USA,1,0.0,Deluxe,209.48,Corporate,Check-Out,2023,6,Jun,2023-06,3,628.4399999999999,0
BKG100042,Resort Hotel,2022-07-23,2022-08-29,2022-08-30,37,Canada,1,0.0,Family,345.34,Direct,Canceled,2022,7,Jul,2022-07,1,345.34,1
BKG100043,Resort Hotel,2023-01-29,2023-06-04,2023-06-11,126,Australia,2,0.0,Family,250.26,Direct,Check-Out,2023,1,Jan,2023-01,7,1751.82,0
BKG100044,Resort Hotel,2023-12-14,2024-04-24,2024-05-02,132,Canada,1,2.0,Deluxe,132.27,Offline Agent,Check-Out,2023,12,Dec,2023-12,8,1058.16,0
BKG100045,City Hotel,2023-07-27,2023-12-26,2024-01-01,152,Singapore,4,2.0,Family,296.35,Direct,Canceled,2023,7,Jul,2023-07,6,1778.1000000000001,1
BKG100046,City Hotel,2023-05-02,2023-08-25,2023-08-30,115,Germany,2,0.0,Suite,282.09,Offline Agent,Check-Out,2023,5,May,2023-05,5,1410.4499999999998,0
BKG100047,Resort Hotel,2022-10-20,2022-12-19,2022-12-24,60,UK,3,0.0,Deluxe,318.98,Direct,Check-Out,2022,10,Oct,2022-10,5,1594.9,0
BKG100048,City Hotel,2022-06-06,2022-12-03,2022-12-07,180,Australia,1,1.0,Standard,178.2,Direct,Canceled,2022,6,Jun,2022-06,4,712.8,1
BKG100049,City Hotel,2023-02-03,2023-07-02,2023-07-03,149,France,4,1.0,Family,61.71,Offline Agent,Check-Out,2023,2,Feb,2023-02,1,61.71,0
BKG100050,City Hotel,2024-01-23,2024-06-10,2024-06-20,139,Canada,2,1.0,Standard,123.63,Offline Agent,Check-Out,2024,1,Jan,2024-01,10,1236.3,0
BKG100051,Resort Hotel,2023-11-27,2024-03-09,2024-03-12,103,Australia,4,0.0,Standard,344.41,Online Travel Agent,Check-Out,2023,11,Nov,2023-11,3,1033.23,0
BKG100052,Resort Hotel,2022-05-19,2022-09-14,2022-09-17,118,Canada,1,0.0,Suite,169.94,Corporate,Canceled,2022,5,May,2022-05,3,509.82,1
BKG100053,Resort Hotel,2023-01-24,2023-04-05,2023-04-12,71,UAE,3,0.0,Deluxe,196.39,Online Travel Agent,Canceled,2023,1,Jan,2023-01,7,1374.73,1
BKG100054,Resort Hotel,2023-10-30,2023-11-09,2023-11-10,10,Germany,2,0.0,Family,303.38,Offline Agent,Check-Out,2023,10,Oct,2023-10,1,303.38,0
BKG100055,Resort Hotel,2023-08-01,2023-09-25,2023-10-03,55,UK,3,0.0,Suite,108.66,Online Travel Agent,Check-Out,2023,8,Aug,2023-08,8,869.28,0
BKG100056,Resort Hotel,2022-11-16,2023-04-12,2023-04-19,147,USA,4,0.0,Suite,82.04,Online Travel Agent,Canceled,2022,11,Nov,2022-11,7,574.2800000000001,1
BKG100057,City Hotel,2023-08-03,2023-08-13,2023-08-19,10,India,4,0.0,Family,80.0,Offline Agent,Check-Out,2023,8,Aug,2023-08,6,480.0,0
BKG100058,City Hotel,2023-01-06,2023-06-17,2023-06-25,162,Brazil,2,1.0,Family,111.08,Offline Agent,Check-Out,2023,1,Jan,2023-01,8,888.64,0
BKG100059,Resort Hotel,2024-01-19,2024-06-18,2024-06-23,151,France,3,0.0,Family,300.91,Direct,Canceled,2024,1,Jan,2024-01,5,1504.5500000000002,1
BKG100060,City Hotel,2023-08-07,2024-01-10,2024-01-17,156,UK,3,0.0,Family,203.35,Direct,Check-Out,2023,8,Aug,2023-08,7,1423.45,0
BKG100061,Resort Hotel,2022-09-22,2022-12-18,2022-12-23,87,USA,3,2.0,Deluxe,62.94,Offline Agent,Check-Out,2022,9,Sep,2022-09,5,314.7,0
BKG100062,Resort Hotel,2024-02-16,2024-04-17,2024-04-25,61,Australia,4,1.0,Deluxe,289.95,Offline Agent,Check-Out,2024,2,Feb,2024-02,8,2319.6,0
BKG100063,City Hotel,2022-11-10,2023-04-28,2023-05-08,169,Australia,3,1.0,Suite,220.51,Online Travel Agent,Canceled,2022,11,Nov,2022-11,10,2205.1,1
BKG100064,City Hotel,2022-10-05,2022-12-22,2022-12-27,78,USA,2,0.0,Deluxe,269.17,Direct,Check-Out,2022,10,Oct,2022-10,5,1345.8500000000001,0
BKG100065,City Hotel,2023-05-11,2023-07-20,2023-07-30,70,Germany,3,0.0,Suite,301.46,Direct,Check-Out,2023,5,May,2023-05,10,3014.6,0
BKG100066,City Hotel,2023-12-27,2024-05-11,2024-05-14,136,UK,3,0.0,Family,342.55,Online Travel Agent,Canceled,2023,12,Dec,2023-12,3,1027.65,1
BKG100067,Resort Hotel,2023-08-11,2023-10-22,2023-10-30,72,France,4,1.0,Family,158.8,Online Travel Agent,Canceled,2023,8,Aug,2023-08,8,1270.4,1
BKG100068,City Hotel,2023-02-15,2023-06-20,2023-06-22,125,USA,1,0.0,Deluxe,103.27,Online Travel Agent,Check-Out,2023,2,Feb,2023-02,2,206.54,0
BKG100069,City Hotel,2023-03-03,2023-08-05,2023-08-15,155,Australia,2,2.0,Family,170.31,Online Travel Agent,Check-Out,2023,3,Mar,2023-03,10,1703.1,0
BKG100070,Resort Hotel,2022-03-03,2022-08-06,2022-08-08,156,UK,2,0.0,Deluxe,136.75,Direct,Check-Out,2022,3,Mar,2022-03,2,273.5,0
BKG100071,Resort Hotel,2022-06-10,2022-06-10,2022-06-17,0,Germany,4,2.0,Suite,196.27,Corporate,Canceled,2022,6,Jun,2022-06,7,1373.89,1
BKG100072,Resort Hotel,2023-04-10,2023-04-28,2023-05-02,18,Australia,3,2.0,Standard,251.74,Direct,Check-Out,2023,4,Apr,2023-04,4,1006.96,0
BKG100073,City Hotel,2022-09-30,2022-11-05,2022-11-07,36,Canada,1,0.0,Standard,289.86,Offline Agent,Check-Out,2022,9,Sep,2022-09,2,579.72,0
BKG100074,Resort Hotel,2023-12-18,2024-03-30,2024-04-04,103,Australia,4,1.0,Suite,83.33,Corporate,Check-Out,2023,12,Dec,2023-12,5,416.65,0
BKG100075,Resort Hotel,2022-08-23,2023-02-11,2023-02-21,172,Canada,1,0.0,Family,227.11,Corporate,Check-Out,2022,8,Aug,2022-08,10,2271.1000000000004,0
BKG100076,City Hotel,2023-08-23,2023-12-12,2023-12-20,111,UAE,1,1.0,Standard,160.91,Direct,Check-Out,2023,8,Aug,2023-08,8,1287.28,0
BKG100077,Resort Hotel,2023-12-12,2024-04-16,2024-04-21,126,UAE,4,2.0,Suite,70.64,Corporate,Check-Out,2023,12,Dec,2023-12,5,353.2,0
BKG100078,Resort Hotel,2024-03-02,2024-06-13,2024-06-22,103,Germany,1,2.0,Suite,193.97,Online Travel Agent,Check-Out,2024,3,Mar,2024-03,9,1745.73,0
BKG100079,City Hotel,2024-02-18,2024-03-02,2024-03-06,13,Canada,3,2.0,Family,97.99,Online Travel Agent,Check-Out,2024,2,Feb,2024-02,4,391.96,0
BKG100080,City Hotel,2023-10-08,2024-03-11,2024-03-15,155,USA,2,0.0,Deluxe,219.74,Online Travel Agent,Check-Out,2023,10,Oct,2023-10,4,878.96,0
BKG100081,City Hotel,2022-05-01,2022-10-13,2022-10-16,165,Australia,4,0.0,Family,207.57,Offline Agent,Check-Out,2022,5,May,2022-05,3,622.71,0
BKG100082,Resort Hotel,2023-07-19,2023-08-25,2023-09-01,37,USA,2,2.0,Suite,207.39,Offline Agent,Check-Out,2023,7,Jul,2023-07,7,1451.73,0
BKG100083,City Hotel,2024-03-17,2024-07-24,2024-07-29,129,UK,1,0.0,Family,270.55,Offline Agent,Check-Out,2024,3,Mar,2024-03,5,1352.75,0
BKG100084,Resort Hotel,2023-07-20,2023-12-06,2023-12-13,139,Brazil,4,0.0,Family,312.18,Direct,Canceled,2023,7,Jul,2023-07,7,2185.26,1
BKG100085,Resort Hotel,2023-02-25,2023-03-08,2023-03-14,11,Canada,4,1.0,Standard,171.96,Online Travel Agent,Check-Out,2023,2,Feb,2023-02,6,1031.76,0
BKG100086,City Hotel,2023-08-28,2023-11-20,2023-11-22,84,India,4,0.0,Deluxe,212.53,Offline Agent,Canceled,2023,8,Aug,2023-08,2,425.06,1
BKG100087,City Hotel,2022-06-08,2022-06-27,2022-07-05,19,USA,3,0.0,Suite,240.75,Offline Agent,No-Show,2022,6,Jun,2022-06,8,1926.0,0
BKG100088,City Hotel,2023-10-04,2024-02-05,2024-02-14,124,Australia,1,2.0,Standard,79.84,Offline Agent,No-Show,2023,10,Oct,2023-10,9,718.5600000000001,0
BKG100089,Resort Hotel,2024-02-18,2024-07-29,2024-07-31,162,India,4,0.0,Suite,261.26,Online Travel Agent,Check-Out,2024,2,Feb,2024-02,2,522.52,0
BKG100090,Resort Hotel,2023-01-19,2023-05-09,2023-05-12,110,UK,2,2.0,Deluxe,179.5,Online Travel Agent,Check-Out,2023,1,Jan,2023-01,3,538.5,0
BKG100091,City Hotel,2023-01-27,2023-07-04,2023-07-08,158,Australia,4,2.0,Family,101.5,Corporate,Check-Out,2023,1,Jan,2023-01,4,406.0,0
BKG100092,City Hotel,2024-04-03,2024-07-31,2024-08-05,119,Brazil,2,0.0,Suite,188.1,Offline Agent,Check-Out,2024,4,Apr,2024-04,5,940.5,0
BKG100093,City Hotel,2023-04-13,2023-06-29,2023-07-03,77,Brazil,4,1.0,Suite,90.93,Corporate,No-Show,2023,4,Apr,2023-04,4,363.72,0
BKG100094,Resort Hotel,2022-10-30,2022-11-04,2022-11-11,5,Brazil,3,0.0,Family,224.12,Corporate,Canceled,2022,10,Oct,2022-10,7,1568.8400000000001,1
BKG100095,Resort Hotel,2022-08-24,2023-01-26,2023-02-01,155,USA,2,0.0,Standard,240.06,Corporate,Canceled,2022,8,Aug,2022-08,6,1440.3600000000001,1
BKG100096,City Hotel,2022-02-04,2022-07-02,2022-07-08,148,Australia,2,0.0,Deluxe,323.79,Direct,Check-Out,2022,2,Feb,2022-02,6,1942.7400000000002,0
BKG100097,City Hotel,2023-07-07,2023-10-08,2023-10-17,93,Australia,3,0.0,Family,134.52,Online Travel Agent,Check-Out,2023,7,Jul,2023-07,9,1210.68,0
BKG100098,City Hotel,2022-03-19,2022-04-24,2022-04-28,36,India,4,2.0,Family,166.07,Online Travel Agent,Check-Out,2022,3,Mar,2022-03,4,664.28,0
BKG100099,Resort Hotel,2023-11-20,2024-05-10,2024-05-15,172,Canada,4,0.0,Standard,91.42,Corporate,Canceled,2023,11,Nov,2023-11,5,457.1,1
BKG100100,Resort Hotel,2022-08-15,2023-01-27,2023-01-29,165,UK,4,0.0,Standard,248.28,Online Travel Agent,Check-Out,2022,8,Aug,2022-08,2,496.56,0
BKG100101,City Hotel,2023-05-20,2023-06-18,2023-06-20,29,UAE,2,2.0,Family,99.34,Direct,Canceled,2023,5,May,2023-05,2,198.68,1
BKG100102,City Hotel,2023-11-02,2023-11-27,2023-12-05,25,Germany,4,0.0,Family,69.49,Offline Agent,No-Show,2023,11,Nov,2023-11,8,555.92,0
BKG100103,City Hotel,2024-05-25,2024-08-25,2024-08-27,92,India,3,2.0,Family,321.49,Corporate,Check-Out,2024,5,May,2024-05,2,642.98,0
BKG100104,Resort Hotel,2022-05-06,2022-08-30,2022-09-01,116,UAE,2,2.0,Deluxe,341.62,Direct,Canceled,2022,5,May,2022-05,2,683.24,1
BKG100105,Resort Hotel,2022-07-30,2022-08-16,2022-08-25,17,UAE,2,2.0,Deluxe,122.63,Online Travel Agent,Check-Out,2022,7,Jul,2022-07,9,1103.67,0
BKG100106,Resort Hotel,2022-05-29,2022-07-01,2022-07-10,33,UK,3,0.0,Standard,91.88,Corporate,Canceled,2022,5,May,2022-05,9,826.92,1
BKG100107,Resort Hotel,2022-09-01,2023-01-29,2023-02-04,150,Australia,1,0.0,Standard,136.96,Online Travel Agent,Check-Out,2022,9,Sep,2022-09,6,821.76,0
BKG100108,Resort Hotel,2024-03-07,2024-06-07,2024-06-16,92,Singapore,1,1.0,Suite,206.11,Offline Agent,Check-Out,2024,3,Mar,2024-03,9,1854.9900000000002,0
BKG100109,City Hotel,2022-02-01,2022-02-16,2022-02-24,15,Canada,4,1.0,Standard,258.97,Online Travel Agent,Check-Out,2022,2,Feb,2022-02,8,2071.76,0
BKG100110,City Hotel,2022-06-01,2022-06-17,2022-06-20,16,Australia,3,2.0,Suite,243.59,Offline Agent,Check-Out,2022,6,Jun,2022-06,3,730.77,0
BKG100111,Resort Hotel,2023-03-17,2023-04-11,2023-04-13,25,Australia,2,1.0,Suite,190.95,Offline Agent,Check-Out,2023,3,Mar,2023-03,2,381.9,0
BKG100112,City Hotel,2024-01-18,2024-02-11,2024-02-17,24,UK,4,0.0,Family,252.88,Online Travel Agent,Check-Out,2024,1,Jan,2024-01,6,1517.28,0
BKG100113,Resort Hotel,2022-03-29,2022-04-21,2022-04-28,23,Brazil,1,0.0,Suite,295.41,Online Travel Agent,Check-Out,2022,3,Mar,2022-03,7,2067.8700000000003,0
BKG100114,City Hotel,2024-06-13,2024-11-30,2024-12-07,170,USA,1,0.0,Family,234.12,Direct,Check-Out,2024,6,Jun,2024-06,7,1638.8400000000001,0
BKG100115,Resort Hotel,2022-08-18,2022-09-14,2022-09-20,27,Australia,3,0.0,Standard,281.16,Corporate,Check-Out,2022,8,Aug,2022-08,6,1686.96,0
BKG100116,Resort Hotel,2022-10-07,2023-04-04,2023-04-09,179,Brazil,3,0.0,Family,61.77,Online Travel Agent,Check-Out,2022,10,Oct,2022-10,5,308.85,0
BKG100117,City Hotel,2023-10-11,2023-10-18,2023-10-20,7,UK,2,1.0,Suite,181.75,Corporate,Canceled,2023,10,Oct,2023-10,2,363.5,1
BKG100118,Resort Hotel,2024-03-06,2024-07-29,2024-08-08,145,USA,1,0.0,Suite,105.12,Offline Agent,Check-Out,2024,3,Mar,2024-03,10,1051.2,0
BKG100119,Resort Hotel,2023-05-13,2023-10-15,2023-10-23,155,UAE,4,0.0,Family,122.51,Online Travel Agent,Check-Out,2023,5,May,2023-05,8,980.08,0
BKG100120,Resort Hotel,2023-11-26,2024-04-25,2024-05-03,151,India,3,0.0,Family,123.95,Corporate,Canceled,2023,11,Nov,2023-11,8,991.6,1
BKG100121,City Hotel,2024-02-25,2024-03-31,2024-04-05,35,Australia,3,0.0,Deluxe,94.8,Direct,Check-Out,2024,2,Feb,2024-02,5,474.0,0
BKG100122,Resort Hotel,2023-12-22,2024-02-18,2024-02-27,58,Australia,3,0.0,Standard,175.15,Online Travel Agent,Canceled,2023,12,Dec,2023-12,9,1576.3500000000001,1
BKG100123,City Hotel,2024-06-01,2024-08-20,2024-08-30,80,France,4,2.0,Standard,177.28,Offline Agent,Check-Out,2024,6,Jun,2024-06,10,1772.8,0
BKG100124,Resort Hotel,2022-11-29,2023-01-11,2023-01-21,43,Germany,4,0.0,Family,85.56,Offline Agent,Check-Out,2022,11,Nov,2022-11,10,855.6,0
BKG100125,Resort Hotel,2023-02-10,2023-04-30,2023-05-06,79,Singapore,2,0.0,Standard,285.94,Direct,Canceled,2023,2,Feb,2023-02,6,1715.6399999999999,1
BKG100126,Resort Hotel,2022-12-24,2023-03-23,2023-03-26,89,UK,2,0.0,Family,102.47,Online Travel Agent,Check-Out,2022,12,Dec,2022-12,3,307.40999999999997,0
BKG100127,City Hotel,2024-03-02,2024-08-09,2024-08-17,160,Brazil,4,2.0,Suite,280.36,Corporate,Check-Out,2024,3,Mar,2024-03,8,2242.88,0
BKG100128,City Hotel,2022-03-11,2022-07-09,2022-07-17,120,Australia,3,0.0,Standard,231.51,Corporate,Check-Out,2022,3,Mar,2022-03,8,1852.08,0
BKG100129,Resort Hotel,2022-02-08,2022-02-22,2022-02-28,14,Brazil,3,0.0,Family,246.95,Offline Agent,Check-Out,2022,2,Feb,2022-02,6,1481.6999999999998,0
BKG100130,Resort Hotel,2024-03-21,2024-03-31,2024-04-08,10,India,2,0.0,Family,235.45,Online Travel Agent,Canceled,2024,3,Mar,2024-03,8,1883.6,1
BKG100131,City Hotel,2024-05-07,2024-08-02,2024-08-04,87,Canada,2,0.0,Deluxe,131.85,Corporate,Check-Out,2024,5,May,2024-05,2,263.7,0
BKG100132,City Hotel,2022-10-17,2023-01-24,2023-01-31,99,USA,3,2.0,Suite,75.19,Online Travel Agent,Check-Out,2022,10,Oct,2022-10,7,526.3299999999999,0
BKG100133,Resort Hotel,2023-01-31,2023-04-13,2023-04-18,72,UAE,2,0.0,Suite,83.64,Offline Agent,Check-Out,2023,1,Jan,2023-01,5,418.2,0
BKG100134,Resort Hotel,2023-12-27,2024-01-17,2024-01-22,21,Australia,4,0.0,Suite,295.82,Online Travel Agent,Check-Out,2023,12,Dec,2023-12,5,1479.1,0
BKG100135,Resort Hotel,2022-07-04,2022-08-27,2022-09-02,54,UK,4,0.0,Family,125.7,Corporate,Canceled,2022,7,Jul,2022-07,6,754.2,1
BKG100136,Resort Hotel,2022-04-14,2022-08-21,2022-08-30,129,Brazil,1,0.0,Family,314.15,Direct,Check-Out,2022,4,Apr,2022-04,9,2827.35,0
BKG100137,City Hotel,2024-05-01,2024-10-25,2024-11-04,177,Germany,2,1.0,Family,72.67,Corporate,Canceled,2024,5,May,2024-05,10,726.7,1
BKG100138,City Hotel,2024-03-13,2024-07-05,2024-07-09,114,Germany,2,0.0,Suite,340.02,Offline Agent,Check-Out,2024,3,Mar,2024-03,4,1360.08,0
BKG100139,Resort Hotel,2022-10-16,2023-01-21,2023-01-30,97,France,4,0.0,Standard,296.9,Offline Agent,Canceled,2022,10,Oct,2022-10,9,2672.1,1
BKG100140,Resort Hotel,2023-07-22,2023-08-17,2023-08-26,26,France,1,0.0,Family,84.32,Direct,Canceled,2023,7,Jul,2023-07,9,758.8799999999999,1
BKG100141,City Hotel,2022-04-04,2022-05-30,2022-06-07,56,Singapore,3,0.0,Suite,180.32,Direct,Check-Out,2022,4,Apr,2022-04,8,1442.56,0
BKG100142,City Hotel,2022-03-25,2022-06-28,2022-07-02,95,UK,1,0.0,Deluxe,329.94,Online Travel Agent,Check-Out,2022,3,Mar,2022-03,4,1319.76,0
BKG100143,Resort Hotel,2024-04-29,2024-08-27,2024-08-30,120,India,4,1.0,Suite,238.45,Direct,Canceled,2024,4,Apr,2024-04,3,715.3499999999999,1
BKG100144,Resort Hotel,2023-07-16,2023-12-18,2023-12-27,155,France,4,0.0,Standard,285.09,Online Travel Agent,Check-Out,2023,7,Jul,2023-07,9,2565.81,0
BKG100145,City Hotel,2023-10-17,2024-03-24,2024-04-01,159,Brazil,1,0.0,Standard,302.64,Direct,Canceled,2023,10,Oct,2023-10,8,2421.12,1
BKG100146,Resort Hotel,2022-10-26,2023-02-12,2023-02-13,109,USA,3,0.0,Suite,225.49,Online Travel Agent,No-Show,2022,10,Oct,2022-10,1,225.49,0
BKG100147,Resort Hotel,2023-07-12,2023-11-18,2023-11-27,129,Australia,1,1.0,Suite,313.27,Corporate,Canceled,2023,7,Jul,2023-07,9,2819.43,1
BKG100148,City Hotel,2023-01-01,2023-01-18,2023-01-24,17,UK,2,0.0,Standard,283.74,Corporate,Check-Out,2023,1,Jan,2023-01,6,1702.44,0
BKG100149,Resort Hotel,2024-04-13,2024-09-24,2024-09-27,164,USA,4,1.0,Family,243.2,Online Travel Agent,Check-Out,2024,4,Apr,2024-04,3,729.5999999999999,0
BKG100150,City Hotel,2022-02-14,2022-04-06,2022-04-07,51,France,3,0.0,Standard,209.46,Direct,Check-Out,2022,2,Feb,2022-02,1,209.46,0
BKG100151,City Hotel,2024-06-01,2024-06-13,2024-06-19,12,Australia,3,0.0,Family,291.81,Offline Agent,Check-Out,2024,6,Jun,2024-06,6,1750.8600000000001,0
BKG100152,Resort Hotel,2022-07-11,2022-11-15,2022-11-23,127,Australia,3,2.0,Standard,137.35,Offline Agent,Check-Out,2022,7,Jul,2022-07,8,1098.8,0
BKG100153,City Hotel,2024-04-22,2024-06-07,2024-06-16,46,Australia,3,0.0,Suite,89.75,Offline Agent,Check-Out,2024,4,Apr,2024-04,9,807.75,0
BKG100154,City Hotel,2023-03-13,2023-04-24,2023-05-02,42,Brazil,3,1.0,Family,72.28,Corporate,Check-Out,2023,3,Mar,2023-03,8,578.24,0
BKG100155,Resort Hotel,2024-03-21,2024-04-04,2024-04-06,14,Australia,4,0.0,Deluxe,208.79,Offline Agent,Check-Out,2024,3,Mar,2024-03,2,417.58,0
BKG100156,Resort Hotel,2022-03-10,2022-05-09,2022-05-15,60,Brazil,3,1.0,Family,335.35,Offline Agent,Canceled,2022,3,Mar,2022-03,6,2012.1000000000001,1
BKG100157,City Hotel,2023-01-16,2023-05-09,2023-05-11,113,France,2,2.0,Deluxe,166.42,Online Travel Agent,Check-Out,2023,1,Jan,2023-01,2,332.84,0
BKG100158,City Hotel,2022-07-10,2022-11-14,2022-11-23,127,Canada,4,2.0,Deluxe,94.15,Corporate,Check-Out,2022,7,Jul,2022-07,9,847.35,0
BKG100159,City Hotel,2023-05-18,2023-07-08,2023-07-10,51,USA,2,0.0,Suite,191.09,Corporate,Canceled,2023,5,May,2023-05,2,382.18,1
BKG100160,Resort Hotel,2023-07-18,2023-12-03,2023-12-08,138,Australia,3,0.0,Deluxe,266.42,Online Travel Agent,No-Show,2023,7,Jul,2023-07,5,1332.1000000000001,0
BKG100161,City Hotel,2024-03-22,2024-04-26,2024-04-30,35,Canada,4,0.0,Deluxe,164.66,Online Travel Agent,Check-Out,2024,3,Mar,2024-03,4,658.64,0
BKG100162,Resort Hotel,2023-02-12,2023-06-14,2023-06-23,122,UK,4,1.0,Suite,298.77,Online Travel Agent,Check-Out,2023,2,Feb,2023-02,9,2688.93,0
BKG100163,Resort Hotel,2023-11-28,2024-04-08,2024-04-14,132,UK,2,0.0,Family,245.54,Online Travel Agent,Canceled,2023,11,Nov,2023-11,6,1473.24,1
BKG100164,Resort Hotel,2023-06-15,2023-07-24,2023-07-29,39,UAE,2,0.0,Suite,153.57,Online Travel Agent,Check-Out,2023,6,Jun,2023-06,5,767.8499999999999,0
BKG100165,Resort Hotel,2023-10-13,2024-03-02,2024-03-07,141,Singapore,2,0.0,Deluxe,238.18,Direct,Check-Out,2023,10,Oct,2023-10,5,1190.9,0
BKG100166,City Hotel,2023-10-02,2024-03-04,2024-03-10,154,Germany,1,0.0,Family,83.55,Online Travel Agent,Check-Out,2023,10,Oct,2023-10,6,501.29999999999995,0
BKG100167,City Hotel,2023-10-05,2024-02-21,2024-02-26,139,France,3,1.0,Family,131.01,Online Travel Agent,Check-Out,2023,10,Oct,2023-10,5,655.05,0
BKG100168,Resort Hotel,2022-06-11,2022-10-01,2022-10-08,112,UAE,4,1.0,Suite,119.17,Corporate,No-Show,2022,6,Jun,2022-06,7,834.19,0
BKG100169,Resort Hotel,2022-05-14,2022-08-16,2022-08-25,94,France,1,0.0,Family,130.1,Direct,Check-Out,2022,5,May,2022-05,9,1170.8999999999999,0
BKG100170,Resort Hotel,2022-02-21,2022-05-06,2022-05-13,74,UAE,4,0.0,Suite,339.18,Direct,Canceled,2022,2,Feb,2022-02,7,2374.26,1
BKG100171,Resort Hotel,2023-05-26,2023-10-04,2023-10-12,131,Australia,4,0.0,Family,204.24,Direct,Check-Out,2023,5,May,2023-05,8,1633.92,0
BKG100172,City Hotel,2022-12-28,2023-01-09,2023-01-10,12,France,3,1.0,Standard,233.28,Online Travel Agent,Check-Out,2022,12,Dec,2022-12,1,233.28,0
BKG100173,Resort Hotel,2022-09-28,2022-12-30,2023-01-06,93,UAE,3,0.0,Suite,176.17,Online Travel Agent,Check-Out,2022,9,Sep,2022-09,7,1233.1899999999998,0
BKG100174,City Hotel,2023-04-07,2023-08-25,2023-08-30,140,UAE,1,0.0,Suite,342.77,Corporate,Canceled,2023,4,Apr,2023-04,5,1713.85,1
BKG100175,Resort Hotel,2022-07-23,2022-12-24,2023-01-02,154,Australia,4,2.0,Suite,71.67,Online Travel Agent,Check-Out,2022,7,Jul,2022-07,9,645.03,0
BKG100176,City Hotel,2022-06-02,2022-11-04,2022-11-13,155,UK,2,0.0,Family,330.1,Online Travel Agent,Check-Out,2022,6,Jun,2022-06,9,2970.9,0
BKG100177,Resort Hotel,2023-06-04,2023-10-12,2023-10-21,130,Australia,4,2.0,Suite,146.94,Online Travel Agent,No-Show,2023,6,Jun,2023-06,9,1322.46,0
BKG100178,Resort Hotel,2023-08-21,2023-11-07,2023-11-08,78,India,4,0.0,Family,340.45,Direct,Check-Out,2023,8,Aug,2023-08,1,340.45,0
BKG100179,Resort Hotel,2024-01-09,2024-06-15,2024-06-22,158,Germany,2,0.0,Standard,69.16,Offline Agent,Check-Out,2024,1,Jan,2024-01,7,484.12,0
BKG100180,City Hotel,2022-06-05,2022-09-18,2022-09-22,105,India,4,2.0,Deluxe,284.74,Direct,Check-Out,2022,6,Jun,2022-06,4,1138.96,0
BKG100181,City Hotel,2023-11-10,2024-03-11,2024-03-20,122,Singapore,4,0.0,Family,337.44,Corporate,Check-Out,2023,11,Nov,2023-11,9,3036.96,0
BKG100182,City Hotel,2024-06-07,2024-11-28,2024-12-03,174,Singapore,4,0.0,Suite,337.63,Direct,Canceled,2024,6,Jun,2024-06,5,1688.15,1
BKG100183,City Hotel,2022-11-01,2023-01-13,2023-01-17,73,France,4,0.0,Standard,199.14,Offline Agent,Canceled,2022,11,Nov,2022-11,4,796.56,1
BKG100184,Resort Hotel,2023-02-09,2023-05-08,2023-05-11,88,UAE,3,0.0,Family,143.41,Corporate,Canceled,2023,2,Feb,2023-02,3,430.23,1
BKG100185,Resort Hotel,2022-08-08,2022-09-28,2022-10-07,51,USA,3,2.0,Deluxe,261.89,Direct,Check-Out,2022,8,Aug,2022-08,9,2357.0099999999998,0
BKG100186,City Hotel,2023-06-28,2023-08-24,2023-08-28,57,USA,1,0.0,Deluxe,179.86,Online Travel Agent,No-Show,2023,6,Jun,2023-06,4,719.44,0
BKG100187,City Hotel,2022-06-11,2022-09-23,2022-10-01,104,UAE,4,0.0,Suite,279.21,Online Travel Agent,Canceled,2022,6,Jun,2022-06,8,2233.68,1
BKG100188,Resort Hotel,2022-04-02,2022-09-15,2022-09-25,166,UK,2,2.0,Family,274.22,Direct,Canceled,2022,4,Apr,2022-04,10,2742.2000000000003,1
BKG100189,Resort Hotel,2022-02-07,2022-05-19,2022-05-27,101,France,2,0.0,Standard,314.26,Corporate,Check-Out,2022,2,Feb,2022-02,8,2514.08,0
BKG100190,City Hotel,2023-10-19,2024-03-06,2024-03-15,139,France,4,0.0,Deluxe,306.81,Online Travel Agent,Check-Out,2023,10,Oct,2023-10,9,2761.29,0
BKG100191,City Hotel,2024-01-19,2024-05-15,2024-05-20,117,Brazil,2,0.0,Deluxe,273.62,Direct,Check-Out,2024,1,Jan,2024-01,5,1368.1,0
BKG100192,Resort Hotel,2023-10-17,2024-01-28,2024-02-04,103,UK,3,0.0,Deluxe,176.24,Online Travel Agent,Check-Out,2023,10,Oct,2023-10,7,1233.68,0
BKG100193,City Hotel,2022-09-12,2022-09-13,2022-09-18,1,UAE,4,0.0,Suite,189.55,Online Travel Agent,Check-Out,2022,9,Sep,2022-09,5,947.75,0
BKG100194,Resort Hotel,2023-01-04,2023-06-30,2023-07-04,177,Australia,1,0.0,Suite,194.96,Online Travel Agent,Check-Out,2023,1,Jan,2023-01,4,779.84,0
BKG100195,City Hotel,2022-10-30,2023-02-01,2023-02-11,94,UK,2,0.0,Family,337.63,Corporate,Check-Out,2022,10,Oct,2022-10,10,3376.3,0
BKG100196,Resort Hotel,2023-07-17,2023-11-14,2023-11-23,120,Singapore,2,0.0,Family,257.3,Corporate,Check-Out,2023,7,Jul,2023-07,9,2315.7000000000003,0
BKG100197,Resort Hotel,2023-08-01,2023-08-29,2023-08-30,28,UAE,2,2.0,Family,215.63,Online Travel Agent,Check-Out,2023,8,Aug,2023-08,1,215.63,0
BKG100198,Resort Hotel,2024-01-05,2024-06-02,2024-06-10,149,Canada,1,2.0,Deluxe,189.19,Offline Agent,Check-Out,2024,1,Jan,2024-01,8,1513.52,0
BKG100199,Resort Hotel,2022-03-01,2022-07-22,2022-07-30,143,Germany,3,0.0,Standard,174.83,Online Travel Agent,Check-Out,2022,3,Mar,2022-03,8,1398.64,0
BKG100200,City Hotel,2023-12-19,2024-01-04,2024-01-13,16,India,1,0.0,Family,345.98,Offline Agent,Check-Out,2023,12,Dec,2023-12,9,3113.82,0
BKG100201,City Hotel,2022-05-19,2022-10-30,2022-11-06,164,Australia,3,1.0,Standard,190.08,Direct,Check-Out,2022,5,May,2022-05,7,1330.5600000000002,0
BKG100202,Resort Hotel,2022-12-23,2023-01-22,2023-01-25,30,India,4,2.0,Standard,96.93,Corporate,Check-Out,2022,12,Dec,2022-12,3,290.79,0
BKG100203,City Hotel,2024-01-07,2024-05-25,2024-06-01,139,Australia,4,0.0,Suite,131.78,Direct,Canceled,2024,1,Jan,2024-01,7,922.46,1
BKG100204,Resort Hotel,2024-01-13,2024-02-10,2024-02-11,28,Germany,4,2.0,Deluxe,282.16,Online Travel Agent,Check-Out,2024,1,Jan,2024-01,1,282.16,0
BKG100205,City Hotel,2022-02-04,2022-05-29,2022-06-08,114,Canada,1,0.0,Deluxe,274.76,Direct,Canceled,2022,2,Feb,2022-02,10,2747.6,1
BKG100206,City Hotel,2024-03-05,2024-03-19,2024-03-22,14,Brazil,3,0.0,Suite,296.58,Direct,Check-Out,2024,3,Mar,2024-03,3,889.74,0
BKG100207,Resort Hotel,2022-05-27,2022-11-12,2022-11-21,169,Singapore,2,1.0,Deluxe,147.15,Offline Agent,Check-Out,2022,5,May,2022-05,9,1324.3500000000001,0
BKG100208,City Hotel,2022-02-18,2022-05-17,2022-05-24,88,Australia,3,1.0,Deluxe,178.4,Offline Agent,Check-Out,2022,2,Feb,2022-02,7,1248.8,0
BKG100209,City Hotel,2022-08-19,2022-11-03,2022-11-06,76,Singapore,4,0.0,Deluxe,223.09,Offline Agent,Check-Out,2022,8,Aug,2022-08,3,669.27,0
BKG100210,Resort Hotel,2022-07-28,2022-10-20,2022-10-22,84,India,4,0.0,Suite,86.81,Offline Agent,Check-Out,2022,7,Jul,2022-07,2,173.62,0
BKG100211,Resort Hotel,2023-09-10,2023-09-20,2023-09-22,10,Canada,2,2.0,Deluxe,270.05,Online Travel Agent,Check-Out,2023,9,Sep,2023-09,2,540.1,0
BKG100212,Resort Hotel,2022-01-16,2022-03-11,2022-03-15,54,Australia,1,1.0,Deluxe,325.19,Online Travel Agent,Canceled,2022,1,Jan,2022-01,4,1300.76,1
BKG100213,City Hotel,2023-01-25,2023-05-24,2023-06-02,119,Australia,3,0.0,Standard,135.85,Offline Agent,Canceled,2023,1,Jan,2023-01,9,1222.6499999999999,1
BKG100214,Resort Hotel,2022-11-24,2023-01-15,2023-01-21,52,UK,3,1.0,Standard,73.26,Corporate,Check-Out,2022,11,Nov,2022-11,6,439.56000000000006,0
BKG100215,Resort Hotel,2023-08-22,2024-01-17,2024-01-24,148,Australia,3,0.0,Deluxe,116.9,Offline Agent,Check-Out,2023,8,Aug,2023-08,7,818.3000000000001,0
BKG100216,City Hotel,2023-12-03,2024-02-27,2024-03-03,86,Australia,4,1.0,Deluxe,193.64,Offline Agent,Check-Out,2023,12,Dec,2023-12,5,968.1999999999999,0
BKG100217,Resort Hotel,2023-07-10,2023-12-21,2023-12-22,164,India,1,0.0,Family,334.1,Direct,Canceled,2023,7,Jul,2023-07,1,334.1,1
BKG100218,City Hotel,2022-08-25,2022-09-11,2022-09-14,17,India,1,0.0,Family,206.66,Offline Agent,Check-Out,2022,8,Aug,2022-08,3,619.98,0
BKG100219,City Hotel,2023-06-29,2023-11-17,2023-11-24,141,Singapore,1,0.0,Suite,213.53,Online Travel Agent,Check-Out,2023,6,Jun,2023-06,7,1494.71,0
BKG100220,Resort Hotel,2023-12-16,2024-06-05,2024-06-12,172,Germany,2,0.0,Deluxe,326.23,Corporate,Canceled,2023,12,Dec,2023-12,7,2283.61,1
BKG100221,Resort Hotel,2022-10-01,2023-01-10,2023-01-12,101,Germany,3,1.0,Suite,193.11,Online Travel Agent,Check-Out,2022,10,Oct,2022-10,2,386.22,0
BKG100222,City Hotel,2024-05-28,2024-11-10,2024-11-11,166,India,1,1.0,Standard,169.99,Direct,Check-Out,2024,5,May,2024-05,1,169.99,0
BKG100223,Resort Hotel,2024-05-15,2024-09-03,2024-09-09,111,Germany,1,2.0,Family,326.55,Corporate,Check-Out,2024,5,May,2024-05,6,1959.3000000000002,0
BKG100224,City Hotel,2022-03-18,2022-09-09,2022-09-14,175,India,1,0.0,Deluxe,329.34,Direct,Canceled,2022,3,Mar,2022-03,5,1646.6999999999998,1
BKG100225,City Hotel,2023-12-31,2024-04-10,2024-04-12,101,Singapore,3,0.0,Suite,223.55,Offline Agent,Canceled,2023,12,Dec,2023-12,2,447.1,1
BKG100226,Resort Hotel,2022-05-24,2022-11-16,2022-11-18,176,USA,3,0.0,Suite,88.33,Offline Agent,No-Show,2022,5,May,2022-05,2,176.66,0
BKG100227,City Hotel,2022-12-01,2022-12-08,2022-12-13,7,Australia,4,1.0,Deluxe,126.16,Offline Agent,Check-Out,2022,12,Dec,2022-12,5,630.8,0
BKG100228,City Hotel,2023-09-26,2023-12-10,2023-12-14,75,UK,1,0.0,Family,137.71,Corporate,Check-Out,2023,9,Sep,2023-09,4,550.84,0
BKG100229,Resort Hotel,2022-04-04,2022-04-05,2022-04-10,1,UK,4,0.0,Standard,280.79,Direct,Check-Out,2022,4,Apr,2022-04,5,1403.95,0
BKG100230,City Hotel,2023-07-25,2023-12-14,2023-12-23,142,Singapore,4,0.0,Standard,67.62,Corporate,Canceled,2023,7,Jul,2023-07,9,608.58,1
BKG100231,Resort Hotel,2022-01-13,2022-03-28,2022-04-04,74,Brazil,4,0.0,Deluxe,270.2,Offline Agent,Check-Out,2022,1,Jan,2022-01,7,1891.3999999999999,0
BKG100232,City Hotel,2022-10-03,2022-12-19,2022-12-24,77,France,4,0.0,Family,78.35,Corporate,Check-Out,2022,10,Oct,2022-10,5,391.75,0
BKG100233,Resort Hotel,2022-03-20,2022-06-20,2022-06-25,92,Canada,2,1.0,Standard,232.2,Direct,Check-Out,2022,3,Mar,2022-03,5,1161.0,0
BKG100234,City Hotel,2023-02-10,2023-05-06,2023-05-16,85,Brazil,4,0.0,Deluxe,187.66,Corporate,Check-Out,2023,2,Feb,2023-02,10,1876.6,0
BKG100235,City Hotel,2023-12-13,2024-02-02,2024-02-10,51,France,3,0.0,Family,339.73,Direct,Check-Out,2023,12,Dec,2023-12,8,2717.84,0
BKG100236,Resort Hotel,2022-10-15,2023-01-23,2023-01-29,100,Singapore,1,0.0,Standard,117.94,Offline Agent,Canceled,2022,10,Oct,2022-10,6,707.64,1
BKG100237,Resort Hotel,2022-08-03,2022-11-23,2022-11-28,112,France,1,1.0,Deluxe,255.16,Corporate,Check-Out,2022,8,Aug,2022-08,5,1275.8,0
BKG100238,City Hotel,2024-01-03,2024-04-20,2024-04-27,108,Brazil,1,1.0,Family,347.3,Offline Agent,Check-Out,2024,1,Jan,2024-01,7,2431.1,0
BKG100239,City Hotel,2024-03-20,2024-06-20,2024-06-29,92,UK,1,0.0,Standard,283.0,Offline Agent,No-Show,2024,3,Mar,2024-03,9,2547.0,0
BKG100240,Resort Hotel,2022-12-06,2023-03-26,2023-03-28,110,Australia,1,0.0,Family,135.03,Offline Agent,Check-Out,2022,12,Dec,2022-12,2,270.06,0
BKG100241,City Hotel,2023-11-27,2024-04-25,2024-05-04,150,USA,2,0.0,Suite,349.33,Offline Agent,Canceled,2023,11,Nov,2023-11,9,3143.97,1
BKG100242,Resort Hotel,2022-03-29,2022-04-27,2022-04-30,29,Singapore,3,0.0,Family,159.49,Online Travel Agent,Check-Out,2022,3,Mar,2022-03,3,478.47,0
BKG100243,Resort Hotel,2023-03-25,2023-09-19,2023-09-27,178,India,3,0.0,Family,147.08,Online Travel Agent,Check-Out,2023,3,Mar,2023-03,8,1176.64,0
BKG100244,City Hotel,2022-06-18,2022-08-19,2022-08-28,62,Canada,2,2.0,Deluxe,106.44,Offline Agent,Check-Out,2022,6,Jun,2022-06,9,957.96,0
BKG100245,Resort Hotel,2022-07-10,2022-12-20,2022-12-27,163,Canada,4,0.0,Family,273.84,Offline Agent,Check-Out,2022,7,Jul,2022-07,7,1916.8799999999999,0
BKG100246,Resort Hotel,2022-08-08,2022-09-29,2022-10-04,52,UAE,1,2.0,Suite,89.51,Direct,Check-Out,2022,8,Aug,2022-08,5,447.55,0
BKG100247,City Hotel,2022-09-26,2023-03-16,2023-03-24,171,Brazil,3,2.0,Standard,172.71,Corporate,Check-Out,2022,9,Sep,2022-09,8,1381.68,0
BKG100248,Resort Hotel,2023-04-14,2023-09-19,2023-09-22,158,UAE,3,2.0,Standard,231.15,Direct,Check-Out,2023,4,Apr,2023-04,3,693.45,0
BKG100249,City Hotel,2022-07-07,2022-10-10,2022-10-13,95,Australia,4,1.0,Family,232.96,Offline Agent,Check-Out,2022,7,Jul,2022-07,3,698.88,0
BKG100250,Resort Hotel,2023-12-12,2024-05-25,2024-05-28,165,UAE,2,1.0,Family,143.76,Online Travel Agent,Canceled,2023,12,Dec,2023-12,3,431.28,1
BKG100251,City Hotel,2022-01-10,2022-05-14,2022-05-17,124,Australia,2,1.0,Family,339.51,Offline Agent,Canceled,2022,1,Jan,2022-01,3,1018.53,1
BKG100252,Resort Hotel,2023-03-31,2023-08-03,2023-08-06,125,France,1,2.0,Standard,68.95,Corporate,Check-Out,2023,3,Mar,2023-03,3,206.85000000000002,0
BKG100253,Resort Hotel,2022-10-23,2022-12-05,2022-12-13,43,France,4,2.0,Suite,208.13,Online Travel Agent,Canceled,2022,10,Oct,2022-10,8,1665.04,1
BKG100254,Resort Hotel,2023-03-28,2023-08-14,2023-08-18,139,France,4,0.0,Standard,273.44,Offline Agent,Check-Out,2023,3,Mar,2023-03,4,1093.76,0
BKG100255,City Hotel,2024-06-01,2024-06-23,2024-07-01,22,Brazil,1,0.0,Family,120.86,Direct,Check-Out,2024,6,Jun,2024-06,8,966.88,0
BKG100256,City Hotel,2024-03-14,2024-05-05,2024-05-09,52,Brazil,1,2.0,Deluxe,161.74,Corporate,No-Show,2024,3,Mar,2024-03,4,646.96,0
BKG100257,Resort Hotel,2022-10-27,2023-01-09,2023-01-19,74,UK,3,2.0,Family,345.79,Online Travel Agent,No-Show,2022,10,Oct,2022-10,10,3457.9,0
BKG100258,City Hotel,2024-06-06,2024-11-20,2024-11-23,167,Germany,2,0.0,Family,102.41,Offline Agent,Check-Out,2024,6,Jun,2024-06,3,307.23,0
BKG100259,Resort Hotel,2023-10-10,2023-12-17,2023-12-24,68,Australia,4,1.0,Suite,81.9,Online Travel Agent,Check-Out,2023,10,Oct,2023-10,7,573.3000000000001,0
BKG100260,City Hotel,2023-05-15,2023-08-06,2023-08-16,83,UAE,1,0.0,Standard,271.97,Offline Agent,Check-Out,2023,5,May,2023-05,10,2719.7000000000003,0
BKG100261,City Hotel,2023-03-16,2023-05-09,2023-05-17,54,Singapore,3,0.0,Deluxe,300.22,Offline Agent,Canceled,2023,3,Mar,2023-03,8,2401.76,1
BKG100262,Resort Hotel,2023-11-30,2023-12-12,2023-12-13,12,Canada,1,1.0,Family,64.72,Online Travel Agent,No-Show,2023,11,Nov,2023-11,1,64.72,0
BKG100263,City Hotel,2023-03-15,2023-05-05,2023-05-08,51,Australia,3,0.0,Family,313.58,Corporate,Check-Out,2023,3,Mar,2023-03,3,940.74,0
BKG100264,Resort Hotel,2023-11-12,2024-04-26,2024-04-29,166,Australia,1,1.0,Standard,241.43,Online Travel Agent,Check-Out,2023,11,Nov,2023-11,3,724.29,0
BKG100265,Resort Hotel,2023-05-04,2023-05-23,2023-05-26,19,India,2,2.0,Suite,257.19,Online Travel Agent,No-Show,2023,5,May,2023-05,3,771.5699999999999,0
BKG100266,Resort Hotel,2023-03-09,2023-09-02,2023-09-05,177,USA,4,0.0,Family,126.39,Corporate,Check-Out,2023,3,Mar,2023-03,3,379.17,0
BKG100267,Resort Hotel,2022-11-03,2022-12-08,2022-12-15,35,Brazil,2,0.0,Deluxe,79.84,Online Travel Agent,Check-Out,2022,11,Nov,2022-11,7,558.88,0
BKG100268,Resort Hotel,2022-08-07,2023-01-14,2023-01-17,160,USA,4,2.0,Standard,259.1,Direct,Canceled,2022,8,Aug,2022-08,3,777.3000000000001,1
BKG100269,Resort Hotel,2023-08-27,2023-12-03,2023-12-09,98,France,4,0.0,Standard,289.41,Direct,Check-Out,2023,8,Aug,2023-08,6,1736.46,0
BKG100270,Resort Hotel,2023-09-07,2024-02-09,2024-02-14,155,Australia,1,0.0,Suite,119.58,Online Travel Agent,Canceled,2023,9,Sep,2023-09,5,597.9,1
BKG100271,Resort Hotel,2024-03-23,2024-05-23,2024-05-31,61,Singapore,4,0.0,Standard,129.91,Corporate,Canceled,2024,3,Mar,2024-03,8,1039.28,1
BKG100272,Resort Hotel,2022-05-16,2022-08-23,2022-09-02,99,Canada,4,0.0,Standard,218.44,Online Travel Agent,Check-Out,2022,5,May,2022-05,10,2184.4,0
BKG100273,City Hotel,2022-01-15,2022-03-23,2022-03-27,67,Singapore,1,0.0,Suite,335.12,Offline Agent,Check-Out,2022,1,Jan,2022-01,4,1340.48,0
BKG100274,Resort Hotel,2023-02-16,2023-03-09,2023-03-18,21,Singapore,2,0.0,Deluxe,84.24,Direct,Check-Out,2023,2,Feb,2023-02,9,758.16,0
BKG100275,Resort Hotel,2023-02-05,2023-07-05,2023-07-07,150,India,3,0.0,Deluxe,271.69,Online Travel Agent,Canceled,2023,2,Feb,2023-02,2,543.38,1
BKG100276,Resort Hotel,2022-04-29,2022-08-23,2022-09-02,116,USA,1,0.0,Standard,253.16,Direct,Canceled,2022,4,Apr,2022-04,10,2531.6,1
BKG100277,City Hotel,2022-06-17,2022-10-22,2022-10-28,127,USA,3,0.0,Family,167.84,Corporate,Canceled,2022,6,Jun,2022-06,6,1007.04,1
BKG100278,City Hotel,2022-10-06,2023-02-17,2023-02-19,134,Canada,3,0.0,Suite,241.98,Online Travel Agent,Check-Out,2022,10,Oct,2022-10,2,483.96,0
BKG100279,Resort Hotel,2023-08-04,2023-09-15,2023-09-21,42,Germany,2,0.0,Standard,284.27,Online Travel Agent,Canceled,2023,8,Aug,2023-08,6,1705.62,1
BKG100280,Resort Hotel,2022-01-13,2022-03-16,2022-03-17,62,UK,4,0.0,Standard,171.06,Offline Agent,Check-Out,2022,1,Jan,2022-01,1,171.06,0
BKG100281,Resort Hotel,2022-09-12,2022-12-27,2023-01-02,106,Singapore,3,0.0,Standard,225.75,Direct,Check-Out,2022,9,Sep,2022-09,6,1354.5,0
BKG100282,City Hotel,2023-06-13,2023-06-24,2023-07-01,11,UAE,1,1.0,Standard,311.15,Offline Agent,Check-Out,2023,6,Jun,2023-06,7,2178.0499999999997,0
BKG100283,City Hotel,2022-07-25,2022-10-07,2022-10-17,74,Brazil,3,2.0,Family,130.35,Direct,Canceled,2022,7,Jul,2022-07,10,1303.5,1
BKG100284,City Hotel,2023-07-14,2023-09-14,2023-09-17,62,India,1,1.0,Suite,66.93,Online Travel Agent,Canceled,2023,7,Jul,2023-07,3,200.79000000000002,1
BKG100285,City Hotel,2023-01-21,2023-04-09,2023-04-11,78,Canada,2,2.0,Standard,345.1,Direct,Canceled,2023,1,Jan,2023-01,2,690.2,1
BKG100286,Resort Hotel,2022-04-06,2022-04-17,2022-04-21,11,Brazil,4,0.0,Standard,192.95,Direct,Check-Out,2022,4,Apr,2022-04,4,771.8,0
BKG100287,Resort Hotel,2023-02-08,2023-02-27,2023-03-09,19,Germany,1,1.0,Suite,252.11,Corporate,Canceled,2023,2,Feb,2023-02,10,2521.1000000000004,1
BKG100288,Resort Hotel,2024-03-31,2024-07-09,2024-07-15,100,Germany,3,1.0,Deluxe,138.87,Online Travel Agent,Check-Out,2024,3,Mar,2024-03,6,833.22,0
BKG100289,City Hotel,2022-06-18,2022-10-11,2022-10-19,115,Germany,3,1.0,Family,95.01,Corporate,Check-Out,2022,6,Jun,2022-06,8,760.08,0
BKG100290,Resort Hotel,2024-05-22,2024-06-21,2024-06-23,30,Germany,2,0.0,Suite,299.65,Direct,Check-Out,2024,5,May,2024-05,2,599.3,0
BKG100291,Resort Hotel,2022-09-12,2022-12-12,2022-12-19,91,India,1,0.0,Family,135.45,Online Travel Agent,Check-Out,2022,9,Sep,2022-09,7,948.1499999999999,0
BKG100292,Resort Hotel,2023-07-18,2023-09-19,2023-09-21,63,USA,4,0.0,Standard,293.13,Online Travel Agent,Canceled,2023,7,Jul,2023-07,2,586.26,1
BKG100293,Resort Hotel,2022-08-16,2022-09-18,2022-09-22,33,Brazil,4,0.0,Family,259.02,Online Travel Agent,Check-Out,2022,8,Aug,2022-08,4,1036.08,0
BKG100294,City Hotel,2022-03-08,2022-04-27,2022-05-05,50,USA,2,0.0,Standard,322.47,Offline Agent,Check-Out,2022,3,Mar,2022-03,8,2579.76,0
BKG100295,City Hotel,2023-08-11,2023-11-29,2023-12-06,110,UK,4,0.0,Suite,170.99,Direct,Canceled,2023,8,Aug,2023-08,7,1196.93,1
BKG100296,Resort Hotel,2022-10-09,2022-12-19,2022-12-27,71,France,2,0.0,Family,238.09,Offline Agent,Canceled,2022,10,Oct,2022-10,8,1904.72,1
BKG100297,Resort Hotel,2023-05-06,2023-05-21,2023-05-23,15,Singapore,3,1.0,Deluxe,99.8,Online Travel Agent,No-Show,2023,5,May,2023-05,2,199.6,0
BKG100298,City Hotel,2024-03-11,2024-06-10,2024-06-18,91,Australia,4,0.0,Suite,324.68,Direct,Check-Out,2024,3,Mar,2024-03,8,2597.44,0
BKG100299,City Hotel,2023-09-04,2023-10-30,2023-10-31,56,Singapore,3,0.0,Family,294.51,Direct,No-Show,2023,9,Sep,2023-09,1,294.51,0
BKG100300,Resort Hotel,2022-04-13,2022-06-15,2022-06-19,63,Germany,3,2.0,Family,296.72,Corporate,Canceled,2022,4,Apr,2022-04,4,1186.88,1
BKG100301,City Hotel,2024-05-15,2024-06-28,2024-07-01,44,Brazil,2,2.0,Standard,152.22,Corporate,Canceled,2024,5,May,2024-05,3,456.65999999999997,1
BKG100302,Resort Hotel,2023-08-01,2023-09-06,2023-09-16,36,Canada,2,1.0,Standard,217.22,Online Travel Agent,Check-Out,2023,8,Aug,2023-08,10,2172.2,0
BKG100303,Resort Hotel,2023-09-09,2023-11-04,2023-11-05,56,UK,4,0.0,Suite,156.2,Direct,Canceled,2023,9,Sep,2023-09,1,156.2,1
BKG100304,Resort Hotel,2024-05-14,2024-08-04,2024-08-05,82,USA,1,0.0,Suite,230.12,Online Travel Agent,Check-Out,2024,5,May,2024-05,1,230.12,0
BKG100305,Resort Hotel,2023-11-10,2024-02-19,2024-02-29,101,UK,1,0.0,Family,147.51,Offline Agent,Check-Out,2023,11,Nov,2023-11,10,1475.1,0
BKG100306,Resort Hotel,2022-06-28,2022-11-18,2022-11-28,143,Australia,3,0.0,Suite,253.0,Corporate,Check-Out,2022,6,Jun,2022-06,10,2530.0,0
BKG100307,City Hotel,2024-01-17,2024-01-17,2024-01-27,0,Brazil,4,0.0,Family,69.39,Online Travel Agent,Canceled,2024,1,Jan,2024-01,10,693.9,1
BKG100308,Resort Hotel,2022-05-25,2022-08-17,2022-08-19,84,USA,2,0.0,Suite,344.89,Online Travel Agent,Check-Out,2022,5,May,2022-05,2,689.78,0
BKG100309,Resort Hotel,2022-08-03,2022-10-05,2022-10-07,63,India,3,0.0,Family,288.24,Offline Agent,Canceled,2022,8,Aug,2022-08,2,576.48,1
BKG100310,Resort Hotel,2022-06-20,2022-10-03,2022-10-11,105,Canada,4,0.0,Deluxe,218.35,Direct,Check-Out,2022,6,Jun,2022-06,8,1746.8,0
BKG100311,Resort Hotel,2024-03-29,2024-04-06,2024-04-11,8,USA,1,0.0,Suite,135.73,Direct,Canceled,2024,3,Mar,2024-03,5,678.65,1
BKG100312,City Hotel,2022-06-14,2022-07-03,2022-07-12,19,India,1,0.0,Family,232.27,Direct,Check-Out,2022,6,Jun,2022-06,9,2090.4300000000003,0
BKG100313,Resort Hotel,2023-03-21,2023-04-30,2023-05-01,40,Australia,1,0.0,Suite,119.61,Corporate,Check-Out,2023,3,Mar,2023-03,1,119.61,0
BKG100314,Resort Hotel,2022-04-09,2022-04-21,2022-04-28,12,Australia,4,0.0,Standard,75.81,Corporate,Canceled,2022,4,Apr,2022-04,7,530.6700000000001,1
BKG100315,Resort Hotel,2023-10-03,2024-03-04,2024-03-12,153,France,2,0.0,Standard,67.46,Online Travel Agent,Canceled,2023,10,Oct,2023-10,8,539.68,1
BKG100316,City Hotel,2022-11-12,2023-02-21,2023-03-01,101,UK,4,0.0,Suite,86.43,Offline Agent,Check-Out,2022,11,Nov,2022-11,8,691.44,0
BKG100317,City Hotel,2023-04-02,2023-04-13,2023-04-18,11,Brazil,4,1.0,Family,136.39,Direct,Canceled,2023,4,Apr,2023-04,5,681.9499999999999,1
BKG100318,Resort Hotel,2023-11-15,2023-12-09,2023-12-11,24,Singapore,3,2.0,Standard,180.06,Offline Agent,Canceled,2023,11,Nov,2023-11,2,360.12,1
BKG100319,City Hotel,2023-03-05,2023-07-20,2023-07-28,137,India,2,0.0,Deluxe,146.67,Online Travel Agent,Canceled,2023,3,Mar,2023-03,8,1173.36,1
BKG100320,City Hotel,2023-04-05,2023-05-19,2023-05-22,44,USA,2,0.0,Family,96.59,Direct,No-Show,2023,4,Apr,2023-04,3,289.77,0
BKG100321,Resort Hotel,2023-10-05,2023-11-11,2023-11-21,37,USA,3,0.0,Family,324.13,Offline Agent,Check-Out,2023,10,Oct,2023-10,10,3241.3,0
BKG100322,City Hotel,2024-05-27,2024-08-05,2024-08-14,70,USA,4,0.0,Family,288.1,Direct,Check-Out,2024,5,May,2024-05,9,2592.9,0
BKG100323,City Hotel,2023-08-26,2024-01-22,2024-01-24,149,Singapore,1,2.0,Suite,286.07,Offline Agent,Check-Out,2023,8,Aug,2023-08,2,572.14,0
BKG100324,City Hotel,2023-11-02,2024-03-05,2024-03-15,124,UK,4,0.0,Family,109.94,Online Travel Agent,Check-Out,2023,11,Nov,2023-11,10,1099.4,0
BKG100325,City Hotel,2024-06-19,2024-09-11,2024-09-15,84,India,1,1.0,Suite,327.04,Corporate,Check-Out,2024,6,Jun,2024-06,4,1308.16,0
BKG100326,City Hotel,2024-05-13,2024-09-15,2024-09-17,125,UAE,2,0.0,Suite,147.14,Offline Agent,Check-Out,2024,5,May,2024-05,2,294.28,0
BKG100327,City Hotel,2022-04-02,2022-05-20,2022-05-28,48,India,2,1.0,Deluxe,274.87,Online Travel Agent,Check-Out,2022,4,Apr,2022-04,8,2198.96,0
BKG100328,Resort Hotel,2023-06-03,2023-09-14,2023-09-17,103,India,1,0.0,Deluxe,115.9,Online Travel Agent,Check-Out,2023,6,Jun,2023-06,3,347.70000000000005,0
BKG100329,City Hotel,2023-01-05,2023-07-04,2023-07-08,180,USA,3,0.0,Standard,298.82,Direct,Check-Out,2023,1,Jan,2023-01,4,1195.28,0
BKG100330,City Hotel,2023-09-01,2023-12-24,2023-12-27,114,UK,4,2.0,Suite,219.89,Online Travel Agent,Check-Out,2023,9,Sep,2023-09,3,659.67,0
BKG100331,Resort Hotel,2023-01-31,2023-02-12,2023-02-15,12,France,2,0.0,Family,247.74,Online Travel Agent,Canceled,2023,1,Jan,2023-01,3,743.22,1
BKG100332,Resort Hotel,2024-02-25,2024-08-17,2024-08-18,174,Germany,4,0.0,Suite,247.74,Corporate,Canceled,2024,2,Feb,2024-02,1,247.74,1
BKG100333,City Hotel,2023-12-28,2024-06-09,2024-06-14,164,France,4,1.0,Deluxe,306.96,Offline Agent,Check-Out,2023,12,Dec,2023-12,5,1534.8,0
BKG100334,City Hotel,2023-06-18,2023-11-24,2023-12-01,159,Singapore,1,0.0,Suite,208.34,Corporate,Check-Out,2023,6,Jun,2023-06,7,1458.38,0
BKG100335,City Hotel,2023-05-09,2023-05-25,2023-05-31,16,France,3,0.0,Family,309.83,Direct,Check-Out,2023,5,May,2023-05,6,1858.98,0
BKG100336,Resort Hotel,2022-09-04,2022-09-18,2022-09-28,14,Canada,4,0.0,Suite,257.42,Corporate,Canceled,2022,9,Sep,2022-09,10,2574.2000000000003,1
BKG100337,Resort Hotel,2023-02-19,2023-05-29,2023-05-30,99,Singapore,2,0.0,Family,270.7,Corporate,Check-Out,2023,2,Feb,2023-02,1,270.7,0
BKG100338,Resort Hotel,2024-05-15,2024-06-27,2024-07-06,43,France,2,0.0,Deluxe,88.3,Corporate,Check-Out,2024,5,May,2024-05,9,794.6999999999999,0
BKG100339,City Hotel,2022-08-16,2022-11-14,2022-11-18,90,UAE,3,1.0,Suite,288.55,Corporate,Check-Out,2022,8,Aug,2022-08,4,1154.2,0
BKG100340,Resort Hotel,2022-05-01,2022-08-29,2022-08-30,120,Australia,1,1.0,Family,317.93,Offline Agent,Check-Out,2022,5,May,2022-05,1,317.93,0
BKG100341,City Hotel,2024-05-24,2024-07-01,2024-07-04,38,UK,2,0.0,Suite,178.67,Online Travel Agent,Canceled,2024,5,May,2024-05,3,536.01,1
BKG100342,City Hotel,2023-05-15,2023-08-08,2023-08-11,85,Germany,3,0.0,Deluxe,61.37,Direct,Check-Out,2023,5,May,2023-05,3,184.10999999999999,0
BKG100343,City Hotel,2024-02-21,2024-03-14,2024-03-17,22,Australia,4,1.0,Standard,176.98,Online Travel Agent,Check-Out,2024,2,Feb,2024-02,3,530.9399999999999,0
BKG100344,Resort Hotel,2024-01-19,2024-04-23,2024-04-24,95,Germany,3,2.0,Deluxe,115.27,Corporate,Check-Out,2024,1,Jan,2024-01,1,115.27,0
BKG100345,Resort Hotel,2022-04-16,2022-07-23,2022-08-01,98,France,3,0.0,Suite,78.93,Offline Agent,Canceled,2022,4,Apr,2022-04,9,710.3700000000001,1
BKG100346,City Hotel,2023-09-03,2024-01-15,2024-01-21,134,Australia,4,0.0,Deluxe,159.39,Direct,Canceled,2023,9,Sep,2023-09,6,956.3399999999999,1
BKG100347,Resort Hotel,2024-04-11,2024-07-23,2024-07-24,103,Germany,2,0.0,Standard,270.88,Direct,Check-Out,2024,4,Apr,2024-04,1,270.88,0
BKG100348,Resort Hotel,2023-12-30,2024-06-13,2024-06-14,166,Australia,4,0.0,Standard,283.66,Online Travel Agent,Check-Out,2023,12,Dec,2023-12,1,283.66,0
BKG100349,City Hotel,2022-01-21,2022-02-02,2022-02-04,12,Canada,4,1.0,Deluxe,170.27,Direct,Check-Out,2022,1,Jan,2022-01,2,340.54,0
BKG100350,City Hotel,2023-10-08,2023-10-10,2023-10-15,2,Brazil,4,0.0,Deluxe,252.12,Offline Agent,Canceled,2023,10,Oct,2023-10,5,1260.6,1
BKG100351,Resort Hotel,2022-04-18,2022-08-26,2022-09-05,130,Australia,1,0.0,Deluxe,93.06,Direct,Canceled,2022,4,Apr,2022-04,10,930.6,1
BKG100352,Resort Hotel,2024-05-01,2024-09-11,2024-09-15,133,Singapore,3,1.0,Family,145.65,Direct,Check-Out,2024,5,May,2024-05,4,582.6,0
BKG100353,Resort Hotel,2023-05-08,2023-07-31,2023-08-04,84,Brazil,1,0.0,Family,254.77,Direct,Canceled,2023,5,May,2023-05,4,1019.08,1
BKG100354,City Hotel,2024-03-09,2024-07-17,2024-07-19,130,France,1,0.0,Suite,246.86,Offline Agent,Check-Out,2024,3,Mar,2024-03,2,493.72,0
BKG100355,City Hotel,2024-04-12,2024-05-26,2024-05-27,44,Australia,3,0.0,Standard,292.46,Online Travel Agent,Canceled,2024,4,Apr,2024-04,1,292.46,1
BKG100356,City Hotel,2022-02-16,2022-02-18,2022-02-21,2,Brazil,2,0.0,Suite,163.68,Online Travel Agent,Check-Out,2022,2,Feb,2022-02,3,491.04,0
BKG100357,City Hotel,2022-12-17,2023-02-01,2023-02-03,46,Australia,4,1.0,Family,339.07,Offline Agent,Check-Out,2022,12,Dec,2022-12,2,678.14,0
BKG100358,Resort Hotel,2024-03-27,2024-05-08,2024-05-10,42,USA,2,0.0,Family,344.66,Online Travel Agent,Canceled,2024,3,Mar,2024-03,2,689.32,1
BKG100359,Resort Hotel,2023-11-26,2024-03-17,2024-03-20,112,Canada,4,0.0,Family,237.29,Online Travel Agent,Canceled,2023,11,Nov,2023-11,3,711.87,1
BKG100360,Resort Hotel,2023-03-28,2023-04-08,2023-04-10,11,UAE,3,0.0,Standard,63.58,Offline Agent,Check-Out,2023,3,Mar,2023-03,2,127.16,0
BKG100361,Resort Hotel,2022-09-12,2023-01-13,2023-01-19,123,India,4,0.0,Deluxe,303.32,Offline Agent,Canceled,2022,9,Sep,2022-09,6,1819.92,1
BKG100362,City Hotel,2024-06-09,2024-07-21,2024-07-23,42,India,4,0.0,Deluxe,129.86,Offline Agent,Check-Out,2024,6,Jun,2024-06,2,259.72,0
BKG100363,City Hotel,2022-08-29,2022-09-18,2022-09-26,20,Canada,4,2.0,Suite,189.95,Online Travel Agent,No-Show,2022,8,Aug,2022-08,8,1519.6,0
BKG100364,Resort Hotel,2024-02-03,2024-07-19,2024-07-20,167,USA,1,1.0,Suite,179.58,Direct,Check-Out,2024,2,Feb,2024-02,1,179.58,0
BKG100365,City Hotel,2023-04-13,2023-07-09,2023-07-15,87,Singapore,1,0.0,Family,304.85,Corporate,Canceled,2023,4,Apr,2023-04,6,1829.1000000000001,1
BKG100366,City Hotel,2022-04-27,2022-05-21,2022-05-25,24,Australia,1,0.0,Suite,162.99,Online Travel Agent,Check-Out,2022,4,Apr,2022-04,4,651.96,0
BKG100367,Resort Hotel,2022-06-18,2022-10-22,2022-10-25,126,Germany,4,0.0,Standard,133.74,Offline Agent,Check-Out,2022,6,Jun,2022-06,3,401.22,0
BKG100368,Resort Hotel,2024-04-24,2024-06-11,2024-06-17,48,Canada,1,1.0,Family,73.49,Direct,No-Show,2024,4,Apr,2024-04,6,440.93999999999994,0
BKG100369,Resort Hotel,2022-01-05,2022-05-20,2022-05-21,135,Brazil,4,2.0,Deluxe,200.05,Direct,Check-Out,2022,1,Jan,2022-01,1,200.05,0
BKG100370,City Hotel,2023-11-05,2024-04-06,2024-04-16,153,Brazil,3,2.0,Deluxe,315.6,Online Travel Agent,Check-Out,2023,11,Nov,2023-11,10,3156.0,0
BKG100371,City Hotel,2022-12-18,2023-03-03,2023-03-11,75,Singapore,2,0.0,Suite,179.7,Online Travel Agent,Check-Out,2022,12,Dec,2022-12,8,1437.6,0
BKG100372,City Hotel,2023-10-02,2023-12-15,2023-12-21,74,USA,2,0.0,Suite,206.13,Offline Agent,Check-Out,2023,10,Oct,2023-10,6,1236.78,0
BKG100373,Resort Hotel,2023-11-15,2024-02-29,2024-03-09,106,India,3,1.0,Family,294.41,Direct,Check-Out,2023,11,Nov,2023-11,9,2649.69,0
BKG100374,Resort Hotel,2022-02-27,2022-04-19,2022-04-24,51,India,2,0.0,Suite,258.18,Direct,Canceled,2022,2,Feb,2022-02,5,1290.9,1
BKG100375,Resort Hotel,2022-02-03,2022-05-05,2022-05-13,91,Singapore,1,2.0,Family,311.73,Direct,Check-Out,2022,2,Feb,2022-02,8,2493.84,0
BKG100376,City Hotel,2024-03-26,2024-09-20,2024-09-25,178,Singapore,1,1.0,Standard,172.39,Online Travel Agent,Canceled,2024,3,Mar,2024-03,5,861.9499999999999,1
BKG100377,Resort Hotel,2022-07-27,2023-01-01,2023-01-09,158,Germany,2,0.0,Suite,278.98,Offline Agent,Check-Out,2022,7,Jul,2022-07,8,2231.84,0
BKG100378,Resort Hotel,2023-12-01,2023-12-20,2023-12-23,19,Australia,2,2.0,Suite,94.61,Online Travel Agent,Check-Out,2023,12,Dec,2023-12,3,283.83,0
BKG100379,Resort Hotel,2023-08-22,2023-10-26,2023-10-27,65,India,3,1.0,Family,265.81,Corporate,Check-Out,2023,8,Aug,2023-08,1,265.81,0
BKG100380,City Hotel,2024-03-03,2024-08-10,2024-08-20,160,Australia,3,0.0,Suite,289.07,Direct,No-Show,2024,3,Mar,2024-03,10,2890.7,0
BKG100381,City Hotel,2023-06-18,2023-07-05,2023-07-14,17,USA,2,1.0,Suite,217.49,Direct,Canceled,2023,6,Jun,2023-06,9,1957.41,1
BKG100382,City Hotel,2023-11-11,2024-02-03,2024-02-09,84,Singapore,3,0.0,Standard,123.35,Online Travel Agent,Check-Out,2023,11,Nov,2023-11,6,740.0999999999999,0
BKG100383,City Hotel,2023-04-02,2023-06-02,2023-06-12,61,Australia,2,0.0,Standard,257.94,Offline Agent,Check-Out,2023,4,Apr,2023-04,10,2579.4,0
BKG100384,City Hotel,2024-01-12,2024-03-24,2024-03-25,72,Canada,3,2.0,Standard,292.82,Corporate,Canceled,2024,1,Jan,2024-01,1,292.82,1
BKG100385,Resort Hotel,2022-07-17,2022-10-07,2022-10-16,82,USA,1,0.0,Deluxe,108.54,Direct,Canceled,2022,7,Jul,2022-07,9,976.86,1
BKG100386,Resort Hotel,2023-03-11,2023-04-06,2023-04-10,26,India,4,0.0,Family,276.6,Corporate,Check-Out,2023,3,Mar,2023-03,4,1106.4,0
BKG100387,Resort Hotel,2022-03-17,2022-03-30,2022-04-02,13,France,3,2.0,Family,80.43,Offline Agent,Check-Out,2022,3,Mar,2022-03,3,241.29000000000002,0
BKG100388,Resort Hotel,2023-02-19,2023-06-09,2023-06-15,110,Australia,1,1.0,Standard,255.26,Online Travel Agent,Canceled,2023,2,Feb,2023-02,6,1531.56,1
BKG100389,City Hotel,2022-03-16,2022-06-15,2022-06-24,91,Brazil,1,0.0,Standard,288.2,Corporate,Canceled,2022,3,Mar,2022-03,9,2593.7999999999997,1
BKG100390,Resort Hotel,2023-03-25,2023-06-30,2023-07-07,97,UK,1,1.0,Family,105.33,Corporate,No-Show,2023,3,Mar,2023-03,7,737.31,0
BKG100391,Resort Hotel,2022-05-28,2022-08-12,2022-08-18,76,USA,1,2.0,Standard,313.68,Online Travel Agent,Check-Out,2022,5,May,2022-05,6,1882.08,0
BKG100392,City Hotel,2023-02-08,2023-06-25,2023-07-04,137,Germany,1,0.0,Family,120.92,Direct,Check-Out,2023,2,Feb,2023-02,9,1088.28,0
BKG100393,Resort Hotel,2022-08-15,2023-01-19,2023-01-24,157,Singapore,2,0.0,Family,112.59,Online Travel Agent,Check-Out,2022,8,Aug,2022-08,5,562.95,0
BKG100394,City Hotel,2022-03-10,2022-05-13,2022-05-15,64,UAE,2,2.0,Deluxe,201.29,Direct,Check-Out,2022,3,Mar,2022-03,2,402.58,0
BKG100395,City Hotel,2023-09-27,2023-10-14,2023-10-18,17,Brazil,3,1.0,Deluxe,190.69,Corporate,Canceled,2023,9,Sep,2023-09,4,762.76,1
BKG100396,City Hotel,2023-03-15,2023-04-27,2023-04-28,43,France,3,0.0,Suite,287.84,Direct,Check-Out,2023,3,Mar,2023-03,1,287.84,0
BKG100397,City Hotel,2022-12-06,2023-04-07,2023-04-15,122,Singapore,4,0.0,Family,284.68,Direct,Check-Out,2022,12,Dec,2022-12,8,2277.44,0
BKG100398,Resort Hotel,2022-03-25,2022-06-04,2022-06-07,71,USA,2,0.0,Standard,272.73,Online Travel Agent,Canceled,2022,3,Mar,2022-03,3,818.19,1
BKG100399,City Hotel,2023-08-16,2023-11-27,2023-12-07,103,UK,2,0.0,Suite,219.96,Offline Agent,Check-Out,2023,8,Aug,2023-08,10,2199.6,0
BKG100400,Resort Hotel,2024-03-01,2024-07-29,2024-08-03,150,Australia,2,1.0,Suite,205.33,Online Travel Agent,Check-Out,2024,3,Mar,2024-03,5,1026.65,0
BKG100401,Resort Hotel,2024-05-18,2024-10-22,2024-10-25,157,Australia,2,1.0,Suite,106.17,Online Travel Agent,Check-Out,2024,5,May,2024-05,3,318.51,0
BKG100402,Resort Hotel,2023-05-15,2023-07-13,2023-07-15,59,Singapore,3,0.0,Suite,127.87,Offline Agent,Check-Out,2023,5,May,2023-05,2,255.74,0
BKG100403,City Hotel,2023-04-11,2023-04-22,2023-04-23,11,France,3,0.0,Deluxe,264.08,Offline Agent,Check-Out,2023,4,Apr,2023-04,1,264.08,0
BKG100404,Resort Hotel,2023-01-10,2023-06-09,2023-06-11,150,Singapore,3,1.0,Family,342.08,Corporate,Canceled,2023,1,Jan,2023-01,2,684.16,1
BKG100405,City Hotel,2022-12-20,2023-04-23,2023-05-01,124,UK,1,2.0,Deluxe,315.79,Online Travel Agent,Check-Out,2022,12,Dec,2022-12,8,2526.32,0
BKG100406,Resort Hotel,2022-10-15,2022-12-08,2022-12-11,54,Germany,2,0.0,Family,165.04,Corporate,Canceled,2022,10,Oct,2022-10,3,495.12,1
BKG100407,City Hotel,2023-05-09,2023-10-28,2023-11-05,172,India,4,0.0,Deluxe,231.33,Online Travel Agent,Check-Out,2023,5,May,2023-05,8,1850.64,0
BKG100408,Resort Hotel,2023-08-30,2023-10-10,2023-10-13,41,France,1,2.0,Family,102.59,Offline Agent,Check-Out,2023,8,Aug,2023-08,3,307.77,0
BKG100409,City Hotel,2023-08-01,2024-01-11,2024-01-12,163,Canada,3,0.0,Deluxe,122.81,Direct,Canceled,2023,8,Aug,2023-08,1,122.81,1
BKG100410,City Hotel,2023-09-08,2023-10-14,2023-10-24,36,UK,2,2.0,Suite,251.3,Online Travel Agent,Check-Out,2023,9,Sep,2023-09,10,2513.0,0
BKG100411,Resort Hotel,2022-03-12,2022-05-09,2022-05-16,58,Singapore,4,0.0,Family,91.49,Direct,Check-Out,2022,3,Mar,2022-03,7,640.43,0
BKG100412,Resort Hotel,2022-07-01,2022-10-30,2022-11-09,121,USA,1,2.0,Family,205.97,Direct,Canceled,2022,7,Jul,2022-07,10,2059.7,1
BKG100413,City Hotel,2023-07-07,2023-07-07,2023-07-14,0,Germany,4,0.0,Family,313.7,Offline Agent,Check-Out,2023,7,Jul,2023-07,7,2195.9,0
BKG100414,City Hotel,2024-04-03,2024-09-28,2024-10-08,178,Australia,1,1.0,Standard,98.83,Corporate,Check-Out,2024,4,Apr,2024-04,10,988.3,0
BKG100415,Resort Hotel,2023-07-11,2023-10-23,2023-10-28,104,Brazil,2,0.0,Standard,265.65,Online Travel Agent,Check-Out,2023,7,Jul,2023-07,5,1328.25,0
BKG100416,City Hotel,2022-07-30,2023-01-22,2023-01-28,176,Australia,4,0.0,Suite,90.91,Corporate,Canceled,2022,7,Jul,2022-07,6,545.46,1
BKG100417,City Hotel,2023-03-10,2023-08-01,2023-08-07,144,Singapore,3,1.0,Family,278.94,Direct,Check-Out,2023,3,Mar,2023-03,6,1673.6399999999999,0
BKG100418,City Hotel,2023-07-23,2023-11-23,2023-11-28,123,UK,3,2.0,Standard,159.86,Online Travel Agent,Check-Out,2023,7,Jul,2023-07,5,799.3000000000001,0
BKG100419,City Hotel,2023-12-18,2024-01-28,2024-01-30,41,Singapore,2,0.0,Standard,176.16,Direct,Check-Out,2023,12,Dec,2023-12,2,352.32,0
BKG100420,City Hotel,2023-10-14,2023-10-15,2023-10-17,1,USA,2,0.0,Standard,328.5,Corporate,Check-Out,2023,10,Oct,2023-10,2,657.0,0
BKG100421,City Hotel,2022-03-23,2022-08-25,2022-08-26,155,Brazil,4,1.0,Standard,238.05,Direct,Check-Out,2022,3,Mar,2022-03,1,238.05,0
BKG100422,Resort Hotel,2023-03-26,2023-03-28,2023-04-01,2,Brazil,3,0.0,Deluxe,69.75,Online Travel Agent,Check-Out,2023,3,Mar,2023-03,4,279.0,0
BKG100423,City Hotel,2023-11-02,2023-11-02,2023-11-05,0,Australia,1,0.0,Family,286.11,Direct,Check-Out,2023,11,Nov,2023-11,3,858.33,0
BKG100424,City Hotel,2024-01-25,2024-07-23,2024-07-25,180,UAE,1,2.0,Suite,142.5,Direct,Check-Out,2024,1,Jan,2024-01,2,285.0,0
BKG100425,Resort Hotel,2022-07-19,2022-11-12,2022-11-19,116,Singapore,1,0.0,Standard,110.76,Corporate,Check-Out,2022,7,Jul,2022-07,7,775.32,0
BKG100426,City Hotel,2022-04-30,2022-09-08,2022-09-13,131,Germany,3,1.0,Suite,340.16,Offline Agent,Check-Out,2022,4,Apr,2022-04,5,1700.8000000000002,0
BKG100427,Resort Hotel,2023-08-24,2023-08-31,2023-09-08,7,Germany,1,0.0,Suite,79.59,Offline Agent,No-Show,2023,8,Aug,2023-08,8,636.72,0
BKG100428,City Hotel,2023-06-13,2023-10-28,2023-10-29,137,UAE,3,0.0,Standard,143.31,Direct,Check-Out,2023,6,Jun,2023-06,1,143.31,0
BKG100429,Resort Hotel,2022-12-29,2023-02-22,2023-03-04,55,Canada,3,0.0,Deluxe,334.66,Direct,Canceled,2022,12,Dec,2022-12,10,3346.6000000000004,1
BKG100430,City Hotel,2024-06-12,2024-08-18,2024-08-22,67,UK,2,0.0,Standard,302.13,Online Travel Agent,Canceled,2024,6,Jun,2024-06,4,1208.52,1
BKG100431,City Hotel,2023-11-24,2024-05-11,2024-05-19,169,UAE,1,2.0,Suite,337.82,Offline Agent,Canceled,2023,11,Nov,2023-11,8,2702.56,1
BKG100432,Resort Hotel,2023-08-12,2023-10-21,2023-10-29,70,Brazil,2,2.0,Deluxe,141.28,Online Travel Agent,Check-Out,2023,8,Aug,2023-08,8,1130.24,0
BKG100433,Resort Hotel,2023-03-10,2023-07-10,2023-07-19,122,Canada,1,2.0,Standard,160.71,Offline Agent,Check-Out,2023,3,Mar,2023-03,9,1446.39,0
BKG100434,City Hotel,2022-01-09,2022-01-12,2022-01-16,3,Brazil,4,2.0,Suite,89.22,Direct,Check-Out,2022,1,Jan,2022-01,4,356.88,0
BKG100435,City Hotel,2022-08-31,2022-11-07,2022-11-15,68,Germany,3,0.0,Family,113.33,Corporate,Check-Out,2022,8,Aug,2022-08,8,906.64,0
BKG100436,Resort Hotel,2023-02-15,2023-04-27,2023-05-05,71,USA,2,2.0,Suite,98.03,Direct,Check-Out,2023,2,Feb,2023-02,8,784.24,0
BKG100437,Resort Hotel,2024-05-26,2024-08-31,2024-09-04,97,UK,2,0.0,Family,197.17,Offline Agent,Check-Out,2024,5,May,2024-05,4,788.68,0
BKG100438,Resort Hotel,2024-05-19,2024-10-27,2024-11-05,161,Australia,3,1.0,Standard,147.01,Direct,Check-Out,2024,5,May,2024-05,9,1323.09,0
BKG100439,City Hotel,2024-04-13,2024-06-17,2024-06-25,65,UAE,1,0.0,Family,275.93,Corporate,Check-Out,2024,4,Apr,2024-04,8,2207.44,0
BKG100440,Resort Hotel,2023-02-26,2023-03-29,2023-04-04,31,France,2,2.0,Suite,227.01,Corporate,Check-Out,2023,2,Feb,2023-02,6,1362.06,0
BKG100441,Resort Hotel,2023-05-15,2023-09-06,2023-09-08,114,UK,4,2.0,Suite,143.09,Offline Agent,Check-Out,2023,5,May,2023-05,2,286.18,0
BKG100442,City Hotel,2023-08-09,2023-11-20,2023-11-22,103,UAE,1,0.0,Family,159.65,Corporate,Check-Out,2023,8,Aug,2023-08,2,319.3,0
BKG100443,City Hotel,2023-02-09,2023-04-19,2023-04-27,69,Australia,3,2.0,Deluxe,211.07,Direct,Canceled,2023,2,Feb,2023-02,8,1688.56,1
BKG100444,Resort Hotel,2022-05-09,2022-07-08,2022-07-13,60,USA,1,0.0,Standard,108.4,Offline Agent,Check-Out,2022,5,May,2022-05,5,542.0,0
BKG100445,Resort Hotel,2022-01-27,2022-05-08,2022-05-17,101,Australia,1,0.0,Family,136.11,Online Travel Agent,Check-Out,2022,1,Jan,2022-01,9,1224.9900000000002,0
BKG100446,Resort Hotel,2024-01-26,2024-04-07,2024-04-15,72,India,2,0.0,Standard,212.76,Corporate,Canceled,2024,1,Jan,2024-01,8,1702.08,1
BKG100447,Resort Hotel,2022-11-30,2023-03-31,2023-04-08,121,Brazil,3,2.0,Family,189.01,Online Travel Agent,Check-Out,2022,11,Nov,2022-11,8,1512.08,0
BKG100448,Resort Hotel,2023-10-17,2024-03-01,2024-03-06,136,Canada,3,1.0,Suite,216.5,Corporate,Check-Out,2023,10,Oct,2023-10,5,1082.5,0
BKG100449,Resort Hotel,2022-06-09,2022-08-25,2022-08-26,77,UAE,1,2.0,Family,296.46,Offline Agent,Check-Out,2022,6,Jun,2022-06,1,296.46,0
BKG100450,City Hotel,2023-12-06,2024-04-09,2024-04-17,125,Brazil,3,0.0,Family,282.1,Online Travel Agent,Check-Out,2023,12,Dec,2023-12,8,2256.8,0
BKG100451,City Hotel,2022-07-13,2022-10-26,2022-11-04,105,Australia,4,1.0,Deluxe,132.47,Corporate,Check-Out,2022,7,Jul,2022-07,9,1192.23,0
BKG100452,City Hotel,2023-10-03,2023-12-03,2023-12-12,61,Australia,3,0.0,Deluxe,248.05,Online Travel Agent,Check-Out,2023,10,Oct,2023-10,9,2232.4500000000003,0
BKG100453,City Hotel,2022-10-24,2022-11-21,2022-11-29,28,Germany,4,0.0,Suite,263.14,Online Travel Agent,Check-Out,2022,10,Oct,2022-10,8,2105.12,0
BKG100454,City Hotel,2023-07-02,2023-07-07,2023-07-10,5,India,1,0.0,Deluxe,138.07,Online Travel Agent,Check-Out,2023,7,Jul,2023-07,3,414.21,0
BKG100455,City Hotel,2023-05-21,2023-07-15,2023-07-21,55,UAE,4,0.0,Family,287.86,Online Travel Agent,Check-Out,2023,5,May,2023-05,6,1727.16,0
BKG100456,City Hotel,2024-05-13,2024-06-19,2024-06-20,37,UK,3,1.0,Deluxe,80.7,Corporate,Canceled,2024,5,May,2024-05,1,80.7,1
BKG100457,City Hotel,2024-04-28,2024-05-01,2024-05-03,3,Germany,2,1.0,Standard,283.66,Direct,Check-Out,2024,4,Apr,2024-04,2,567.32,0
BKG100458,City Hotel,2024-02-29,2024-03-24,2024-04-02,24,UAE,2,1.0,Deluxe,172.85,Online Travel Agent,Canceled,2024,2,Feb,2024-02,9,1555.6499999999999,1
BKG100459,Resort Hotel,2023-07-17,2023-11-27,2023-11-29,133,UAE,3,1.0,Standard,245.17,Direct,No-Show,2023,7,Jul,2023-07,2,490.34,0
BKG100460,City Hotel,2022-08-30,2023-02-08,2023-02-15,162,Brazil,3,0.0,Standard,108.53,Offline Agent,Canceled,2022,8,Aug,2022-08,7,759.71,1
BKG100461,Resort Hotel,2022-01-10,2022-01-20,2022-01-30,10,Germany,4,2.0,Deluxe,104.95,Offline Agent,Check-Out,2022,1,Jan,2022-01,10,1049.5,0
BKG100462,Resort Hotel,2023-09-26,2023-12-21,2023-12-22,86,UK,1,0.0,Family,246.93,Direct,Check-Out,2023,9,Sep,2023-09,1,246.93,0
BKG100463,City Hotel,2023-07-26,2024-01-07,2024-01-13,165,UAE,4,0.0,Deluxe,66.19,Corporate,Canceled,2023,7,Jul,2023-07,6,397.14,1
BKG100464,Resort Hotel,2023-05-12,2023-11-08,2023-11-16,180,Brazil,3,2.0,Deluxe,262.14,Corporate,Check-Out,2023,5,May,2023-05,8,2097.12,0
BKG100465,City Hotel,2023-04-25,2023-07-04,2023-07-14,70,France,2,0.0,Suite,214.03,Corporate,Check-Out,2023,4,Apr,2023-04,10,2140.3,0
BKG100466,City Hotel,2024-03-05,2024-08-15,2024-08-24,163,Brazil,4,0.0,Deluxe,316.05,Corporate,Canceled,2024,3,Mar,2024-03,9,2844.4500000000003,1
BKG100467,Resort Hotel,2023-11-06,2024-03-22,2024-03-29,137,Brazil,2,2.0,Suite,258.14,Corporate,Check-Out,2023,11,Nov,2023-11,7,1806.98,0
BKG100468,Resort Hotel,2022-11-26,2022-12-24,2022-12-26,28,UK,1,0.0,Standard,302.21,Direct,Check-Out,2022,11,Nov,2022-11,2,604.42,0
BKG100469,City Hotel,2022-07-16,2022-08-10,2022-08-11,25,India,4,1.0,Suite,212.49,Online Travel Agent,Check-Out,2022,7,Jul,2022-07,1,212.49,0
BKG100470,Resort Hotel,2022-03-14,2022-03-17,2022-03-21,3,UAE,4,0.0,Family,195.74,Corporate,Canceled,2022,3,Mar,2022-03,4,782.96,1
BKG100471,Resort Hotel,2022-03-01,2022-08-05,2022-08-10,157,Germany,1,0.0,Standard,301.99,Online Travel Agent,Canceled,2022,3,Mar,2022-03,5,1509.95,1
BKG100472,Resort Hotel,2023-06-29,2023-10-05,2023-10-09,98,Australia,2,2.0,Family,250.49,Online Travel Agent,Canceled,2023,6,Jun,2023-06,4,1001.96,1
BKG100473,Resort Hotel,2023-08-14,2023-11-13,2023-11-21,91,Singapore,4,0.0,Family,108.37,Corporate,Check-Out,2023,8,Aug,2023-08,8,866.96,0
BKG100474,City Hotel,2023-07-01,2023-12-01,2023-12-09,153,UAE,3,0.0,Family,219.52,Offline Agent,Canceled,2023,7,Jul,2023-07,8,1756.16,1
BKG100475,City Hotel,2022-11-28,2023-05-02,2023-05-06,155,UAE,2,1.0,Family,282.06,Offline Agent,No-Show,2022,11,Nov,2022-11,4,1128.24,0
BKG100476,City Hotel,2022-01-01,2022-01-09,2022-01-14,8,India,1,2.0,Suite,99.17,Direct,Check-Out,2022,1,Jan,2022-01,5,495.85,0
BKG100477,City Hotel,2022-11-19,2022-11-24,2022-11-29,5,UK,2,0.0,Deluxe,70.94,Corporate,Check-Out,2022,11,Nov,2022-11,5,354.7,0
BKG100478,City Hotel,2023-08-20,2023-10-22,2023-10-26,63,Brazil,3,0.0,Deluxe,86.65,Online Travel Agent,Canceled,2023,8,Aug,2023-08,4,346.6,1
BKG100479,Resort Hotel,2024-03-22,2024-07-23,2024-07-26,123,Brazil,4,2.0,Suite,297.66,Online Travel Agent,Canceled,2024,3,Mar,2024-03,3,892.98,1
BKG100480,City Hotel,2023-08-14,2023-11-19,2023-11-21,97,Australia,1,0.0,Standard,160.9,Direct,Canceled,2023,8,Aug,2023-08,2,321.8,1
BKG100481,Resort Hotel,2024-05-19,2024-10-20,2024-10-21,154,UAE,4,0.0,Deluxe,148.39,Online Travel Agent,Check-Out,2024,5,May,2024-05,1,148.39,0
BKG100482,Resort Hotel,2022-08-15,2022-09-23,2022-09-24,39,Germany,4,0.0,Family,278.32,Corporate,Canceled,2022,8,Aug,2022-08,1,278.32,1
BKG100483,Resort Hotel,2022-06-01,2022-07-04,2022-07-10,33,Singapore,1,1.0,Family,225.72,Corporate,Check-Out,2022,6,Jun,2022-06,6,1354.32,0
BKG100484,City Hotel,2023-05-29,2023-09-17,2023-09-20,111,Australia,2,1.0,Deluxe,222.2,Direct,Check-Out,2023,5,May,2023-05,3,666.5999999999999,0
BKG100485,City Hotel,2022-09-30,2023-01-18,2023-01-24,110,UAE,1,0.0,Suite,254.81,Direct,Check-Out,2022,9,Sep,2022-09,6,1528.8600000000001,0
BKG100486,City Hotel,2023-09-01,2024-02-15,2024-02-16,167,Brazil,3,0.0,Deluxe,346.42,Offline Agent,Check-Out,2023,9,Sep,2023-09,1,346.42,0
BKG100487,Resort Hotel,2024-04-17,2024-06-15,2024-06-19,59,USA,3,0.0,Standard,279.74,Direct,Canceled,2024,4,Apr,2024-04,4,1118.96,1
BKG100488,City Hotel,2022-06-01,2022-08-13,2022-08-14,73,India,3,0.0,Suite,148.48,Direct,Canceled,2022,6,Jun,2022-06,1,148.48,1
BKG100489,Resort Hotel,2022-08-05,2022-09-26,2022-10-05,52,India,3,2.0,Family,200.08,Online Travel Agent,Check-Out,2022,8,Aug,2022-08,9,1800.72,0
BKG100490,Resort Hotel,2022-03-03,2022-05-14,2022-05-18,72,USA,3,0.0,Family,194.84,Corporate,Check-Out,2022,3,Mar,2022-03,4,779.36,0
BKG100491,City Hotel,2023-11-07,2024-02-07,2024-02-09,92,Germany,1,0.0,Family,311.55,Online Travel Agent,Canceled,2023,11,Nov,2023-11,2,623.1,1
BKG100492,City Hotel,2023-05-12,2023-10-11,2023-10-20,152,Singapore,1,0.0,Standard,117.67,Online Travel Agent,Check-Out,2023,5,May,2023-05,9,1059.03,0
BKG100493,Resort Hotel,2023-06-27,2023-09-13,2023-09-19,78,UAE,4,1.0,Suite,275.87,Corporate,Check-Out,2023,6,Jun,2023-06,6,1655.22,0
BKG100494,Resort Hotel,2022-08-30,2023-01-05,2023-01-10,128,Singapore,1,0.0,Suite,314.82,Direct,Check-Out,2022,8,Aug,2022-08,5,1574.1,0
BKG100495,Resort Hotel,2023-02-07,2023-07-25,2023-07-28,168,Australia,1,1.0,Deluxe,211.01,Direct,Check-Out,2023,2,Feb,2023-02,3,633.03,0
BKG100496,Resort Hotel,2022-11-16,2023-04-19,2023-04-25,154,Brazil,4,2.0,Deluxe,98.21,Direct,Check-Out,2022,11,Nov,2022-11,6,589.26,0
BKG100497,Resort Hotel,2023-12-24,2024-05-06,2024-05-09,134,UAE,4,0.0,Standard,250.31,Online Travel Agent,Check-Out,2023,12,Dec,2023-12,3,750.9300000000001,0
BKG100498,City Hotel,2024-05-09,2024-06-15,2024-06-16,37,Canada,3,1.0,Suite,338.75,Direct,Canceled,2024,5,May,2024-05,1,338.75,1
BKG100499,Resort Hotel,2022-04-20,2022-05-23,2022-05-26,33,Brazil,1,2.0,Deluxe,238.91,Direct,Check-Out,2022,4,Apr,2022-04,3,716.73,0
BKG100500,City Hotel,2023-01-03,2023-01-23,2023-01-31,20,UAE,2,2.0,Deluxe,305.38,Offline Agent,Check-Out,2023,1,Jan,2023-01,8,2443.04,0
BKG100501,Resort Hotel,2022-05-21,2022-07-01,2022-07-05,41,France,2,0.0,Family,178.49,Direct,Canceled,2022,5,May,2022-05,4,713.96,1
BKG100502,City Hotel,2022-07-27,2022-09-17,2022-09-19,52,Australia,2,1.0,Family,311.47,Direct,Check-Out,2022,7,Jul,2022-07,2,622.94,0
BKG100503,Resort Hotel,2024-03-05,2024-03-15,2024-03-25,10,Singapore,4,0.0,Family,174.3,Offline Agent,Check-Out,2024,3,Mar,2024-03,10,1743.0,0
BKG100504,Resort Hotel,2024-06-17,2024-06-27,2024-07-01,10,Germany,4,0.0,Suite,221.73,Offline Agent,Check-Out,2024,6,Jun,2024-06,4,886.92,0
BKG100505,Resort Hotel,2022-11-08,2023-01-20,2023-01-28,73,Singapore,2,1.0,Deluxe,145.38,Offline Agent,Canceled,2022,11,Nov,2022-11,8,1163.04,1
BKG100506,Resort Hotel,2023-04-08,2023-05-01,2023-05-10,23,Australia,1,0.0,Family,285.83,Corporate,Check-Out,2023,4,Apr,2023-04,9,2572.47,0
BKG100507,City Hotel,2022-07-03,2022-10-27,2022-11-06,116,UK,2,1.0,Standard,86.15,Online Travel Agent,Check-Out,2022,7,Jul,2022-07,10,861.5,0
BKG100508,Resort Hotel,2023-04-06,2023-09-15,2023-09-21,162,Australia,1,2.0,Family,265.11,Online Travel Agent,Canceled,2023,4,Apr,2023-04,6,1590.66,1
BKG100509,Resort Hotel,2022-12-10,2023-05-03,2023-05-06,144,Australia,2,0.0,Suite,111.87,Corporate,Canceled,2022,12,Dec,2022-12,3,335.61,1
BKG100510,Resort Hotel,2023-04-02,2023-06-14,2023-06-17,73,Brazil,1,0.0,Suite,338.53,Online Travel Agent,Check-Out,2023,4,Apr,2023-04,3,1015.5899999999999,0
BKG100511,Resort Hotel,2024-05-25,2024-09-29,2024-10-08,127,Germany,1,2.0,Family,315.98,Offline Agent,Check-Out,2024,5,May,2024-05,9,2843.82,0
BKG100512,City Hotel,2022-03-23,2022-08-23,2022-09-02,153,Australia,1,0.0,Deluxe,315.83,Online Travel Agent,Check-Out,2022,3,Mar,2022-03,10,3158.2999999999997,0
BKG100513,City Hotel,2022-02-26,2022-08-12,2022-08-18,167,UAE,1,0.0,Standard,307.61,Online Travel Agent,Check-Out,2022,2,Feb,2022-02,6,1845.66,0
BKG100514,City Hotel,2022-07-02,2022-08-12,2022-08-17,41,India,2,1.0,Standard,277.31,Corporate,Check-Out,2022,7,Jul,2022-07,5,1386.55,0
BKG100515,Resort Hotel,2023-01-24,2023-02-10,2023-02-17,17,France,1,0.0,Suite,196.54,Online Travel Agent,Check-Out,2023,1,Jan,2023-01,7,1375.78,0
BKG100516,Resort Hotel,2023-12-14,2024-02-05,2024-02-15,53,Australia,1,0.0,Suite,225.7,Offline Agent,Check-Out,2023,12,Dec,2023-12,10,2257.0,0
BKG100517,City Hotel,2022-11-21,2023-01-26,2023-02-04,66,Singapore,3,0.0,Family,238.14,Offline Agent,Canceled,2022,11,Nov,2022-11,9,2143.2599999999998,1
BKG100518,City Hotel,2023-09-17,2023-11-15,2023-11-20,59,USA,2,0.0,Deluxe,94.28,Offline Agent,Check-Out,2023,9,Sep,2023-09,5,471.4,0
BKG100519,City Hotel,2022-12-08,2023-03-07,2023-03-16,89,France,2,0.0,Family,245.78,Corporate,Check-Out,2022,12,Dec,2022-12,9,2212.02,0
BKG100520,Resort Hotel,2023-07-18,2023-10-08,2023-10-09,82,UK,1,0.0,Deluxe,158.99,Corporate,Canceled,2023,7,Jul,2023-07,1,158.99,1
BKG100521,City Hotel,2023-11-20,2024-03-21,2024-03-29,122,Singapore,1,0.0,Suite,199.63,Offline Agent,Canceled,2023,11,Nov,2023-11,8,1597.04,1
BKG100522,City Hotel,2023-02-28,2023-03-14,2023-03-23,14,Singapore,3,2.0,Standard,270.24,Online Travel Agent,Check-Out,2023,2,Feb,2023-02,9,2432.16,0
BKG100523,City Hotel,2022-12-06,2023-03-06,2023-03-08,90,Australia,2,0.0,Deluxe,303.81,Offline Agent,Check-Out,2022,12,Dec,2022-12,2,607.62,0
BKG100524,City Hotel,2022-04-30,2022-07-17,2022-07-23,78,Germany,1,0.0,Suite,180.02,Offline Agent,Canceled,2022,4,Apr,2022-04,6,1080.1200000000001,1
BKG100525,Resort Hotel,2022-11-06,2022-12-31,2023-01-09,55,Germany,3,0.0,Standard,92.55,Offline Agent,Check-Out,2022,11,Nov,2022-11,9,832.9499999999999,0
BKG100526,City Hotel,2024-03-29,2024-07-30,2024-08-08,123,Singapore,2,0.0,Suite,158.63,Corporate,Check-Out,2024,3,Mar,2024-03,9,1427.67,0
BKG100527,City Hotel,2024-06-11,2024-07-06,2024-07-15,25,Australia,2,0.0,Standard,270.13,Online Travel Agent,Check-Out,2024,6,Jun,2024-06,9,2431.17,0
BKG100528,Resort Hotel,2022-02-15,2022-08-09,2022-08-19,175,USA,1,0.0,Suite,195.39,Online Travel Agent,Check-Out,2022,2,Feb,2022-02,10,1953.8999999999999,0
BKG100529,City Hotel,2022-11-16,2023-04-28,2023-05-02,163,Singapore,3,0.0,Suite,115.84,Online Travel Agent,Check-Out,2022,11,Nov,2022-11,4,463.36,0
BKG100530,Resort Hotel,2022-10-07,2022-11-14,2022-11-17,38,Germany,3,0.0,Suite,64.42,Online Travel Agent,Check-Out,2022,10,Oct,2022-10,3,193.26,0
BKG100531,City Hotel,2023-12-23,2024-03-04,2024-03-14,72,Singapore,2,0.0,Family,80.66,Online Travel Agent,Check-Out,2023,12,Dec,2023-12,10,806.5999999999999,0
BKG100532,City Hotel,2023-04-28,2023-10-17,2023-10-18,172,Australia,1,0.0,Deluxe,75.6,Offline Agent,Check-Out,2023,4,Apr,2023-04,1,75.6,0
BKG100533,Resort Hotel,2022-11-16,2023-02-09,2023-02-13,85,Canada,1,0.0,Standard,224.66,Offline Agent,Check-Out,2022,11,Nov,2022-11,4,898.64,0
BKG100534,City Hotel,2023-10-22,2024-02-18,2024-02-26,119,UAE,2,0.0,Family,101.68,Direct,Check-Out,2023,10,Oct,2023-10,8,813.44,0
BKG100535,City Hotel,2023-11-13,2024-02-05,2024-02-11,84,USA,4,1.0,Suite,68.78,Offline Agent,Check-Out,2023,11,Nov,2023-11,6,412.68,0
BKG100536,Resort Hotel,2022-06-24,2022-09-04,2022-09-10,72,UAE,2,2.0,Standard,89.85,Corporate,Check-Out,2022,6,Jun,2022-06,6,539.0999999999999,0
BKG100537,Resort Hotel,2023-02-15,2023-07-16,2023-07-23,151,Canada,2,2.0,Family,130.67,Online Travel Agent,Check-Out,2023,2,Feb,2023-02,7,914.6899999999999,0
BKG100538,City Hotel,2024-04-13,2024-10-07,2024-10-17,177,Singapore,4,1.0,Deluxe,224.49,Direct,Check-Out,2024,4,Apr,2024-04,10,2244.9,0
BKG100539,City Hotel,2022-03-21,2022-08-14,2022-08-22,146,Singapore,1,2.0,Standard,232.86,Online Travel Agent,Check-Out,2022,3,Mar,2022-03,8,1862.88,0
BKG100540,City Hotel,2023-02-20,2023-03-09,2023-03-19,17,UAE,1,2.0,Family,283.69,Online Travel Agent,Check-Out,2023,2,Feb,2023-02,10,2836.9,0
BKG100541,City Hotel,2024-04-16,2024-05-21,2024-05-31,35,Singapore,1,0.0,Suite,251.66,Offline Agent,Check-Out,2024,4,Apr,2024-04,10,2516.6,0
BKG100542,City Hotel,2023-04-03,2023-05-23,2023-05-27,50,Australia,3,0.0,Suite,225.38,Online Travel Agent,Check-Out,2023,4,Apr,2023-04,4,901.52,0
BKG100543,Resort Hotel,2023-09-19,2024-01-27,2024-02-03,130,India,2,0.0,Suite,78.1,Online Travel Agent,Canceled,2023,9,Sep,2023-09,7,546.6999999999999,1
BKG100544,City Hotel,2024-06-05,2024-06-12,2024-06-16,7,Australia,4,2.0,Family,174.34,Offline Agent,Check-Out,2024,6,Jun,2024-06,4,697.36,0
BKG100545,City Hotel,2022-08-05,2023-01-21,2023-01-24,169,Australia,4,0.0,Family,114.59,Direct,Check-Out,2022,8,Aug,2022-08,3,343.77,0
BKG100546,Resort Hotel,2024-06-12,2024-11-30,2024-12-03,171,UK,2,0.0,Family,80.81,Offline Agent,No-Show,2024,6,Jun,2024-06,3,242.43,0
BKG100547,City Hotel,2022-05-20,2022-06-10,2022-06-13,21,Brazil,4,1.0,Deluxe,319.14,Offline Agent,Check-Out,2022,5,May,2022-05,3,957.42,0
BKG100548,Resort Hotel,2023-07-20,2023-11-12,2023-11-19,115,Brazil,3,0.0,Family,113.88,Direct,Canceled,2023,7,Jul,2023-07,7,797.16,1
BKG100549,City Hotel,2022-10-03,2023-01-16,2023-01-25,105,UAE,3,0.0,Standard,343.69,Offline Agent,No-Show,2022,10,Oct,2022-10,9,3093.21,0
BKG100550,Resort Hotel,2022-03-23,2022-04-28,2022-05-07,36,Germany,3,0.0,Family,209.92,Online Travel Agent,Check-Out,2022,3,Mar,2022-03,9,1889.28,0
BKG100551,Resort Hotel,2023-07-07,2023-12-02,2023-12-07,148,Canada,1,0.0,Family,215.16,Online Travel Agent,Check-Out,2023,7,Jul,2023-07,5,1075.8,0
BKG100552,City Hotel,2022-12-06,2023-03-23,2023-03-29,107,Brazil,3,0.0,Suite,108.58,Online Travel Agent,Check-Out,2022,12,Dec,2022-12,6,651.48,0
BKG100553,Resort Hotel,2023-08-16,2023-09-28,2023-10-08,43,France,1,0.0,Family,294.58,Online Travel Agent,Check-Out,2023,8,Aug,2023-08,10,2945.7999999999997,0
BKG100554,City Hotel,2022-03-20,2022-05-30,2022-06-04,71,India,2,2.0,Family,141.48,Direct,Canceled,2022,3,Mar,2022-03,5,707.4,1
BKG100555,Resort Hotel,2024-01-27,2024-03-05,2024-03-13,38,Canada,3,0.0,Deluxe,135.76,Online Travel Agent,Check-Out,2024,1,Jan,2024-01,8,1086.08,0
BKG100556,City Hotel,2022-03-28,2022-05-04,2022-05-14,37,Australia,2,1.0,Deluxe,278.3,Offline Agent,Canceled,2022,3,Mar,2022-03,10,2783.0,1
BKG100557,Resort Hotel,2022-06-21,2022-08-13,2022-08-23,53,India,3,0.0,Family,246.26,Offline Agent,Check-Out,2022,6,Jun,2022-06,10,2462.6,0
BKG100558,City Hotel,2022-11-05,2023-03-06,2023-03-15,121,Canada,2,0.0,Suite,258.22,Direct,Check-Out,2022,11,Nov,2022-11,9,2323.9800000000005,0
BKG100559,Resort Hotel,2023-03-22,2023-03-25,2023-03-30,3,USA,4,1.0,Suite,256.76,Offline Agent,Check-Out,2023,3,Mar,2023-03,5,1283.8,0
BKG100560,City Hotel,2023-10-30,2024-01-07,2024-01-13,69,Brazil,3,0.0,Family,292.67,Offline Agent,Canceled,2023,10,Oct,2023-10,6,1756.02,1
BKG100561,Resort Hotel,2024-02-07,2024-04-08,2024-04-18,61,UAE,2,2.0,Standard,157.85,Online Travel Agent,Canceled,2024,2,Feb,2024-02,10,1578.5,1
BKG100562,City Hotel,2022-01-13,2022-04-28,2022-04-30,105,France,1,1.0,Deluxe,161.94,Online Travel Agent,Check-Out,2022,1,Jan,2022-01,2,323.88,0
BKG100563,Resort Hotel,2022-04-05,2022-04-19,2022-04-29,14,USA,2,2.0,Deluxe,245.04,Offline Agent,Check-Out,2022,4,Apr,2022-04,10,2450.4,0
BKG100564,City Hotel,2023-10-26,2024-03-18,2024-03-21,144,Australia,1,0.0,Family,133.47,Corporate,Canceled,2023,10,Oct,2023-10,3,400.40999999999997,1
BKG100565,City Hotel,2023-12-10,2024-05-28,2024-06-03,170,Australia,3,0.0,Family,286.41,Offline Agent,Check-Out,2023,12,Dec,2023-12,6,1718.46,0
BKG100566,Resort Hotel,2022-03-03,2022-05-08,2022-05-13,66,Brazil,2,1.0,Family,80.13,Direct,Check-Out,2022,3,Mar,2022-03,5,400.65,0
BKG100567,Resort Hotel,2022-04-22,2022-05-28,2022-06-06,36,Canada,4,0.0,Suite,238.05,Online Travel Agent,Check-Out,2022,4,Apr,2022-04,9,2142.4500000000003,0
BKG100568,Resort Hotel,2022-03-14,2022-08-07,2022-08-12,146,India,4,0.0,Standard,319.99,Offline Agent,Check-Out,2022,3,Mar,2022-03,5,1599.95,0
BKG100569,City Hotel,2023-12-18,2024-03-11,2024-03-18,84,Canada,1,2.0,Family,265.21,Offline Agent,Canceled,2023,12,Dec,2023-12,7,1856.4699999999998,1
BKG100570,City Hotel,2024-03-10,2024-03-27,2024-04-05,17,USA,2,0.0,Family,171.48,Corporate,Check-Out,2024,3,Mar,2024-03,9,1543.32,0
BKG100571,City Hotel,2023-02-15,2023-03-01,2023-03-03,14,USA,3,2.0,Family,307.47,Corporate,Check-Out,2023,2,Feb,2023-02,2,614.94,0
BKG100572,City Hotel,2022-06-30,2022-11-18,2022-11-19,141,USA,4,0.0,Suite,146.67,Offline Agent,Check-Out,2022,6,Jun,2022-06,1,146.67,0
BKG100573,Resort Hotel,2023-10-10,2024-01-30,2024-02-03,112,Australia,2,0.0,Family,116.0,Online Travel Agent,Canceled,2023,10,Oct,2023-10,4,464.0,1
BKG100574,Resort Hotel,2023-10-21,2024-01-07,2024-01-15,78,UAE,4,0.0,Standard,70.74,Offline Agent,Check-Out,2023,10,Oct,2023-10,8,565.92,0
BKG100575,Resort Hotel,2024-04-06,2024-09-20,2024-09-29,167,USA,4,2.0,Standard,103.2,Direct,Check-Out,2024,4,Apr,2024-04,9,928.8000000000001,0
BKG100576,Resort Hotel,2022-01-20,2022-05-20,2022-05-30,120,India,1,0.0,Deluxe,263.38,Online Travel Agent,Canceled,2022,1,Jan,2022-01,10,2633.8,1
BKG100577,Resort Hotel,2024-04-20,2024-05-14,2024-05-22,24,USA,2,2.0,Family,78.55,Online Travel Agent,Check-Out,2024,4,Apr,2024-04,8,628.4,0
BKG100578,Resort Hotel,2022-07-27,2022-11-13,2022-11-19,109,UAE,4,0.0,Deluxe,95.03,Online Travel Agent,Check-Out,2022,7,Jul,2022-07,6,570.1800000000001,0
BKG100579,Resort Hotel,2022-12-10,2022-12-26,2022-12-28,16,UAE,3,0.0,Deluxe,279.69,Offline Agent,Check-Out,2022,12,Dec,2022-12,2,559.38,0
BKG100580,Resort Hotel,2023-08-19,2023-08-29,2023-09-01,10,India,1,2.0,Family,169.08,Online Travel Agent,Check-Out,2023,8,Aug,2023-08,3,507.24,0
BKG100581,City Hotel,2022-07-03,2022-07-25,2022-08-04,22,UK,3,1.0,Deluxe,261.12,Direct,Check-Out,2022,7,Jul,2022-07,10,2611.2,0
BKG100582,Resort Hotel,2023-06-20,2023-10-13,2023-10-20,115,Brazil,2,0.0,Deluxe,237.06,Offline Agent,Check-Out,2023,6,Jun,2023-06,7,1659.42,0
BKG100583,Resort Hotel,2022-04-01,2022-09-08,2022-09-13,160,Germany,3,1.0,Standard,61.33,Online Travel Agent,Check-Out,2022,4,Apr,2022-04,5,306.65,0
BKG100584,Resort Hotel,2024-06-02,2024-10-18,2024-10-27,138,France,2,1.0,Standard,283.4,Direct,Check-Out,2024,6,Jun,2024-06,9,2550.6,0
BKG100585,Resort Hotel,2022-06-02,2022-11-24,2022-12-02,175,Australia,4,0.0,Suite,106.33,Corporate,Check-Out,2022,6,Jun,2022-06,8,850.64,0
BKG100586,Resort Hotel,2022-09-15,2022-12-09,2022-12-19,85,Singapore,4,0.0,Deluxe,90.28,Direct,Canceled,2022,9,Sep,2022-09,10,902.8,1
BKG100587,City Hotel,2023-05-12,2023-09-20,2023-09-22,131,Australia,1,0.0,Deluxe,269.21,Corporate,Check-Out,2023,5,May,2023-05,2,538.42,0
BKG100588,Resort Hotel,2022-04-23,2022-07-15,2022-07-19,83,Australia,1,0.0,Deluxe,273.95,Online Travel Agent,Check-Out,2022,4,Apr,2022-04,4,1095.8,0
BKG100589,City Hotel,2023-05-12,2023-05-25,2023-06-01,13,UK,2,0.0,Family,329.09,Corporate,Check-Out,2023,5,May,2023-05,7,2303.6299999999997,0
BKG100590,Resort Hotel,2024-01-08,2024-02-26,2024-03-03,49,Brazil,3,0.0,Standard,157.41,Corporate,Check-Out,2024,1,Jan,2024-01,6,944.46,0
BKG100591,Resort Hotel,2024-05-22,2024-09-18,2024-09-26,119,France,4,0.0,Deluxe,280.5,Direct,Check-Out,2024,5,May,2024-05,8,2244.0,0
BKG100592,Resort Hotel,2023-07-21,2023-09-17,2023-09-19,58,Brazil,4,2.0,Family,201.87,Online Travel Agent,Check-Out,2023,7,Jul,2023-07,2,403.74,0
BKG100593,Resort Hotel,2024-01-18,2024-05-06,2024-05-10,109,Brazil,2,0.0,Deluxe,185.93,Online Travel Agent,Check-Out,2024,1,Jan,2024-01,4,743.72,0
BKG100594,City Hotel,2022-02-15,2022-02-25,2022-03-05,10,USA,1,1.0,Family,214.03,Offline Agent,Check-Out,2022,2,Feb,2022-02,8,1712.24,0
BKG100595,Resort Hotel,2023-07-26,2023-07-29,2023-08-05,3,USA,2,0.0,Standard,163.94,Online Travel Agent,Check-Out,2023,7,Jul,2023-07,7,1147.58,0
BKG100596,Resort Hotel,2022-06-15,2022-12-12,2022-12-20,180,Australia,1,1.0,Deluxe,194.49,Corporate,Check-Out,2022,6,Jun,2022-06,8,1555.92,0
BKG100597,City Hotel,2023-12-22,2024-06-01,2024-06-02,162,Singapore,1,1.0,Standard,319.1,Corporate,Check-Out,2023,12,Dec,2023-12,1,319.1,0
BKG100598,City Hotel,2022-10-04,2023-03-31,2023-04-10,178,India,2,0.0,Suite,239.93,Online Travel Agent,Check-Out,2022,10,Oct,2022-10,10,2399.3,0
BKG100599,Resort Hotel,2023-01-10,2023-05-09,2023-05-19,119,Singapore,1,0.0,Deluxe,166.27,Direct,No-Show,2023,1,Jan,2023-01,10,1662.7,0
BKG100600,Resort Hotel,2022-09-02,2023-01-18,2023-01-20,138,Germany,4,2.0,Suite,312.63,Corporate,Canceled,2022,9,Sep,2022-09,2,625.26,1
BKG100601,City Hotel,2023-05-31,2023-11-21,2023-11-28,174,Canada,3,0.0,Family,78.38,Online Travel Agent,Check-Out,2023,5,May,2023-05,7,548.66,0
BKG100602,Resort Hotel,2023-06-29,2023-12-19,2023-12-28,173,Germany,3,1.0,Family,240.08,Online Travel Agent,Check-Out,2023,6,Jun,2023-06,9,2160.7200000000003,0
BKG100603,Resort Hotel,2022-07-03,2022-09-14,2022-09-16,73,Canada,1,0.0,Family,140.02,Direct,Check-Out,2022,7,Jul,2022-07,2,280.04,0
BKG100604,City Hotel,2023-10-05,2023-10-10,2023-10-15,5,Australia,4,2.0,Family,330.2,Offline Agent,Canceled,2023,10,Oct,2023-10,5,1651.0,1
BKG100605,Resort Hotel,2022-01-22,2022-04-06,2022-04-10,74,Singapore,1,0.0,Suite,312.82,Offline Agent,Check-Out,2022,1,Jan,2022-01,4,1251.28,0
BKG100606,City Hotel,2023-11-03,2024-04-16,2024-04-22,165,Canada,4,2.0,Suite,253.1,Direct,Canceled,2023,11,Nov,2023-11,6,1518.6,1
BKG100607,City Hotel,2022-11-10,2022-12-23,2022-12-28,43,India,2,1.0,Deluxe,167.85,Corporate,Check-Out,2022,11,Nov,2022-11,5,839.25,0
BKG100608,Resort Hotel,2022-06-20,2022-11-25,2022-11-28,158,UK,3,0.0,Deluxe,342.23,Online Travel Agent,Check-Out,2022,6,Jun,2022-06,3,1026.69,0
BKG100609,Resort Hotel,2022-11-21,2023-04-17,2023-04-20,147,Singapore,4,0.0,Standard,167.2,Corporate,No-Show,2022,11,Nov,2022-11,3,501.59999999999997,0
BKG100610,Resort Hotel,2022-06-01,2022-09-04,2022-09-12,95,Australia,2,2.0,Family,147.45,Direct,Canceled,2022,6,Jun,2022-06,8,1179.6,1
BKG100611,City Hotel,2022-11-24,2023-01-02,2023-01-03,39,Brazil,3,0.0,Deluxe,197.43,Offline Agent,Check-Out,2022,11,Nov,2022-11,1,197.43,0
BKG100612,Resort Hotel,2022-04-26,2022-08-26,2022-08-27,122,Australia,2,2.0,Deluxe,93.89,Offline Agent,Check-Out,2022,4,Apr,2022-04,1,93.89,0
BKG100613,City Hotel,2022-12-01,2022-12-15,2022-12-25,14,Germany,2,2.0,Standard,212.67,Online Travel Agent,Check-Out,2022,12,Dec,2022-12,10,2126.7,0
BKG100614,Resort Hotel,2023-04-02,2023-09-22,2023-09-24,173,UAE,4,0.0,Family,202.23,Direct,Canceled,2023,4,Apr,2023-04,2,404.46,1
BKG100615,City Hotel,2023-03-14,2023-06-16,2023-06-23,94,France,3,0.0,Family,142.55,Online Travel Agent,Check-Out,2023,3,Mar,2023-03,7,997.8500000000001,0
BKG100616,City Hotel,2023-03-31,2023-07-15,2023-07-23,106,Australia,3,0.0,Deluxe,293.65,Online Travel Agent,Check-Out,2023,3,Mar,2023-03,8,2349.2,0
BKG100617,City Hotel,2022-11-07,2023-03-08,2023-03-17,121,USA,3,0.0,Standard,330.61,Offline Agent,Check-Out,2022,11,Nov,2022-11,9,2975.4900000000002,0
BKG100618,Resort Hotel,2022-10-07,2023-01-21,2023-01-24,106,Germany,4,2.0,Deluxe,279.02,Offline Agent,Check-Out,2022,10,Oct,2022-10,3,837.06,0
BKG100619,City Hotel,2023-05-18,2023-05-28,2023-06-02,10,Germany,3,1.0,Standard,222.19,Online Travel Agent,Check-Out,2023,5,May,2023-05,5,1110.95,0
BKG100620,City Hotel,2022-11-04,2023-04-16,2023-04-24,163,Germany,1,0.0,Standard,180.98,Online Travel Agent,Canceled,2022,11,Nov,2022-11,8,1447.84,1
BKG100621,City Hotel,2023-05-20,2023-06-06,2023-06-16,17,France,3,2.0,Family,199.34,Online Travel Agent,Check-Out,2023,5,May,2023-05,10,1993.4,0
BKG100622,Resort Hotel,2024-01-21,2024-06-16,2024-06-17,147,UAE,3,0.0,Family,228.68,Online Travel Agent,Check-Out,2024,1,Jan,2024-01,1,228.68,0
BKG100623,City Hotel,2022-02-24,2022-05-04,2022-05-10,69,Singapore,4,0.0,Standard,74.13,Direct,Canceled,2022,2,Feb,2022-02,6,444.78,1
BKG100624,City Hotel,2022-07-07,2022-07-31,2022-08-10,24,France,2,2.0,Suite,153.56,Corporate,Check-Out,2022,7,Jul,2022-07,10,1535.6,0
BKG100625,City Hotel,2023-08-17,2023-11-15,2023-11-18,90,Canada,1,0.0,Family,210.27,Corporate,Canceled,2023,8,Aug,2023-08,3,630.8100000000001,1
BKG100626,Resort Hotel,2022-06-16,2022-07-12,2022-07-16,26,Singapore,2,2.0,Standard,124.12,Offline Agent,Check-Out,2022,6,Jun,2022-06,4,496.48,0
BKG100627,City Hotel,2022-03-20,2022-04-18,2022-04-21,29,UK,1,1.0,Family,160.98,Corporate,Check-Out,2022,3,Mar,2022-03,3,482.93999999999994,0
BKG100628,Resort Hotel,2022-11-08,2022-11-15,2022-11-17,7,Germany,2,0.0,Suite,308.48,Direct,Check-Out,2022,11,Nov,2022-11,2,616.96,0
BKG100629,City Hotel,2022-03-22,2022-07-08,2022-07-10,108,India,1,0.0,Deluxe,284.66,Online Travel Agent,Check-Out,2022,3,Mar,2022-03,2,569.32,0
BKG100630,City Hotel,2023-11-07,2024-03-17,2024-03-27,131,India,1,1.0,Standard,94.49,Corporate,Check-Out,2023,11,Nov,2023-11,10,944.9,0
BKG100631,Resort Hotel,2024-02-12,2024-03-07,2024-03-09,24,UAE,2,2.0,Standard,321.34,Online Travel Agent,Check-Out,2024,2,Feb,2024-02,2,642.68,0
BKG100632,Resort Hotel,2024-02-04,2024-04-15,2024-04-25,71,Singapore,3,0.0,Standard,106.56,Online Travel Agent,Canceled,2024,2,Feb,2024-02,10,1065.6,1
BKG100633,Resort Hotel,2024-02-21,2024-02-24,2024-03-04,3,Singapore,2,0.0,Standard,339.64,Online Travel Agent,Canceled,2024,2,Feb,2024-02,9,3056.7599999999998,1
BKG100634,Resort Hotel,2023-06-01,2023-09-30,2023-10-06,121,UK,2,1.0,Suite,255.32,Offline Agent,Check-Out,2023,6,Jun,2023-06,6,1531.92,0
BKG100635,Resort Hotel,2023-06-11,2023-08-08,2023-08-15,58,Singapore,1,0.0,Deluxe,95.85,Offline Agent,Canceled,2023,6,Jun,2023-06,7,670.9499999999999,1
BKG100636,Resort Hotel,2023-12-23,2024-03-05,2024-03-14,73,Australia,1,0.0,Suite,155.15,Offline Agent,Check-Out,2023,12,Dec,2023-12,9,1396.3500000000001,0
BKG100637,City Hotel,2022-11-16,2023-05-10,2023-05-18,175,Germany,2,2.0,Standard,178.11,Offline Agent,Canceled,2022,11,Nov,2022-11,8,1424.88,1
BKG100638,Resort Hotel,2023-01-12,2023-02-26,2023-02-27,45,USA,4,0.0,Deluxe,174.95,Offline Agent,Check-Out,2023,1,Jan,2023-01,1,174.95,0
BKG100639,City Hotel,2023-08-28,2023-09-23,2023-09-26,26,Germany,1,0.0,Family,342.81,Online Travel Agent,Check-Out,2023,8,Aug,2023-08,3,1028.43,0
BKG100640,City Hotel,2023-03-11,2023-07-16,2023-07-21,127,Canada,3,0.0,Suite,163.27,Direct,Canceled,2023,3,Mar,2023-03,5,816.35,1
BKG100641,Resort Hotel,2022-04-21,2022-05-22,2022-05-27,31,India,4,1.0,Standard,126.94,Online Travel Agent,Canceled,2022,4,Apr,2022-04,5,634.7,1
BKG100642,City Hotel,2023-05-26,2023-11-15,2023-11-16,173,UK,2,0.0,Suite,235.33,Online Travel Agent,Canceled,2023,5,May,2023-05,1,235.33,1
BKG100643,City Hotel,2023-11-08,2024-03-20,2024-03-28,133,Canada,4,0.0,Suite,145.13,Corporate,Canceled,2023,11,Nov,2023-11,8,1161.04,1
BKG100644,Resort Hotel,2023-07-08,2023-11-24,2023-11-25,139,Australia,1,0.0,Family,315.24,Corporate,Canceled,2023,7,Jul,2023-07,1,315.24,1
BKG100645,City Hotel,2023-03-30,2023-07-25,2023-07-26,117,UK,1,0.0,Family,221.43,Offline Agent,Check-Out,2023,3,Mar,2023-03,1,221.43,0
BKG100646,City Hotel,2024-01-03,2024-04-11,2024-04-19,99,Canada,1,2.0,Deluxe,255.76,Online Travel Agent,Check-Out,2024,1,Jan,2024-01,8,2046.08,0
BKG100647,Resort Hotel,2023-05-22,2023-10-20,2023-10-27,151,Brazil,3,0.0,Standard,152.94,Direct,Canceled,2023,5,May,2023-05,7,1070.58,1
BKG100648,City Hotel,2022-12-24,2023-05-22,2023-05-23,149,UAE,3,1.0,Family,88.23,Online Travel Agent,Check-Out,2022,12,Dec,2022-12,1,88.23,0
BKG100649,Resort Hotel,2022-09-08,2022-11-10,2022-11-14,63,France,3,2.0,Standard,84.63,Corporate,Check-Out,2022,9,Sep,2022-09,4,338.52,0
BKG100650,City Hotel,2023-07-06,2023-09-27,2023-09-28,83,France,4,1.0,Standard,224.73,Offline Agent,Check-Out,2023,7,Jul,2023-07,1,224.73,0
BKG100651,City Hotel,2022-11-21,2023-02-25,2023-03-07,96,USA,4,0.0,Deluxe,226.04,Corporate,Check-Out,2022,11,Nov,2022-11,10,2260.4,0
BKG100652,City Hotel,2024-04-10,2024-09-27,2024-10-03,170,Australia,2,2.0,Family,146.86,Online Travel Agent,Canceled,2024,4,Apr,2024-04,6,881.1600000000001,1
BKG100653,City Hotel,2023-07-03,2023-08-26,2023-08-31,54,Germany,3,0.0,Standard,146.22,Online Travel Agent,Check-Out,2023,7,Jul,2023-07,5,731.1,0
BKG100654,Resort Hotel,2022-10-07,2022-10-24,2022-11-03,17,France,4,0.0,Suite,120.82,Offline Agent,Check-Out,2022,10,Oct,2022-10,10,1208.1999999999998,0
BKG100655,City Hotel,2022-11-17,2023-01-07,2023-01-14,51,Singapore,4,0.0,Deluxe,241.24,Online Travel Agent,Check-Out,2022,11,Nov,2022-11,7,1688.68,0
BKG100656,City Hotel,2023-06-13,2023-07-30,2023-08-09,47,France,4,0.0,Family,251.63,Online Travel Agent,Check-Out,2023,6,Jun,2023-06,10,2516.3,0
BKG100657,City Hotel,2023-01-09,2023-05-07,2023-05-10,118,Australia,2,0.0,Family,276.47,Corporate,Canceled,2023,1,Jan,2023-01,3,829.4100000000001,1
BKG100658,Resort Hotel,2022-03-07,2022-08-16,2022-08-20,162,France,4,0.0,Deluxe,298.88,Offline Agent,Check-Out,2022,3,Mar,2022-03,4,1195.52,0
BKG100659,City Hotel,2022-06-03,2022-07-22,2022-07-23,49,Australia,2,0.0,Standard,194.61,Direct,Check-Out,2022,6,Jun,2022-06,1,194.61,0
BKG100660,Resort Hotel,2022-05-20,2022-05-27,2022-06-01,7,Canada,3,2.0,Standard,111.04,Online Travel Agent,Canceled,2022,5,May,2022-05,5,555.2,1
BKG100661,City Hotel,2022-03-27,2022-06-15,2022-06-25,80,Australia,3,0.0,Standard,321.17,Offline Agent,Canceled,2022,3,Mar,2022-03,10,3211.7000000000003,1
BKG100662,Resort Hotel,2024-01-12,2024-02-16,2024-02-20,35,Singapore,1,2.0,Suite,273.0,Offline Agent,Canceled,2024,1,Jan,2024-01,4,1092.0,1
BKG100663,City Hotel,2022-09-01,2023-02-01,2023-02-03,153,Germany,3,0.0,Family,301.38,Online Travel Agent,Check-Out,2022,9,Sep,2022-09,2,602.76,0
BKG100664,Resort Hotel,2022-06-29,2022-08-22,2022-08-27,54,Canada,4,1.0,Suite,133.75,Online Travel Agent,Check-Out,2022,6,Jun,2022-06,5,668.75,0
BKG100665,City Hotel,2023-03-10,2023-07-09,2023-07-13,121,France,3,0.0,Standard,165.27,Online Travel Agent,Canceled,2023,3,Mar,2023-03,4,661.08,1
BKG100666,City Hotel,2023-11-10,2023-11-23,2023-11-27,13,Australia,3,2.0,Deluxe,171.56,Offline Agent,Check-Out,2023,11,Nov,2023-11,4,686.24,0
BKG100667,Resort Hotel,2023-02-07,2023-04-13,2023-04-18,65,Canada,1,0.0,Suite,146.25,Offline Agent,Canceled,2023,2,Feb,2023-02,5,731.25,1
BKG100668,City Hotel,2022-10-08,2022-10-28,2022-11-05,20,Australia,4,1.0,Standard,328.68,Direct,Check-Out,2022,10,Oct,2022-10,8,2629.44,0
BKG100669,City Hotel,2023-06-03,2023-06-19,2023-06-25,16,Australia,4,2.0,Standard,271.48,Online Travel Agent,Check-Out,2023,6,Jun,2023-06,6,1628.88,0
BKG100670,City Hotel,2022-07-08,2022-12-16,2022-12-24,161,UAE,2,0.0,Standard,176.19,Online Travel Agent,Check-Out,2022,7,Jul,2022-07,8,1409.52,0
BKG100671,Resort Hotel,2023-06-13,2023-11-26,2023-11-29,166,Australia,4,0.0,Deluxe,190.93,Corporate,Canceled,2023,6,Jun,2023-06,3,572.79,1
BKG100672,City Hotel,2022-07-23,2022-08-13,2022-08-20,21,Brazil,3,0.0,Deluxe,174.11,Online Travel Agent,Canceled,2022,7,Jul,2022-07,7,1218.77,1
BKG100673,Resort Hotel,2023-07-26,2024-01-07,2024-01-17,165,France,2,0.0,Deluxe,342.5,Online Travel Agent,Check-Out,2023,7,Jul,2023-07,10,3425.0,0
BKG100674,Resort Hotel,2023-03-16,2023-08-16,2023-08-21,153,Brazil,2,0.0,Standard,337.83,Online Travel Agent,Canceled,2023,3,Mar,2023-03,5,1689.1499999999999,1
BKG100675,Resort Hotel,2023-03-22,2023-07-16,2023-07-24,116,France,1,0.0,Suite,266.93,Offline Agent,Check-Out,2023,3,Mar,2023-03,8,2135.44,0
BKG100676,Resort Hotel,2023-03-18,2023-05-09,2023-05-19,52,Australia,2,0.0,Deluxe,270.75,Offline Agent,Canceled,2023,3,Mar,2023-03,10,2707.5,1
BKG100677,Resort Hotel,2022-01-30,2022-04-14,2022-04-19,74,Australia,2,2.0,Family,190.78,Online Travel Agent,Check-Out,2022,1,Jan,2022-01,5,953.9,0
BKG100678,City Hotel,2022-05-17,2022-08-07,2022-08-14,82,USA,2,1.0,Standard,265.45,Online Travel Agent,Check-Out,2022,5,May,2022-05,7,1858.1499999999999,0
BKG100679,City Hotel,2022-08-29,2022-12-27,2023-01-02,120,France,1,0.0,Family,133.56,Corporate,Check-Out,2022,8,Aug,2022-08,6,801.36,0
BKG100680,City Hotel,2023-07-27,2023-08-06,2023-08-16,10,UAE,2,0.0,Family,109.26,Direct,Check-Out,2023,7,Jul,2023-07,10,1092.6000000000001,0
BKG100681,Resort Hotel,2023-12-29,2024-05-12,2024-05-19,135,UK,2,0.0,Family,93.88,Corporate,Canceled,2023,12,Dec,2023-12,7,657.16,1
BKG100682,Resort Hotel,2023-03-17,2023-05-28,2023-06-02,72,UAE,3,2.0,Family,150.77,Direct,Check-Out,2023,3,Mar,2023-03,5,753.85,0
BKG100683,Resort Hotel,2023-11-05,2024-04-15,2024-04-23,162,UK,1,0.0,Standard,103.1,Offline Agent,Check-Out,2023,11,Nov,2023-11,8,824.8,0
BKG100684,City Hotel,2023-12-24,2024-04-21,2024-04-28,119,Singapore,1,1.0,Family,71.83,Offline Agent,Check-Out,2023,12,Dec,2023-12,7,502.81,0
BKG100685,City Hotel,2024-05-16,2024-06-22,2024-06-24,37,UK,3,0.0,Deluxe,119.08,Corporate,Check-Out,2024,5,May,2024-05,2,238.16,0
BKG100686,Resort Hotel,2023-11-11,2024-04-08,2024-04-12,149,Australia,1,2.0,Standard,282.39,Direct,Canceled,2023,11,Nov,2023-11,4,1129.56,1
BKG100687,Resort Hotel,2023-11-25,2023-12-19,2023-12-25,24,Australia,1,0.0,Suite,257.58,Online Travel Agent,Canceled,2023,11,Nov,2023-11,6,1545.48,1
BKG100688,City Hotel,2022-06-07,2022-06-14,2022-06-16,7,Brazil,4,1.0,Standard,191.68,Corporate,No-Show,2022,6,Jun,2022-06,2,383.36,0
BKG100689,Resort Hotel,2023-11-03,2024-04-10,2024-04-18,159,France,3,2.0,Suite,97.5,Online Travel Agent,Canceled,2023,11,Nov,2023-11,8,780.0,1
BKG100690,Resort Hotel,2023-07-15,2023-12-16,2023-12-23,154,Australia,1,1.0,Standard,134.0,Online Travel Agent,Canceled,2023,7,Jul,2023-07,7,938.0,1
BKG100691,City Hotel,2022-06-16,2022-09-23,2022-09-30,99,Australia,3,0.0,Suite,94.97,Direct,Check-Out,2022,6,Jun,2022-06,7,664.79,0
BKG100692,City Hotel,2022-04-09,2022-07-12,2022-07-21,94,Canada,2,1.0,Suite,189.18,Online Travel Agent,Check-Out,2022,4,Apr,2022-04,9,1702.6200000000001,0
BKG100693,Resort Hotel,2023-03-09,2023-06-11,2023-06-21,94,India,2,1.0,Suite,242.9,Offline Agent,Check-Out,2023,3,Mar,2023-03,10,2429.0,0
BKG100694,Resort Hotel,2023-10-26,2024-04-18,2024-04-21,175,France,4,0.0,Family,242.57,Offline Agent,Check-Out,2023,10,Oct,2023-10,3,727.71,0
BKG100695,City Hotel,2024-03-31,2024-07-31,2024-08-05,122,Germany,2,0.0,Family,258.45,Online Travel Agent,Check-Out,2024,3,Mar,2024-03,5,1292.25,0
BKG100696,Resort Hotel,2023-07-19,2023-08-07,2023-08-08,19,Australia,1,2.0,Suite,183.22,Corporate,Check-Out,2023,7,Jul,2023-07,1,183.22,0
BKG100697,Resort Hotel,2022-03-25,2022-07-31,2022-08-01,128,Australia,1,1.0,Standard,112.07,Online Travel Agent,Check-Out,2022,3,Mar,2022-03,1,112.07,0
BKG100698,City Hotel,2023-12-23,2024-03-08,2024-03-14,76,UAE,4,1.0,Deluxe,240.91,Direct,Check-Out,2023,12,Dec,2023-12,6,1445.46,0
BKG100699,Resort Hotel,2024-02-04,2024-07-07,2024-07-12,154,Australia,1,1.0,Standard,214.97,Online Travel Agent,Check-Out,2024,2,Feb,2024-02,5,1074.85,0
BKG100700,City Hotel,2023-05-04,2023-08-29,2023-09-05,117,Australia,4,0.0,Family,239.36,Online Travel Agent,Check-Out,2023,5,May,2023-05,7,1675.52,0
BKG100701,Resort Hotel,2022-01-15,2022-03-04,2022-03-06,48,Canada,1,0.0,Deluxe,309.11,Direct,Check-Out,2022,1,Jan,2022-01,2,618.22,0
BKG100702,Resort Hotel,2023-10-04,2024-02-18,2024-02-22,137,Canada,1,0.0,Family,283.22,Online Travel Agent,Check-Out,2023,10,Oct,2023-10,4,1132.88,0
BKG100703,City Hotel,2022-06-06,2022-12-02,2022-12-10,179,Brazil,4,1.0,Deluxe,65.69,Direct,Check-Out,2022,6,Jun,2022-06,8,525.52,0
BKG100704,City Hotel,2024-04-29,2024-08-07,2024-08-08,100,Australia,3,0.0,Family,89.77,Corporate,Check-Out,2024,4,Apr,2024-04,1,89.77,0
BKG100705,Resort Hotel,2023-02-14,2023-06-18,2023-06-27,124,Australia,4,0.0,Suite,267.14,Online Travel Agent,Check-Out,2023,2,Feb,2023-02,9,2404.2599999999998,0
BKG100706,City Hotel,2023-10-26,2024-02-09,2024-02-17,106,Canada,1,1.0,Family,240.58,Online Travel Agent,Check-Out,2023,10,Oct,2023-10,8,1924.64,0
BKG100707,Resort Hotel,2024-01-14,2024-03-03,2024-03-11,49,Brazil,3,1.0,Suite,127.31,Offline Agent,Check-Out,2024,1,Jan,2024-01,8,1018.48,0
BKG100708,Resort Hotel,2022-10-28,2023-02-04,2023-02-11,99,Australia,3,1.0,Deluxe,291.93,Corporate,Check-Out,2022,10,Oct,2022-10,7,2043.51,0
BKG100709,City Hotel,2022-03-30,2022-09-16,2022-09-24,170,USA,2,0.0,Family,117.85,Offline Agent,Check-Out,2022,3,Mar,2022-03,8,942.8,0
BKG100710,City Hotel,2022-08-03,2022-12-23,2022-12-24,142,UK,1,0.0,Deluxe,315.46,Online Travel Agent,Canceled,2022,8,Aug,2022-08,1,315.46,1
BKG100711,City Hotel,2022-12-12,2023-04-01,2023-04-03,110,France,2,0.0,Suite,222.97,Corporate,Canceled,2022,12,Dec,2022-12,2,445.94,1
BKG100712,Resort Hotel,2024-02-28,2024-07-19,2024-07-24,142,India,2,2.0,Family,235.24,Offline Agent,No-Show,2024,2,Feb,2024-02,5,1176.2,0
BKG100713,Resort Hotel,2024-02-13,2024-03-12,2024-03-14,28,UK,1,0.0,Standard,72.17,Direct,Canceled,2024,2,Feb,2024-02,2,144.34,1
BKG100714,City Hotel,2022-06-10,2022-08-23,2022-08-31,74,UAE,4,0.0,Deluxe,104.75,Online Travel Agent,Canceled,2022,6,Jun,2022-06,8,838.0,1
BKG100715,Resort Hotel,2023-03-26,2023-07-10,2023-07-11,106,USA,2,1.0,Suite,158.98,Corporate,Canceled,2023,3,Mar,2023-03,1,158.98,1
BKG100716,Resort Hotel,2023-03-01,2023-06-01,2023-06-05,92,UK,2,2.0,Family,182.3,Offline Agent,Canceled,2023,3,Mar,2023-03,4,729.2,1
BKG100717,Resort Hotel,2023-04-15,2023-08-25,2023-08-31,132,Singapore,1,1.0,Standard,102.22,Online Travel Agent,Check-Out,2023,4,Apr,2023-04,6,613.3199999999999,0
BKG100718,Resort Hotel,2023-02-16,2023-03-30,2023-04-06,42,Brazil,1,1.0,Standard,280.17,Online Travel Agent,Check-Out,2023,2,Feb,2023-02,7,1961.19,0
BKG100719,Resort Hotel,2023-11-29,2024-05-26,2024-06-04,179,France,3,0.0,Deluxe,323.68,Offline Agent,Check-Out,2023,11,Nov,2023-11,9,2913.12,0
BKG100720,City Hotel,2022-07-30,2022-12-16,2022-12-26,139,Germany,4,0.0,Suite,317.43,Online Travel Agent,Check-Out,2022,7,Jul,2022-07,10,3174.3,0
BKG100721,City Hotel,2022-12-09,2023-03-18,2023-03-21,99,Singapore,3,0.0,Suite,86.92,Online Travel Agent,Check-Out,2022,12,Dec,2022-12,3,260.76,0
BKG100722,City Hotel,2024-03-26,2024-08-11,2024-08-21,138,Australia,3,0.0,Standard,301.35,Online Travel Agent,Canceled,2024,3,Mar,2024-03,10,3013.5,1
BKG100723,Resort Hotel,2022-09-23,2023-03-02,2023-03-11,160,Canada,3,0.0,Suite,73.84,Online Travel Agent,Check-Out,2022,9,Sep,2022-09,9,664.5600000000001,0
BKG100724,Resort Hotel,2022-08-30,2023-01-25,2023-02-04,148,Australia,2,0.0,Deluxe,146.77,Online Travel Agent,Check-Out,2022,8,Aug,2022-08,10,1467.7,0
BKG100725,City Hotel,2023-08-20,2023-10-08,2023-10-14,49,Australia,4,0.0,Standard,102.5,Online Travel Agent,Check-Out,2023,8,Aug,2023-08,6,615.0,0
BKG100726,City Hotel,2022-05-14,2022-09-12,2022-09-16,121,Brazil,4,0.0,Family,167.1,Corporate,Check-Out,2022,5,May,2022-05,4,668.4,0
BKG100727,Resort Hotel,2023-10-14,2024-01-30,2024-02-07,108,Singapore,4,1.0,Deluxe,298.91,Offline Agent,Canceled,2023,10,Oct,2023-10,8,2391.28,1
BKG100728,Resort Hotel,2022-05-13,2022-11-09,2022-11-18,180,UK,1,0.0,Suite,192.08,Online Travel Agent,Check-Out,2022,5,May,2022-05,9,1728.72,0
BKG100729,Resort Hotel,2023-02-23,2023-03-23,2023-03-25,28,USA,3,2.0,Suite,143.98,Corporate,No-Show,2023,2,Feb,2023-02,2,287.96,0
BKG100730,City Hotel,2022-11-07,2023-01-21,2023-01-29,75,India,1,0.0,Suite,101.22,Corporate,Check-Out,2022,11,Nov,2022-11,8,809.76,0
BKG100731,Resort Hotel,2024-04-18,2024-08-21,2024-08-22,125,Australia,1,2.0,Family,161.11,Corporate,Check-Out,2024,4,Apr,2024-04,1,161.11,0
BKG100732,City Hotel,2022-12-12,2023-03-18,2023-03-26,96,Canada,2,0.0,Family,206.38,Direct,Canceled,2022,12,Dec,2022-12,8,1651.04,1
BKG100733,City Hotel,2022-11-30,2022-12-22,2023-01-01,22,UAE,4,1.0,Standard,127.52,Offline Agent,Canceled,2022,11,Nov,2022-11,10,1275.2,1
BKG100734,City Hotel,2023-10-24,2023-11-15,2023-11-18,22,Singapore,1,2.0,Standard,242.73,Online Travel Agent,Check-Out,2023,10,Oct,2023-10,3,728.1899999999999,0
BKG100735,City Hotel,2023-09-26,2024-02-11,2024-02-21,138,Singapore,1,0.0,Standard,211.31,Online Travel Agent,Check-Out,2023,9,Sep,2023-09,10,2113.1,0
BKG100736,City Hotel,2023-06-29,2023-08-14,2023-08-15,46,USA,3,0.0,Family,131.13,Offline Agent,Check-Out,2023,6,Jun,2023-06,1,131.13,0
BKG100737,City Hotel,2023-05-19,2023-05-24,2023-05-30,5,Australia,4,0.0,Suite,180.33,Online Travel Agent,Check-Out,2023,5,May,2023-05,6,1081.98,0
BKG100738,Resort Hotel,2022-04-12,2022-08-28,2022-08-31,138,UK,3,0.0,Suite,112.97,Offline Agent,Check-Out,2022,4,Apr,2022-04,3,338.90999999999997,0
BKG100739,City Hotel,2022-03-02,2022-08-06,2022-08-12,157,Australia,2,0.0,Standard,266.86,Corporate,Check-Out,2022,3,Mar,2022-03,6,1601.16,0
BKG100740,Resort Hotel,2022-11-28,2023-02-02,2023-02-09,66,Canada,1,0.0,Family,118.74,Online Travel Agent,Check-Out,2022,11,Nov,2022-11,7,831.18,0
BKG100741,City Hotel,2022-11-22,2023-03-20,2023-03-29,118,Germany,4,0.0,Standard,200.41,Corporate,Check-Out,2022,11,Nov,2022-11,9,1803.69,0
BKG100742,Resort Hotel,2023-08-24,2024-02-12,2024-02-14,172,France,2,2.0,Family,248.95,Offline Agent,Check-Out,2023,8,Aug,2023-08,2,497.9,0
BKG100743,Resort Hotel,2023-10-14,2024-02-19,2024-02-23,128,Germany,2,0.0,Family,216.73,Offline Agent,Check-Out,2023,10,Oct,2023-10,4,866.92,0
BKG100744,City Hotel,2024-04-12,2024-08-08,2024-08-18,118,Australia,3,0.0,Suite,60.16,Offline Agent,No-Show,2024,4,Apr,2024-04,10,601.5999999999999,0
BKG100745,Resort Hotel,2024-05-12,2024-10-20,2024-10-24,161,France,3,0.0,Standard,106.81,Offline Agent,Check-Out,2024,5,May,2024-05,4,427.24,0
BKG100746,City Hotel,2024-04-30,2024-06-04,2024-06-13,35,UAE,3,1.0,Suite,121.15,Offline Agent,Check-Out,2024,4,Apr,2024-04,9,1090.3500000000001,0
BKG100747,City Hotel,2023-11-10,2024-01-31,2024-02-06,82,India,2,1.0,Deluxe,338.11,Online Travel Agent,Check-Out,2023,11,Nov,2023-11,6,2028.66,0
BKG100748,City Hotel,2022-01-05,2022-01-07,2022-01-10,2,Australia,4,2.0,Standard,319.63,Online Travel Agent,Check-Out,2022,1,Jan,2022-01,3,958.89,0
BKG100749,City Hotel,2024-05-02,2024-10-20,2024-10-28,171,Brazil,1,0.0,Suite,341.89,Offline Agent,Check-Out,2024,5,May,2024-05,8,2735.12,0
BKG100750,Resort Hotel,2024-02-26,2024-08-22,2024-08-23,178,Australia,1,1.0,Standard,167.44,Direct,Canceled,2024,2,Feb,2024-02,1,167.44,1
BKG100751,City Hotel,2024-02-16,2024-04-27,2024-05-03,71,Germany,2,0.0,Family,296.72,Offline Agent,No-Show,2024,2,Feb,2024-02,6,1780.3200000000002,0
BKG100752,City Hotel,2022-02-07,2022-04-19,2022-04-27,71,USA,2,0.0,Suite,116.87,Offline Agent,Check-Out,2022,2,Feb,2022-02,8,934.96,0
BKG100753,Resort Hotel,2022-07-18,2023-01-02,2023-01-12,168,UK,2,0.0,Suite,230.57,Direct,Canceled,2022,7,Jul,2022-07,10,2305.7,1
BKG100754,City Hotel,2024-01-17,2024-03-27,2024-03-31,70,India,1,2.0,Family,238.19,Online Travel Agent,Canceled,2024,1,Jan,2024-01,4,952.76,1
BKG100755,City Hotel,2022-11-27,2023-03-17,2023-03-24,110,Canada,3,0.0,Suite,257.25,Online Travel Agent,Canceled,2022,11,Nov,2022-11,7,1800.75,1
BKG100756,Resort Hotel,2022-08-18,2022-08-30,2022-09-04,12,Australia,4,2.0,Deluxe,190.17,Corporate,Check-Out,2022,8,Aug,2022-08,5,950.8499999999999,0
BKG100757,Resort Hotel,2023-08-09,2023-08-15,2023-08-19,6,Australia,4,0.0,Suite,325.93,Corporate,Check-Out,2023,8,Aug,2023-08,4,1303.72,0
BKG100758,City Hotel,2023-10-03,2023-10-27,2023-10-28,24,France,4,0.0,Deluxe,294.34,Online Travel Agent,Check-Out,2023,10,Oct,2023-10,1,294.34,0
BKG100759,City Hotel,2022-12-15,2022-12-28,2023-01-03,13,USA,2,0.0,Family,284.97,Online Travel Agent,Check-Out,2022,12,Dec,2022-12,6,1709.8200000000002,0
BKG100760,Resort Hotel,2022-03-04,2022-03-12,2022-03-19,8,Canada,3,0.0,Standard,286.97,Corporate,Check-Out,2022,3,Mar,2022-03,7,2008.7900000000002,0
BKG100761,City Hotel,2023-03-19,2023-04-04,2023-04-06,16,Australia,1,2.0,Standard,75.14,Offline Agent,Check-Out,2023,3,Mar,2023-03,2,150.28,0
BKG100762,City Hotel,2023-09-06,2024-02-21,2024-03-02,168,Brazil,1,1.0,Standard,171.34,Corporate,Check-Out,2023,9,Sep,2023-09,10,1713.4,0
BKG100763,Resort Hotel,2023-11-23,2023-11-29,2023-12-07,6,India,3,2.0,Standard,115.82,Direct,Canceled,2023,11,Nov,2023-11,8,926.56,1
BKG100764,City Hotel,2022-05-10,2022-10-20,2022-10-29,163,UK,3,0.0,Deluxe,182.09,Direct,Canceled,2022,5,May,2022-05,9,1638.81,1
BKG100765,City Hotel,2022-03-03,2022-04-04,2022-04-09,32,France,4,2.0,Deluxe,338.32,Direct,Check-Out,2022,3,Mar,2022-03,5,1691.6,0
BKG100766,Resort Hotel,2023-09-10,2023-12-06,2023-12-11,87,India,3,0.0,Deluxe,210.13,Online Travel Agent,Check-Out,2023,9,Sep,2023-09,5,1050.65,0
BKG100767,City Hotel,2022-07-20,2022-09-09,2022-09-13,51,Canada,1,0.0,Suite,114.91,Corporate,Check-Out,2022,7,Jul,2022-07,4,459.64,0
BKG100768,Resort Hotel,2023-03-05,2023-05-28,2023-05-31,84,Canada,1,0.0,Deluxe,314.07,Online Travel Agent,Check-Out,2023,3,Mar,2023-03,3,942.21,0
BKG100769,City Hotel,2023-12-11,2024-02-07,2024-02-15,58,Australia,2,0.0,Deluxe,199.42,Offline Agent,Check-Out,2023,12,Dec,2023-12,8,1595.36,0
BKG100770,Resort Hotel,2022-01-07,2022-04-09,2022-04-10,92,UK,1,0.0,Suite,68.71,Offline Agent,Check-Out,2022,1,Jan,2022-01,1,68.71,0
BKG100771,Resort Hotel,2023-08-23,2023-11-23,2023-11-24,92,Germany,1,0.0,Suite,117.37,Direct,Check-Out,2023,8,Aug,2023-08,1,117.37,0
BKG100772,City Hotel,2023-07-22,2023-09-22,2023-09-25,62,USA,2,0.0,Standard,111.06,Online Travel Agent,Check-Out,2023,7,Jul,2023-07,3,333.18,0
BKG100773,City Hotel,2024-03-17,2024-04-14,2024-04-20,28,UAE,2,0.0,Deluxe,192.3,Offline Agent,Canceled,2024,3,Mar,2024-03,6,1153.8000000000002,1
BKG100774,City Hotel,2022-03-08,2022-04-07,2022-04-10,30,UAE,2,0.0,Suite,115.59,Offline Agent,No-Show,2022,3,Mar,2022-03,3,346.77,0
BKG100775,Resort Hotel,2022-09-08,2022-09-19,2022-09-29,11,UAE,2,2.0,Deluxe,145.31,Online Travel Agent,Check-Out,2022,9,Sep,2022-09,10,1453.1,0
BKG100776,City Hotel,2022-10-14,2022-11-15,2022-11-24,32,Brazil,4,0.0,Standard,270.92,Direct,Check-Out,2022,10,Oct,2022-10,9,2438.28,0
BKG100777,Resort Hotel,2024-02-09,2024-07-23,2024-08-01,165,UAE,3,1.0,Family,210.48,Offline Agent,Canceled,2024,2,Feb,2024-02,9,1894.32,1
BKG100778,Resort Hotel,2023-05-22,2023-09-20,2023-09-25,121,Germany,4,2.0,Deluxe,248.42,Online Travel Agent,Canceled,2023,5,May,2023-05,5,1242.1,1
BKG100779,City Hotel,2023-02-10,2023-04-06,2023-04-11,55,France,4,1.0,Standard,225.7,Direct,Canceled,2023,2,Feb,2023-02,5,1128.5,1
BKG100780,City Hotel,2022-10-30,2023-02-20,2023-03-01,113,Singapore,3,0.0,Suite,229.35,Offline Agent,Check-Out,2022,10,Oct,2022-10,9,2064.15,0
BKG100781,Resort Hotel,2023-03-19,2023-07-01,2023-07-07,104,UK,4,0.0,Family,139.18,Online Travel Agent,Check-Out,2023,3,Mar,2023-03,6,835.08,0
BKG100782,Resort Hotel,2022-03-19,2022-06-18,2022-06-20,91,France,3,2.0,Deluxe,208.71,Online Travel Agent,Check-Out,2022,3,Mar,2022-03,2,417.42,0
BKG100783,City Hotel,2023-01-04,2023-01-13,2023-01-22,9,France,2,0.0,Suite,117.03,Online Travel Agent,Check-Out,2023,1,Jan,2023-01,9,1053.27,0
BKG100784,City Hotel,2023-09-11,2023-10-16,2023-10-25,35,UAE,3,0.0,Family,283.32,Offline Agent,Canceled,2023,9,Sep,2023-09,9,2549.88,1
BKG100785,Resort Hotel,2024-02-15,2024-07-31,2024-08-01,167,Australia,4,2.0,Deluxe,346.89,Direct,Canceled,2024,2,Feb,2024-02,1,346.89,1
BKG100786,Resort Hotel,2022-08-03,2022-12-02,2022-12-06,121,UAE,4,1.0,Deluxe,158.79,Offline Agent,Canceled,2022,8,Aug,2022-08,4,635.16,1
BKG100787,Resort Hotel,2023-12-16,2024-03-31,2024-04-04,106,UAE,4,1.0,Deluxe,307.35,Direct,Check-Out,2023,12,Dec,2023-12,4,1229.4,0
BKG100788,City Hotel,2024-01-26,2024-01-28,2024-02-05,2,Australia,3,0.0,Suite,125.39,Corporate,Check-Out,2024,1,Jan,2024-01,8,1003.12,0
BKG100789,City Hotel,2023-08-05,2023-08-13,2023-08-16,8,Australia,2,0.0,Deluxe,224.78,Offline Agent,Check-Out,2023,8,Aug,2023-08,3,674.34,0
BKG100790,City Hotel,2023-01-31,2023-03-20,2023-03-28,48,Australia,1,0.0,Standard,225.16,Direct,Check-Out,2023,1,Jan,2023-01,8,1801.28,0
BKG100791,Resort Hotel,2023-07-21,2023-09-04,2023-09-05,45,Australia,4,0.0,Family,114.14,Online Travel Agent,Check-Out,2023,7,Jul,2023-07,1,114.14,0
BKG100792,Resort Hotel,2023-11-07,2024-03-20,2024-03-22,134,UK,4,0.0,Suite,166.91,Offline Agent,Check-Out,2023,11,Nov,2023-11,2,333.82,0
BKG100793,City Hotel,2022-04-24,2022-05-27,2022-06-05,33,Germany,4,1.0,Deluxe,275.51,Direct,Check-Out,2022,4,Apr,2022-04,9,2479.59,0
BKG100794,City Hotel,2024-04-17,2024-10-04,2024-10-12,170,Australia,2,2.0,Deluxe,226.78,Offline Agent,Check-Out,2024,4,Apr,2024-04,8,1814.24,0
BKG100795,Resort Hotel,2022-01-08,2022-02-13,2022-02-21,36,Singapore,1,1.0,Suite,235.41,Offline Agent,Check-Out,2022,1,Jan,2022-01,8,1883.28,0
BKG100796,City Hotel,2023-08-13,2023-08-23,2023-08-25,10,Australia,3,1.0,Deluxe,160.57,Offline Agent,Check-Out,2023,8,Aug,2023-08,2,321.14,0
BKG100797,Resort Hotel,2023-09-25,2024-01-13,2024-01-21,110,Australia,4,0.0,Standard,262.57,Direct,Canceled,2023,9,Sep,2023-09,8,2100.56,1
BKG100798,Resort Hotel,2022-06-11,2022-08-20,2022-08-29,70,Canada,3,0.0,Family,262.43,Online Travel Agent,No-Show,2022,6,Jun,2022-06,9,2361.87,0
BKG100799,City Hotel,2022-03-20,2022-04-15,2022-04-24,26,Australia,3,1.0,Standard,190.77,Offline Agent,Check-Out,2022,3,Mar,2022-03,9,1716.93,0
BKG100800,Resort Hotel,2023-10-17,2024-04-11,2024-04-19,177,Australia,4,0.0,Standard,276.33,Online Travel Agent,Check-Out,2023,10,Oct,2023-10,8,2210.64,0
BKG100801,Resort Hotel,2023-12-28,2024-01-31,2024-02-06,34,Singapore,4,1.0,Deluxe,193.79,Offline Agent,Check-Out,2023,12,Dec,2023-12,6,1162.74,0
BKG100802,Resort Hotel,2024-04-20,2024-06-30,2024-07-03,71,France,2,0.0,Family,236.03,Offline Agent,Check-Out,2024,4,Apr,2024-04,3,708.09,0
BKG100803,Resort Hotel,2023-11-19,2023-11-21,2023-11-26,2,India,2,1.0,Deluxe,163.85,Offline Agent,Check-Out,2023,11,Nov,2023-11,5,819.25,0
BKG100804,City Hotel,2024-05-06,2024-10-15,2024-10-24,162,India,1,1.0,Standard,260.2,Online Travel Agent,Canceled,2024,5,May,2024-05,9,2341.7999999999997,1
BKG100805,Resort Hotel,2024-02-25,2024-04-16,2024-04-20,51,Australia,3,0.0,Standard,118.0,Online Travel Agent,Check-Out,2024,2,Feb,2024-02,4,472.0,0
BKG100806,Resort Hotel,2022-07-16,2023-01-06,2023-01-08,174,UK,2,0.0,Standard,291.11,Offline Agent,Check-Out,2022,7,Jul,2022-07,2,582.22,0
BKG100807,City Hotel,2024-04-15,2024-07-07,2024-07-13,83,Australia,2,2.0,Standard,120.06,Direct,Check-Out,2024,4,Apr,2024-04,6,720.36,0
BKG100808,Resort Hotel,2023-01-01,2023-03-24,2023-03-27,82,Australia,1,1.0,Deluxe,249.66,Offline Agent,Check-Out,2023,1,Jan,2023-01,3,748.98,0
BKG100809,Resort Hotel,2023-11-05,2024-01-15,2024-01-25,71,Australia,3,0.0,Suite,79.53,Online Travel Agent,No-Show,2023,11,Nov,2023-11,10,795.3,0
BKG100810,City Hotel,2022-04-15,2022-08-30,2022-09-09,137,Australia,2,0.0,Deluxe,338.12,Corporate,Check-Out,2022,4,Apr,2022-04,10,3381.2,0
BKG100811,City Hotel,2024-02-19,2024-08-13,2024-08-19,176,Australia,4,0.0,Deluxe,157.18,Online Travel Agent,Check-Out,2024,2,Feb,2024-02,6,943.08,0
BKG100812,Resort Hotel,2023-09-24,2023-10-25,2023-10-30,31,India,2,1.0,Deluxe,279.6,Corporate,Check-Out,2023,9,Sep,2023-09,5,1398.0,0
BKG100813,City Hotel,2022-07-26,2022-09-02,2022-09-09,38,Australia,2,0.0,Deluxe,129.04,Corporate,Check-Out,2022,7,Jul,2022-07,7,903.28,0
BKG100814,Resort Hotel,2024-03-16,2024-03-26,2024-04-04,10,UAE,4,0.0,Suite,277.66,Direct,Check-Out,2024,3,Mar,2024-03,9,2498.94,0
BKG100815,City Hotel,2022-02-25,2022-08-14,2022-08-18,170,UK,2,2.0,Family,313.08,Online Travel Agent,Check-Out,2022,2,Feb,2022-02,4,1252.32,0
BKG100816,Resort Hotel,2023-05-19,2023-06-05,2023-06-09,17,USA,1,0.0,Family,332.1,Online Travel Agent,Check-Out,2023,5,May,2023-05,4,1328.4,0
BKG100817,Resort Hotel,2022-03-22,2022-07-09,2022-07-17,109,Australia,3,0.0,Deluxe,269.29,Direct,Check-Out,2022,3,Mar,2022-03,8,2154.32,0
BKG100818,City Hotel,2023-08-14,2023-12-06,2023-12-10,114,Australia,3,1.0,Family,83.2,Direct,Check-Out,2023,8,Aug,2023-08,4,332.8,0
BKG100819,City Hotel,2023-03-09,2023-07-16,2023-07-26,129,India,4,0.0,Family,297.69,Offline Agent,Canceled,2023,3,Mar,2023-03,10,2976.9,1
BKG100820,City Hotel,2024-02-17,2024-05-03,2024-05-13,76,Australia,2,2.0,Family,270.73,Corporate,Check-Out,2024,2,Feb,2024-02,10,2707.3,0
BKG100821,City Hotel,2023-01-20,2023-06-12,2023-06-22,143,Germany,4,0.0,Deluxe,156.64,Direct,Check-Out,2023,1,Jan,2023-01,10,1566.3999999999999,0
BKG100822,City Hotel,2024-06-01,2024-10-07,2024-10-13,128,UAE,4,1.0,Family,328.45,Offline Agent,Check-Out,2024,6,Jun,2024-06,6,1970.6999999999998,0
BKG100823,Resort Hotel,2023-08-26,2023-09-13,2023-09-20,18,Germany,1,0.0,Family,171.6,Corporate,Canceled,2023,8,Aug,2023-08,7,1201.2,1
BKG100824,City Hotel,2024-02-09,2024-05-08,2024-05-17,89,Australia,4,0.0,Deluxe,261.97,Direct,Check-Out,2024,2,Feb,2024-02,9,2357.7300000000005,0
BKG100825,Resort Hotel,2024-04-12,2024-07-13,2024-07-14,92,France,2,0.0,Deluxe,235.58,Direct,Check-Out,2024,4,Apr,2024-04,1,235.58,0
BKG100826,Resort Hotel,2024-02-29,2024-03-23,2024-03-30,23,Singapore,4,2.0,Deluxe,342.5,Offline Agent,Check-Out,2024,2,Feb,2024-02,7,2397.5,0
BKG100827,City Hotel,2023-03-14,2023-05-17,2023-05-22,64,USA,4,2.0,Standard,149.31,Corporate,Canceled,2023,3,Mar,2023-03,5,746.55,1
BKG100828,City Hotel,2022-10-03,2022-11-25,2022-12-02,53,India,3,0.0,Standard,346.24,Online Travel Agent,Canceled,2022,10,Oct,2022-10,7,2423.6800000000003,1
BKG100829,City Hotel,2023-03-04,2023-07-16,2023-07-23,134,UK,3,1.0,Deluxe,109.48,Direct,Check-Out,2023,3,Mar,2023-03,7,766.36,0
BKG100830,Resort Hotel,2023-05-30,2023-06-27,2023-07-05,28,Germany,2,0.0,Family,118.27,Offline Agent,Check-Out,2023,5,May,2023-05,8,946.16,0
BKG100831,Resort Hotel,2023-10-02,2023-10-29,2023-11-01,27,France,1,0.0,Standard,84.86,Corporate,Check-Out,2023,10,Oct,2023-10,3,254.57999999999998,0
BKG100832,Resort Hotel,2022-08-29,2022-12-29,2023-01-06,122,Brazil,1,0.0,Standard,77.71,Online Travel Agent,Check-Out,2022,8,Aug,2022-08,8,621.68,0
BKG100833,City Hotel,2024-03-21,2024-03-22,2024-03-29,1,Brazil,3,1.0,Family,197.24,Corporate,Check-Out,2024,3,Mar,2024-03,7,1380.68,0
BKG100834,Resort Hotel,2022-12-18,2023-03-08,2023-03-12,80,UAE,3,1.0,Suite,169.75,Online Travel Agent,Check-Out,2022,12,Dec,2022-12,4,679.0,0
BKG100835,City Hotel,2024-06-10,2024-12-05,2024-12-12,178,Germany,2,0.0,Suite,234.55,Online Travel Agent,Check-Out,2024,6,Jun,2024-06,7,1641.8500000000001,0
BKG100836,City Hotel,2023-11-06,2024-03-06,2024-03-15,121,India,4,0.0,Suite,60.91,Online Travel Agent,No-Show,2023,11,Nov,2023-11,9,548.1899999999999,0
BKG100837,Resort Hotel,2024-01-24,2024-04-16,2024-04-24,83,UAE,2,2.0,Family,200.52,Offline Agent,No-Show,2024,1,Jan,2024-01,8,1604.16,0
BKG100838,Resort Hotel,2024-05-27,2024-11-22,2024-11-24,179,Singapore,4,0.0,Standard,236.08,Direct,Check-Out,2024,5,May,2024-05,2,472.16,0
BKG100839,Resort Hotel,2022-03-31,2022-06-16,2022-06-25,77,Canada,4,0.0,Deluxe,319.96,Direct,Check-Out,2022,3,Mar,2022-03,9,2879.64,0
BKG100840,Resort Hotel,2024-02-11,2024-07-28,2024-07-30,168,UK,1,1.0,Suite,348.07,Offline Agent,Canceled,2024,2,Feb,2024-02,2,696.14,1
BKG100841,City Hotel,2022-08-14,2022-10-18,2022-10-26,65,USA,1,0.0,Suite,327.59,Direct,Canceled,2022,8,Aug,2022-08,8,2620.72,1
BKG100842,City Hotel,2024-02-24,2024-07-26,2024-07-28,153,Singapore,3,1.0,Family,323.95,Direct,Check-Out,2024,2,Feb,2024-02,2,647.9,0
BKG100843,Resort Hotel,2022-04-29,2022-07-12,2022-07-14,74,USA,1,0.0,Suite,158.67,Direct,Canceled,2022,4,Apr,2022-04,2,317.34,1
BKG100844,Resort Hotel,2023-01-25,2023-06-21,2023-06-22,147,Australia,3,0.0,Family,231.12,Corporate,Canceled,2023,1,Jan,2023-01,1,231.12,1
BKG100845,City Hotel,2024-03-27,2024-09-16,2024-09-19,173,UAE,2,0.0,Deluxe,174.64,Corporate,Canceled,2024,3,Mar,2024-03,3,523.92,1
BKG100846,Resort Hotel,2023-05-27,2023-11-17,2023-11-25,174,Brazil,2,2.0,Suite,142.18,Corporate,Check-Out,2023,5,May,2023-05,8,1137.44,0
BKG100847,City Hotel,2023-12-07,2024-01-07,2024-01-12,31,India,4,0.0,Suite,203.56,Direct,Canceled,2023,12,Dec,2023-12,5,1017.8,1
BKG100848,City Hotel,2022-08-04,2022-09-30,2022-10-01,57,UK,2,1.0,Standard,270.94,Offline Agent,Check-Out,2022,8,Aug,2022-08,1,270.94,0
BKG100849,City Hotel,2023-11-26,2024-03-26,2024-04-01,121,France,4,1.0,Deluxe,80.83,Offline Agent,Check-Out,2023,11,Nov,2023-11,6,484.98,0
BKG100850,Resort Hotel,2022-11-28,2023-04-25,2023-04-26,148,Canada,3,1.0,Family,249.84,Corporate,Canceled,2022,11,Nov,2022-11,1,249.84,1
BKG100851,Resort Hotel,2022-08-03,2022-09-27,2022-10-01,55,UK,1,0.0,Family,270.53,Offline Agent,Check-Out,2022,8,Aug,2022-08,4,1082.12,0
BKG100852,Resort Hotel,2022-06-22,2022-07-06,2022-07-08,14,USA,3,1.0,Suite,112.09,Offline Agent,No-Show,2022,6,Jun,2022-06,2,224.18,0
BKG100853,City Hotel,2023-10-05,2024-01-16,2024-01-20,103,France,1,0.0,Deluxe,129.85,Offline Agent,Canceled,2023,10,Oct,2023-10,4,519.4,1
BKG100854,City Hotel,2024-03-25,2024-09-12,2024-09-14,171,UAE,4,1.0,Standard,139.81,Online Travel Agent,Check-Out,2024,3,Mar,2024-03,2,279.62,0
BKG100855,City Hotel,2022-05-05,2022-09-07,2022-09-16,125,Australia,2,0.0,Standard,230.19,Direct,Check-Out,2022,5,May,2022-05,9,2071.71,0
BKG100856,City Hotel,2023-10-23,2024-04-19,2024-04-26,179,USA,3,2.0,Deluxe,96.32,Offline Agent,Canceled,2023,10,Oct,2023-10,7,674.24,1
BKG100857,Resort Hotel,2022-01-21,2022-05-01,2022-05-10,100,Germany,4,0.0,Standard,210.48,Direct,Canceled,2022,1,Jan,2022-01,9,1894.32,1
BKG100858,Resort Hotel,2023-12-13,2024-01-28,2024-01-29,46,Australia,4,0.0,Deluxe,95.68,Direct,Check-Out,2023,12,Dec,2023-12,1,95.68,0
BKG100859,Resort Hotel,2022-09-20,2022-09-28,2022-09-30,8,Australia,1,2.0,Standard,146.59,Direct,Check-Out,2022,9,Sep,2022-09,2,293.18,0
BKG100860,City Hotel,2023-06-16,2023-08-30,2023-09-08,75,Singapore,4,0.0,Suite,227.35,Online Travel Agent,Check-Out,2023,6,Jun,2023-06,9,2046.1499999999999,0
BKG100861,Resort Hotel,2023-11-10,2023-11-21,2023-11-25,11,UK,1,0.0,Deluxe,101.08,Corporate,Check-Out,2023,11,Nov,2023-11,4,404.32,0
BKG100862,City Hotel,2024-01-17,2024-06-24,2024-07-01,159,UK,1,2.0,Family,133.94,Offline Agent,Check-Out,2024,1,Jan,2024-01,7,937.5799999999999,0
BKG100863,City Hotel,2022-09-18,2023-03-10,2023-03-17,173,Germany,2,2.0,Suite,119.09,Online Travel Agent,Check-Out,2022,9,Sep,2022-09,7,833.63,0
BKG100864,Resort Hotel,2022-06-07,2022-08-26,2022-09-02,80,USA,4,0.0,Suite,339.57,Online Travel Agent,Check-Out,2022,6,Jun,2022-06,7,2376.99,0
BKG100865,City Hotel,2023-12-02,2024-04-20,2024-04-27,140,UAE,1,0.0,Suite,245.65,Online Travel Agent,Canceled,2023,12,Dec,2023-12,7,1719.55,1
BKG100866,Resort Hotel,2022-08-20,2022-10-29,2022-10-30,70,Australia,1,1.0,Standard,344.05,Online Travel Agent,Check-Out,2022,8,Aug,2022-08,1,344.05,0
BKG100867,City Hotel,2024-01-16,2024-04-03,2024-04-13,78,Singapore,4,0.0,Suite,213.4,Online Travel Agent,Canceled,2024,1,Jan,2024-01,10,2134.0,1
BKG100868,City Hotel,2022-06-24,2022-09-13,2022-09-20,81,Canada,2,0.0,Deluxe,293.76,Corporate,Check-Out,2022,6,Jun,2022-06,7,2056.3199999999997,0
BKG100869,City Hotel,2023-06-10,2023-07-19,2023-07-22,39,India,2,1.0,Suite,224.59,Direct,Check-Out,2023,6,Jun,2023-06,3,673.77,0
BKG100870,City Hotel,2023-03-05,2023-09-01,2023-09-09,180,Singapore,2,1.0,Suite,346.01,Corporate,No-Show,2023,3,Mar,2023-03,8,2768.08,0
BKG100871,City Hotel,2023-06-18,2023-08-15,2023-08-20,58,USA,1,0.0,Standard,177.89,Online Travel Agent,Canceled,2023,6,Jun,2023-06,5,889.4499999999999,1
BKG100872,City Hotel,2022-04-06,2022-05-18,2022-05-28,42,India,1,0.0,Family,275.59,Direct,Check-Out,2022,4,Apr,2022-04,10,2755.8999999999996,0
BKG100873,Resort Hotel,2023-06-12,2023-12-04,2023-12-13,175,India,1,1.0,Family,64.03,Corporate,Check-Out,2023,6,Jun,2023-06,9,576.27,0
BKG100874,Resort Hotel,2024-01-27,2024-07-14,2024-07-23,169,Singapore,1,2.0,Deluxe,190.11,Direct,Check-Out,2024,1,Jan,2024-01,9,1710.9900000000002,0
BKG100875,City Hotel,2024-05-09,2024-06-12,2024-06-21,34,UK,3,0.0,Suite,182.59,Online Travel Agent,Check-Out,2024,5,May,2024-05,9,1643.31,0
BKG100876,City Hotel,2023-11-27,2024-01-29,2024-02-07,63,France,1,0.0,Deluxe,146.76,Online Travel Agent,Canceled,2023,11,Nov,2023-11,9,1320.84,1
BKG100877,Resort Hotel,2023-08-06,2023-11-14,2023-11-18,100,Canada,3,2.0,Family,299.46,Online Travel Agent,Check-Out,2023,8,Aug,2023-08,4,1197.84,0
BKG100878,City Hotel,2023-09-23,2024-01-18,2024-01-24,117,UK,3,0.0,Family,91.08,Corporate,Check-Out,2023,9,Sep,2023-09,6,546.48,0
BKG100879,Resort Hotel,2023-03-18,2023-07-21,2023-07-25,125,Australia,1,2.0,Standard,209.15,Offline Agent,Check-Out,2023,3,Mar,2023-03,4,836.6,0
BKG100880,City Hotel,2024-02-27,2024-08-13,2024-08-18,168,UAE,2,1.0,Family,174.65,Direct,Check-Out,2024,2,Feb,2024-02,5,873.25,0
BKG100881,City Hotel,2022-10-03,2022-10-30,2022-11-07,27,India,4,0.0,Suite,100.56,Online Travel Agent,Check-Out,2022,10,Oct,2022-10,8,804.48,0
BKG100882,Resort Hotel,2022-10-19,2022-10-29,2022-11-01,10,UK,4,1.0,Deluxe,275.74,Offline Agent,No-Show,2022,10,Oct,2022-10,3,827.22,0
BKG100883,Resort Hotel,2022-09-30,2022-10-30,2022-11-06,30,UAE,4,2.0,Family,203.71,Offline Agent,Check-Out,2022,9,Sep,2022-09,7,1425.97,0
BKG100884,Resort Hotel,2022-04-21,2022-04-26,2022-04-29,5,India,2,0.0,Suite,205.0,Offline Agent,No-Show,2022,4,Apr,2022-04,3,615.0,0
BKG100885,Resort Hotel,2024-01-26,2024-01-28,2024-02-04,2,Australia,4,0.0,Deluxe,141.84,Direct,Canceled,2024,1,Jan,2024-01,7,992.88,1
BKG100886,Resort Hotel,2022-07-11,2022-09-12,2022-09-17,63,Australia,1,0.0,Deluxe,348.33,Offline Agent,Canceled,2022,7,Jul,2022-07,5,1741.6499999999999,1
BKG100887,Resort Hotel,2024-04-09,2024-05-05,2024-05-14,26,Germany,2,0.0,Standard,347.84,Direct,Check-Out,2024,4,Apr,2024-04,9,3130.56,0
BKG100888,Resort Hotel,2022-10-08,2022-11-26,2022-11-29,49,India,4,0.0,Family,238.78,Offline Agent,Check-Out,2022,10,Oct,2022-10,3,716.34,0
BKG100889,Resort Hotel,2023-12-18,2024-05-28,2024-06-01,162,Singapore,2,0.0,Family,183.56,Online Travel Agent,Check-Out,2023,12,Dec,2023-12,4,734.24,0
BKG100890,Resort Hotel,2022-10-03,2023-01-04,2023-01-09,93,UK,3,1.0,Standard,131.62,Online Travel Agent,Check-Out,2022,10,Oct,2022-10,5,658.1,0
BKG100891,Resort Hotel,2024-02-02,2024-04-24,2024-04-28,82,Australia,3,1.0,Deluxe,141.25,Corporate,Canceled,2024,2,Feb,2024-02,4,565.0,1
BKG100892,Resort Hotel,2023-01-08,2023-04-03,2023-04-08,85,UAE,1,0.0,Suite,253.99,Corporate,Canceled,2023,1,Jan,2023-01,5,1269.95,1
BKG100893,Resort Hotel,2023-08-27,2024-01-09,2024-01-19,135,Brazil,3,0.0,Family,248.57,Online Travel Agent,Canceled,2023,8,Aug,2023-08,10,2485.7,1
BKG100894,Resort Hotel,2022-05-14,2022-10-22,2022-11-01,161,Germany,1,0.0,Family,230.1,Online Travel Agent,Check-Out,2022,5,May,2022-05,10,2301.0,0
BKG100895,Resort Hotel,2023-07-14,2023-12-19,2023-12-25,158,Australia,3,1.0,Deluxe,347.0,Online Travel Agent,Check-Out,2023,7,Jul,2023-07,6,2082.0,0
BKG100896,Resort Hotel,2023-03-05,2023-07-23,2023-07-28,140,Australia,3,0.0,Standard,190.06,Offline Agent,Check-Out,2023,3,Mar,2023-03,5,950.3,0
BKG100897,Resort Hotel,2023-05-31,2023-06-05,2023-06-08,5,Germany,3,0.0,Family,144.0,Offline Agent,Check-Out,2023,5,May,2023-05,3,432.0,0
BKG100898,City Hotel,2024-06-10,2024-10-19,2024-10-21,131,Australia,2,1.0,Family,277.71,Offline Agent,Check-Out,2024,6,Jun,2024-06,2,555.42,0
BKG100899,Resort Hotel,2022-07-31,2022-09-16,2022-09-17,47,Singapore,2,2.0,Family,123.16,Corporate,Check-Out,2022,7,Jul,2022-07,1,123.16,0
BKG100900,Resort Hotel,2022-08-14,2022-10-28,2022-11-02,75,France,1,0.0,Standard,124.94,Direct,Canceled,2022,8,Aug,2022-08,5,624.7,1
BKG100901,Resort Hotel,2022-10-12,2022-11-15,2022-11-20,34,Singapore,1,0.0,Standard,346.97,Online Travel Agent,Check-Out,2022,10,Oct,2022-10,5,1734.8500000000001,0
BKG100902,City Hotel,2023-10-10,2024-03-12,2024-03-18,154,UK,3,0.0,Family,334.46,Corporate,Check-Out,2023,10,Oct,2023-10,6,2006.7599999999998,0
BKG100903,City Hotel,2022-02-28,2022-08-07,2022-08-08,160,UK,3,0.0,Suite,271.84,Online Travel Agent,Check-Out,2022,2,Feb,2022-02,1,271.84,0
BKG100904,Resort Hotel,2024-06-07,2024-11-03,2024-11-05,149,Canada,4,0.0,Family,312.31,Corporate,Check-Out,2024,6,Jun,2024-06,2,624.62,0
BKG100905,City Hotel,2023-08-19,2024-01-27,2024-02-03,161,UAE,2,0.0,Family,127.2,Offline Agent,Check-Out,2023,8,Aug,2023-08,7,890.4,0
BKG100906,Resort Hotel,2022-07-05,2022-10-30,2022-11-02,117,France,2,0.0,Standard,225.2,Online Travel Agent,Check-Out,2022,7,Jul,2022-07,3,675.5999999999999,0
BKG100907,City Hotel,2022-07-01,2022-10-09,2022-10-19,100,Germany,2,0.0,Family,101.62,Offline Agent,Check-Out,2022,7,Jul,2022-07,10,1016.2,0
BKG100908,Resort Hotel,2023-06-24,2023-07-29,2023-07-30,35,India,1,0.0,Standard,171.36,Online Travel Agent,Check-Out,2023,6,Jun,2023-06,1,171.36,0
BKG100909,Resort Hotel,2022-03-27,2022-06-03,2022-06-06,68,Singapore,1,0.0,Suite,337.71,Online Travel Agent,Check-Out,2022,3,Mar,2022-03,3,1013.1299999999999,0
BKG100910,Resort Hotel,2023-05-07,2023-09-28,2023-10-06,144,Germany,2,0.0,Standard,156.21,Corporate,Check-Out,2023,5,May,2023-05,8,1249.68,0
BKG100911,City Hotel,2022-05-07,2022-05-12,2022-05-13,5,UK,1,2.0,Standard,146.05,Direct,Check-Out,2022,5,May,2022-05,1,146.05,0
BKG100912,City Hotel,2023-03-14,2023-06-20,2023-06-23,98,USA,3,0.0,Family,125.51,Direct,No-Show,2023,3,Mar,2023-03,3,376.53000000000003,0
BKG100913,Resort Hotel,2022-08-18,2022-09-13,2022-09-18,26,UAE,3,0.0,Standard,238.55,Online Travel Agent,Check-Out,2022,8,Aug,2022-08,5,1192.75,0
BKG100914,City Hotel,2022-07-02,2022-10-19,2022-10-28,109,UK,3,2.0,Suite,112.6,Corporate,Check-Out,2022,7,Jul,2022-07,9,1013.4,0
BKG100915,Resort Hotel,2022-04-17,2022-06-25,2022-07-03,69,India,3,0.0,Deluxe,295.11,Direct,Check-Out,2022,4,Apr,2022-04,8,2360.88,0
BKG100916,City Hotel,2023-02-04,2023-05-29,2023-06-06,114,UK,1,0.0,Standard,227.57,Corporate,No-Show,2023,2,Feb,2023-02,8,1820.56,0
BKG100917,City Hotel,2022-07-06,2022-10-12,2022-10-18,98,Brazil,3,1.0,Suite,182.91,Direct,Canceled,2022,7,Jul,2022-07,6,1097.46,1
BKG100918,City Hotel,2023-11-01,2024-01-02,2024-01-09,62,Singapore,4,2.0,Deluxe,204.16,Offline Agent,Check-Out,2023,11,Nov,2023-11,7,1429.12,0
BKG100919,Resort Hotel,2024-01-03,2024-04-19,2024-04-28,107,Germany,2,0.0,Standard,128.21,Corporate,Check-Out,2024,1,Jan,2024-01,9,1153.89,0
BKG100920,Resort Hotel,2022-05-17,2022-06-14,2022-06-15,28,France,3,0.0,Family,306.14,Direct,Canceled,2022,5,May,2022-05,1,306.14,1
BKG100921,Resort Hotel,2023-07-19,2023-11-03,2023-11-07,107,USA,2,0.0,Deluxe,76.2,Offline Agent,Canceled,2023,7,Jul,2023-07,4,304.8,1
BKG100922,Resort Hotel,2023-12-14,2024-03-31,2024-04-06,108,Canada,1,0.0,Deluxe,252.2,Online Travel Agent,Check-Out,2023,12,Dec,2023-12,6,1513.1999999999998,0
BKG100923,City Hotel,2022-05-25,2022-06-14,2022-06-18,20,UK,1,0.0,Deluxe,225.06,Offline Agent,Canceled,2022,5,May,2022-05,4,900.24,1
BKG100924,City Hotel,2024-02-06,2024-06-20,2024-06-25,135,India,4,1.0,Suite,269.54,Online Travel Agent,Check-Out,2024,2,Feb,2024-02,5,1347.7,0
BKG100925,City Hotel,2023-10-20,2023-10-28,2023-11-07,8,Australia,2,2.0,Family,106.5,Corporate,Canceled,2023,10,Oct,2023-10,10,1065.0,1
BKG100926,Resort Hotel,2023-05-29,2023-08-15,2023-08-19,78,Singapore,4,0.0,Family,138.83,Direct,Canceled,2023,5,May,2023-05,4,555.32,1
BKG100927,Resort Hotel,2023-02-15,2023-07-23,2023-07-24,158,Canada,2,1.0,Family,113.27,Corporate,Check-Out,2023,2,Feb,2023-02,1,113.27,0
BKG100928,Resort Hotel,2023-02-19,2023-05-27,2023-05-30,97,France,1,0.0,Standard,247.53,Online Travel Agent,Check-Out,2023,2,Feb,2023-02,3,742.59,0
BKG100929,Resort Hotel,2023-09-10,2023-12-04,2023-12-05,85,USA,2,0.0,Deluxe,107.2,Online Travel Agent,Canceled,2023,9,Sep,2023-09,1,107.2,1
BKG100930,Resort Hotel,2022-11-13,2022-12-31,2023-01-09,48,Brazil,2,0.0,Standard,129.7,Offline Agent,Check-Out,2022,11,Nov,2022-11,9,1167.3,0
BKG100931,City Hotel,2022-11-19,2022-12-12,2022-12-17,23,Australia,1,0.0,Deluxe,277.99,Corporate,Canceled,2022,11,Nov,2022-11,5,1389.95,1
BKG100932,Resort Hotel,2024-01-14,2024-04-14,2024-04-17,91,Singapore,1,0.0,Deluxe,178.11,Online Travel Agent,Check-Out,2024,1,Jan,2024-01,3,534.33,0
BKG100933,City Hotel,2023-01-27,2023-05-29,2023-06-08,122,USA,1,0.0,Standard,106.75,Direct,Canceled,2023,1,Jan,2023-01,10,1067.5,1
BKG100934,City Hotel,2024-04-06,2024-09-27,2024-09-30,174,Australia,2,2.0,Deluxe,209.73,Corporate,Check-Out,2024,4,Apr,2024-04,3,629.1899999999999,0
BKG100935,Resort Hotel,2023-10-01,2024-01-19,2024-01-20,110,UK,4,0.0,Family,120.56,Online Travel Agent,Canceled,2023,10,Oct,2023-10,1,120.56,1
BKG100936,City Hotel,2022-05-27,2022-08-14,2022-08-23,79,UK,1,1.0,Suite,87.29,Direct,Check-Out,2022,5,May,2022-05,9,785.61,0
BKG100937,City Hotel,2023-08-14,2023-11-15,2023-11-21,93,France,1,0.0,Family,111.96,Corporate,Canceled,2023,8,Aug,2023-08,6,671.76,1
BKG100938,City Hotel,2023-03-29,2023-09-11,2023-09-14,166,France,1,2.0,Family,201.6,Offline Agent,Canceled,2023,3,Mar,2023-03,3,604.8,1
BKG100939,City Hotel,2023-11-28,2023-12-31,2024-01-08,33,Australia,3,2.0,Standard,305.0,Offline Agent,Check-Out,2023,11,Nov,2023-11,8,2440.0,0
BKG100940,Resort Hotel,2022-09-27,2023-03-20,2023-03-21,174,UK,1,0.0,Standard,262.93,Corporate,Check-Out,2022,9,Sep,2022-09,1,262.93,0
BKG100941,Resort Hotel,2023-08-07,2023-11-17,2023-11-19,102,UAE,2,1.0,Family,313.51,Offline Agent,Check-Out,2023,8,Aug,2023-08,2,627.02,0
BKG100942,City Hotel,2024-04-17,2024-08-14,2024-08-16,119,Australia,1,0.0,Deluxe,272.22,Offline Agent,Check-Out,2024,4,Apr,2024-04,2,544.44,0
BKG100943,City Hotel,2022-11-21,2023-02-16,2023-02-26,87,USA,4,0.0,Suite,263.66,Online Travel Agent,Check-Out,2022,11,Nov,2022-11,10,2636.6000000000004,0
BKG100944,City Hotel,2022-06-09,2022-10-07,2022-10-10,120,India,2,0.0,Suite,224.78,Offline Agent,No-Show,2022,6,Jun,2022-06,3,674.34,0
BKG100945,Resort Hotel,2022-08-07,2022-08-20,2022-08-24,13,Australia,1,1.0,Deluxe,138.26,Online Travel Agent,Check-Out,2022,8,Aug,2022-08,4,553.04,0
BKG100946,City Hotel,2022-03-25,2022-06-09,2022-06-17,76,UK,4,2.0,Family,122.09,Online Travel Agent,Canceled,2022,3,Mar,2022-03,8,976.72,1
BKG100947,City Hotel,2023-03-15,2023-06-10,2023-06-15,87,Canada,2,0.0,Family,161.29,Direct,No-Show,2023,3,Mar,2023-03,5,806.4499999999999,0
BKG100948,Resort Hotel,2023-03-24,2023-06-22,2023-07-02,90,USA,4,0.0,Deluxe,222.66,Corporate,Check-Out,2023,3,Mar,2023-03,10,2226.6,0
BKG100949,City Hotel,2024-04-23,2024-07-13,2024-07-14,81,UAE,2,1.0,Standard,330.81,Offline Agent,Check-Out,2024,4,Apr,2024-04,1,330.81,0
BKG100950,Resort Hotel,2024-01-10,2024-01-10,2024-01-18,0,Australia,2,1.0,Deluxe,245.29,Direct,Check-Out,2024,1,Jan,2024-01,8,1962.32,0
BKG100951,Resort Hotel,2023-07-14,2023-08-25,2023-09-04,42,Brazil,4,0.0,Standard,160.94,Corporate,Canceled,2023,7,Jul,2023-07,10,1609.4,1
BKG100952,City Hotel,2022-01-17,2022-04-04,2022-04-09,77,Australia,1,1.0,Family,248.18,Corporate,Check-Out,2022,1,Jan,2022-01,5,1240.9,0
BKG100953,City Hotel,2023-07-10,2023-10-27,2023-11-05,109,Australia,3,0.0,Suite,328.64,Direct,Check-Out,2023,7,Jul,2023-07,9,2957.7599999999998,0
BKG100954,City Hotel,2022-06-16,2022-11-01,2022-11-08,138,France,4,0.0,Standard,305.08,Online Travel Agent,Canceled,2022,6,Jun,2022-06,7,2135.56,1
BKG100955,Resort Hotel,2022-04-17,2022-05-09,2022-05-10,22,Canada,4,0.0,Standard,203.96,Corporate,Canceled,2022,4,Apr,2022-04,1,203.96,1
BKG100956,City Hotel,2022-08-05,2022-10-01,2022-10-09,57,USA,4,0.0,Suite,116.71,Offline Agent,Check-Out,2022,8,Aug,2022-08,8,933.68,0
BKG100957,City Hotel,2024-04-20,2024-10-02,2024-10-09,165,France,1,0.0,Suite,286.84,Corporate,Canceled,2024,4,Apr,2024-04,7,2007.8799999999999,1
BKG100958,Resort Hotel,2024-03-25,2024-07-09,2024-07-13,106,UK,1,1.0,Suite,69.48,Corporate,Check-Out,2024,3,Mar,2024-03,4,277.92,0
BKG100959,City Hotel,2023-08-09,2023-11-27,2023-12-01,110,Australia,4,0.0,Family,238.72,Direct,Canceled,2023,8,Aug,2023-08,4,954.88,1
BKG100960,Resort Hotel,2023-02-04,2023-03-20,2023-03-27,44,Australia,3,2.0,Deluxe,105.95,Online Travel Agent,Check-Out,2023,2,Feb,2023-02,7,741.65,0
BKG100961,Resort Hotel,2024-03-14,2024-06-22,2024-06-27,100,India,2,0.0,Family,119.09,Online Travel Agent,Check-Out,2024,3,Mar,2024-03,5,595.45,0
BKG100962,Resort Hotel,2023-08-31,2023-10-09,2023-10-10,39,Canada,1,2.0,Suite,170.9,Direct,Check-Out,2023,8,Aug,2023-08,1,170.9,0
BKG100963,Resort Hotel,2022-08-16,2022-10-31,2022-11-04,76,France,2,1.0,Standard,283.41,Direct,Check-Out,2022,8,Aug,2022-08,4,1133.64,0
BKG100964,Resort Hotel,2023-10-16,2024-03-12,2024-03-14,148,Australia,1,1.0,Deluxe,328.89,Corporate,Check-Out,2023,10,Oct,2023-10,2,657.78,0
BKG100965,Resort Hotel,2022-07-04,2022-07-27,2022-07-29,23,Australia,4,0.0,Standard,324.69,Offline Agent,Canceled,2022,7,Jul,2022-07,2,649.38,1
BKG100966,City Hotel,2023-02-28,2023-03-18,2023-03-26,18,UAE,1,0.0,Family,259.33,Direct,Check-Out,2023,2,Feb,2023-02,8,2074.64,0
BKG100967,City Hotel,2022-01-11,2022-02-25,2022-03-07,45,Canada,1,0.0,Standard,343.02,Direct,Check-Out,2022,1,Jan,2022-01,10,3430.2,0
BKG100968,Resort Hotel,2022-09-18,2022-10-19,2022-10-23,31,Australia,1,2.0,Family,66.68,Online Travel Agent,Canceled,2022,9,Sep,2022-09,4,266.72,1
BKG100969,Resort Hotel,2022-01-31,2022-04-24,2022-04-27,83,France,2,0.0,Suite,271.05,Offline Agent,Check-Out,2022,1,Jan,2022-01,3,813.1500000000001,0
BKG100970,City Hotel,2022-04-05,2022-07-03,2022-07-12,89,Australia,3,1.0,Family,276.11,Direct,Check-Out,2022,4,Apr,2022-04,9,2484.9900000000002,0
BKG100971,City Hotel,2022-07-22,2023-01-13,2023-01-18,175,UK,4,0.0,Deluxe,229.26,Offline Agent,Check-Out,2022,7,Jul,2022-07,5,1146.3,0
BKG100972,City Hotel,2023-04-02,2023-07-19,2023-07-29,108,Australia,3,0.0,Deluxe,240.64,Corporate,Check-Out,2023,4,Apr,2023-04,10,2406.3999999999996,0
BKG100973,City Hotel,2023-10-10,2023-10-26,2023-11-03,16,Brazil,2,0.0,Family,337.85,Corporate,Check-Out,2023,10,Oct,2023-10,8,2702.8,0
BKG100974,Resort Hotel,2024-06-17,2024-11-29,2024-12-08,165,UAE,3,1.0,Family,68.68,Direct,Check-Out,2024,6,Jun,2024-06,9,618.1200000000001,0
BKG100975,Resort Hotel,2022-03-16,2022-05-10,2022-05-16,55,India,3,0.0,Suite,286.06,Online Travel Agent,Canceled,2022,3,Mar,2022-03,6,1716.3600000000001,1
BKG100976,City Hotel,2022-08-07,2022-12-04,2022-12-14,119,France,3,0.0,Deluxe,222.88,Direct,Check-Out,2022,8,Aug,2022-08,10,2228.8,0
BKG100977,City Hotel,2022-10-12,2023-03-16,2023-03-18,155,Germany,4,1.0,Deluxe,152.16,Online Travel Agent,Canceled,2022,10,Oct,2022-10,2,304.32,1
BKG100978,Resort Hotel,2023-05-26,2023-06-06,2023-06-11,11,Brazil,4,0.0,Suite,95.99,Offline Agent,Check-Out,2023,5,May,2023-05,5,479.95,0
BKG100979,City Hotel,2022-01-22,2022-04-04,2022-04-05,72,Australia,1,1.0,Standard,142.47,Corporate,Check-Out,2022,1,Jan,2022-01,1,142.47,0
BKG100980,City Hotel,2022-03-13,2022-07-11,2022-07-13,120,Australia,4,0.0,Standard,139.66,Corporate,Check-Out,2022,3,Mar,2022-03,2,279.32,0
BKG100981,Resort Hotel,2022-02-18,2022-05-29,2022-06-03,100,UAE,4,1.0,Standard,306.11,Online Travel Agent,Check-Out,2022,2,Feb,2022-02,5,1530.5500000000002,0
BKG100982,City Hotel,2024-04-25,2024-04-27,2024-04-30,2,Germany,1,0.0,Deluxe,309.8,Online Travel Agent,Check-Out,2024,4,Apr,2024-04,3,929.4000000000001,0
BKG100983,Resort Hotel,2024-04-11,2024-07-14,2024-07-23,94,USA,1,0.0,Standard,135.31,Online Travel Agent,Check-Out,2024,4,Apr,2024-04,9,1217.79,0
BKG100984,Resort Hotel,2022-12-04,2023-05-29,2023-06-08,176,Australia,4,0.0,Family,262.61,Online Travel Agent,Check-Out,2022,12,Dec,2022-12,10,2626.1000000000004,0
BKG100985,Resort Hotel,2024-06-01,2024-07-08,2024-07-18,37,Brazil,4,1.0,Family,253.79,Offline Agent,No-Show,2024,6,Jun,2024-06,10,2537.9,0
BKG100986,Resort Hotel,2022-11-26,2023-03-29,2023-04-02,123,UAE,1,0.0,Deluxe,282.2,Direct,Check-Out,2022,11,Nov,2022-11,4,1128.8,0
BKG100987,City Hotel,2022-03-18,2022-07-22,2022-07-23,126,Australia,2,0.0,Deluxe,254.44,Offline Agent,Check-Out,2022,3,Mar,2022-03,1,254.44,0
BKG100988,Resort Hotel,2022-08-02,2022-12-31,2023-01-09,151,Australia,3,0.0,Standard,265.47,Direct,Check-Out,2022,8,Aug,2022-08,9,2389.2300000000005,0
BKG100989,City Hotel,2023-01-08,2023-04-16,2023-04-24,98,Australia,2,1.0,Deluxe,114.51,Corporate,No-Show,2023,1,Jan,2023-01,8,916.08,0
BKG100990,Resort Hotel,2023-08-15,2024-01-27,2024-01-29,165,Australia,2,1.0,Standard,314.1,Offline Agent,Check-Out,2023,8,Aug,2023-08,2,628.2,0
BKG100991,Resort Hotel,2022-01-30,2022-05-31,2022-06-09,121,UAE,4,0.0,Family,137.02,Direct,Check-Out,2022,1,Jan,2022-01,9,1233.18,0
BKG100992,City Hotel,2023-05-30,2023-09-17,2023-09-26,110,Australia,3,0.0,Standard,187.99,Offline Agent,Canceled,2023,5,May,2023-05,9,1691.91,1
BKG100993,City Hotel,2023-03-09,2023-04-27,2023-05-02,49,Singapore,2,1.0,Family,111.23,Offline Agent,Check-Out,2023,3,Mar,2023-03,5,556.15,0
BKG100994,Resort Hotel,2022-02-21,2022-08-05,2022-08-09,165,Brazil,1,0.0,Family,93.4,Direct,Check-Out,2022,2,Feb,2022-02,4,373.6,0
BKG100995,Resort Hotel,2022-04-14,2022-06-23,2022-06-27,70,Australia,4,1.0,Family,173.94,Direct,Check-Out,2022,4,Apr,2022-04,4,695.76,0
BKG100996,City Hotel,2022-07-28,2022-10-24,2022-10-29,88,France,3,0.0,Deluxe,87.33,Direct,Check-Out,2022,7,Jul,2022-07,5,436.65,0
BKG100997,Resort Hotel,2022-03-13,2022-04-24,2022-04-27,42,Canada,3,1.0,Family,101.13,Corporate,Check-Out,2022,3,Mar,2022-03,3,303.39,0
BKG100998,City Hotel,2022-09-28,2022-10-17,2022-10-20,19,Brazil,1,2.0,Standard,162.12,Offline Agent,Canceled,2022,9,Sep,2022-09,3,486.36,1
BKG100999,City Hotel,2023-04-29,2023-05-27,2023-05-28,28,Germany,1,2.0,Deluxe,257.21,Direct,Canceled,2023,4,Apr,2023-04,1,257.21,1
BKG101000,City Hotel,2022-04-13,2022-06-29,2022-07-05,77,Canada,4,1.0,Suite,273.1,Online Travel Agent,Check-Out,2022,4,Apr,2022-04,6,1638.6000000000001,0
BKG101001,City Hotel,2024-04-27,2024-07-26,2024-07-31,90,USA,3,2.0,Suite,284.61,Online Travel Agent,Check-Out,2024,4,Apr,2024-04,5,1423.0500000000002,0
BKG101002,City Hotel,2023-02-25,2023-04-22,2023-04-25,56,UAE,3,1.0,Deluxe,68.96,Online Travel Agent,Check-Out,2023,2,Feb,2023-02,3,206.88,0
BKG101003,City Hotel,2023-01-22,2023-07-04,2023-07-06,163,Singapore,3,2.0,Deluxe,320.77,Corporate,Canceled,2023,1,Jan,2023-01,2,641.54,1
BKG101004,Resort Hotel,2022-12-24,2023-03-18,2023-03-25,84,Brazil,4,0.0,Suite,149.7,Online Travel Agent,Check-Out,2022,12,Dec,2022-12,7,1047.8999999999999,0
BKG101005,City Hotel,2023-04-11,2023-09-03,2023-09-09,145,UK,3,0.0,Family,341.15,Direct,Check-Out,2023,4,Apr,2023-04,6,2046.8999999999999,0
BKG101006,Resort Hotel,2022-10-24,2023-04-01,2023-04-10,159,France,2,0.0,Standard,201.18,Offline Agent,Check-Out,2022,10,Oct,2022-10,9,1810.6200000000001,0
BKG101007,City Hotel,2022-10-17,2023-03-17,2023-03-19,151,UAE,1,0.0,Standard,148.69,Online Travel Agent,Check-Out,2022,10,Oct,2022-10,2,297.38,0
BKG101008,Resort Hotel,2022-12-25,2023-03-07,2023-03-16,72,Germany,2,0.0,Family,266.83,Online Travel Agent,Check-Out,2022,12,Dec,2022-12,9,2401.47,0
BKG101009,Resort Hotel,2022-02-02,2022-06-03,2022-06-09,121,France,2,1.0,Family,182.54,Corporate,Check-Out,2022,2,Feb,2022-02,6,1095.24,0
BKG101010,City Hotel,2023-03-23,2023-09-12,2023-09-18,173,Singapore,2,0.0,Deluxe,132.51,Corporate,Check-Out,2023,3,Mar,2023-03,6,795.06,0
BKG101011,City Hotel,2022-11-01,2023-03-26,2023-04-03,145,USA,2,0.0,Deluxe,286.9,Offline Agent,Check-Out,2022,11,Nov,2022-11,8,2295.2,0
BKG101012,City Hotel,2023-05-31,2023-11-22,2023-11-28,175,Australia,4,0.0,Family,184.02,Online Travel Agent,Canceled,2023,5,May,2023-05,6,1104.1200000000001,1
BKG101013,Resort Hotel,2022-01-28,2022-05-15,2022-05-17,107,Brazil,2,2.0,Suite,322.99,Direct,Check-Out,2022,1,Jan,2022-01,2,645.98,0
BKG101014,Resort Hotel,2023-08-03,2023-10-17,2023-10-18,75,Canada,4,0.0,Family,176.85,Online Travel Agent,Check-Out,2023,8,Aug,2023-08,1,176.85,0
BKG101015,City Hotel,2022-10-04,2023-03-19,2023-03-21,166,Brazil,3,2.0,Family,88.25,Corporate,Canceled,2022,10,Oct,2022-10,2,176.5,1
BKG101016,City Hotel,2022-05-05,2022-10-01,2022-10-10,149,UK,1,0.0,Deluxe,209.72,Direct,Check-Out,2022,5,May,2022-05,9,1887.48,0
BKG101017,Resort Hotel,2022-11-15,2022-11-16,2022-11-24,1,Brazil,2,0.0,Standard,79.47,Online Travel Agent,Check-Out,2022,11,Nov,2022-11,8,635.76,0
BKG101018,Resort Hotel,2022-04-17,2022-08-16,2022-08-17,121,France,4,1.0,Family,76.14,Offline Agent,No-Show,2022,4,Apr,2022-04,1,76.14,0
BKG101019,Resort Hotel,2024-04-19,2024-06-18,2024-06-27,60,Australia,3,2.0,Deluxe,257.58,Online Travel Agent,Check-Out,2024,4,Apr,2024-04,9,2318.22,0
BKG101020,Resort Hotel,2024-04-18,2024-10-03,2024-10-07,168,Australia,2,2.0,Family,275.08,Corporate,Check-Out,2024,4,Apr,2024-04,4,1100.32,0
BKG101021,Resort Hotel,2022-04-13,2022-09-10,2022-09-18,150,Canada,3,0.0,Family,173.44,Offline Agent,Check-Out,2022,4,Apr,2022-04,8,1387.52,0
BKG101022,Resort Hotel,2022-10-18,2023-02-12,2023-02-14,117,Brazil,4,0.0,Family,228.36,Online Travel Agent,Canceled,2022,10,Oct,2022-10,2,456.72,1
BKG101023,Resort Hotel,2022-12-30,2023-02-03,2023-02-11,35,UAE,4,0.0,Deluxe,62.64,Corporate,Canceled,2022,12,Dec,2022-12,8,501.12,1
BKG101024,City Hotel,2023-06-22,2023-09-29,2023-10-08,99,Brazil,1,0.0,Suite,250.22,Offline Agent,Canceled,2023,6,Jun,2023-06,9,2251.98,1
BKG101025,City Hotel,2024-03-16,2024-04-20,2024-04-25,35,Australia,3,1.0,Family,79.78,Direct,Check-Out,2024,3,Mar,2024-03,5,398.9,0
BKG101026,City Hotel,2023-06-04,2023-11-19,2023-11-28,168,Brazil,3,0.0,Family,262.35,Online Travel Agent,Check-Out,2023,6,Jun,2023-06,9,2361.15,0
BKG101027,City Hotel,2024-05-22,2024-07-01,2024-07-05,40,Australia,1,0.0,Deluxe,204.84,Direct,Check-Out,2024,5,May,2024-05,4,819.36,0
BKG101028,Resort Hotel,2022-06-28,2022-10-04,2022-10-11,98,India,1,0.0,Standard,237.45,Offline Agent,Canceled,2022,6,Jun,2022-06,7,1662.1499999999999,1
BKG101029,City Hotel,2023-09-14,2024-02-22,2024-02-23,161,Australia,2,0.0,Deluxe,91.22,Direct,Check-Out,2023,9,Sep,2023-09,1,91.22,0
BKG101030,City Hotel,2023-05-18,2023-09-07,2023-09-12,112,Singapore,2,0.0,Deluxe,275.22,Online Travel Agent,Check-Out,2023,5,May,2023-05,5,1376.1000000000001,0
BKG101031,Resort Hotel,2023-10-07,2024-03-26,2024-03-28,171,UAE,2,0.0,Family,294.9,Online Travel Agent,Check-Out,2023,10,Oct,2023-10,2,589.8,0
BKG101032,City Hotel,2023-11-30,2024-05-12,2024-05-21,164,Singapore,4,0.0,Suite,301.4,Corporate,Check-Out,2023,11,Nov,2023-11,9,2712.6,0
BKG101033,Resort Hotel,2023-07-27,2023-08-31,2023-09-02,35,Brazil,4,1.0,Family,241.39,Direct,Canceled,2023,7,Jul,2023-07,2,482.78,1
BKG101034,City Hotel,2022-11-02,2022-11-27,2022-11-29,25,India,4,0.0,Deluxe,74.93,Corporate,Canceled,2022,11,Nov,2022-11,2,149.86,1
BKG101035,Resort Hotel,2022-09-15,2022-12-23,2022-12-29,99,Singapore,1,0.0,Deluxe,340.75,Corporate,Check-Out,2022,9,Sep,2022-09,6,2044.5,0
BKG101036,Resort Hotel,2022-02-28,2022-07-17,2022-07-19,139,UAE,4,0.0,Family,249.44,Corporate,Check-Out,2022,2,Feb,2022-02,2,498.88,0
BKG101037,City Hotel,2024-02-23,2024-03-09,2024-03-12,15,India,2,2.0,Deluxe,296.86,Offline Agent,Check-Out,2024,2,Feb,2024-02,3,890.58,0
BKG101038,Resort Hotel,2023-08-01,2024-01-04,2024-01-05,156,Singapore,3,0.0,Family,335.47,Direct,Check-Out,2023,8,Aug,2023-08,1,335.47,0
BKG101039,City Hotel,2022-02-12,2022-03-10,2022-03-11,26,Australia,4,2.0,Family,125.32,Online Travel Agent,Canceled,2022,2,Feb,2022-02,1,125.32,1
BKG101040,Resort Hotel,2024-06-16,2024-08-13,2024-08-14,58,Singapore,1,0.0,Family,284.35,Online Travel Agent,Check-Out,2024,6,Jun,2024-06,1,284.35,0
BKG101041,Resort Hotel,2022-02-23,2022-06-02,2022-06-09,99,USA,2,1.0,Family,263.39,Online Travel Agent,Canceled,2022,2,Feb,2022-02,7,1843.73,1
BKG101042,Resort Hotel,2023-01-12,2023-04-12,2023-04-16,90,Germany,3,1.0,Standard,326.24,Online Travel Agent,Check-Out,2023,1,Jan,2023-01,4,1304.96,0
BKG101043,Resort Hotel,2024-02-05,2024-06-21,2024-07-01,137,India,1,0.0,Standard,313.24,Online Travel Agent,Check-Out,2024,2,Feb,2024-02,10,3132.4,0
BKG101044,Resort Hotel,2022-07-04,2022-09-14,2022-09-15,72,France,3,0.0,Deluxe,234.7,Online Travel Agent,Check-Out,2022,7,Jul,2022-07,1,234.7,0
BKG101045,Resort Hotel,2022-05-06,2022-10-21,2022-10-23,168,Australia,1,0.0,Suite,332.13,Direct,Check-Out,2022,5,May,2022-05,2,664.26,0
BKG101046,City Hotel,2022-11-06,2023-02-07,2023-02-16,93,UAE,3,0.0,Standard,212.78,Online Travel Agent,Check-Out,2022,11,Nov,2022-11,9,1915.02,0
BKG101047,Resort Hotel,2023-02-25,2023-08-24,2023-09-03,180,Singapore,4,0.0,Deluxe,82.75,Corporate,Canceled,2023,2,Feb,2023-02,10,827.5,1
BKG101048,City Hotel,2022-08-04,2022-09-04,2022-09-10,31,Canada,2,0.0,Standard,343.59,Online Travel Agent,Check-Out,2022,8,Aug,2022-08,6,2061.54,0
BKG101049,Resort Hotel,2022-02-04,2022-04-14,2022-04-19,69,India,4,0.0,Suite,299.88,Offline Agent,Check-Out,2022,2,Feb,2022-02,5,1499.4,0
BKG101050,City Hotel,2024-06-02,2024-09-07,2024-09-14,97,UK,4,0.0,Family,125.09,Online Travel Agent,Check-Out,2024,6,Jun,2024-06,7,875.63,0
BKG101051,City Hotel,2022-02-02,2022-06-20,2022-06-26,138,France,1,2.0,Deluxe,278.8,Online Travel Agent,Check-Out,2022,2,Feb,2022-02,6,1672.8000000000002,0
BKG101052,City Hotel,2024-04-29,2024-10-05,2024-10-12,159,France,4,0.0,Family,294.15,Offline Agent,Check-Out,2024,4,Apr,2024-04,7,2059.0499999999997,0
BKG101053,Resort Hotel,2023-08-05,2023-12-15,2023-12-20,132,Australia,2,1.0,Standard,195.53,Corporate,Canceled,2023,8,Aug,2023-08,5,977.65,1
BKG101054,Resort Hotel,2022-10-08,2022-10-29,2022-11-02,21,Brazil,3,0.0,Suite,225.61,Corporate,Check-Out,2022,10,Oct,2022-10,4,902.44,0
BKG101055,City Hotel,2022-09-14,2023-02-28,2023-03-10,167,France,1,0.0,Deluxe,149.0,Offline Agent,Check-Out,2022,9,Sep,2022-09,10,1490.0,0
BKG101056,Resort Hotel,2023-03-27,2023-03-29,2023-04-06,2,Australia,1,0.0,Standard,199.26,Online Travel Agent,Check-Out,2023,3,Mar,2023-03,8,1594.08,0
BKG101057,City Hotel,2023-09-17,2024-02-05,2024-02-11,141,France,1,1.0,Family,112.14,Direct,Check-Out,2023,9,Sep,2023-09,6,672.84,0
BKG101058,Resort Hotel,2022-06-28,2022-08-04,2022-08-14,37,UK,1,0.0,Family,93.19,Corporate,Check-Out,2022,6,Jun,2022-06,10,931.9,0
BKG101059,City Hotel,2024-01-05,2024-03-03,2024-03-04,58,Singapore,3,0.0,Standard,64.67,Direct,Check-Out,2024,1,Jan,2024-01,1,64.67,0
BKG101060,Resort Hotel,2022-03-21,2022-07-28,2022-08-05,129,UAE,1,2.0,Suite,82.46,Offline Agent,Check-Out,2022,3,Mar,2022-03,8,659.68,0
BKG101061,City Hotel,2023-03-13,2023-05-24,2023-05-27,72,UAE,1,0.0,Family,236.02,Corporate,Check-Out,2023,3,Mar,2023-03,3,708.0600000000001,0
BKG101062,Resort Hotel,2022-10-29,2023-04-06,2023-04-07,159,Brazil,2,0.0,Standard,72.94,Online Travel Agent,Check-Out,2022,10,Oct,2022-10,1,72.94,0
BKG101063,Resort Hotel,2024-04-07,2024-06-26,2024-07-05,80,UK,3,0.0,Family,169.86,Online Travel Agent,No-Show,2024,4,Apr,2024-04,9,1528.7400000000002,0
BKG101064,Resort Hotel,2022-08-18,2023-01-09,2023-01-18,144,Brazil,4,2.0,Family,272.58,Offline Agent,Check-Out,2022,8,Aug,2022-08,9,2453.22,0
BKG101065,City Hotel,2022-07-19,2022-12-13,2022-12-18,147,Germany,2,0.0,Family,130.49,Corporate,Canceled,2022,7,Jul,2022-07,5,652.45,1
BKG101066,City Hotel,2022-04-29,2022-10-23,2022-10-27,177,Australia,4,1.0,Family,164.95,Online Travel Agent,Check-Out,2022,4,Apr,2022-04,4,659.8,0
BKG101067,Resort Hotel,2023-09-12,2023-11-09,2023-11-17,58,Singapore,4,0.0,Deluxe,225.11,Offline Agent,Check-Out,2023,9,Sep,2023-09,8,1800.88,0
BKG101068,Resort Hotel,2023-11-13,2023-12-18,2023-12-28,35,USA,3,0.0,Family,159.06,Offline Agent,Check-Out,2023,11,Nov,2023-11,10,1590.6,0
BKG101069,Resort Hotel,2022-06-01,2022-10-26,2022-11-03,147,UK,2,0.0,Family,314.16,Offline Agent,Check-Out,2022,6,Jun,2022-06,8,2513.28,0
BKG101070,Resort Hotel,2023-07-22,2023-11-19,2023-11-21,120,UK,2,0.0,Standard,301.82,Direct,Check-Out,2023,7,Jul,2023-07,2,603.64,0
BKG101071,Resort Hotel,2023-06-27,2023-10-04,2023-10-11,99,Australia,3,0.0,Standard,176.67,Corporate,Canceled,2023,6,Jun,2023-06,7,1236.6899999999998,1
BKG101072,City Hotel,2022-12-11,2023-05-11,2023-05-21,151,Canada,1,0.0,Family,81.39,Offline Agent,Canceled,2022,12,Dec,2022-12,10,813.9,1
BKG101073,Resort Hotel,2023-03-23,2023-06-05,2023-06-13,74,UK,2,0.0,Standard,269.88,Corporate,Check-Out,2023,3,Mar,2023-03,8,2159.04,0
BKG101074,City Hotel,2023-04-10,2023-07-16,2023-07-22,97,USA,4,0.0,Deluxe,207.51,Corporate,Check-Out,2023,4,Apr,2023-04,6,1245.06,0
BKG101075,City Hotel,2022-02-19,2022-07-13,2022-07-22,144,UK,4,0.0,Deluxe,153.61,Online Travel Agent,Canceled,2022,2,Feb,2022-02,9,1382.4900000000002,1
BKG101076,City Hotel,2024-01-23,2024-03-16,2024-03-23,53,USA,3,2.0,Suite,315.08,Corporate,Check-Out,2024,1,Jan,2024-01,7,2205.56,0
BKG101077,City Hotel,2022-10-22,2022-12-31,2023-01-08,70,France,4,0.0,Standard,316.75,Direct,Check-Out,2022,10,Oct,2022-10,8,2534.0,0
BKG101078,Resort Hotel,2022-05-25,2022-06-18,2022-06-22,24,Australia,2,0.0,Deluxe,233.53,Online Travel Agent,Check-Out,2022,5,May,2022-05,4,934.12,0
BKG101079,City Hotel,2024-04-22,2024-04-28,2024-05-04,6,Canada,2,0.0,Deluxe,333.12,Offline Agent,Check-Out,2024,4,Apr,2024-04,6,1998.72,0
BKG101080,Resort Hotel,2022-04-23,2022-10-20,2022-10-22,180,UK,4,1.0,Suite,203.04,Online Travel Agent,No-Show,2022,4,Apr,2022-04,2,406.08,0
BKG101081,City Hotel,2024-04-02,2024-04-22,2024-04-26,20,France,1,0.0,Family,105.45,Online Travel Agent,Canceled,2024,4,Apr,2024-04,4,421.8,1
BKG101082,Resort Hotel,2022-11-19,2022-11-28,2022-12-05,9,India,1,2.0,Deluxe,152.08,Direct,Check-Out,2022,11,Nov,2022-11,7,1064.5600000000002,0
BKG101083,Resort Hotel,2024-06-12,2024-08-07,2024-08-11,56,Canada,3,1.0,Suite,103.92,Direct,Check-Out,2024,6,Jun,2024-06,4,415.68,0
BKG101084,City Hotel,2024-06-15,2024-07-07,2024-07-16,22,Singapore,2,0.0,Deluxe,185.95,Direct,Check-Out,2024,6,Jun,2024-06,9,1673.55,0
BKG101085,City Hotel,2023-12-06,2024-02-11,2024-02-21,67,Canada,4,2.0,Deluxe,128.07,Corporate,Canceled,2023,12,Dec,2023-12,10,1280.6999999999998,1
BKG101086,City Hotel,2024-06-15,2024-08-28,2024-09-05,74,France,4,1.0,Standard,233.37,Online Travel Agent,Check-Out,2024,6,Jun,2024-06,8,1866.96,0
BKG101087,City Hotel,2024-02-13,2024-04-26,2024-05-03,73,USA,4,0.0,Deluxe,131.74,Offline Agent,No-Show,2024,2,Feb,2024-02,7,922.1800000000001,0
BKG101088,City Hotel,2023-11-08,2023-12-07,2023-12-13,29,Canada,4,0.0,Family,284.37,Direct,Check-Out,2023,11,Nov,2023-11,6,1706.22,0
BKG101089,City Hotel,2022-10-02,2023-02-08,2023-02-12,129,France,4,0.0,Suite,223.05,Offline Agent,Check-Out,2022,10,Oct,2022-10,4,892.2,0
BKG101090,Resort Hotel,2023-03-29,2023-07-15,2023-07-22,108,Australia,3,0.0,Standard,137.81,Corporate,Check-Out,2023,3,Mar,2023-03,7,964.6700000000001,0
BKG101091,City Hotel,2022-08-15,2023-01-08,2023-01-11,146,UK,2,0.0,Standard,334.88,Online Travel Agent,Canceled,2022,8,Aug,2022-08,3,1004.64,1
BKG101092,Resort Hotel,2022-04-03,2022-09-30,2022-10-06,180,Singapore,3,2.0,Deluxe,78.4,Online Travel Agent,Check-Out,2022,4,Apr,2022-04,6,470.40000000000003,0
BKG101093,City Hotel,2022-06-10,2022-10-25,2022-11-01,137,Australia,2,0.0,Family,292.37,Direct,Check-Out,2022,6,Jun,2022-06,7,2046.5900000000001,0
BKG101094,City Hotel,2022-09-12,2022-09-15,2022-09-16,3,Canada,1,2.0,Standard,89.73,Direct,Check-Out,2022,9,Sep,2022-09,1,89.73,0
BKG101095,City Hotel,2022-01-25,2022-03-24,2022-03-28,58,Australia,1,0.0,Deluxe,277.48,Corporate,Canceled,2022,1,Jan,2022-01,4,1109.92,1
BKG101096,Resort Hotel,2022-03-20,2022-04-07,2022-04-16,18,USA,4,0.0,Family,64.28,Direct,Canceled,2022,3,Mar,2022-03,9,578.52,1
BKG101097,City Hotel,2024-05-29,2024-08-16,2024-08-22,79,France,4,2.0,Family,275.61,Direct,Check-Out,2024,5,May,2024-05,6,1653.66,0
BKG101098,Resort Hotel,2023-11-03,2024-03-29,2024-04-06,147,Australia,4,0.0,Suite,184.57,Offline Agent,Check-Out,2023,11,Nov,2023-11,8,1476.56,0
BKG101099,City Hotel,2023-12-21,2024-05-05,2024-05-14,136,Australia,2,1.0,Suite,64.99,Online Travel Agent,Check-Out,2023,12,Dec,2023-12,9,584.91,0
BKG101100,Resort Hotel,2023-08-15,2023-08-21,2023-08-28,6,France,2,1.0,Suite,167.25,Direct,Canceled,2023,8,Aug,2023-08,7,1170.75,1
BKG101101,City Hotel,2022-03-27,2022-04-20,2022-04-29,24,Brazil,2,0.0,Deluxe,310.8,Online Travel Agent,Check-Out,2022,3,Mar,2022-03,9,2797.2000000000003,0
BKG101102,City Hotel,2023-09-24,2024-01-23,2024-02-01,121,Australia,2,0.0,Family,282.55,Corporate,Canceled,2023,9,Sep,2023-09,9,2542.9500000000003,1
BKG101103,Resort Hotel,2022-02-07,2022-04-30,2022-05-10,82,Singapore,4,0.0,Family,137.76,Offline Agent,Check-Out,2022,2,Feb,2022-02,10,1377.6,0
BKG101104,Resort Hotel,2023-10-30,2023-12-29,2024-01-04,60,USA,4,1.0,Family,209.19,Online Travel Agent,Check-Out,2023,10,Oct,2023-10,6,1255.1399999999999,0
BKG101105,Resort Hotel,2024-02-15,2024-02-18,2024-02-21,3,India,1,0.0,Family,117.24,Offline Agent,Check-Out,2024,2,Feb,2024-02,3,351.71999999999997,0
BKG101106,Resort Hotel,2024-04-02,2024-08-14,2024-08-22,134,France,2,2.0,Standard,181.26,Offline Agent,No-Show,2024,4,Apr,2024-04,8,1450.08,0
BKG101107,Resort Hotel,2024-01-08,2024-06-29,2024-07-04,173,UK,3,2.0,Suite,317.97,Direct,Canceled,2024,1,Jan,2024-01,5,1589.8500000000001,1
BKG101108,City Hotel,2024-01-02,2024-04-06,2024-04-15,95,UK,3,1.0,Deluxe,194.24,Offline Agent,Check-Out,2024,1,Jan,2024-01,9,1748.16,0
BKG101109,Resort Hotel,2023-03-03,2023-04-17,2023-04-20,45,France,4,0.0,Deluxe,348.06,Direct,Check-Out,2023,3,Mar,2023-03,3,1044.18,0
BKG101110,Resort Hotel,2023-07-05,2023-10-30,2023-11-05,117,USA,1,0.0,Suite,241.24,Direct,Check-Out,2023,7,Jul,2023-07,6,1447.44,0
BKG101111,City Hotel,2022-01-15,2022-03-05,2022-03-10,49,UAE,3,1.0,Family,229.5,Corporate,Check-Out,2022,1,Jan,2022-01,5,1147.5,0
BKG101112,Resort Hotel,2023-10-19,2024-04-04,2024-04-08,168,France,1,2.0,Deluxe,104.2,Online Travel Agent,Check-Out,2023,10,Oct,2023-10,4,416.8,0
BKG101113,City Hotel,2022-05-10,2022-09-20,2022-09-30,133,Brazil,4,0.0,Family,226.94,Direct,Check-Out,2022,5,May,2022-05,10,2269.4,0
BKG101114,Resort Hotel,2024-03-13,2024-05-11,2024-05-15,59,Canada,1,2.0,Standard,102.48,Corporate,Check-Out,2024,3,Mar,2024-03,4,409.92,0
BKG101115,City Hotel,2022-02-23,2022-03-30,2022-04-08,35,France,4,1.0,Standard,252.8,Direct,Check-Out,2022,2,Feb,2022-02,9,2275.2000000000003,0
BKG101116,City Hotel,2023-01-22,2023-04-30,2023-05-08,98,Singapore,3,0.0,Standard,303.21,Direct,No-Show,2023,1,Jan,2023-01,8,2425.68,0
BKG101117,City Hotel,2023-10-11,2023-12-21,2023-12-24,71,USA,4,2.0,Family,188.08,Online Travel Agent,Check-Out,2023,10,Oct,2023-10,3,564.24,0
BKG101118,Resort Hotel,2024-06-05,2024-09-06,2024-09-14,93,Australia,3,1.0,Suite,122.0,Direct,Canceled,2024,6,Jun,2024-06,8,976.0,1
BKG101119,City Hotel,2022-01-11,2022-03-02,2022-03-10,50,UAE,3,2.0,Family,116.52,Corporate,Canceled,2022,1,Jan,2022-01,8,932.16,1
BKG101120,City Hotel,2023-05-30,2023-06-02,2023-06-12,3,Australia,3,0.0,Standard,247.69,Corporate,Check-Out,2023,5,May,2023-05,10,2476.9,0
BKG101121,City Hotel,2022-02-28,2022-07-24,2022-07-25,146,UK,4,2.0,Family,243.35,Online Travel Agent,Check-Out,2022,2,Feb,2022-02,1,243.35,0
BKG101122,Resort Hotel,2022-01-30,2022-07-05,2022-07-08,156,India,2,0.0,Family,84.02,Online Travel Agent,Check-Out,2022,1,Jan,2022-01,3,252.06,0
BKG101123,City Hotel,2024-05-28,2024-10-14,2024-10-19,139,UAE,2,2.0,Deluxe,273.86,Corporate,Check-Out,2024,5,May,2024-05,5,1369.3000000000002,0
BKG101124,Resort Hotel,2023-11-12,2024-02-23,2024-03-01,103,France,1,0.0,Family,115.95,Direct,Check-Out,2023,11,Nov,2023-11,7,811.65,0
BKG101125,Resort Hotel,2022-10-10,2023-03-14,2023-03-18,155,France,4,0.0,Suite,244.24,Corporate,Check-Out,2022,10,Oct,2022-10,4,976.96,0
BKG101126,Resort Hotel,2023-04-23,2023-09-15,2023-09-17,145,UK,4,0.0,Standard,93.72,Online Travel Agent,Check-Out,2023,4,Apr,2023-04,2,187.44,0
BKG101127,City Hotel,2023-10-04,2023-10-09,2023-10-12,5,USA,1,0.0,Deluxe,245.0,Corporate,Canceled,2023,10,Oct,2023-10,3,735.0,1
BKG101128,City Hotel,2023-10-20,2023-12-07,2023-12-10,48,UK,3,0.0,Suite,170.0,Direct,Check-Out,2023,10,Oct,2023-10,3,510.0,0
BKG101129,City Hotel,2023-02-28,2023-04-26,2023-04-30,57,France,3,0.0,Family,111.36,Corporate,Check-Out,2023,2,Feb,2023-02,4,445.44,0
BKG101130,Resort Hotel,2022-12-30,2023-05-27,2023-06-02,148,India,3,2.0,Family,190.41,Direct,Check-Out,2022,12,Dec,2022-12,6,1142.46,0
BKG101131,City Hotel,2022-08-04,2023-01-30,2023-02-06,179,USA,3,0.0,Deluxe,120.16,Corporate,Check-Out,2022,8,Aug,2022-08,7,841.12,0
BKG101132,City Hotel,2022-09-25,2022-10-03,2022-10-05,8,UAE,2,1.0,Family,100.55,Online Travel Agent,Check-Out,2022,9,Sep,2022-09,2,201.1,0
BKG101133,City Hotel,2022-04-18,2022-09-26,2022-10-02,161,UAE,1,0.0,Standard,182.21,Direct,Canceled,2022,4,Apr,2022-04,6,1093.26,1
BKG101134,City Hotel,2022-11-10,2022-12-21,2022-12-29,41,Brazil,2,0.0,Family,187.31,Online Travel Agent,Check-Out,2022,11,Nov,2022-11,8,1498.48,0
BKG101135,City Hotel,2022-09-07,2022-11-10,2022-11-16,64,India,3,1.0,Deluxe,256.78,Online Travel Agent,Check-Out,2022,9,Sep,2022-09,6,1540.6799999999998,0
BKG101136,Resort Hotel,2024-03-03,2024-05-10,2024-05-20,68,France,4,2.0,Family,68.28,Direct,Check-Out,2024,3,Mar,2024-03,10,682.8,0
BKG101137,City Hotel,2022-12-08,2022-12-21,2022-12-23,13,Australia,3,0.0,Deluxe,292.43,Offline Agent,Check-Out,2022,12,Dec,2022-12,2,584.86,0
BKG101138,Resort Hotel,2022-06-01,2022-07-22,2022-07-25,51,Germany,3,0.0,Family,83.31,Online Travel Agent,Canceled,2022,6,Jun,2022-06,3,249.93,1
BKG101139,City Hotel,2022-06-07,2022-11-29,2022-12-08,175,USA,3,0.0,Family,198.43,Offline Agent,Check-Out,2022,6,Jun,2022-06,9,1785.8700000000001,0
BKG101140,Resort Hotel,2023-04-29,2023-10-17,2023-10-24,171,Australia,4,0.0,Deluxe,281.29,Corporate,Canceled,2023,4,Apr,2023-04,7,1969.0300000000002,1
BKG101141,Resort Hotel,2022-05-17,2022-08-27,2022-09-02,102,UAE,3,1.0,Family,233.11,Online Travel Agent,Check-Out,2022,5,May,2022-05,6,1398.66,0
BKG101142,Resort Hotel,2023-09-16,2023-10-31,2023-11-04,45,Brazil,3,0.0,Family,158.56,Online Travel Agent,Check-Out,2023,9,Sep,2023-09,4,634.24,0
BKG101143,Resort Hotel,2022-05-22,2022-09-26,2022-09-30,127,UAE,1,0.0,Family,147.56,Direct,Check-Out,2022,5,May,2022-05,4,590.24,0
BKG101144,City Hotel,2022-10-19,2023-01-06,2023-01-13,79,UK,4,0.0,Deluxe,135.7,Offline Agent,Check-Out,2022,10,Oct,2022-10,7,949.8999999999999,0
BKG101145,Resort Hotel,2024-05-04,2024-05-31,2024-06-08,27,Australia,1,0.0,Standard,258.96,Direct,Check-Out,2024,5,May,2024-05,8,2071.68,0
BKG101146,City Hotel,2023-08-12,2023-12-19,2023-12-26,129,Australia,4,0.0,Standard,200.98,Corporate,Check-Out,2023,8,Aug,2023-08,7,1406.86,0
BKG101147,City Hotel,2024-01-30,2024-07-10,2024-07-12,162,UAE,4,2.0,Suite,168.12,Online Travel Agent,Canceled,2024,1,Jan,2024-01,2,336.24,1
BKG101148,City Hotel,2023-03-11,2023-07-25,2023-08-01,136,Germany,1,0.0,Family,62.02,Offline Agent,Check-Out,2023,3,Mar,2023-03,7,434.14000000000004,0
BKG101149,City Hotel,2022-10-16,2022-10-26,2022-10-28,10,Australia,4,0.0,Family,166.46,Corporate,Check-Out,2022,10,Oct,2022-10,2,332.92,0
BKG101150,City Hotel,2024-02-25,2024-03-02,2024-03-11,6,India,3,0.0,Family,145.04,Corporate,Check-Out,2024,2,Feb,2024-02,9,1305.36,0
BKG101151,City Hotel,2022-02-06,2022-07-08,2022-07-10,152,Germany,3,0.0,Deluxe,214.07,Online Travel Agent,Check-Out,2022,2,Feb,2022-02,2,428.14,0
BKG101152,City Hotel,2022-05-10,2022-06-16,2022-06-24,37,Brazil,4,0.0,Deluxe,160.16,Offline Agent,Check-Out,2022,5,May,2022-05,8,1281.28,0
BKG101153,Resort Hotel,2022-12-01,2023-03-06,2023-03-07,95,Australia,2,2.0,Standard,343.28,Corporate,Canceled,2022,12,Dec,2022-12,1,343.28,1
BKG101154,City Hotel,2024-02-07,2024-04-24,2024-05-01,77,USA,4,0.0,Family,113.34,Online Travel Agent,Canceled,2024,2,Feb,2024-02,7,793.38,1
BKG101155,City Hotel,2023-08-08,2023-10-13,2023-10-18,66,Germany,2,0.0,Family,168.53,Corporate,Canceled,2023,8,Aug,2023-08,5,842.65,1
BKG101156,Resort Hotel,2024-03-07,2024-04-23,2024-04-28,47,France,1,2.0,Suite,175.61,Online Travel Agent,Check-Out,2024,3,Mar,2024-03,5,878.0500000000001,0
BKG101157,City Hotel,2022-01-20,2022-05-06,2022-05-09,106,USA,3,0.0,Deluxe,194.11,Direct,Check-Out,2022,1,Jan,2022-01,3,582.33,0
BKG101158,City Hotel,2022-11-29,2023-01-24,2023-01-26,56,Brazil,3,0.0,Family,299.82,Online Travel Agent,Check-Out,2022,11,Nov,2022-11,2,599.64,0
BKG101159,City Hotel,2023-07-26,2023-07-29,2023-08-04,3,UK,3,0.0,Family,160.45,Offline Agent,Check-Out,2023,7,Jul,2023-07,6,962.6999999999999,0
BKG101160,Resort Hotel,2023-12-16,2024-01-28,2024-02-04,43,Canada,3,1.0,Suite,69.36,Online Travel Agent,Check-Out,2023,12,Dec,2023-12,7,485.52,0
BKG101161,City Hotel,2023-06-27,2023-09-29,2023-10-04,94,Australia,3,0.0,Deluxe,190.93,Direct,Check-Out,2023,6,Jun,2023-06,5,954.6500000000001,0
BKG101162,City Hotel,2023-08-02,2023-11-20,2023-11-27,110,Germany,1,0.0,Family,221.37,Direct,Check-Out,2023,8,Aug,2023-08,7,1549.5900000000001,0
BKG101163,Resort Hotel,2024-05-20,2024-06-20,2024-06-22,31,Brazil,4,0.0,Family,121.28,Direct,Canceled,2024,5,May,2024-05,2,242.56,1
BKG101164,City Hotel,2024-02-25,2024-06-06,2024-06-15,102,Brazil,4,0.0,Suite,277.87,Corporate,Canceled,2024,2,Feb,2024-02,9,2500.83,1
BKG101165,City Hotel,2023-10-08,2023-11-04,2023-11-10,27,Canada,4,0.0,Suite,309.13,Online Travel Agent,Check-Out,2023,10,Oct,2023-10,6,1854.78,0
BKG101166,City Hotel,2024-06-13,2024-07-28,2024-08-04,45,Canada,3,0.0,Deluxe,214.47,Online Travel Agent,Check-Out,2024,6,Jun,2024-06,7,1501.29,0
BKG101167,Resort Hotel,2023-10-31,2024-02-15,2024-02-22,107,UK,4,0.0,Standard,244.56,Online Travel Agent,Canceled,2023,10,Oct,2023-10,7,1711.92,1
BKG101168,Resort Hotel,2022-11-29,2023-05-04,2023-05-08,156,UAE,2,2.0,Standard,241.39,Offline Agent,Check-Out,2022,11,Nov,2022-11,4,965.56,0
BKG101169,Resort Hotel,2024-06-03,2024-07-22,2024-07-25,49,UK,4,0.0,Family,269.69,Direct,Check-Out,2024,6,Jun,2024-06,3,809.0699999999999,0
BKG101170,Resort Hotel,2022-10-28,2022-11-13,2022-11-14,16,Brazil,2,2.0,Family,193.74,Direct,Canceled,2022,10,Oct,2022-10,1,193.74,1
BKG101171,Resort Hotel,2023-04-18,2023-08-24,2023-08-26,128,India,3,0.0,Standard,131.01,Offline Agent,Canceled,2023,4,Apr,2023-04,2,262.02,1
BKG101172,Resort Hotel,2023-04-27,2023-08-03,2023-08-05,98,Brazil,4,0.0,Standard,316.17,Offline Agent,Check-Out,2023,4,Apr,2023-04,2,632.34,0
BKG101173,City Hotel,2024-01-14,2024-01-29,2024-02-03,15,Australia,4,0.0,Standard,165.38,Online Travel Agent,Check-Out,2024,1,Jan,2024-01,5,826.9,0
BKG101174,City Hotel,2022-09-26,2023-02-21,2023-02-23,148,UK,2,0.0,Deluxe,179.74,Online Travel Agent,Check-Out,2022,9,Sep,2022-09,2,359.48,0
BKG101175,City Hotel,2022-04-10,2022-07-03,2022-07-05,84,UAE,4,1.0,Suite,278.23,Offline Agent,Check-Out,2022,4,Apr,2022-04,2,556.46,0
BKG101176,Resort Hotel,2023-04-07,2023-10-03,2023-10-08,179,UK,3,2.0,Suite,70.37,Online Travel Agent,Check-Out,2023,4,Apr,2023-04,5,351.85,0
BKG101177,Resort Hotel,2023-01-15,2023-06-08,2023-06-14,144,Brazil,3,0.0,Suite,333.99,Offline Agent,Canceled,2023,1,Jan,2023-01,6,2003.94,1
BKG101178,City Hotel,2023-11-21,2024-02-04,2024-02-07,75,France,2,0.0,Deluxe,236.16,Online Travel Agent,Canceled,2023,11,Nov,2023-11,3,708.48,1
BKG101179,City Hotel,2023-08-21,2023-11-06,2023-11-09,77,Canada,1,0.0,Deluxe,165.61,Corporate,Check-Out,2023,8,Aug,2023-08,3,496.83000000000004,0
BKG101180,City Hotel,2023-08-25,2023-12-31,2024-01-06,128,UK,3,1.0,Family,310.97,Direct,Check-Out,2023,8,Aug,2023-08,6,1865.8200000000002,0
BKG101181,Resort Hotel,2023-01-24,2023-01-27,2023-01-29,3,UK,3,0.0,Suite,149.7,Online Travel Agent,Check-Out,2023,1,Jan,2023-01,2,299.4,0
BKG101182,Resort Hotel,2023-01-01,2023-05-08,2023-05-16,127,UAE,1,2.0,Standard,320.46,Offline Agent,Check-Out,2023,1,Jan,2023-01,8,2563.68,0
BKG101183,Resort Hotel,2022-12-04,2023-04-12,2023-04-14,129,India,3,0.0,Family,338.88,Direct,Check-Out,2022,12,Dec,2022-12,2,677.76,0
BKG101184,City Hotel,2024-03-27,2024-05-12,2024-05-16,46,Singapore,2,1.0,Suite,111.45,Online Travel Agent,Canceled,2024,3,Mar,2024-03,4,445.8,1
BKG101185,Resort Hotel,2024-01-21,2024-02-06,2024-02-09,16,Brazil,3,0.0,Family,120.24,Offline Agent,Check-Out,2024,1,Jan,2024-01,3,360.71999999999997,0
BKG101186,City Hotel,2024-03-11,2024-03-24,2024-03-30,13,USA,1,0.0,Family,198.71,Direct,Check-Out,2024,3,Mar,2024-03,6,1192.26,0
BKG101187,City Hotel,2023-08-27,2023-10-21,2023-10-31,55,USA,4,0.0,Family,225.11,Direct,Check-Out,2023,8,Aug,2023-08,10,2251.1000000000004,0
BKG101188,City Hotel,2023-10-13,2024-03-18,2024-03-26,157,Canada,1,0.0,Deluxe,278.82,Corporate,Check-Out,2023,10,Oct,2023-10,8,2230.56,0
BKG101189,City Hotel,2023-06-11,2023-08-22,2023-08-27,72,Singapore,3,2.0,Suite,132.22,Offline Agent,Check-Out,2023,6,Jun,2023-06,5,661.1,0
BKG101190,City Hotel,2024-02-14,2024-03-31,2024-04-08,46,Canada,1,0.0,Deluxe,319.08,Direct,Check-Out,2024,2,Feb,2024-02,8,2552.64,0
BKG101191,Resort Hotel,2023-03-19,2023-09-07,2023-09-12,172,Germany,1,1.0,Standard,159.31,Direct,Check-Out,2023,3,Mar,2023-03,5,796.55,0
BKG101192,Resort Hotel,2023-05-29,2023-08-15,2023-08-21,78,Brazil,4,0.0,Deluxe,258.58,Online Travel Agent,Check-Out,2023,5,May,2023-05,6,1551.48,0
BKG101193,City Hotel,2024-02-24,2024-06-04,2024-06-07,101,Singapore,2,2.0,Family,252.15,Offline Agent,Canceled,2024,2,Feb,2024-02,3,756.45,1
BKG101194,City Hotel,2022-10-03,2022-11-30,2022-12-05,58,Australia,4,0.0,Suite,167.53,Corporate,Check-Out,2022,10,Oct,2022-10,5,837.65,0
BKG101195,City Hotel,2023-03-12,2023-08-03,2023-08-10,144,India,4,0.0,Family,281.04,Corporate,Check-Out,2023,3,Mar,2023-03,7,1967.2800000000002,0
BKG101196,City Hotel,2022-05-24,2022-09-17,2022-09-22,116,France,1,0.0,Suite,120.5,Online Travel Agent,Check-Out,2022,5,May,2022-05,5,602.5,0
BKG101197,City Hotel,2024-03-20,2024-06-25,2024-07-01,97,Australia,2,0.0,Standard,239.09,Online Travel Agent,Check-Out,2024,3,Mar,2024-03,6,1434.54,0
BKG101198,City Hotel,2022-11-30,2023-04-01,2023-04-11,122,Canada,4,0.0,Deluxe,286.56,Corporate,No-Show,2022,11,Nov,2022-11,10,2865.6,0
BKG101199,City Hotel,2023-08-24,2023-11-28,2023-11-29,96,Singapore,1,0.0,Suite,245.49,Offline Agent,Canceled,2023,8,Aug,2023-08,1,245.49,1
BKG101200,City Hotel,2022-04-24,2022-08-22,2022-08-25,120,Australia,1,0.0,Deluxe,343.38,Corporate,Check-Out,2022,4,Apr,2022-04,3,1030.1399999999999,0
BKG101201,City Hotel,2023-07-30,2023-08-21,2023-08-29,22,Singapore,2,0.0,Suite,226.09,Online Travel Agent,Check-Out,2023,7,Jul,2023-07,8,1808.72,0
BKG101202,Resort Hotel,2024-02-28,2024-03-16,2024-03-22,17,UK,3,1.0,Suite,276.71,Offline Agent,Check-Out,2024,2,Feb,2024-02,6,1660.2599999999998,0
BKG101203,Resort Hotel,2023-01-06,2023-04-01,2023-04-05,85,UK,3,0.0,Standard,235.05,Offline Agent,Check-Out,2023,1,Jan,2023-01,4,940.2,0
BKG101204,City Hotel,2024-04-05,2024-08-07,2024-08-08,124,India,1,2.0,Suite,168.31,Offline Agent,Check-Out,2024,4,Apr,2024-04,1,168.31,0
BKG101205,Resort Hotel,2022-12-08,2023-05-19,2023-05-21,162,Singapore,1,0.0,Deluxe,86.72,Online Travel Agent,Check-Out,2022,12,Dec,2022-12,2,173.44,0
BKG101206,City Hotel,2023-04-25,2023-09-28,2023-10-02,156,Canada,1,1.0,Family,297.15,Corporate,Check-Out,2023,4,Apr,2023-04,4,1188.6,0
BKG101207,City Hotel,2023-10-26,2024-03-21,2024-03-27,147,India,4,2.0,Family,286.52,Corporate,Check-Out,2023,10,Oct,2023-10,6,1719.12,0
BKG101208,Resort Hotel,2024-04-28,2024-08-05,2024-08-06,99,France,1,0.0,Deluxe,153.49,Corporate,Check-Out,2024,4,Apr,2024-04,1,153.49,0
BKG101209,Resort Hotel,2023-11-01,2024-04-19,2024-04-23,170,Australia,3,2.0,Suite,104.26,Direct,Check-Out,2023,11,Nov,2023-11,4,417.04,0
BKG101210,Resort Hotel,2023-07-01,2023-12-02,2023-12-03,154,UAE,2,2.0,Suite,161.07,Direct,Check-Out,2023,7,Jul,2023-07,1,161.07,0
BKG101211,Resort Hotel,2022-07-26,2022-10-11,2022-10-14,77,UAE,4,0.0,Standard,127.56,Direct,Canceled,2022,7,Jul,2022-07,3,382.68,1
BKG101212,Resort Hotel,2023-03-27,2023-04-27,2023-05-04,31,Australia,1,1.0,Standard,311.58,Offline Agent,Check-Out,2023,3,Mar,2023-03,7,2181.06,0
BKG101213,Resort Hotel,2022-07-23,2022-09-13,2022-09-20,52,UK,1,0.0,Family,341.08,Online Travel Agent,Canceled,2022,7,Jul,2022-07,7,2387.56,1
BKG101214,Resort Hotel,2024-01-29,2024-07-01,2024-07-07,154,Australia,3,1.0,Suite,115.38,Offline Agent,Check-Out,2024,1,Jan,2024-01,6,692.28,0
BKG101215,City Hotel,2022-04-25,2022-08-19,2022-08-20,116,USA,1,1.0,Family,292.99,Corporate,Canceled,2022,4,Apr,2022-04,1,292.99,1
BKG101216,Resort Hotel,2024-05-06,2024-05-22,2024-05-29,16,Australia,3,0.0,Family,349.91,Online Travel Agent,No-Show,2024,5,May,2024-05,7,2449.3700000000003,0
BKG101217,Resort Hotel,2022-10-09,2023-03-23,2023-03-29,165,Brazil,1,0.0,Standard,305.75,Direct,Check-Out,2022,10,Oct,2022-10,6,1834.5,0
BKG101218,Resort Hotel,2022-05-24,2022-11-17,2022-11-25,177,France,1,0.0,Suite,232.9,Offline Agent,Canceled,2022,5,May,2022-05,8,1863.2,1
BKG101219,Resort Hotel,2023-03-06,2023-04-19,2023-04-22,44,UK,2,0.0,Standard,165.87,Offline Agent,Check-Out,2023,3,Mar,2023-03,3,497.61,0
BKG101220,Resort Hotel,2023-02-18,2023-07-28,2023-08-03,160,UAE,3,2.0,Standard,153.11,Offline Agent,Check-Out,2023,2,Feb,2023-02,6,918.6600000000001,0
BKG101221,Resort Hotel,2024-06-11,2024-07-17,2024-07-24,36,UK,1,2.0,Standard,169.34,Online Travel Agent,Check-Out,2024,6,Jun,2024-06,7,1185.38,0
BKG101222,City Hotel,2022-08-17,2022-09-09,2022-09-16,23,Australia,1,0.0,Family,340.93,Direct,Canceled,2022,8,Aug,2022-08,7,2386.51,1
BKG101223,City Hotel,2024-04-08,2024-09-18,2024-09-19,163,UK,3,1.0,Suite,196.15,Online Travel Agent,No-Show,2024,4,Apr,2024-04,1,196.15,0
BKG101224,Resort Hotel,2023-11-16,2023-12-10,2023-12-18,24,Singapore,4,2.0,Deluxe,116.92,Direct,Check-Out,2023,11,Nov,2023-11,8,935.36,0
BKG101225,Resort Hotel,2022-03-26,2022-04-19,2022-04-26,24,France,3,2.0,Deluxe,90.52,Corporate,Check-Out,2022,3,Mar,2022-03,7,633.64,0
BKG101226,City Hotel,2023-04-19,2023-10-07,2023-10-17,171,UK,3,0.0,Standard,155.1,Offline Agent,Check-Out,2023,4,Apr,2023-04,10,1551.0,0
BKG101227,Resort Hotel,2024-03-24,2024-05-13,2024-05-16,50,UK,1,0.0,Family,244.04,Corporate,Check-Out,2024,3,Mar,2024-03,3,732.12,0
BKG101228,Resort Hotel,2023-05-08,2023-09-08,2023-09-14,123,Canada,2,2.0,Suite,177.64,Offline Agent,Check-Out,2023,5,May,2023-05,6,1065.84,0
BKG101229,Resort Hotel,2022-10-14,2023-03-30,2023-04-08,167,France,3,0.0,Suite,349.04,Offline Agent,Canceled,2022,10,Oct,2022-10,9,3141.36,1
BKG101230,City Hotel,2023-04-13,2023-09-29,2023-10-01,169,Australia,3,2.0,Standard,136.23,Direct,Check-Out,2023,4,Apr,2023-04,2,272.46,0
BKG101231,City Hotel,2023-04-14,2023-05-12,2023-05-14,28,Canada,3,0.0,Family,313.26,Online Travel Agent,No-Show,2023,4,Apr,2023-04,2,626.52,0
BKG101232,Resort Hotel,2023-06-01,2023-07-17,2023-07-24,46,India,2,0.0,Deluxe,303.6,Corporate,Check-Out,2023,6,Jun,2023-06,7,2125.2000000000003,0
BKG101233,Resort Hotel,2024-03-09,2024-04-16,2024-04-26,38,Singapore,1,2.0,Family,165.17,Corporate,Check-Out,2024,3,Mar,2024-03,10,1651.6999999999998,0
BKG101234,City Hotel,2023-11-28,2024-01-09,2024-01-19,42,Germany,2,0.0,Suite,216.84,Online Travel Agent,No-Show,2023,11,Nov,2023-11,10,2168.4,0
BKG101235,Resort Hotel,2023-02-15,2023-05-01,2023-05-08,75,France,4,1.0,Standard,195.72,Online Travel Agent,Check-Out,2023,2,Feb,2023-02,7,1370.04,0
BKG101236,Resort Hotel,2023-07-24,2024-01-11,2024-01-16,171,India,2,2.0,Family,232.26,Direct,Check-Out,2023,7,Jul,2023-07,5,1161.3,0
BKG101237,City Hotel,2024-04-22,2024-06-02,2024-06-06,41,Brazil,4,0.0,Deluxe,247.36,Direct,Canceled,2024,4,Apr,2024-04,4,989.44,1
BKG101238,Resort Hotel,2022-03-14,2022-05-10,2022-05-15,57,Germany,2,1.0,Family,95.81,Direct,Check-Out,2022,3,Mar,2022-03,5,479.05,0
BKG101239,Resort Hotel,2024-02-18,2024-05-11,2024-05-12,83,Brazil,1,2.0,Family,150.24,Direct,Check-Out,2024,2,Feb,2024-02,1,150.24,0
BKG101240,City Hotel,2022-11-02,2022-12-03,2022-12-12,31,France,4,0.0,Standard,80.42,Offline Agent,Canceled,2022,11,Nov,2022-11,9,723.78,1
BKG101241,City Hotel,2022-09-19,2022-10-17,2022-10-25,28,France,4,2.0,Deluxe,108.85,Online Travel Agent,Check-Out,2022,9,Sep,2022-09,8,870.8,0
BKG101242,City Hotel,2024-01-20,2024-06-22,2024-07-02,154,Australia,3,0.0,Family,312.11,Online Travel Agent,Check-Out,2024,1,Jan,2024-01,10,3121.1000000000004,0
BKG101243,City Hotel,2024-06-04,2024-08-14,2024-08-19,71,UAE,3,2.0,Standard,155.36,Online Travel Agent,Check-Out,2024,6,Jun,2024-06,5,776.8000000000001,0
BKG101244,City Hotel,2024-04-05,2024-08-07,2024-08-11,124,USA,4,0.0,Family,231.41,Offline Agent,Check-Out,2024,4,Apr,2024-04,4,925.64,0
BKG101245,Resort Hotel,2024-06-10,2024-11-27,2024-12-04,170,Brazil,1,2.0,Standard,91.26,Online Travel Agent,No-Show,2024,6,Jun,2024-06,7,638.82,0
BKG101246,Resort Hotel,2022-09-02,2022-12-03,2022-12-13,92,UAE,4,1.0,Family,268.3,Offline Agent,Check-Out,2022,9,Sep,2022-09,10,2683.0,0
BKG101247,Resort Hotel,2023-06-20,2023-06-29,2023-07-06,9,India,4,0.0,Suite,122.65,Online Travel Agent,Check-Out,2023,6,Jun,2023-06,7,858.5500000000001,0
BKG101248,City Hotel,2023-02-27,2023-03-06,2023-03-14,7,Australia,3,0.0,Deluxe,297.33,Online Travel Agent,Check-Out,2023,2,Feb,2023-02,8,2378.64,0
BKG101249,City Hotel,2022-02-18,2022-05-12,2022-05-20,83,Australia,3,0.0,Suite,120.72,Direct,Canceled,2022,2,Feb,2022-02,8,965.76,1
BKG101250,Resort Hotel,2024-05-27,2024-06-18,2024-06-24,22,UAE,3,2.0,Suite,216.09,Online Travel Agent,Canceled,2024,5,May,2024-05,6,1296.54,1
BKG101251,Resort Hotel,2022-04-03,2022-09-13,2022-09-20,163,Australia,3,2.0,Deluxe,204.19,Corporate,Canceled,2022,4,Apr,2022-04,7,1429.33,1
BKG101252,Resort Hotel,2023-05-13,2023-08-10,2023-08-16,89,UAE,4,0.0,Standard,278.88,Online Travel Agent,Check-Out,2023,5,May,2023-05,6,1673.28,0
BKG101253,City Hotel,2022-11-14,2023-03-23,2023-04-01,129,Brazil,3,2.0,Standard,216.09,Direct,Check-Out,2022,11,Nov,2022-11,9,1944.81,0
BKG101254,City Hotel,2023-12-30,2024-05-31,2024-06-07,153,Australia,3,0.0,Deluxe,267.61,Offline Agent,Check-Out,2023,12,Dec,2023-12,7,1873.27,0
BKG101255,City Hotel,2024-01-24,2024-04-08,2024-04-18,75,India,1,0.0,Deluxe,349.84,Direct,Check-Out,2024,1,Jan,2024-01,10,3498.3999999999996,0
BKG101256,Resort Hotel,2022-10-08,2022-10-14,2022-10-22,6,Canada,2,0.0,Deluxe,131.15,Direct,Check-Out,2022,10,Oct,2022-10,8,1049.2,0
BKG101257,Resort Hotel,2022-09-07,2022-09-12,2022-09-22,5,Australia,4,1.0,Deluxe,180.21,Offline Agent,Check-Out,2022,9,Sep,2022-09,10,1802.1000000000001,0
BKG101258,Resort Hotel,2023-02-01,2023-04-08,2023-04-14,66,UAE,3,1.0,Suite,167.37,Online Travel Agent,No-Show,2023,2,Feb,2023-02,6,1004.22,0
BKG101259,City Hotel,2022-05-18,2022-08-08,2022-08-12,82,Singapore,2,0.0,Suite,344.49,Online Travel Agent,Canceled,2022,5,May,2022-05,4,1377.96,1
BKG101260,Resort Hotel,2023-09-11,2023-11-08,2023-11-14,58,Canada,2,1.0,Family,138.05,Offline Agent,Check-Out,2023,9,Sep,2023-09,6,828.3000000000001,0
BKG101261,City Hotel,2022-03-08,2022-04-20,2022-04-21,43,Canada,4,2.0,Deluxe,248.58,Online Travel Agent,Check-Out,2022,3,Mar,2022-03,1,248.58,0
BKG101262,City Hotel,2022-03-08,2022-05-17,2022-05-27,70,Australia,3,0.0,Deluxe,266.95,Offline Agent,Check-Out,2022,3,Mar,2022-03,10,2669.5,0
BKG101263,City Hotel,2023-04-08,2023-06-26,2023-07-05,79,UK,3,0.0,Suite,127.44,Online Travel Agent,No-Show,2023,4,Apr,2023-04,9,1146.96,0
BKG101264,City Hotel,2022-02-24,2022-05-26,2022-06-05,91,UK,1,0.0,Deluxe,238.02,Direct,No-Show,2022,2,Feb,2022-02,10,2380.2000000000003,0
BKG101265,City Hotel,2024-03-03,2024-04-17,2024-04-20,45,USA,1,1.0,Standard,271.31,Online Travel Agent,Check-Out,2024,3,Mar,2024-03,3,813.9300000000001,0
BKG101266,City Hotel,2023-12-03,2024-03-11,2024-03-18,99,UK,4,0.0,Standard,100.17,Corporate,Check-Out,2023,12,Dec,2023-12,7,701.19,0
BKG101267,City Hotel,2023-12-26,2024-04-14,2024-04-19,110,Germany,4,0.0,Deluxe,113.52,Corporate,No-Show,2023,12,Dec,2023-12,5,567.6,0
BKG101268,Resort Hotel,2023-10-11,2023-10-31,2023-11-06,20,Brazil,4,0.0,Standard,211.92,Online Travel Agent,Check-Out,2023,10,Oct,2023-10,6,1271.52,0
BKG101269,City Hotel,2022-04-08,2022-05-21,2022-05-22,43,India,1,0.0,Suite,154.79,Online Travel Agent,No-Show,2022,4,Apr,2022-04,1,154.79,0
BKG101270,City Hotel,2022-07-13,2022-12-22,2023-01-01,162,USA,4,0.0,Deluxe,215.21,Online Travel Agent,Check-Out,2022,7,Jul,2022-07,10,2152.1,0
BKG101271,Resort Hotel,2023-03-28,2023-09-24,2023-09-27,180,Singapore,2,1.0,Family,68.8,Corporate,Canceled,2023,3,Mar,2023-03,3,206.39999999999998,1
BKG101272,Resort Hotel,2022-04-21,2022-07-19,2022-07-22,89,Brazil,2,0.0,Suite,204.32,Offline Agent,Canceled,2022,4,Apr,2022-04,3,612.96,1
BKG101273,Resort Hotel,2023-07-16,2023-10-23,2023-10-31,99,UAE,1,2.0,Deluxe,78.98,Direct,No-Show,2023,7,Jul,2023-07,8,631.84,0
BKG101274,City Hotel,2023-05-18,2023-07-05,2023-07-12,48,Brazil,1,0.0,Family,77.0,Online Travel Agent,Check-Out,2023,5,May,2023-05,7,539.0,0
BKG101275,City Hotel,2022-11-25,2023-04-08,2023-04-18,134,UAE,4,0.0,Deluxe,246.53,Offline Agent,Canceled,2022,11,Nov,2022-11,10,2465.3,1
BKG101276,City Hotel,2022-10-27,2023-04-05,2023-04-12,160,India,4,1.0,Family,169.35,Online Travel Agent,Check-Out,2022,10,Oct,2022-10,7,1185.45,0
BKG101277,City Hotel,2023-05-11,2023-10-14,2023-10-21,156,India,3,1.0,Standard,347.76,Direct,Canceled,2023,5,May,2023-05,7,2434.3199999999997,1
BKG101278,Resort Hotel,2022-11-11,2023-04-10,2023-04-20,150,India,2,0.0,Suite,274.38,Offline Agent,Check-Out,2022,11,Nov,2022-11,10,2743.8,0
BKG101279,Resort Hotel,2023-07-05,2023-07-18,2023-07-25,13,Germany,2,2.0,Standard,167.54,Offline Agent,Canceled,2023,7,Jul,2023-07,7,1172.78,1
BKG101280,Resort Hotel,2022-08-15,2022-11-04,2022-11-06,81,India,2,1.0,Family,119.95,Direct,Canceled,2022,8,Aug,2022-08,2,239.9,1
BKG101281,City Hotel,2022-04-30,2022-07-13,2022-07-14,74,Australia,2,0.0,Suite,345.48,Offline Agent,Check-Out,2022,4,Apr,2022-04,1,345.48,0
BKG101282,City Hotel,2022-05-26,2022-10-26,2022-10-30,153,Germany,3,1.0,Suite,257.31,Offline Agent,Check-Out,2022,5,May,2022-05,4,1029.24,0
BKG101283,City Hotel,2023-03-02,2023-06-15,2023-06-22,105,France,3,0.0,Standard,296.85,Offline Agent,Check-Out,2023,3,Mar,2023-03,7,2077.9500000000003,0
BKG101284,Resort Hotel,2024-02-25,2024-06-18,2024-06-21,114,UK,2,0.0,Family,244.9,Online Travel Agent,Check-Out,2024,2,Feb,2024-02,3,734.7,0
BKG101285,City Hotel,2022-12-02,2023-01-13,2023-01-18,42,Brazil,4,0.0,Suite,215.52,Online Travel Agent,Canceled,2022,12,Dec,2022-12,5,1077.6000000000001,1
BKG101286,Resort Hotel,2023-02-09,2023-04-01,2023-04-03,51,Canada,4,0.0,Family,96.86,Online Travel Agent,Check-Out,2023,2,Feb,2023-02,2,193.72,0
BKG101287,City Hotel,2022-02-08,2022-05-18,2022-05-21,99,Canada,1,0.0,Family,130.11,Offline Agent,Check-Out,2022,2,Feb,2022-02,3,390.33000000000004,0
BKG101288,Resort Hotel,2022-02-12,2022-07-31,2022-08-09,169,Brazil,2,0.0,Standard,270.22,Direct,Check-Out,2022,2,Feb,2022-02,9,2431.9800000000005,0
BKG101289,Resort Hotel,2022-09-14,2022-10-28,2022-11-03,44,Australia,4,0.0,Family,321.45,Direct,Canceled,2022,9,Sep,2022-09,6,1928.6999999999998,1
BKG101290,City Hotel,2023-06-02,2023-06-18,2023-06-22,16,India,2,0.0,Family,157.41,Online Travel Agent,Canceled,2023,6,Jun,2023-06,4,629.64,1
BKG101291,City Hotel,2023-09-09,2024-01-22,2024-01-27,135,India,2,0.0,Standard,218.67,Online Travel Agent,Check-Out,2023,9,Sep,2023-09,5,1093.35,0
BKG101292,Resort Hotel,2023-07-02,2023-07-06,2023-07-16,4,Australia,2,0.0,Deluxe,167.41,Online Travel Agent,Check-Out,2023,7,Jul,2023-07,10,1674.1,0
BKG101293,Resort Hotel,2023-07-31,2023-08-14,2023-08-21,14,Brazil,1,0.0,Standard,281.03,Online Travel Agent,Check-Out,2023,7,Jul,2023-07,7,1967.2099999999998,0
BKG101294,Resort Hotel,2023-05-03,2023-09-26,2023-10-03,146,Canada,3,0.0,Suite,172.16,Corporate,No-Show,2023,5,May,2023-05,7,1205.12,0
BKG101295,City Hotel,2023-10-14,2024-02-07,2024-02-15,116,Germany,2,1.0,Family,215.57,Online Travel Agent,Check-Out,2023,10,Oct,2023-10,8,1724.56,0
BKG101296,City Hotel,2022-06-28,2022-10-05,2022-10-10,99,France,2,0.0,Deluxe,274.6,Online Travel Agent,Check-Out,2022,6,Jun,2022-06,5,1373.0,0
BKG101297,City Hotel,2023-12-29,2024-05-15,2024-05-19,138,Germany,4,0.0,Family,303.64,Online Travel Agent,Canceled,2023,12,Dec,2023-12,4,1214.56,1
BKG101298,City Hotel,2023-04-17,2023-08-10,2023-08-18,115,Australia,4,1.0,Family,165.43,Direct,Check-Out,2023,4,Apr,2023-04,8,1323.44,0
BKG101299,City Hotel,2023-12-31,2024-02-17,2024-02-27,48,Singapore,2,2.0,Family,165.39,Corporate,Check-Out,2023,12,Dec,2023-12,10,1653.8999999999999,0
BKG101300,City Hotel,2022-08-07,2022-11-15,2022-11-18,100,France,4,0.0,Family,217.42,Online Travel Agent,Check-Out,2022,8,Aug,2022-08,3,652.26,0
BKG101301,City Hotel,2022-12-12,2023-05-02,2023-05-05,141,India,4,2.0,Deluxe,185.22,Offline Agent,Check-Out,2022,12,Dec,2022-12,3,555.66,0
BKG101302,Resort Hotel,2022-06-26,2022-09-03,2022-09-13,69,UK,2,1.0,Family,226.77,Corporate,Check-Out,2022,6,Jun,2022-06,10,2267.7000000000003,0
BKG101303,Resort Hotel,2024-06-07,2024-07-10,2024-07-18,33,USA,3,2.0,Standard,330.58,Online Travel Agent,Check-Out,2024,6,Jun,2024-06,8,2644.64,0
BKG101304,City Hotel,2024-06-01,2024-06-14,2024-06-20,13,Germany,1,0.0,Family,330.15,Direct,Check-Out,2024,6,Jun,2024-06,6,1980.8999999999999,0
BKG101305,City Hotel,2022-03-09,2022-06-09,2022-06-19,92,Canada,3,2.0,Family,322.31,Direct,Check-Out,2022,3,Mar,2022-03,10,3223.1,0
BKG101306,City Hotel,2022-04-14,2022-09-04,2022-09-07,143,UK,2,0.0,Family,180.4,Corporate,Check-Out,2022,4,Apr,2022-04,3,541.2,0
BKG101307,Resort Hotel,2022-09-13,2022-10-12,2022-10-15,29,Australia,4,0.0,Family,279.15,Online Travel Agent,Check-Out,2022,9,Sep,2022-09,3,837.4499999999999,0
BKG101308,Resort Hotel,2024-02-25,2024-03-01,2024-03-11,5,Canada,3,1.0,Standard,229.62,Offline Agent,Canceled,2024,2,Feb,2024-02,10,2296.2,1
BKG101309,Resort Hotel,2023-08-04,2023-10-31,2023-11-06,88,Brazil,1,0.0,Suite,79.98,Offline Agent,Canceled,2023,8,Aug,2023-08,6,479.88,1
BKG101310,Resort Hotel,2022-04-24,2022-10-12,2022-10-16,171,UAE,3,0.0,Family,266.31,Online Travel Agent,Check-Out,2022,4,Apr,2022-04,4,1065.24,0
BKG101311,City Hotel,2023-08-28,2023-12-12,2023-12-15,106,Singapore,3,0.0,Standard,115.69,Offline Agent,Check-Out,2023,8,Aug,2023-08,3,347.07,0
BKG101312,City Hotel,2022-06-20,2022-07-03,2022-07-07,13,UAE,3,0.0,Standard,190.19,Corporate,Canceled,2022,6,Jun,2022-06,4,760.76,1
BKG101313,Resort Hotel,2024-02-17,2024-08-03,2024-08-11,168,Brazil,1,0.0,Standard,219.87,Online Travel Agent,Check-Out,2024,2,Feb,2024-02,8,1758.96,0
BKG101314,City Hotel,2022-07-24,2022-11-21,2022-11-28,120,Australia,4,0.0,Suite,261.63,Corporate,Canceled,2022,7,Jul,2022-07,7,1831.4099999999999,1
BKG101315,City Hotel,2024-05-24,2024-09-09,2024-09-16,108,Australia,3,0.0,Deluxe,333.44,Offline Agent,Check-Out,2024,5,May,2024-05,7,2334.08,0
BKG101316,Resort Hotel,2022-03-27,2022-07-20,2022-07-22,115,Australia,3,2.0,Standard,319.79,Direct,Check-Out,2022,3,Mar,2022-03,2,639.58,0
BKG101317,Resort Hotel,2023-01-18,2023-02-03,2023-02-06,16,India,2,0.0,Family,310.47,Online Travel Agent,Check-Out,2023,1,Jan,2023-01,3,931.4100000000001,0
BKG101318,Resort Hotel,2023-10-04,2024-01-29,2024-02-04,117,Germany,1,2.0,Standard,95.37,Direct,Check-Out,2023,10,Oct,2023-10,6,572.22,0
BKG101319,Resort Hotel,2022-04-04,2022-04-04,2022-04-11,0,Australia,2,0.0,Suite,74.5,Direct,Check-Out,2022,4,Apr,2022-04,7,521.5,0
BKG101320,Resort Hotel,2022-07-22,2022-11-25,2022-12-05,126,Canada,2,1.0,Deluxe,143.54,Online Travel Agent,Check-Out,2022,7,Jul,2022-07,10,1435.3999999999999,0
BKG101321,Resort Hotel,2022-07-22,2022-09-27,2022-09-30,67,Germany,2,0.0,Deluxe,263.83,Corporate,Canceled,2022,7,Jul,2022-07,3,791.49,1
BKG101322,City Hotel,2022-08-22,2022-10-02,2022-10-09,41,Germany,3,2.0,Family,179.56,Corporate,Canceled,2022,8,Aug,2022-08,7,1256.92,1
BKG101323,Resort Hotel,2024-01-24,2024-03-25,2024-04-03,61,USA,1,0.0,Standard,141.62,Online Travel Agent,Check-Out,2024,1,Jan,2024-01,9,1274.58,0
BKG101324,City Hotel,2024-01-21,2024-02-05,2024-02-15,15,India,4,0.0,Standard,255.47,Corporate,Check-Out,2024,1,Jan,2024-01,10,2554.7,0
BKG101325,City Hotel,2023-01-06,2023-07-03,2023-07-13,178,Canada,1,2.0,Suite,136.11,Offline Agent,Check-Out,2023,1,Jan,2023-01,10,1361.1000000000001,0
BKG101326,Resort Hotel,2022-11-04,2023-03-09,2023-03-15,125,Australia,2,0.0,Family,230.3,Offline Agent,Canceled,2022,11,Nov,2022-11,6,1381.8000000000002,1
BKG101327,City Hotel,2022-11-29,2023-03-12,2023-03-20,103,Australia,4,1.0,Standard,104.28,Direct,Canceled,2022,11,Nov,2022-11,8,834.24,1
BKG101328,Resort Hotel,2023-01-26,2023-07-06,2023-07-09,161,UK,4,0.0,Deluxe,64.05,Direct,Check-Out,2023,1,Jan,2023-01,3,192.14999999999998,0
BKG101329,City Hotel,2023-02-05,2023-06-05,2023-06-08,120,Australia,3,0.0,Deluxe,117.35,Corporate,Canceled,2023,2,Feb,2023-02,3,352.04999999999995,1
BKG101330,City Hotel,2024-05-24,2024-10-11,2024-10-16,140,Australia,2,0.0,Family,201.1,Direct,Check-Out,2024,5,May,2024-05,5,1005.5,0
BKG101331,City Hotel,2023-11-13,2023-11-28,2023-12-04,15,Brazil,1,0.0,Suite,336.36,Direct,Check-Out,2023,11,Nov,2023-11,6,2018.16,0
BKG101332,Resort Hotel,2023-05-22,2023-07-16,2023-07-23,55,UAE,4,0.0,Suite,337.49,Offline Agent,Check-Out,2023,5,May,2023-05,7,2362.4300000000003,0
BKG101333,Resort Hotel,2023-09-06,2023-10-09,2023-10-18,33,UAE,3,0.0,Family,270.18,Online Travel Agent,Check-Out,2023,9,Sep,2023-09,9,2431.62,0
BKG101334,City Hotel,2023-01-14,2023-04-30,2023-05-04,106,Canada,2,0.0,Suite,259.6,Online Travel Agent,Check-Out,2023,1,Jan,2023-01,4,1038.4,0
BKG101335,Resort Hotel,2022-12-06,2023-06-02,2023-06-06,178,Brazil,2,0.0,Deluxe,286.66,Direct,Check-Out,2022,12,Dec,2022-12,4,1146.64,0
BKG101336,City Hotel,2023-04-27,2023-05-01,2023-05-07,4,USA,1,1.0,Family,277.56,Offline Agent,Check-Out,2023,4,Apr,2023-04,6,1665.3600000000001,0
BKG101337,City Hotel,2024-01-16,2024-03-24,2024-03-26,68,UK,4,0.0,Suite,285.46,Online Travel Agent,Check-Out,2024,1,Jan,2024-01,2,570.92,0
BKG101338,City Hotel,2022-08-17,2023-01-26,2023-01-27,162,Singapore,3,0.0,Deluxe,299.2,Corporate,No-Show,2022,8,Aug,2022-08,1,299.2,0
BKG101339,Resort Hotel,2023-05-12,2023-07-31,2023-08-10,80,France,2,0.0,Standard,337.74,Direct,Check-Out,2023,5,May,2023-05,10,3377.4,0
BKG101340,Resort Hotel,2023-06-01,2023-08-12,2023-08-16,72,France,4,1.0,Suite,263.19,Direct,Check-Out,2023,6,Jun,2023-06,4,1052.76,0
BKG101341,Resort Hotel,2022-01-26,2022-02-02,2022-02-09,7,Canada,1,0.0,Family,194.83,Direct,Check-Out,2022,1,Jan,2022-01,7,1363.8100000000002,0
BKG101342,City Hotel,2024-02-16,2024-05-06,2024-05-08,80,France,3,1.0,Deluxe,140.03,Direct,Check-Out,2024,2,Feb,2024-02,2,280.06,0
BKG101343,Resort Hotel,2022-01-18,2022-02-18,2022-02-19,31,UAE,3,2.0,Family,198.36,Online Travel Agent,Check-Out,2022,1,Jan,2022-01,1,198.36,0
BKG101344,Resort Hotel,2023-10-24,2024-01-14,2024-01-21,82,France,2,0.0,Family,237.79,Online Travel Agent,Canceled,2023,10,Oct,2023-10,7,1664.53,1
BKG101345,Resort Hotel,2022-02-27,2022-04-01,2022-04-09,33,Singapore,1,0.0,Family,100.57,Direct,Check-Out,2022,2,Feb,2022-02,8,804.56,0
BKG101346,Resort Hotel,2023-01-04,2023-04-05,2023-04-11,91,Canada,1,1.0,Family,159.64,Online Travel Agent,Check-Out,2023,1,Jan,2023-01,6,957.8399999999999,0
BKG101347,Resort Hotel,2023-10-20,2024-01-29,2024-02-01,101,France,1,0.0,Deluxe,190.06,Direct,Check-Out,2023,10,Oct,2023-10,3,570.1800000000001,0
BKG101348,Resort Hotel,2023-12-01,2024-04-21,2024-04-22,142,Germany,1,0.0,Family,198.82,Online Travel Agent,No-Show,2023,12,Dec,2023-12,1,198.82,0
BKG101349,City Hotel,2022-05-21,2022-09-26,2022-10-02,128,India,3,1.0,Suite,279.23,Offline Agent,Check-Out,2022,5,May,2022-05,6,1675.38,0
BKG101350,Resort Hotel,2024-01-02,2024-06-28,2024-07-05,178,Germany,1,0.0,Deluxe,118.04,Offline Agent,Check-Out,2024,1,Jan,2024-01,7,826.2800000000001,0
BKG101351,Resort Hotel,2023-12-20,2024-01-09,2024-01-19,20,Australia,3,2.0,Deluxe,320.59,Direct,Check-Out,2023,12,Dec,2023-12,10,3205.8999999999996,0
BKG101352,City Hotel,2023-10-05,2024-03-12,2024-03-17,159,UK,3,2.0,Deluxe,168.55,Corporate,Check-Out,2023,10,Oct,2023-10,5,842.75,0
BKG101353,City Hotel,2022-12-01,2023-02-05,2023-02-12,66,Brazil,1,0.0,Family,190.98,Direct,Check-Out,2022,12,Dec,2022-12,7,1336.86,0
BKG101354,City Hotel,2022-02-12,2022-05-22,2022-05-24,99,Germany,2,0.0,Suite,280.33,Online Travel Agent,Check-Out,2022,2,Feb,2022-02,2,560.66,0
BKG101355,City Hotel,2023-10-26,2024-04-03,2024-04-07,160,India,3,0.0,Deluxe,208.22,Direct,Canceled,2023,10,Oct,2023-10,4,832.88,1
BKG101356,Resort Hotel,2022-07-31,2022-12-05,2022-12-12,127,Canada,3,1.0,Family,345.43,Corporate,Canceled,2022,7,Jul,2022-07,7,2418.01,1
BKG101357,Resort Hotel,2023-11-15,2024-01-17,2024-01-19,63,India,1,0.0,Suite,307.28,Online Travel Agent,Check-Out,2023,11,Nov,2023-11,2,614.56,0
BKG101358,Resort Hotel,2023-01-26,2023-06-20,2023-06-23,145,Australia,1,0.0,Suite,166.73,Online Travel Agent,Check-Out,2023,1,Jan,2023-01,3,500.18999999999994,0
BKG101359,City Hotel,2023-11-01,2023-11-06,2023-11-11,5,Canada,1,0.0,Deluxe,147.59,Online Travel Agent,Canceled,2023,11,Nov,2023-11,5,737.95,1
BKG101360,Resort Hotel,2024-02-02,2024-07-25,2024-07-26,174,Germany,4,0.0,Family,64.16,Corporate,Check-Out,2024,2,Feb,2024-02,1,64.16,0
BKG101361,City Hotel,2023-12-21,2024-05-13,2024-05-21,144,Australia,1,0.0,Standard,122.49,Online Travel Agent,Check-Out,2023,12,Dec,2023-12,8,979.92,0
BKG101362,Resort Hotel,2024-04-30,2024-08-27,2024-09-03,119,USA,2,0.0,Suite,227.26,Corporate,Canceled,2024,4,Apr,2024-04,7,1590.82,1
BKG101363,City Hotel,2022-07-27,2022-10-03,2022-10-04,68,Australia,3,0.0,Standard,128.1,Offline Agent,Check-Out,2022,7,Jul,2022-07,1,128.1,0
BKG101364,City Hotel,2023-12-21,2024-04-24,2024-04-28,125,Canada,1,0.0,Family,165.57,Direct,Check-Out,2023,12,Dec,2023-12,4,662.28,0
BKG101365,City Hotel,2023-01-16,2023-06-06,2023-06-15,141,Australia,2,0.0,Deluxe,273.21,Offline Agent,Check-Out,2023,1,Jan,2023-01,9,2458.89,0
BKG101366,City Hotel,2022-12-22,2023-03-06,2023-03-09,74,USA,4,2.0,Suite,178.27,Direct,Check-Out,2022,12,Dec,2022-12,3,534.8100000000001,0
BKG101367,Resort Hotel,2023-01-03,2023-06-17,2023-06-25,165,India,4,2.0,Suite,309.92,Direct,Check-Out,2023,1,Jan,2023-01,8,2479.36,0
BKG101368,City Hotel,2023-07-08,2023-12-16,2023-12-19,161,Australia,2,0.0,Family,299.16,Online Travel Agent,No-Show,2023,7,Jul,2023-07,3,897.48,0
BKG101369,Resort Hotel,2023-07-12,2023-07-22,2023-07-31,10,Germany,1,2.0,Suite,61.17,Offline Agent,Check-Out,2023,7,Jul,2023-07,9,550.53,0
BKG101370,City Hotel,2024-01-20,2024-04-24,2024-05-03,95,Australia,4,2.0,Suite,250.5,Offline Agent,Check-Out,2024,1,Jan,2024-01,9,2254.5,0
BKG101371,Resort Hotel,2022-04-19,2022-06-15,2022-06-23,57,Canada,2,0.0,Deluxe,267.7,Online Travel Agent,Check-Out,2022,4,Apr,2022-04,8,2141.6,0
BKG101372,Resort Hotel,2022-11-10,2023-01-10,2023-01-17,61,Germany,3,0.0,Family,217.17,Online Travel Agent,Check-Out,2022,11,Nov,2022-11,7,1520.1899999999998,0
BKG101373,Resort Hotel,2022-05-04,2022-06-26,2022-06-29,53,Australia,1,0.0,Suite,133.5,Offline Agent,Check-Out,2022,5,May,2022-05,3,400.5,0
BKG101374,City Hotel,2023-09-04,2023-11-19,2023-11-25,76,Brazil,4,0.0,Family,120.45,Online Travel Agent,Check-Out,2023,9,Sep,2023-09,6,722.7,0
BKG101375,City Hotel,2022-02-02,2022-06-09,2022-06-15,127,Australia,3,0.0,Standard,134.18,Offline Agent,Check-Out,2022,2,Feb,2022-02,6,805.08,0
BKG101376,City Hotel,2023-09-28,2023-12-26,2024-01-03,89,USA,1,1.0,Family,71.21,Corporate,Check-Out,2023,9,Sep,2023-09,8,569.68,0
BKG101377,Resort Hotel,2022-03-26,2022-05-27,2022-05-29,62,Brazil,4,1.0,Family,277.23,Online Travel Agent,Check-Out,2022,3,Mar,2022-03,2,554.46,0
BKG101378,Resort Hotel,2023-07-20,2024-01-16,2024-01-24,180,UK,2,2.0,Standard,179.08,Offline Agent,Check-Out,2023,7,Jul,2023-07,8,1432.64,0
BKG101379,Resort Hotel,2022-07-05,2022-10-31,2022-11-05,118,France,4,2.0,Standard,249.57,Offline Agent,Check-Out,2022,7,Jul,2022-07,5,1247.85,0
BKG101380,City Hotel,2023-04-08,2023-06-22,2023-06-25,75,USA,1,0.0,Deluxe,234.32,Online Travel Agent,Check-Out,2023,4,Apr,2023-04,3,702.96,0
BKG101381,Resort Hotel,2023-05-13,2023-07-15,2023-07-16,63,France,4,0.0,Deluxe,284.01,Direct,Check-Out,2023,5,May,2023-05,1,284.01,0
BKG101382,Resort Hotel,2023-12-01,2024-04-28,2024-05-06,149,USA,2,1.0,Deluxe,294.44,Direct,Check-Out,2023,12,Dec,2023-12,8,2355.52,0
BKG101383,City Hotel,2023-09-12,2024-02-03,2024-02-04,144,India,4,0.0,Suite,166.34,Online Travel Agent,Check-Out,2023,9,Sep,2023-09,1,166.34,0
BKG101384,City Hotel,2022-02-04,2022-04-16,2022-04-23,71,UAE,4,0.0,Family,78.9,Offline Agent,Check-Out,2022,2,Feb,2022-02,7,552.3000000000001,0
BKG101385,Resort Hotel,2022-09-07,2022-10-12,2022-10-14,35,Germany,1,0.0,Family,85.05,Corporate,Check-Out,2022,9,Sep,2022-09,2,170.1,0
BKG101386,Resort Hotel,2023-05-05,2023-05-22,2023-05-25,17,Germany,4,0.0,Deluxe,222.3,Corporate,Check-Out,2023,5,May,2023-05,3,666.9000000000001,0
BKG101387,Resort Hotel,2023-12-20,2024-03-29,2024-03-30,100,USA,3,0.0,Suite,207.96,Online Travel Agent,Check-Out,2023,12,Dec,2023-12,1,207.96,0
BKG101388,Resort Hotel,2024-04-10,2024-05-15,2024-05-21,35,Canada,2,1.0,Family,292.36,Offline Agent,Check-Out,2024,4,Apr,2024-04,6,1754.16,0
BKG101389,Resort Hotel,2022-06-26,2022-10-03,2022-10-12,99,Australia,1,0.0,Family,253.45,Online Travel Agent,Check-Out,2022,6,Jun,2022-06,9,2281.0499999999997,0
BKG101390,City Hotel,2022-09-10,2023-02-17,2023-02-24,160,India,3,0.0,Family,300.11,Online Travel Agent,Canceled,2022,9,Sep,2022-09,7,2100.77,1
BKG101391,Resort Hotel,2024-03-10,2024-06-19,2024-06-20,101,UK,2,0.0,Family,173.33,Offline Agent,Check-Out,2024,3,Mar,2024-03,1,173.33,0
BKG101392,City Hotel,2024-02-13,2024-07-24,2024-07-27,162,USA,2,2.0,Family,211.16,Online Travel Agent,Check-Out,2024,2,Feb,2024-02,3,633.48,0
BKG101393,City Hotel,2023-07-30,2023-08-20,2023-08-23,21,Canada,1,0.0,Suite,140.44,Corporate,Canceled,2023,7,Jul,2023-07,3,421.32,1
BKG101394,Resort Hotel,2023-09-12,2023-12-04,2023-12-09,83,Canada,4,0.0,Suite,201.46,Online Travel Agent,Check-Out,2023,9,Sep,2023-09,5,1007.3000000000001,0
BKG101395,City Hotel,2022-12-17,2023-05-02,2023-05-11,136,France,1,0.0,Deluxe,242.45,Corporate,Canceled,2022,12,Dec,2022-12,9,2182.0499999999997,1
BKG101396,Resort Hotel,2022-11-28,2023-01-28,2023-02-07,61,UAE,2,0.0,Family,341.98,Corporate,Check-Out,2022,11,Nov,2022-11,10,3419.8,0
BKG101397,City Hotel,2023-03-11,2023-08-29,2023-09-02,171,Singapore,2,0.0,Suite,115.09,Direct,Canceled,2023,3,Mar,2023-03,4,460.36,1
BKG101398,Resort Hotel,2023-08-19,2023-12-30,2024-01-02,133,Australia,1,0.0,Suite,245.19,Direct,Canceled,2023,8,Aug,2023-08,3,735.5699999999999,1
BKG101399,City Hotel,2024-04-09,2024-08-14,2024-08-20,127,Brazil,2,1.0,Family,200.46,Corporate,Check-Out,2024,4,Apr,2024-04,6,1202.76,0
BKG101400,City Hotel,2023-09-13,2023-10-01,2023-10-06,18,Australia,1,0.0,Standard,295.8,Direct,Canceled,2023,9,Sep,2023-09,5,1479.0,1
BKG101401,Resort Hotel,2022-09-18,2023-01-22,2023-01-30,126,France,3,2.0,Standard,224.56,Offline Agent,Check-Out,2022,9,Sep,2022-09,8,1796.48,0
BKG101402,Resort Hotel,2023-05-17,2023-10-16,2023-10-18,152,UK,4,1.0,Deluxe,172.2,Online Travel Agent,Check-Out,2023,5,May,2023-05,2,344.4,0
BKG101403,City Hotel,2024-03-31,2024-04-13,2024-04-14,13,UK,1,0.0,Standard,91.16,Offline Agent,Check-Out,2024,3,Mar,2024-03,1,91.16,0
BKG101404,City Hotel,2023-11-08,2024-04-01,2024-04-02,145,France,1,0.0,Family,157.91,Direct,Check-Out,2023,11,Nov,2023-11,1,157.91,0
BKG101405,Resort Hotel,2023-09-26,2024-02-27,2024-03-08,154,UK,3,2.0,Standard,162.53,Corporate,Canceled,2023,9,Sep,2023-09,10,1625.3,1
BKG101406,City Hotel,2022-06-25,2022-10-01,2022-10-05,98,Canada,1,0.0,Standard,86.44,Online Travel Agent,Check-Out,2022,6,Jun,2022-06,4,345.76,0
BKG101407,Resort Hotel,2023-02-21,2023-04-18,2023-04-22,56,Germany,4,2.0,Suite,108.04,Online Travel Agent,Check-Out,2023,2,Feb,2023-02,4,432.16,0
BKG101408,Resort Hotel,2023-11-19,2024-02-05,2024-02-12,78,USA,4,1.0,Family,121.88,Offline Agent,Check-Out,2023,11,Nov,2023-11,7,853.16,0
BKG101409,City Hotel,2024-01-27,2024-05-04,2024-05-14,98,Germany,4,0.0,Family,216.97,Offline Agent,Canceled,2024,1,Jan,2024-01,10,2169.7,1
BKG101410,City Hotel,2023-06-21,2023-09-16,2023-09-22,87,Canada,1,1.0,Deluxe,207.19,Corporate,Check-Out,2023,6,Jun,2023-06,6,1243.1399999999999,0
BKG101411,City Hotel,2022-03-21,2022-08-21,2022-08-28,153,UAE,2,1.0,Family,120.07,Corporate,Check-Out,2022,3,Mar,2022-03,7,840.49,0
BKG101412,Resort Hotel,2022-10-25,2022-12-23,2022-12-30,59,USA,4,0.0,Family,259.08,Online Travel Agent,Check-Out,2022,10,Oct,2022-10,7,1813.56,0
BKG101413,City Hotel,2022-12-20,2023-03-22,2023-03-29,92,Australia,1,1.0,Standard,186.52,Offline Agent,Check-Out,2022,12,Dec,2022-12,7,1305.64,0
BKG101414,Resort Hotel,2022-08-23,2022-10-30,2022-11-05,68,Brazil,3,1.0,Deluxe,105.85,Online Travel Agent,No-Show,2022,8,Aug,2022-08,6,635.0999999999999,0
BKG101415,Resort Hotel,2023-01-09,2023-01-21,2023-01-25,12,France,1,0.0,Standard,86.79,Corporate,Check-Out,2023,1,Jan,2023-01,4,347.16,0
BKG101416,City Hotel,2022-10-28,2022-12-03,2022-12-10,36,UK,3,0.0,Standard,126.44,Direct,Canceled,2022,10,Oct,2022-10,7,885.0799999999999,1
BKG101417,City Hotel,2023-09-28,2023-10-11,2023-10-21,13,UK,2,0.0,Deluxe,218.9,Online Travel Agent,Canceled,2023,9,Sep,2023-09,10,2189.0,1
BKG101418,Resort Hotel,2022-07-20,2022-12-21,2022-12-23,154,Singapore,1,0.0,Standard,138.02,Offline Agent,Check-Out,2022,7,Jul,2022-07,2,276.04,0
BKG101419,City Hotel,2023-01-13,2023-02-27,2023-03-02,45,UK,2,0.0,Suite,288.2,Online Travel Agent,Check-Out,2023,1,Jan,2023-01,3,864.5999999999999,0
BKG101420,Resort Hotel,2022-02-28,2022-06-08,2022-06-11,100,Germany,2,0.0,Suite,196.03,Corporate,Check-Out,2022,2,Feb,2022-02,3,588.09,0
BKG101421,Resort Hotel,2023-04-11,2023-05-25,2023-05-27,44,Australia,2,0.0,Family,245.64,Direct,Check-Out,2023,4,Apr,2023-04,2,491.28,0
BKG101422,City Hotel,2023-04-17,2023-08-30,2023-09-07,135,Singapore,4,2.0,Family,217.03,Corporate,Canceled,2023,4,Apr,2023-04,8,1736.24,1
BKG101423,City Hotel,2023-08-15,2023-11-26,2023-12-01,103,UK,4,0.0,Standard,205.91,Direct,Check-Out,2023,8,Aug,2023-08,5,1029.55,0
BKG101424,City Hotel,2023-01-12,2023-03-29,2023-03-31,76,India,4,1.0,Suite,169.02,Offline Agent,Check-Out,2023,1,Jan,2023-01,2,338.04,0
BKG101425,Resort Hotel,2022-01-17,2022-03-13,2022-03-20,55,France,2,1.0,Family,310.91,Direct,Check-Out,2022,1,Jan,2022-01,7,2176.3700000000003,0
BKG101426,City Hotel,2022-08-21,2022-12-11,2022-12-16,112,UAE,4,1.0,Family,195.24,Offline Agent,Check-Out,2022,8,Aug,2022-08,5,976.2,0
BKG101427,City Hotel,2022-02-22,2022-04-25,2022-04-28,62,Canada,1,0.0,Family,168.47,Offline Agent,Check-Out,2022,2,Feb,2022-02,3,505.40999999999997,0
BKG101428,City Hotel,2022-10-29,2023-01-27,2023-02-05,90,USA,4,0.0,Suite,330.85,Corporate,Check-Out,2022,10,Oct,2022-10,9,2977.65,0
BKG101429,City Hotel,2023-06-03,2023-07-15,2023-07-16,42,Australia,1,0.0,Standard,275.86,Direct,Check-Out,2023,6,Jun,2023-06,1,275.86,0
BKG101430,City Hotel,2023-01-16,2023-01-22,2023-01-30,6,UAE,4,0.0,Suite,291.57,Corporate,Check-Out,2023,1,Jan,2023-01,8,2332.56,0
BKG101431,City Hotel,2024-03-31,2024-08-10,2024-08-20,132,Australia,1,1.0,Standard,279.96,Online Travel Agent,No-Show,2024,3,Mar,2024-03,10,2799.6,0
BKG101432,Resort Hotel,2022-06-07,2022-09-11,2022-09-17,96,USA,4,0.0,Family,101.75,Corporate,Check-Out,2022,6,Jun,2022-06,6,610.5,0
BKG101433,Resort Hotel,2022-02-12,2022-02-23,2022-02-28,11,Australia,1,0.0,Deluxe,116.4,Offline Agent,Check-Out,2022,2,Feb,2022-02,5,582.0,0
BKG101434,City Hotel,2022-09-19,2022-11-11,2022-11-12,53,Canada,1,0.0,Standard,309.06,Direct,Check-Out,2022,9,Sep,2022-09,1,309.06,0
BKG101435,City Hotel,2022-06-19,2022-12-08,2022-12-16,172,Brazil,1,0.0,Family,254.13,Offline Agent,No-Show,2022,6,Jun,2022-06,8,2033.04,0
BKG101436,City Hotel,2022-09-22,2023-02-16,2023-02-25,147,Brazil,3,0.0,Deluxe,212.75,Direct,Canceled,2022,9,Sep,2022-09,9,1914.75,1
BKG101437,City Hotel,2023-03-21,2023-07-22,2023-07-27,123,India,3,0.0,Suite,147.16,Corporate,Check-Out,2023,3,Mar,2023-03,5,735.8,0
BKG101438,Resort Hotel,2022-06-01,2022-10-21,2022-10-25,142,USA,2,0.0,Suite,194.66,Offline Agent,Canceled,2022,6,Jun,2022-06,4,778.64,1
BKG101439,City Hotel,2023-03-06,2023-07-29,2023-08-04,145,USA,3,0.0,Suite,130.32,Online Travel Agent,Check-Out,2023,3,Mar,2023-03,6,781.92,0
BKG101440,City Hotel,2024-04-14,2024-08-02,2024-08-05,110,UAE,4,1.0,Standard,343.72,Corporate,Check-Out,2024,4,Apr,2024-04,3,1031.16,0
BKG101441,Resort Hotel,2024-06-19,2024-10-22,2024-10-29,125,France,2,1.0,Deluxe,184.73,Direct,Check-Out,2024,6,Jun,2024-06,7,1293.11,0
BKG101442,Resort Hotel,2023-09-05,2023-11-27,2023-12-07,83,India,4,0.0,Deluxe,89.19,Offline Agent,Check-Out,2023,9,Sep,2023-09,10,891.9,0
BKG101443,Resort Hotel,2022-04-05,2022-09-30,2022-10-03,178,UK,1,0.0,Suite,196.65,Corporate,Check-Out,2022,4,Apr,2022-04,3,589.95,0
BKG101444,City Hotel,2024-04-26,2024-10-22,2024-10-28,179,UAE,1,0.0,Standard,107.91,Online Travel Agent,No-Show,2024,4,Apr,2024-04,6,647.46,0
BKG101445,City Hotel,2022-03-26,2022-04-05,2022-04-15,10,Canada,1,0.0,Family,288.97,Corporate,Check-Out,2022,3,Mar,2022-03,10,2889.7000000000003,0
BKG101446,City Hotel,2023-09-23,2024-02-04,2024-02-06,134,UK,3,0.0,Standard,78.83,Offline Agent,Check-Out,2023,9,Sep,2023-09,2,157.66,0
BKG101447,City Hotel,2023-12-07,2024-02-17,2024-02-18,72,Canada,4,0.0,Suite,252.85,Corporate,Check-Out,2023,12,Dec,2023-12,1,252.85,0
BKG101448,Resort Hotel,2023-12-24,2024-04-04,2024-04-11,102,Germany,2,0.0,Family,253.21,Direct,Canceled,2023,12,Dec,2023-12,7,1772.47,1
BKG101449,City Hotel,2022-02-07,2022-02-27,2022-02-28,20,UK,1,0.0,Deluxe,91.23,Online Travel Agent,Check-Out,2022,2,Feb,2022-02,1,91.23,0
BKG101450,Resort Hotel,2022-12-07,2023-06-01,2023-06-07,176,Singapore,2,1.0,Suite,186.25,Direct,Canceled,2022,12,Dec,2022-12,6,1117.5,1
BKG101451,Resort Hotel,2023-11-03,2023-11-11,2023-11-17,8,India,2,1.0,Standard,115.53,Corporate,Check-Out,2023,11,Nov,2023-11,6,693.1800000000001,0
BKG101452,City Hotel,2024-04-12,2024-08-17,2024-08-25,127,Australia,4,0.0,Suite,190.39,Direct,Check-Out,2024,4,Apr,2024-04,8,1523.12,0
BKG101453,City Hotel,2024-03-13,2024-04-24,2024-04-29,42,UK,4,0.0,Standard,201.2,Direct,Check-Out,2024,3,Mar,2024-03,5,1006.0,0
BKG101454,Resort Hotel,2023-09-11,2024-01-15,2024-01-20,126,UAE,2,0.0,Suite,181.18,Corporate,Check-Out,2023,9,Sep,2023-09,5,905.9000000000001,0
BKG101455,City Hotel,2022-04-18,2022-08-19,2022-08-28,123,Singapore,2,0.0,Family,102.86,Online Travel Agent,Check-Out,2022,4,Apr,2022-04,9,925.74,0
BKG101456,City Hotel,2024-01-19,2024-01-29,2024-02-06,10,India,3,2.0,Suite,349.07,Corporate,Check-Out,2024,1,Jan,2024-01,8,2792.56,0
BKG101457,Resort Hotel,2023-08-27,2024-02-03,2024-02-05,160,UAE,4,1.0,Deluxe,329.42,Offline Agent,Check-Out,2023,8,Aug,2023-08,2,658.84,0
BKG101458,Resort Hotel,2023-10-30,2023-11-08,2023-11-12,9,India,3,1.0,Deluxe,136.96,Offline Agent,Check-Out,2023,10,Oct,2023-10,4,547.84,0
BKG101459,City Hotel,2022-01-03,2022-04-23,2022-04-24,110,India,1,0.0,Suite,215.22,Online Travel Agent,Check-Out,2022,1,Jan,2022-01,1,215.22,0
BKG101460,City Hotel,2023-08-18,2023-10-11,2023-10-20,54,Singapore,3,0.0,Suite,308.02,Direct,Check-Out,2023,8,Aug,2023-08,9,2772.18,0
BKG101461,City Hotel,2022-07-25,2022-07-28,2022-08-04,3,India,1,0.0,Standard,247.58,Direct,Canceled,2022,7,Jul,2022-07,7,1733.0600000000002,1
BKG101462,City Hotel,2024-01-19,2024-03-25,2024-03-28,66,Germany,3,0.0,Deluxe,180.52,Corporate,Check-Out,2024,1,Jan,2024-01,3,541.5600000000001,0
BKG101463,Resort Hotel,2022-10-23,2023-01-10,2023-01-19,79,India,1,0.0,Deluxe,345.02,Online Travel Agent,Canceled,2022,10,Oct,2022-10,9,3105.18,1
BKG101464,City Hotel,2024-03-24,2024-06-01,2024-06-04,69,Singapore,1,1.0,Standard,157.88,Offline Agent,Check-Out,2024,3,Mar,2024-03,3,473.64,0
BKG101465,Resort Hotel,2022-10-12,2022-11-02,2022-11-08,21,Singapore,1,0.0,Suite,111.16,Online Travel Agent,Canceled,2022,10,Oct,2022-10,6,666.96,1
BKG101466,Resort Hotel,2023-09-28,2023-10-20,2023-10-22,22,Canada,2,0.0,Family,159.21,Online Travel Agent,Check-Out,2023,9,Sep,2023-09,2,318.42,0
BKG101467,City Hotel,2023-02-03,2023-05-24,2023-05-26,110,Brazil,4,0.0,Standard,108.58,Direct,Canceled,2023,2,Feb,2023-02,2,217.16,1
BKG101468,City Hotel,2024-03-10,2024-07-14,2024-07-23,126,Germany,4,1.0,Standard,153.44,Online Travel Agent,Check-Out,2024,3,Mar,2024-03,9,1380.96,0
BKG101469,City Hotel,2022-01-04,2022-05-30,2022-06-05,146,India,1,0.0,Suite,248.13,Offline Agent,Check-Out,2022,1,Jan,2022-01,6,1488.78,0
BKG101470,City Hotel,2024-05-13,2024-06-06,2024-06-16,24,Singapore,1,2.0,Suite,99.37,Online Travel Agent,Check-Out,2024,5,May,2024-05,10,993.7,0
BKG101471,City Hotel,2022-02-03,2022-07-16,2022-07-22,163,France,2,0.0,Standard,215.75,Online Travel Agent,Check-Out,2022,2,Feb,2022-02,6,1294.5,0
BKG101472,City Hotel,2022-11-04,2023-04-23,2023-04-26,170,UAE,3,1.0,Family,349.79,Online Travel Agent,No-Show,2022,11,Nov,2022-11,3,1049.3700000000001,0
BKG101473,Resort Hotel,2023-01-08,2023-01-27,2023-02-04,19,France,3,0.0,Suite,177.99,Direct,Canceled,2023,1,Jan,2023-01,8,1423.92,1
BKG101474,City Hotel,2024-06-09,2024-07-14,2024-07-23,35,UAE,1,0.0,Suite,92.88,Online Travel Agent,Check-Out,2024,6,Jun,2024-06,9,835.92,0
BKG101475,Resort Hotel,2022-08-06,2023-01-02,2023-01-04,149,Singapore,2,0.0,Suite,140.19,Corporate,Check-Out,2022,8,Aug,2022-08,2,280.38,0
BKG101476,City Hotel,2023-02-18,2023-02-28,2023-03-05,10,India,4,0.0,Deluxe,250.79,Online Travel Agent,Check-Out,2023,2,Feb,2023-02,5,1253.95,0
BKG101477,City Hotel,2023-08-26,2023-08-27,2023-08-29,1,Australia,4,0.0,Standard,196.07,Corporate,Check-Out,2023,8,Aug,2023-08,2,392.14,0
BKG101478,Resort Hotel,2023-07-29,2023-09-30,2023-10-02,63,India,3,0.0,Family,113.69,Direct,Canceled,2023,7,Jul,2023-07,2,227.38,1
BKG101479,City Hotel,2022-05-10,2022-06-22,2022-07-01,43,Australia,2,1.0,Deluxe,61.53,Offline Agent,Check-Out,2022,5,May,2022-05,9,553.77,0
BKG101480,City Hotel,2022-03-02,2022-06-20,2022-06-24,110,UAE,4,0.0,Deluxe,299.26,Online Travel Agent,No-Show,2022,3,Mar,2022-03,4,1197.04,0
BKG101481,Resort Hotel,2023-02-26,2023-07-24,2023-07-29,148,Australia,3,0.0,Suite,238.75,Offline Agent,Check-Out,2023,2,Feb,2023-02,5,1193.75,0
BKG101482,Resort Hotel,2022-04-28,2022-08-09,2022-08-19,103,Brazil,2,0.0,Standard,260.48,Direct,Check-Out,2022,4,Apr,2022-04,10,2604.8,0
BKG101483,Resort Hotel,2022-02-11,2022-04-11,2022-04-15,59,Germany,1,0.0,Suite,258.38,Online Travel Agent,Check-Out,2022,2,Feb,2022-02,4,1033.52,0
BKG101484,Resort Hotel,2023-10-30,2023-12-22,2023-12-24,53,Canada,1,1.0,Deluxe,91.02,Direct,Canceled,2023,10,Oct,2023-10,2,182.04,1
BKG101485,City Hotel,2024-03-15,2024-04-15,2024-04-21,31,Canada,3,1.0,Deluxe,169.83,Direct,Check-Out,2024,3,Mar,2024-03,6,1018.98,0
BKG101486,City Hotel,2022-12-28,2023-02-14,2023-02-18,48,Australia,4,1.0,Suite,335.25,Online Travel Agent,Check-Out,2022,12,Dec,2022-12,4,1341.0,0
BKG101487,City Hotel,2022-06-12,2022-06-27,2022-06-28,15,USA,4,2.0,Suite,143.83,Direct,Check-Out,2022,6,Jun,2022-06,1,143.83,0
BKG101488,City Hotel,2022-07-01,2022-10-18,2022-10-19,109,UAE,4,2.0,Suite,78.94,Direct,Check-Out,2022,7,Jul,2022-07,1,78.94,0
BKG101489,Resort Hotel,2023-12-06,2024-02-14,2024-02-22,70,Canada,4,0.0,Deluxe,106.53,Online Travel Agent,Canceled,2023,12,Dec,2023-12,8,852.24,1
BKG101490,Resort Hotel,2023-10-23,2024-02-24,2024-03-02,124,USA,2,2.0,Suite,207.81,Corporate,Check-Out,2023,10,Oct,2023-10,7,1454.67,0
BKG101491,Resort Hotel,2023-12-08,2024-01-02,2024-01-07,25,Germany,3,1.0,Suite,65.89,Corporate,Canceled,2023,12,Dec,2023-12,5,329.45,1
BKG101492,Resort Hotel,2024-02-15,2024-08-04,2024-08-13,171,UK,2,1.0,Standard,343.46,Corporate,Canceled,2024,2,Feb,2024-02,9,3091.14,1
BKG101493,Resort Hotel,2024-02-28,2024-07-18,2024-07-25,141,USA,3,0.0,Suite,199.5,Offline Agent,Check-Out,2024,2,Feb,2024-02,7,1396.5,0
BKG101494,City Hotel,2024-04-03,2024-06-11,2024-06-21,69,USA,2,1.0,Family,254.25,Offline Agent,Check-Out,2024,4,Apr,2024-04,10,2542.5,0
BKG101495,Resort Hotel,2022-09-08,2022-11-30,2022-12-01,83,Australia,3,0.0,Suite,196.7,Offline Agent,Check-Out,2022,9,Sep,2022-09,1,196.7,0
BKG101496,Resort Hotel,2023-07-30,2023-08-03,2023-08-05,4,Australia,1,2.0,Standard,319.82,Direct,Check-Out,2023,7,Jul,2023-07,2,639.64,0
BKG101497,Resort Hotel,2023-07-02,2023-07-20,2023-07-22,18,Germany,4,0.0,Suite,124.01,Online Travel Agent,Check-Out,2023,7,Jul,2023-07,2,248.02,0
BKG101498,City Hotel,2022-01-12,2022-06-11,2022-06-18,150,Germany,1,0.0,Standard,246.48,Corporate,Canceled,2022,1,Jan,2022-01,7,1725.36,1
BKG101499,Resort Hotel,2023-09-19,2023-10-19,2023-10-21,30,India,3,2.0,Family,215.7,Corporate,Check-Out,2023,9,Sep,2023-09,2,431.4,0
BKG101500,City Hotel,2023-11-05,2024-05-01,2024-05-02,178,USA,4,0.0,Standard,290.76,Direct,Canceled,2023,11,Nov,2023-11,1,290.76,1
BKG101501,Resort Hotel,2022-10-12,2022-10-12,2022-10-19,0,India,3,0.0,Standard,278.46,Online Travel Agent,Check-Out,2022,10,Oct,2022-10,7,1949.2199999999998,0
BKG101502,Resort Hotel,2022-07-17,2022-08-30,2022-09-02,44,Australia,2,0.0,Deluxe,272.41,Direct,Check-Out,2022,7,Jul,2022-07,3,817.23,0
BKG101503,Resort Hotel,2022-03-04,2022-08-20,2022-08-28,169,Germany,2,2.0,Suite,99.01,Corporate,Canceled,2022,3,Mar,2022-03,8,792.08,1
BKG101504,Resort Hotel,2023-03-19,2023-04-27,2023-04-29,39,UAE,2,1.0,Standard,169.64,Direct,Check-Out,2023,3,Mar,2023-03,2,339.28,0
BKG101505,City Hotel,2023-03-07,2023-04-03,2023-04-05,27,USA,2,0.0,Family,81.23,Direct,Check-Out,2023,3,Mar,2023-03,2,162.46,0
BKG101506,Resort Hotel,2022-06-20,2022-08-27,2022-09-05,68,Canada,3,1.0,Family,105.65,Direct,Check-Out,2022,6,Jun,2022-06,9,950.85,0
BKG101507,Resort Hotel,2024-03-24,2024-07-15,2024-07-20,113,Germany,3,0.0,Family,235.82,Corporate,Check-Out,2024,3,Mar,2024-03,5,1179.1,0
BKG101508,Resort Hotel,2023-07-03,2023-10-30,2023-11-01,119,Australia,1,0.0,Standard,321.24,Online Travel Agent,Check-Out,2023,7,Jul,2023-07,2,642.48,0
BKG101509,Resort Hotel,2023-10-28,2024-03-24,2024-03-27,148,UK,1,2.0,Deluxe,112.14,Online Travel Agent,Check-Out,2023,10,Oct,2023-10,3,336.42,0
BKG101510,City Hotel,2023-09-14,2024-01-31,2024-02-02,139,Singapore,2,2.0,Standard,220.16,Corporate,Check-Out,2023,9,Sep,2023-09,2,440.32,0
BKG101511,Resort Hotel,2023-07-17,2023-08-20,2023-08-23,34,UK,1,1.0,Deluxe,202.25,Online Travel Agent,Check-Out,2023,7,Jul,2023-07,3,606.75,0
BKG101512,City Hotel,2023-10-02,2024-01-23,2024-01-25,113,Canada,4,2.0,Deluxe,83.25,Corporate,No-Show,2023,10,Oct,2023-10,2,166.5,0
BKG101513,Resort Hotel,2022-12-12,2022-12-19,2022-12-20,7,India,1,0.0,Standard,284.84,Corporate,Check-Out,2022,12,Dec,2022-12,1,284.84,0
BKG101514,City Hotel,2024-01-31,2024-07-12,2024-07-22,163,USA,1,0.0,Family,259.51,Online Travel Agent,Check-Out,2024,1,Jan,2024-01,10,2595.1,0
BKG101515,Resort Hotel,2023-10-08,2024-03-10,2024-03-11,154,Singapore,2,0.0,Suite,150.72,Corporate,Check-Out,2023,10,Oct,2023-10,1,150.72,0
BKG101516,Resort Hotel,2022-03-29,2022-08-15,2022-08-18,139,UK,4,0.0,Family,202.43,Corporate,Check-Out,2022,3,Mar,2022-03,3,607.29,0
BKG101517,City Hotel,2024-03-18,2024-03-28,2024-04-03,10,Canada,4,1.0,Standard,71.71,Online Travel Agent,Check-Out,2024,3,Mar,2024-03,6,430.26,0
BKG101518,City Hotel,2022-01-03,2022-06-21,2022-06-26,169,USA,2,1.0,Suite,160.15,Corporate,Check-Out,2022,1,Jan,2022-01,5,800.75,0
BKG101519,City Hotel,2023-02-19,2023-05-26,2023-06-05,96,Australia,1,0.0,Deluxe,179.76,Corporate,Check-Out,2023,2,Feb,2023-02,10,1797.6,0
BKG101520,Resort Hotel,2022-02-20,2022-05-24,2022-05-29,93,Singapore,2,2.0,Standard,168.84,Offline Agent,Check-Out,2022,2,Feb,2022-02,5,844.2,0
BKG101521,Resort Hotel,2022-08-01,2022-10-01,2022-10-08,61,Australia,4,2.0,Deluxe,162.97,Direct,Check-Out,2022,8,Aug,2022-08,7,1140.79,0
BKG101522,Resort Hotel,2022-10-02,2022-10-14,2022-10-16,12,Singapore,4,0.0,Standard,302.12,Corporate,Check-Out,2022,10,Oct,2022-10,2,604.24,0
BKG101523,Resort Hotel,2022-09-22,2023-03-05,2023-03-08,164,Singapore,4,1.0,Deluxe,315.33,Offline Agent,Canceled,2022,9,Sep,2022-09,3,945.99,1
BKG101524,Resort Hotel,2022-07-12,2022-11-24,2022-11-26,135,UK,4,0.0,Family,130.25,Corporate,Canceled,2022,7,Jul,2022-07,2,260.5,1
BKG101525,Resort Hotel,2023-06-19,2023-11-12,2023-11-17,146,Australia,4,0.0,Deluxe,105.99,Corporate,Canceled,2023,6,Jun,2023-06,5,529.9499999999999,1
BKG101526,City Hotel,2024-05-15,2024-09-27,2024-10-04,135,Australia,2,0.0,Family,149.78,Online Travel Agent,Canceled,2024,5,May,2024-05,7,1048.46,1
BKG101527,City Hotel,2022-10-26,2023-04-05,2023-04-12,161,France,2,0.0,Standard,334.38,Direct,Check-Out,2022,10,Oct,2022-10,7,2340.66,0
BKG101528,City Hotel,2022-08-23,2023-02-11,2023-02-17,172,Australia,3,2.0,Standard,258.12,Online Travel Agent,Check-Out,2022,8,Aug,2022-08,6,1548.72,0
BKG101529,Resort Hotel,2022-11-12,2023-02-25,2023-03-02,105,Germany,3,2.0,Standard,226.96,Corporate,Check-Out,2022,11,Nov,2022-11,5,1134.8,0
BKG101530,Resort Hotel,2023-12-16,2024-04-22,2024-05-01,128,Canada,2,0.0,Family,156.15,Corporate,Check-Out,2023,12,Dec,2023-12,9,1405.3500000000001,0
BKG101531,Resort Hotel,2023-12-05,2024-05-16,2024-05-17,163,Germany,3,0.0,Suite,119.35,Direct,Canceled,2023,12,Dec,2023-12,1,119.35,1
BKG101532,Resort Hotel,2022-09-21,2023-02-18,2023-02-24,150,USA,1,1.0,Standard,271.25,Online Travel Agent,Canceled,2022,9,Sep,2022-09,6,1627.5,1
BKG101533,Resort Hotel,2023-04-11,2023-08-23,2023-08-31,134,Germany,1,2.0,Standard,74.02,Direct,Check-Out,2023,4,Apr,2023-04,8,592.16,0
BKG101534,Resort Hotel,2022-05-18,2022-08-29,2022-09-04,103,USA,2,0.0,Family,315.89,Offline Agent,Canceled,2022,5,May,2022-05,6,1895.34,1
BKG101535,Resort Hotel,2022-12-02,2023-03-11,2023-03-13,99,India,4,2.0,Deluxe,308.93,Direct,Canceled,2022,12,Dec,2022-12,2,617.86,1
BKG101536,Resort Hotel,2024-04-10,2024-04-17,2024-04-27,7,Singapore,1,0.0,Deluxe,285.8,Online Travel Agent,Check-Out,2024,4,Apr,2024-04,10,2858.0,0
BKG101537,Resort Hotel,2023-01-22,2023-04-17,2023-04-25,85,Australia,4,0.0,Standard,271.49,Direct,Check-Out,2023,1,Jan,2023-01,8,2171.92,0
BKG101538,Resort Hotel,2023-09-17,2023-12-14,2023-12-17,88,USA,1,0.0,Suite,150.26,Online Travel Agent,Check-Out,2023,9,Sep,2023-09,3,450.78,0
BKG101539,Resort Hotel,2022-08-20,2022-10-18,2022-10-25,59,Australia,4,0.0,Family,303.04,Direct,Canceled,2022,8,Aug,2022-08,7,2121.28,1
BKG101540,City Hotel,2022-06-11,2022-08-05,2022-08-15,55,UAE,2,0.0,Suite,129.64,Offline Agent,Check-Out,2022,6,Jun,2022-06,10,1296.3999999999999,0
BKG101541,Resort Hotel,2022-09-19,2022-09-28,2022-10-03,9,UAE,2,2.0,Standard,215.47,Corporate,Check-Out,2022,9,Sep,2022-09,5,1077.35,0
BKG101542,Resort Hotel,2023-02-09,2023-05-29,2023-06-05,109,UK,1,2.0,Family,261.17,Online Travel Agent,Canceled,2023,2,Feb,2023-02,7,1828.19,1
BKG101543,Resort Hotel,2022-07-17,2022-07-31,2022-08-09,14,Australia,2,0.0,Family,173.27,Direct,Check-Out,2022,7,Jul,2022-07,9,1559.43,0
BKG101544,City Hotel,2022-03-16,2022-06-06,2022-06-10,82,UAE,1,0.0,Suite,282.6,Online Travel Agent,Canceled,2022,3,Mar,2022-03,4,1130.4,1
BKG101545,City Hotel,2023-06-06,2023-10-24,2023-10-27,140,Australia,4,0.0,Deluxe,91.54,Direct,No-Show,2023,6,Jun,2023-06,3,274.62,0
BKG101546,Resort Hotel,2024-05-01,2024-07-07,2024-07-12,67,Singapore,1,0.0,Family,130.21,Direct,Check-Out,2024,5,May,2024-05,5,651.0500000000001,0
BKG101547,Resort Hotel,2022-09-01,2023-01-01,2023-01-10,122,UAE,2,1.0,Standard,73.37,Online Travel Agent,Check-Out,2022,9,Sep,2022-09,9,660.33,0
BKG101548,Resort Hotel,2023-01-15,2023-05-10,2023-05-11,115,France,1,2.0,Suite,166.79,Direct,Canceled,2023,1,Jan,2023-01,1,166.79,1
BKG101549,City Hotel,2024-01-02,2024-04-26,2024-05-01,115,Australia,2,1.0,Family,279.3,Corporate,Canceled,2024,1,Jan,2024-01,5,1396.5,1
BKG101550,City Hotel,2023-10-20,2024-03-22,2024-04-01,154,UK,4,0.0,Suite,317.85,Offline Agent,Check-Out,2023,10,Oct,2023-10,10,3178.5,0
BKG101551,Resort Hotel,2023-08-06,2023-10-08,2023-10-11,63,Singapore,3,2.0,Suite,89.85,Direct,No-Show,2023,8,Aug,2023-08,3,269.54999999999995,0
BKG101552,City Hotel,2022-07-14,2022-08-10,2022-08-13,27,Australia,2,0.0,Standard,286.35,Offline Agent,Check-Out,2022,7,Jul,2022-07,3,859.0500000000001,0
BKG101553,City Hotel,2022-01-24,2022-06-15,2022-06-23,142,Australia,2,1.0,Standard,245.67,Offline Agent,Check-Out,2022,1,Jan,2022-01,8,1965.36,0
BKG101554,City Hotel,2022-08-10,2022-10-28,2022-11-06,79,Australia,2,2.0,Suite,235.95,Direct,Canceled,2022,8,Aug,2022-08,9,2123.5499999999997,1
BKG101555,City Hotel,2023-06-17,2023-07-22,2023-07-31,35,Australia,1,0.0,Family,300.12,Direct,Canceled,2023,6,Jun,2023-06,9,2701.08,1
BKG101556,Resort Hotel,2023-08-03,2024-01-06,2024-01-13,156,Australia,3,0.0,Suite,219.28,Direct,Check-Out,2023,8,Aug,2023-08,7,1534.96,0
BKG101557,City Hotel,2022-09-30,2022-10-23,2022-11-01,23,USA,4,2.0,Deluxe,169.71,Online Travel Agent,Check-Out,2022,9,Sep,2022-09,9,1527.39,0
BKG101558,City Hotel,2024-04-08,2024-07-26,2024-07-28,109,Brazil,2,0.0,Suite,294.1,Online Travel Agent,Check-Out,2024,4,Apr,2024-04,2,588.2,0
BKG101559,City Hotel,2022-07-16,2022-09-22,2022-09-29,68,Singapore,2,0.0,Suite,230.41,Online Travel Agent,Canceled,2022,7,Jul,2022-07,7,1612.87,1
BKG101560,City Hotel,2024-05-02,2024-06-13,2024-06-21,42,Australia,2,0.0,Family,61.89,Offline Agent,Check-Out,2024,5,May,2024-05,8,495.12,0
BKG101561,Resort Hotel,2022-02-26,2022-03-27,2022-04-03,29,Brazil,2,0.0,Suite,83.55,Online Travel Agent,Check-Out,2022,2,Feb,2022-02,7,584.85,0
BKG101562,Resort Hotel,2022-03-09,2022-06-13,2022-06-22,96,Australia,1,2.0,Standard,248.0,Corporate,Check-Out,2022,3,Mar,2022-03,9,2232.0,0
BKG101563,City Hotel,2023-02-22,2023-04-08,2023-04-17,45,UK,2,2.0,Standard,335.33,Corporate,Check-Out,2023,2,Feb,2023-02,9,3017.97,0
BKG101564,City Hotel,2022-10-14,2022-12-22,2022-12-23,69,Australia,4,1.0,Deluxe,188.38,Online Travel Agent,Canceled,2022,10,Oct,2022-10,1,188.38,1
BKG101565,City Hotel,2023-04-05,2023-05-10,2023-05-17,35,India,4,0.0,Standard,232.93,Offline Agent,Canceled,2023,4,Apr,2023-04,7,1630.51,1
BKG101566,Resort Hotel,2024-04-25,2024-08-24,2024-08-31,121,France,1,0.0,Standard,223.97,Offline Agent,Canceled,2024,4,Apr,2024-04,7,1567.79,1
BKG101567,City Hotel,2023-11-22,2024-04-06,2024-04-11,136,Germany,1,0.0,Standard,117.55,Direct,No-Show,2023,11,Nov,2023-11,5,587.75,0
BKG101568,City Hotel,2022-11-18,2023-02-17,2023-02-20,91,USA,2,0.0,Family,325.59,Online Travel Agent,Check-Out,2022,11,Nov,2022-11,3,976.77,0
BKG101569,City Hotel,2022-07-29,2022-09-09,2022-09-11,42,USA,1,2.0,Deluxe,107.38,Offline Agent,Check-Out,2022,7,Jul,2022-07,2,214.76,0
BKG101570,City Hotel,2023-06-10,2023-11-28,2023-12-04,171,Australia,2,1.0,Standard,203.77,Direct,Check-Out,2023,6,Jun,2023-06,6,1222.6200000000001,0
BKG101571,Resort Hotel,2022-03-18,2022-09-04,2022-09-13,170,UK,3,0.0,Suite,136.73,Online Travel Agent,Check-Out,2022,3,Mar,2022-03,9,1230.57,0
BKG101572,City Hotel,2023-02-10,2023-04-26,2023-05-05,75,India,1,0.0,Family,185.04,Offline Agent,Check-Out,2023,2,Feb,2023-02,9,1665.36,0
BKG101573,Resort Hotel,2022-09-14,2022-10-10,2022-10-17,26,Canada,4,2.0,Family,91.4,Direct,Canceled,2022,9,Sep,2022-09,7,639.8000000000001,1
BKG101574,Resort Hotel,2022-03-18,2022-03-21,2022-03-24,3,USA,1,1.0,Deluxe,319.34,Corporate,Check-Out,2022,3,Mar,2022-03,3,958.02,0
BKG101575,City Hotel,2023-03-06,2023-04-18,2023-04-28,43,Germany,3,1.0,Family,287.47,Direct,Canceled,2023,3,Mar,2023-03,10,2874.7000000000003,1
BKG101576,City Hotel,2023-07-07,2023-09-07,2023-09-09,62,Australia,2,2.0,Standard,257.64,Online Travel Agent,Check-Out,2023,7,Jul,2023-07,2,515.28,0
BKG101577,City Hotel,2024-02-08,2024-06-02,2024-06-03,115,Australia,4,2.0,Standard,217.93,Offline Agent,Check-Out,2024,2,Feb,2024-02,1,217.93,0
BKG101578,Resort Hotel,2022-03-04,2022-06-15,2022-06-23,103,India,2,1.0,Suite,210.3,Online Travel Agent,Check-Out,2022,3,Mar,2022-03,8,1682.4,0
BKG101579,City Hotel,2022-05-28,2022-06-18,2022-06-21,21,UK,2,0.0,Standard,242.46,Offline Agent,Check-Out,2022,5,May,2022-05,3,727.38,0
BKG101580,Resort Hotel,2023-11-07,2024-02-08,2024-02-09,93,France,3,2.0,Family,346.77,Direct,Canceled,2023,11,Nov,2023-11,1,346.77,1
BKG101581,City Hotel,2023-06-20,2023-12-03,2023-12-06,166,Canada,1,2.0,Standard,100.24,Corporate,Check-Out,2023,6,Jun,2023-06,3,300.71999999999997,0
BKG101582,Resort Hotel,2023-10-01,2024-03-04,2024-03-13,155,UK,3,2.0,Standard,311.74,Corporate,Canceled,2023,10,Oct,2023-10,9,2805.66,1
BKG101583,City Hotel,2023-09-12,2024-03-07,2024-03-11,177,Singapore,4,2.0,Suite,267.86,Direct,Check-Out,2023,9,Sep,2023-09,4,1071.44,0
BKG101584,City Hotel,2023-09-13,2023-12-08,2023-12-18,86,Singapore,1,0.0,Family,142.23,Online Travel Agent,Check-Out,2023,9,Sep,2023-09,10,1422.3,0
BKG101585,City Hotel,2023-03-28,2023-04-20,2023-04-26,23,Canada,2,0.0,Family,319.61,Offline Agent,Check-Out,2023,3,Mar,2023-03,6,1917.66,0
BKG101586,City Hotel,2024-02-27,2024-08-13,2024-08-16,168,USA,1,2.0,Standard,191.08,Offline Agent,Check-Out,2024,2,Feb,2024-02,3,573.24,0
BKG101587,City Hotel,2023-06-29,2023-11-02,2023-11-09,126,Singapore,2,2.0,Family,226.63,Direct,Canceled,2023,6,Jun,2023-06,7,1586.4099999999999,1
BKG101588,Resort Hotel,2022-05-13,2022-08-02,2022-08-11,81,Singapore,2,1.0,Suite,348.32,Online Travel Agent,Check-Out,2022,5,May,2022-05,9,3134.88,0
BKG101589,Resort Hotel,2022-07-10,2022-12-31,2023-01-04,174,UAE,3,0.0,Family,261.7,Offline Agent,Canceled,2022,7,Jul,2022-07,4,1046.8,1
BKG101590,Resort Hotel,2022-12-06,2023-05-30,2023-06-07,175,France,1,0.0,Deluxe,255.17,Corporate,Canceled,2022,12,Dec,2022-12,8,2041.36,1
BKG101591,Resort Hotel,2022-10-02,2022-12-05,2022-12-08,64,UK,4,1.0,Suite,232.14,Online Travel Agent,Check-Out,2022,10,Oct,2022-10,3,696.42,0
BKG101592,Resort Hotel,2022-09-10,2023-02-19,2023-02-22,162,Germany,3,1.0,Standard,300.79,Corporate,Check-Out,2022,9,Sep,2022-09,3,902.3700000000001,0
BKG101593,City Hotel,2022-09-24,2022-10-14,2022-10-20,20,UK,2,2.0,Suite,280.83,Offline Agent,Check-Out,2022,9,Sep,2022-09,6,1684.98,0
BKG101594,City Hotel,2023-08-13,2023-09-25,2023-10-02,43,USA,2,0.0,Deluxe,159.56,Online Travel Agent,Check-Out,2023,8,Aug,2023-08,7,1116.92,0
BKG101595,City Hotel,2023-02-05,2023-05-10,2023-05-16,94,Singapore,1,1.0,Suite,210.49,Online Travel Agent,Check-Out,2023,2,Feb,2023-02,6,1262.94,0
BKG101596,City Hotel,2024-02-14,2024-06-17,2024-06-22,124,Brazil,3,0.0,Standard,62.2,Online Travel Agent,Canceled,2024,2,Feb,2024-02,5,311.0,1
BKG101597,City Hotel,2022-04-26,2022-08-27,2022-09-06,123,Brazil,4,0.0,Deluxe,73.6,Corporate,Canceled,2022,4,Apr,2022-04,10,736.0,1
BKG101598,City Hotel,2022-03-30,2022-07-01,2022-07-05,93,Canada,4,0.0,Standard,85.58,Corporate,Canceled,2022,3,Mar,2022-03,4,342.32,1
BKG101599,Resort Hotel,2022-07-27,2022-08-23,2022-08-27,27,Australia,2,0.0,Family,239.62,Online Travel Agent,Check-Out,2022,7,Jul,2022-07,4,958.48,0
BKG101600,City Hotel,2023-03-13,2023-07-05,2023-07-11,114,UK,1,0.0,Standard,338.34,Corporate,No-Show,2023,3,Mar,2023-03,6,2030.04,0
BKG101601,Resort Hotel,2024-03-22,2024-04-13,2024-04-14,22,Brazil,3,0.0,Family,192.42,Online Travel Agent,Check-Out,2024,3,Mar,2024-03,1,192.42,0
BKG101602,Resort Hotel,2024-05-04,2024-06-06,2024-06-14,33,Singapore,1,0.0,Suite,164.69,Offline Agent,Check-Out,2024,5,May,2024-05,8,1317.52,0
BKG101603,City Hotel,2022-05-21,2022-08-13,2022-08-22,84,Brazil,4,1.0,Family,76.93,Online Travel Agent,Check-Out,2022,5,May,2022-05,9,692.3700000000001,0
BKG101604,City Hotel,2022-10-14,2022-12-29,2023-01-01,76,France,2,1.0,Suite,264.77,Offline Agent,No-Show,2022,10,Oct,2022-10,3,794.31,0
BKG101605,City Hotel,2024-03-26,2024-06-15,2024-06-25,81,Brazil,3,0.0,Family,205.59,Online Travel Agent,Canceled,2024,3,Mar,2024-03,10,2055.9,1
BKG101606,Resort Hotel,2023-03-15,2023-06-08,2023-06-09,85,UK,2,0.0,Suite,315.92,Corporate,Check-Out,2023,3,Mar,2023-03,1,315.92,0
BKG101607,Resort Hotel,2023-08-24,2024-02-05,2024-02-09,165,UAE,1,0.0,Family,98.03,Online Travel Agent,Check-Out,2023,8,Aug,2023-08,4,392.12,0
BKG101608,City Hotel,2022-11-28,2023-02-23,2023-03-03,87,Singapore,1,2.0,Deluxe,119.19,Online Travel Agent,Check-Out,2022,11,Nov,2022-11,8,953.52,0
BKG101609,City Hotel,2022-10-19,2023-03-01,2023-03-10,133,UK,4,1.0,Family,230.07,Direct,Check-Out,2022,10,Oct,2022-10,9,2070.63,0
BKG101610,Resort Hotel,2023-10-15,2024-02-04,2024-02-09,112,UAE,4,0.0,Family,276.6,Corporate,Check-Out,2023,10,Oct,2023-10,5,1383.0,0
BKG101611,Resort Hotel,2022-03-13,2022-07-25,2022-07-29,134,UK,2,2.0,Deluxe,294.24,Online Travel Agent,Check-Out,2022,3,Mar,2022-03,4,1176.96,0
BKG101612,City Hotel,2023-09-14,2023-10-20,2023-10-21,36,India,3,2.0,Standard,86.86,Direct,Check-Out,2023,9,Sep,2023-09,1,86.86,0
BKG101613,Resort Hotel,2023-05-17,2023-06-26,2023-06-30,40,Australia,4,0.0,Family,67.03,Online Travel Agent,Check-Out,2023,5,May,2023-05,4,268.12,0
BKG101614,City Hotel,2022-07-01,2022-08-16,2022-08-22,46,Singapore,4,1.0,Suite,153.05,Offline Agent,Check-Out,2022,7,Jul,2022-07,6,918.3000000000001,0
BKG101615,City Hotel,2022-06-08,2022-11-01,2022-11-02,146,Australia,3,0.0,Deluxe,239.4,Online Travel Agent,Check-Out,2022,6,Jun,2022-06,1,239.4,0
BKG101616,City Hotel,2023-07-17,2023-09-01,2023-09-09,46,Germany,1,1.0,Deluxe,110.91,Offline Agent,Canceled,2023,7,Jul,2023-07,8,887.28,1
BKG101617,Resort Hotel,2024-01-16,2024-03-11,2024-03-21,55,UK,2,0.0,Deluxe,154.49,Offline Agent,Canceled,2024,1,Jan,2024-01,10,1544.9,1
BKG101618,Resort Hotel,2022-04-14,2022-08-01,2022-08-07,109,Germany,1,0.0,Family,128.52,Online Travel Agent,Check-Out,2022,4,Apr,2022-04,6,771.1200000000001,0
BKG101619,City Hotel,2023-12-21,2024-02-21,2024-03-02,62,France,2,0.0,Family,221.22,Online Travel Agent,Check-Out,2023,12,Dec,2023-12,10,2212.2,0
BKG101620,City Hotel,2023-10-23,2024-02-18,2024-02-26,118,Germany,2,0.0,Family,294.39,Corporate,Check-Out,2023,10,Oct,2023-10,8,2355.12,0
BKG101621,City Hotel,2022-09-17,2023-02-11,2023-02-19,147,India,1,0.0,Deluxe,319.05,Direct,Check-Out,2022,9,Sep,2022-09,8,2552.4,0
BKG101622,City Hotel,2022-06-15,2022-06-29,2022-07-05,14,USA,2,2.0,Deluxe,195.87,Offline Agent,Canceled,2022,6,Jun,2022-06,6,1175.22,1
BKG101623,Resort Hotel,2024-04-17,2024-07-09,2024-07-12,83,UK,2,0.0,Suite,103.28,Offline Agent,Canceled,2024,4,Apr,2024-04,3,309.84000000000003,1
BKG101624,Resort Hotel,2024-01-14,2024-01-27,2024-02-05,13,France,2,0.0,Family,70.92,Offline Agent,Check-Out,2024,1,Jan,2024-01,9,638.28,0
BKG101625,City Hotel,2023-06-03,2023-10-26,2023-11-03,145,Singapore,3,0.0,Suite,261.06,Direct,Check-Out,2023,6,Jun,2023-06,8,2088.48,0
BKG101626,City Hotel,2023-07-02,2023-10-10,2023-10-11,100,Germany,1,0.0,Family,65.03,Online Travel Agent,Canceled,2023,7,Jul,2023-07,1,65.03,1
BKG101627,Resort Hotel,2024-05-25,2024-10-18,2024-10-24,146,Germany,1,1.0,Standard,79.26,Online Travel Agent,Canceled,2024,5,May,2024-05,6,475.56000000000006,1
BKG101628,Resort Hotel,2023-10-21,2024-03-16,2024-03-19,147,Canada,3,0.0,Suite,86.82,Direct,Check-Out,2023,10,Oct,2023-10,3,260.46,0
BKG101629,City Hotel,2024-04-23,2024-06-12,2024-06-13,50,USA,4,1.0,Family,83.97,Direct,Check-Out,2024,4,Apr,2024-04,1,83.97,0
BKG101630,City Hotel,2023-10-11,2023-11-18,2023-11-21,38,Australia,1,0.0,Family,105.65,Direct,Check-Out,2023,10,Oct,2023-10,3,316.95000000000005,0
BKG101631,Resort Hotel,2023-09-13,2024-03-03,2024-03-05,172,UK,1,0.0,Deluxe,170.95,Online Travel Agent,Check-Out,2023,9,Sep,2023-09,2,341.9,0
BKG101632,City Hotel,2024-01-09,2024-01-17,2024-01-25,8,Germany,2,0.0,Deluxe,251.9,Direct,Check-Out,2024,1,Jan,2024-01,8,2015.2,0
BKG101633,Resort Hotel,2023-08-09,2023-09-27,2023-10-04,49,UK,4,0.0,Family,120.44,Corporate,Canceled,2023,8,Aug,2023-08,7,843.0799999999999,1
BKG101634,Resort Hotel,2022-04-17,2022-05-25,2022-05-30,38,Singapore,2,0.0,Family,86.13,Direct,Canceled,2022,4,Apr,2022-04,5,430.65,1
BKG101635,City Hotel,2024-05-30,2024-06-01,2024-06-11,2,Australia,3,0.0,Family,103.54,Online Travel Agent,Canceled,2024,5,May,2024-05,10,1035.4,1
BKG101636,Resort Hotel,2023-08-29,2023-10-17,2023-10-23,49,India,3,1.0,Deluxe,303.5,Corporate,Check-Out,2023,8,Aug,2023-08,6,1821.0,0
BKG101637,City Hotel,2023-12-13,2024-05-10,2024-05-18,149,USA,1,0.0,Deluxe,126.37,Corporate,Check-Out,2023,12,Dec,2023-12,8,1010.96,0
BKG101638,Resort Hotel,2023-01-03,2023-05-23,2023-05-29,140,Germany,3,1.0,Standard,149.01,Corporate,Canceled,2023,1,Jan,2023-01,6,894.06,1
BKG101639,City Hotel,2024-01-31,2024-03-10,2024-03-11,39,USA,2,1.0,Suite,329.75,Direct,Check-Out,2024,1,Jan,2024-01,1,329.75,0
BKG101640,Resort Hotel,2023-07-25,2023-11-28,2023-12-03,126,Australia,1,0.0,Standard,233.73,Offline Agent,Check-Out,2023,7,Jul,2023-07,5,1168.6499999999999,0
BKG101641,City Hotel,2023-08-28,2023-09-02,2023-09-09,5,Singapore,2,0.0,Standard,96.68,Corporate,Check-Out,2023,8,Aug,2023-08,7,676.76,0
BKG101642,Resort Hotel,2024-06-03,2024-07-13,2024-07-14,40,USA,2,0.0,Standard,69.39,Corporate,Canceled,2024,6,Jun,2024-06,1,69.39,1
BKG101643,City Hotel,2023-02-20,2023-06-27,2023-07-07,127,Brazil,4,0.0,Standard,182.72,Corporate,Check-Out,2023,2,Feb,2023-02,10,1827.2,0
BKG101644,Resort Hotel,2023-11-25,2024-02-22,2024-02-28,89,France,3,1.0,Family,304.62,Online Travel Agent,Check-Out,2023,11,Nov,2023-11,6,1827.72,0
BKG101645,Resort Hotel,2024-04-09,2024-06-12,2024-06-20,64,USA,4,0.0,Standard,92.06,Online Travel Agent,Check-Out,2024,4,Apr,2024-04,8,736.48,0
BKG101646,City Hotel,2024-04-05,2024-07-19,2024-07-28,105,USA,2,0.0,Family,190.3,Direct,Check-Out,2024,4,Apr,2024-04,9,1712.7,0
BKG101647,Resort Hotel,2022-02-13,2022-07-02,2022-07-03,139,Brazil,1,0.0,Standard,189.85,Online Travel Agent,No-Show,2022,2,Feb,2022-02,1,189.85,0
BKG101648,City Hotel,2023-12-23,2024-01-07,2024-01-15,15,Canada,1,0.0,Standard,207.43,Direct,Check-Out,2023,12,Dec,2023-12,8,1659.44,0
BKG101649,City Hotel,2023-12-31,2024-02-27,2024-03-04,58,UAE,1,0.0,Family,295.77,Offline Agent,Check-Out,2023,12,Dec,2023-12,6,1774.62,0
BKG101650,City Hotel,2024-03-31,2024-07-11,2024-07-14,102,UK,1,0.0,Suite,67.19,Corporate,Check-Out,2024,3,Mar,2024-03,3,201.57,0
BKG101651,Resort Hotel,2023-12-22,2024-04-09,2024-04-19,109,Singapore,3,1.0,Standard,68.61,Corporate,Check-Out,2023,12,Dec,2023-12,10,686.1,0
BKG101652,City Hotel,2023-11-19,2024-01-09,2024-01-19,51,France,4,0.0,Family,298.55,Offline Agent,Check-Out,2023,11,Nov,2023-11,10,2985.5,0
BKG101653,Resort Hotel,2022-06-02,2022-06-22,2022-06-28,20,Canada,1,2.0,Standard,129.76,Online Travel Agent,Check-Out,2022,6,Jun,2022-06,6,778.56,0
BKG101654,City Hotel,2022-09-30,2023-01-11,2023-01-18,103,Brazil,4,0.0,Standard,150.07,Online Travel Agent,Canceled,2022,9,Sep,2022-09,7,1050.49,1
BKG101655,City Hotel,2022-02-21,2022-06-15,2022-06-25,114,India,4,1.0,Standard,96.05,Corporate,Check-Out,2022,2,Feb,2022-02,10,960.5,0
BKG101656,Resort Hotel,2023-07-11,2023-11-29,2023-12-01,141,USA,3,2.0,Suite,60.88,Direct,Check-Out,2023,7,Jul,2023-07,2,121.76,0
BKG101657,City Hotel,2023-09-18,2024-02-20,2024-02-29,155,Australia,1,0.0,Family,146.31,Direct,Check-Out,2023,9,Sep,2023-09,9,1316.79,0
BKG101658,City Hotel,2022-07-23,2022-11-18,2022-11-28,118,Brazil,4,0.0,Suite,295.96,Online Travel Agent,Check-Out,2022,7,Jul,2022-07,10,2959.6,0
BKG101659,Resort Hotel,2023-01-27,2023-02-21,2023-02-24,25,Canada,2,0.0,Family,143.13,Corporate,Check-Out,2023,1,Jan,2023-01,3,429.39,0
BKG101660,City Hotel,2024-04-30,2024-06-13,2024-06-19,44,Brazil,4,0.0,Family,121.17,Offline Agent,Canceled,2024,4,Apr,2024-04,6,727.02,1
BKG101661,City Hotel,2022-03-10,2022-05-16,2022-05-19,67,India,4,0.0,Family,67.63,Direct,Check-Out,2022,3,Mar,2022-03,3,202.89,0
BKG101662,Resort Hotel,2023-02-25,2023-03-11,2023-03-14,14,Germany,1,0.0,Suite,87.57,Offline Agent,Canceled,2023,2,Feb,2023-02,3,262.71,1
BKG101663,City Hotel,2022-04-25,2022-05-16,2022-05-24,21,Singapore,1,2.0,Standard,206.06,Online Travel Agent,No-Show,2022,4,Apr,2022-04,8,1648.48,0
BKG101664,City Hotel,2023-02-13,2023-04-20,2023-04-25,66,UAE,2,0.0,Deluxe,279.77,Offline Agent,No-Show,2023,2,Feb,2023-02,5,1398.85,0
BKG101665,City Hotel,2023-01-18,2023-05-10,2023-05-11,112,Singapore,2,0.0,Standard,295.44,Online Travel Agent,Check-Out,2023,1,Jan,2023-01,1,295.44,0
BKG101666,Resort Hotel,2023-04-30,2023-10-17,2023-10-19,170,France,2,0.0,Family,170.27,Online Travel Agent,Canceled,2023,4,Apr,2023-04,2,340.54,1
BKG101667,Resort Hotel,2023-11-16,2023-12-07,2023-12-10,21,Brazil,4,2.0,Family,138.42,Online Travel Agent,Check-Out,2023,11,Nov,2023-11,3,415.26,0
BKG101668,City Hotel,2024-02-10,2024-05-20,2024-05-30,100,Germany,4,0.0,Standard,137.47,Corporate,Canceled,2024,2,Feb,2024-02,10,1374.7,1
BKG101669,City Hotel,2022-04-01,2022-08-27,2022-09-03,148,Singapore,1,0.0,Deluxe,183.87,Direct,Check-Out,2022,4,Apr,2022-04,7,1287.0900000000001,0
BKG101670,City Hotel,2023-11-22,2024-05-16,2024-05-25,176,USA,2,0.0,Family,269.63,Offline Agent,Check-Out,2023,11,Nov,2023-11,9,2426.67,0
BKG101671,City Hotel,2023-10-18,2023-10-29,2023-11-08,11,Australia,4,0.0,Deluxe,302.18,Corporate,Canceled,2023,10,Oct,2023-10,10,3021.8,1
BKG101672,Resort Hotel,2023-03-16,2023-03-22,2023-03-27,6,Canada,4,2.0,Standard,150.59,Direct,Check-Out,2023,3,Mar,2023-03,5,752.95,0
BKG101673,Resort Hotel,2022-04-15,2022-07-22,2022-07-25,98,Australia,2,0.0,Suite,228.2,Direct,Check-Out,2022,4,Apr,2022-04,3,684.5999999999999,0
BKG101674,Resort Hotel,2023-08-11,2023-10-06,2023-10-11,56,Brazil,4,2.0,Standard,262.04,Offline Agent,Check-Out,2023,8,Aug,2023-08,5,1310.2,0
BKG101675,Resort Hotel,2022-09-22,2023-01-01,2023-01-09,101,Australia,2,2.0,Standard,189.1,Online Travel Agent,Check-Out,2022,9,Sep,2022-09,8,1512.8,0
BKG101676,Resort Hotel,2022-03-17,2022-05-10,2022-05-12,54,Germany,2,0.0,Family,251.74,Online Travel Agent,Check-Out,2022,3,Mar,2022-03,2,503.48,0
BKG101677,Resort Hotel,2023-05-02,2023-08-14,2023-08-15,104,France,3,0.0,Suite,344.49,Online Travel Agent,Check-Out,2023,5,May,2023-05,1,344.49,0
BKG101678,City Hotel,2024-03-09,2024-09-04,2024-09-05,179,France,2,0.0,Family,322.86,Direct,Check-Out,2024,3,Mar,2024-03,1,322.86,0
BKG101679,City Hotel,2023-09-24,2023-10-18,2023-10-25,24,France,3,0.0,Standard,313.18,Offline Agent,Check-Out,2023,9,Sep,2023-09,7,2192.26,0
BKG101680,City Hotel,2022-03-06,2022-07-04,2022-07-12,120,Brazil,1,2.0,Standard,96.77,Online Travel Agent,Canceled,2022,3,Mar,2022-03,8,774.16,1
BKG101681,City Hotel,2023-04-18,2023-09-06,2023-09-09,141,Australia,1,0.0,Standard,83.09,Direct,Canceled,2023,4,Apr,2023-04,3,249.27,1
BKG101682,Resort Hotel,2023-09-30,2023-11-16,2023-11-23,47,Brazil,4,0.0,Family,218.32,Offline Agent,Check-Out,2023,9,Sep,2023-09,7,1528.24,0
BKG101683,City Hotel,2023-06-03,2023-09-08,2023-09-18,97,UAE,3,0.0,Standard,154.92,Online Travel Agent,Check-Out,2023,6,Jun,2023-06,10,1549.1999999999998,0
BKG101684,Resort Hotel,2022-05-19,2022-10-19,2022-10-22,153,Australia,1,1.0,Standard,348.46,Corporate,Check-Out,2022,5,May,2022-05,3,1045.3799999999999,0
BKG101685,City Hotel,2023-05-01,2023-05-21,2023-05-28,20,Germany,1,0.0,Family,301.43,Corporate,Check-Out,2023,5,May,2023-05,7,2110.01,0
BKG101686,City Hotel,2023-12-28,2024-06-10,2024-06-13,165,UAE,1,0.0,Standard,227.99,Offline Agent,Check-Out,2023,12,Dec,2023-12,3,683.97,0
BKG101687,City Hotel,2022-02-20,2022-02-26,2022-03-08,6,UK,3,0.0,Standard,146.63,Corporate,Canceled,2022,2,Feb,2022-02,10,1466.3,1
BKG101688,Resort Hotel,2023-01-20,2023-07-13,2023-07-18,174,UAE,4,1.0,Family,204.28,Corporate,Check-Out,2023,1,Jan,2023-01,5,1021.4,0
BKG101689,City Hotel,2024-04-19,2024-07-07,2024-07-13,79,UAE,4,0.0,Family,202.11,Online Travel Agent,Canceled,2024,4,Apr,2024-04,6,1212.66,1
BKG101690,Resort Hotel,2022-11-12,2023-02-01,2023-02-05,81,Australia,2,2.0,Deluxe,293.53,Direct,Canceled,2022,11,Nov,2022-11,4,1174.12,1
BKG101691,Resort Hotel,2023-01-14,2023-03-21,2023-03-28,66,Australia,4,0.0,Suite,307.74,Corporate,Check-Out,2023,1,Jan,2023-01,7,2154.1800000000003,0
BKG101692,Resort Hotel,2023-02-11,2023-07-22,2023-07-28,161,Australia,3,0.0,Deluxe,328.35,Direct,Check-Out,2023,2,Feb,2023-02,6,1970.1000000000001,0
BKG101693,City Hotel,2022-06-05,2022-08-19,2022-08-22,75,Canada,4,1.0,Suite,339.66,Offline Agent,Check-Out,2022,6,Jun,2022-06,3,1018.98,0
BKG101694,Resort Hotel,2022-11-20,2023-04-25,2023-04-27,156,France,4,0.0,Standard,90.06,Online Travel Agent,Check-Out,2022,11,Nov,2022-11,2,180.12,0
BKG101695,Resort Hotel,2024-05-22,2024-09-27,2024-10-02,128,USA,4,0.0,Family,61.77,Offline Agent,Check-Out,2024,5,May,2024-05,5,308.85,0
BKG101696,City Hotel,2023-05-22,2023-10-12,2023-10-15,143,Australia,2,0.0,Standard,110.14,Corporate,Check-Out,2023,5,May,2023-05,3,330.42,0
BKG101697,Resort Hotel,2024-01-06,2024-04-19,2024-04-24,104,UK,2,1.0,Standard,82.08,Direct,Check-Out,2024,1,Jan,2024-01,5,410.4,0
BKG101698,City Hotel,2022-08-23,2022-12-23,2022-12-29,122,Singapore,2,1.0,Standard,160.26,Offline Agent,Check-Out,2022,8,Aug,2022-08,6,961.56,0
BKG101699,Resort Hotel,2024-04-18,2024-09-27,2024-09-30,162,France,3,0.0,Deluxe,334.92,Online Travel Agent,Check-Out,2024,4,Apr,2024-04,3,1004.76,0
BKG101700,City Hotel,2023-12-13,2024-02-10,2024-02-19,59,India,3,0.0,Standard,164.99,Offline Agent,Check-Out,2023,12,Dec,2023-12,9,1484.91,0
BKG101701,Resort Hotel,2023-10-31,2024-02-02,2024-02-07,94,USA,4,0.0,Standard,274.53,Direct,Canceled,2023,10,Oct,2023-10,5,1372.6499999999999,1
BKG101702,Resort Hotel,2022-06-07,2022-09-29,2022-10-04,114,Canada,4,2.0,Family,272.7,Offline Agent,Canceled,2022,6,Jun,2022-06,5,1363.5,1
BKG101703,Resort Hotel,2022-09-06,2023-02-23,2023-02-28,170,Singapore,2,1.0,Family,109.22,Direct,Canceled,2022,9,Sep,2022-09,5,546.1,1
BKG101704,City Hotel,2023-05-02,2023-07-31,2023-08-01,90,Germany,1,0.0,Standard,235.95,Corporate,Check-Out,2023,5,May,2023-05,1,235.95,0
BKG101705,Resort Hotel,2023-10-13,2023-12-01,2023-12-02,49,UAE,4,2.0,Deluxe,348.36,Corporate,Check-Out,2023,10,Oct,2023-10,1,348.36,0
BKG101706,Resort Hotel,2022-08-23,2022-11-15,2022-11-19,84,Singapore,3,0.0,Standard,70.37,Offline Agent,Check-Out,2022,8,Aug,2022-08,4,281.48,0
BKG101707,Resort Hotel,2023-06-02,2023-08-14,2023-08-23,73,France,1,1.0,Suite,160.15,Corporate,Canceled,2023,6,Jun,2023-06,9,1441.3500000000001,1
BKG101708,Resort Hotel,2023-01-04,2023-03-11,2023-03-16,66,Singapore,4,0.0,Suite,299.5,Online Travel Agent,Check-Out,2023,1,Jan,2023-01,5,1497.5,0
BKG101709,City Hotel,2023-09-27,2023-11-21,2023-11-29,55,Germany,1,0.0,Family,246.12,Direct,Check-Out,2023,9,Sep,2023-09,8,1968.96,0
BKG101710,City Hotel,2023-05-30,2023-10-08,2023-10-13,131,Australia,4,2.0,Deluxe,224.69,Online Travel Agent,Check-Out,2023,5,May,2023-05,5,1123.45,0
BKG101711,City Hotel,2022-11-19,2023-03-22,2023-04-01,123,UK,2,1.0,Suite,90.35,Offline Agent,Check-Out,2022,11,Nov,2022-11,10,903.5,0
BKG101712,Resort Hotel,2024-04-09,2024-05-01,2024-05-11,22,Germany,4,0.0,Deluxe,110.76,Offline Agent,Check-Out,2024,4,Apr,2024-04,10,1107.6000000000001,0
BKG101713,City Hotel,2022-08-30,2022-10-29,2022-11-08,60,India,1,0.0,Family,342.98,Direct,Canceled,2022,8,Aug,2022-08,10,3429.8,1
BKG101714,Resort Hotel,2023-08-04,2023-09-26,2023-09-29,53,UK,1,0.0,Deluxe,221.54,Online Travel Agent,Check-Out,2023,8,Aug,2023-08,3,664.62,0
BKG101715,Resort Hotel,2022-04-30,2022-05-03,2022-05-06,3,USA,2,0.0,Family,317.8,Offline Agent,Check-Out,2022,4,Apr,2022-04,3,953.4000000000001,0
BKG101716,Resort Hotel,2022-04-28,2022-05-09,2022-05-10,11,France,4,0.0,Deluxe,95.29,Corporate,Check-Out,2022,4,Apr,2022-04,1,95.29,0
BKG101717,City Hotel,2022-04-06,2022-06-18,2022-06-19,73,Germany,2,2.0,Standard,143.92,Online Travel Agent,Canceled,2022,4,Apr,2022-04,1,143.92,1
BKG101718,City Hotel,2022-10-10,2023-01-25,2023-02-03,107,Brazil,2,0.0,Suite,151.31,Online Travel Agent,Check-Out,2022,10,Oct,2022-10,9,1361.79,0
BKG101719,City Hotel,2022-07-23,2022-07-27,2022-08-04,4,UAE,4,0.0,Family,61.02,Offline Agent,Canceled,2022,7,Jul,2022-07,8,488.16,1
BKG101720,City Hotel,2022-12-06,2022-12-11,2022-12-12,5,Australia,4,1.0,Suite,342.01,Online Travel Agent,Check-Out,2022,12,Dec,2022-12,1,342.01,0
BKG101721,Resort Hotel,2023-10-25,2024-02-02,2024-02-08,100,Australia,3,0.0,Family,265.6,Offline Agent,Check-Out,2023,10,Oct,2023-10,6,1593.6000000000001,0
BKG101722,Resort Hotel,2022-04-13,2022-07-24,2022-08-03,102,UAE,3,2.0,Deluxe,196.14,Offline Agent,Check-Out,2022,4,Apr,2022-04,10,1961.3999999999999,0
BKG101723,City Hotel,2022-07-27,2022-10-10,2022-10-19,75,UK,2,1.0,Family,214.95,Offline Agent,Canceled,2022,7,Jul,2022-07,9,1934.55,1
BKG101724,Resort Hotel,2023-06-25,2023-08-23,2023-09-01,59,Canada,4,2.0,Family,221.07,Online Travel Agent,Check-Out,2023,6,Jun,2023-06,9,1989.6299999999999,0
BKG101725,Resort Hotel,2023-01-15,2023-06-15,2023-06-22,151,Brazil,2,0.0,Family,191.52,Offline Agent,Check-Out,2023,1,Jan,2023-01,7,1340.64,0
BKG101726,City Hotel,2023-09-01,2023-10-31,2023-11-03,60,Canada,1,0.0,Deluxe,98.48,Offline Agent,Check-Out,2023,9,Sep,2023-09,3,295.44,0
BKG101727,City Hotel,2022-03-22,2022-08-10,2022-08-11,141,UAE,3,0.0,Suite,332.82,Corporate,No-Show,2022,3,Mar,2022-03,1,332.82,0
BKG101728,Resort Hotel,2022-05-01,2022-08-26,2022-09-03,117,Canada,4,0.0,Suite,264.76,Offline Agent,Check-Out,2022,5,May,2022-05,8,2118.08,0
BKG101729,City Hotel,2024-03-13,2024-04-01,2024-04-03,19,UK,2,0.0,Family,86.65,Corporate,Check-Out,2024,3,Mar,2024-03,2,173.3,0
BKG101730,City Hotel,2022-05-25,2022-10-26,2022-11-03,154,India,3,2.0,Suite,230.41,Corporate,Check-Out,2022,5,May,2022-05,8,1843.28,0
BKG101731,Resort Hotel,2022-05-16,2022-06-11,2022-06-20,26,UAE,3,0.0,Family,168.13,Direct,Check-Out,2022,5,May,2022-05,9,1513.17,0
BKG101732,Resort Hotel,2023-08-15,2023-09-20,2023-09-23,36,India,3,1.0,Standard,300.85,Offline Agent,Check-Out,2023,8,Aug,2023-08,3,902.5500000000001,0
BKG101733,Resort Hotel,2023-12-23,2024-03-19,2024-03-26,87,UK,3,0.0,Suite,193.21,Offline Agent,No-Show,2023,12,Dec,2023-12,7,1352.47,0
BKG101734,Resort Hotel,2023-05-31,2023-07-11,2023-07-20,41,Canada,3,0.0,Deluxe,61.47,Online Travel Agent,Check-Out,2023,5,May,2023-05,9,553.23,0
BKG101735,Resort Hotel,2024-01-05,2024-04-29,2024-05-03,115,Australia,1,0.0,Suite,348.17,Online Travel Agent,Check-Out,2024,1,Jan,2024-01,4,1392.68,0
BKG101736,City Hotel,2022-03-02,2022-05-30,2022-06-08,89,Australia,1,0.0,Deluxe,93.69,Offline Agent,Canceled,2022,3,Mar,2022-03,9,843.21,1
BKG101737,Resort Hotel,2022-04-22,2022-10-07,2022-10-09,168,Australia,3,0.0,Deluxe,183.95,Offline Agent,Check-Out,2022,4,Apr,2022-04,2,367.9,0
BKG101738,City Hotel,2023-08-07,2023-09-10,2023-09-14,34,Brazil,1,0.0,Suite,194.09,Online Travel Agent,Check-Out,2023,8,Aug,2023-08,4,776.36,0
BKG101739,City Hotel,2023-05-11,2023-07-15,2023-07-17,65,Germany,3,2.0,Deluxe,266.3,Offline Agent,Check-Out,2023,5,May,2023-05,2,532.6,0
BKG101740,City Hotel,2023-07-23,2023-12-16,2023-12-20,146,France,4,0.0,Family,98.14,Online Travel Agent,Check-Out,2023,7,Jul,2023-07,4,392.56,0
BKG101741,City Hotel,2024-01-21,2024-02-12,2024-02-22,22,Singapore,2,1.0,Standard,118.63,Direct,Canceled,2024,1,Jan,2024-01,10,1186.3,1
BKG101742,City Hotel,2024-01-13,2024-01-31,2024-02-01,18,Singapore,3,0.0,Family,73.17,Direct,Check-Out,2024,1,Jan,2024-01,1,73.17,0
BKG101743,Resort Hotel,2022-03-12,2022-07-09,2022-07-14,119,UAE,2,0.0,Deluxe,186.98,Offline Agent,Check-Out,2022,3,Mar,2022-03,5,934.9,0
BKG101744,City Hotel,2023-02-20,2023-04-30,2023-05-09,69,Germany,4,0.0,Deluxe,276.15,Corporate,Canceled,2023,2,Feb,2023-02,9,2485.35,1
BKG101745,Resort Hotel,2023-07-09,2023-11-14,2023-11-18,128,Australia,3,0.0,Suite,152.2,Offline Agent,Canceled,2023,7,Jul,2023-07,4,608.8,1
BKG101746,City Hotel,2023-07-08,2023-07-20,2023-07-26,12,France,3,0.0,Standard,189.2,Online Travel Agent,Check-Out,2023,7,Jul,2023-07,6,1135.1999999999998,0
BKG101747,Resort Hotel,2023-09-27,2023-12-21,2023-12-27,85,Germany,1,0.0,Deluxe,338.67,Online Travel Agent,Check-Out,2023,9,Sep,2023-09,6,2032.02,0
BKG101748,City Hotel,2023-07-08,2023-10-01,2023-10-07,85,India,1,0.0,Standard,203.08,Direct,Check-Out,2023,7,Jul,2023-07,6,1218.48,0
BKG101749,Resort Hotel,2022-03-27,2022-04-21,2022-04-29,25,UK,4,0.0,Family,234.3,Online Travel Agent,Canceled,2022,3,Mar,2022-03,8,1874.4,1
BKG101750,Resort Hotel,2023-04-01,2023-09-22,2023-09-29,174,Australia,1,0.0,Suite,108.78,Direct,Check-Out,2023,4,Apr,2023-04,7,761.46,0
BKG101751,Resort Hotel,2022-10-02,2023-03-29,2023-03-31,178,Australia,2,0.0,Family,318.96,Corporate,Canceled,2022,10,Oct,2022-10,2,637.92,1
BKG101752,Resort Hotel,2023-08-03,2023-11-02,2023-11-03,91,Australia,1,0.0,Suite,309.38,Online Travel Agent,Check-Out,2023,8,Aug,2023-08,1,309.38,0
BKG101753,City Hotel,2024-06-02,2024-07-18,2024-07-24,46,Australia,3,1.0,Family,243.78,Corporate,Check-Out,2024,6,Jun,2024-06,6,1462.68,0
BKG101754,City Hotel,2024-05-04,2024-09-07,2024-09-09,126,Brazil,4,0.0,Standard,304.91,Corporate,Canceled,2024,5,May,2024-05,2,609.82,1
BKG101755,Resort Hotel,2023-08-28,2024-02-16,2024-02-22,172,India,1,0.0,Standard,253.26,Offline Agent,Check-Out,2023,8,Aug,2023-08,6,1519.56,0
BKG101756,Resort Hotel,2023-11-25,2024-05-02,2024-05-06,159,India,3,0.0,Suite,118.95,Corporate,Check-Out,2023,11,Nov,2023-11,4,475.8,0
BKG101757,City Hotel,2022-02-02,2022-03-28,2022-04-04,54,USA,1,2.0,Standard,237.36,Corporate,Check-Out,2022,2,Feb,2022-02,7,1661.52,0
BKG101758,Resort Hotel,2022-04-07,2022-06-02,2022-06-08,56,Australia,2,2.0,Suite,164.16,Direct,Check-Out,2022,4,Apr,2022-04,6,984.96,0
BKG101759,Resort Hotel,2023-02-02,2023-02-20,2023-02-21,18,India,1,1.0,Family,339.49,Offline Agent,Canceled,2023,2,Feb,2023-02,1,339.49,1
BKG101760,City Hotel,2024-04-24,2024-09-11,2024-09-12,140,Australia,1,2.0,Suite,172.19,Online Travel Agent,Canceled,2024,4,Apr,2024-04,1,172.19,1
BKG101761,Resort Hotel,2022-09-05,2023-01-05,2023-01-14,122,Germany,3,0.0,Suite,267.83,Corporate,Check-Out,2022,9,Sep,2022-09,9,2410.47,0
BKG101762,City Hotel,2023-01-19,2023-03-17,2023-03-18,57,Australia,1,1.0,Suite,202.33,Corporate,Check-Out,2023,1,Jan,2023-01,1,202.33,0
BKG101763,City Hotel,2022-06-14,2022-11-23,2022-11-29,162,UAE,1,0.0,Suite,203.04,Online Travel Agent,Canceled,2022,6,Jun,2022-06,6,1218.24,1
BKG101764,Resort Hotel,2022-07-08,2022-09-19,2022-09-21,73,UK,4,2.0,Deluxe,133.88,Direct,Canceled,2022,7,Jul,2022-07,2,267.76,1
BKG101765,Resort Hotel,2022-11-12,2023-02-04,2023-02-06,84,Brazil,1,0.0,Standard,273.8,Offline Agent,Canceled,2022,11,Nov,2022-11,2,547.6,1
BKG101766,City Hotel,2022-02-17,2022-05-19,2022-05-23,91,Singapore,1,2.0,Suite,221.18,Online Travel Agent,Check-Out,2022,2,Feb,2022-02,4,884.72,0
BKG101767,Resort Hotel,2022-04-30,2022-05-22,2022-05-29,22,Brazil,4,1.0,Standard,123.78,Corporate,Canceled,2022,4,Apr,2022-04,7,866.46,1
BKG101768,Resort Hotel,2022-12-09,2023-04-04,2023-04-10,116,Australia,4,0.0,Deluxe,308.59,Offline Agent,Check-Out,2022,12,Dec,2022-12,6,1851.54,0
BKG101769,Resort Hotel,2023-02-09,2023-02-20,2023-02-24,11,India,2,1.0,Deluxe,254.6,Offline Agent,Check-Out,2023,2,Feb,2023-02,4,1018.4,0
BKG101770,Resort Hotel,2023-06-18,2023-08-04,2023-08-06,47,Brazil,3,1.0,Deluxe,345.16,Online Travel Agent,Canceled,2023,6,Jun,2023-06,2,690.32,1
BKG101771,Resort Hotel,2022-04-28,2022-05-21,2022-05-27,23,UK,2,0.0,Deluxe,266.97,Offline Agent,Canceled,2022,4,Apr,2022-04,6,1601.8200000000002,1
BKG101772,Resort Hotel,2022-06-22,2022-07-17,2022-07-27,25,Singapore,2,0.0,Family,162.25,Online Travel Agent,Check-Out,2022,6,Jun,2022-06,10,1622.5,0
BKG101773,Resort Hotel,2023-08-03,2023-08-27,2023-09-03,24,Singapore,1,0.0,Suite,205.91,Online Travel Agent,Check-Out,2023,8,Aug,2023-08,7,1441.37,0
BKG101774,Resort Hotel,2022-03-25,2022-08-22,2022-08-28,150,Australia,4,1.0,Family,108.57,Online Travel Agent,Canceled,2022,3,Mar,2022-03,6,651.42,1
BKG101775,Resort Hotel,2024-03-02,2024-05-27,2024-05-31,86,USA,4,2.0,Family,282.02,Direct,Check-Out,2024,3,Mar,2024-03,4,1128.08,0
BKG101776,City Hotel,2023-08-19,2023-12-19,2023-12-22,122,India,3,0.0,Standard,338.82,Direct,Check-Out,2023,8,Aug,2023-08,3,1016.46,0
BKG101777,Resort Hotel,2024-02-12,2024-06-13,2024-06-16,122,Australia,1,0.0,Suite,111.51,Direct,Check-Out,2024,2,Feb,2024-02,3,334.53000000000003,0
BKG101778,City Hotel,2024-05-08,2024-07-05,2024-07-08,58,France,2,0.0,Family,133.07,Online Travel Agent,Check-Out,2024,5,May,2024-05,3,399.21,0
BKG101779,City Hotel,2024-01-19,2024-02-21,2024-03-01,33,Brazil,1,0.0,Deluxe,182.22,Online Travel Agent,Check-Out,2024,1,Jan,2024-01,9,1639.98,0
BKG101780,Resort Hotel,2024-01-24,2024-07-02,2024-07-03,160,France,2,0.0,Deluxe,243.87,Online Travel Agent,Canceled,2024,1,Jan,2024-01,1,243.87,1
BKG101781,Resort Hotel,2022-05-14,2022-09-03,2022-09-11,112,Germany,3,0.0,Suite,261.68,Direct,Check-Out,2022,5,May,2022-05,8,2093.44,0
BKG101782,Resort Hotel,2024-03-06,2024-04-08,2024-04-17,33,Australia,1,1.0,Family,157.28,Offline Agent,Check-Out,2024,3,Mar,2024-03,9,1415.52,0
BKG101783,City Hotel,2023-11-30,2023-12-14,2023-12-20,14,Australia,2,1.0,Standard,192.51,Direct,Check-Out,2023,11,Nov,2023-11,6,1155.06,0
BKG101784,Resort Hotel,2022-03-14,2022-09-05,2022-09-06,175,Canada,2,2.0,Suite,86.0,Offline Agent,Canceled,2022,3,Mar,2022-03,1,86.0,1
BKG101785,Resort Hotel,2022-02-11,2022-03-23,2022-04-02,40,France,2,0.0,Deluxe,333.79,Corporate,Check-Out,2022,2,Feb,2022-02,10,3337.9,0
BKG101786,Resort Hotel,2023-02-01,2023-05-12,2023-05-15,100,USA,2,2.0,Family,83.54,Offline Agent,Check-Out,2023,2,Feb,2023-02,3,250.62,0
BKG101787,City Hotel,2022-02-27,2022-05-31,2022-06-07,93,Australia,3,1.0,Standard,304.02,Offline Agent,Check-Out,2022,2,Feb,2022-02,7,2128.14,0
BKG101788,City Hotel,2023-02-08,2023-03-19,2023-03-21,39,Brazil,4,0.0,Suite,164.88,Corporate,Check-Out,2023,2,Feb,2023-02,2,329.76,0
BKG101789,Resort Hotel,2022-02-07,2022-05-30,2022-06-06,112,Germany,4,0.0,Family,258.61,Corporate,Check-Out,2022,2,Feb,2022-02,7,1810.27,0
BKG101790,Resort Hotel,2023-10-25,2024-03-27,2024-04-03,154,Australia,2,1.0,Deluxe,115.03,Offline Agent,Canceled,2023,10,Oct,2023-10,7,805.21,1
BKG101791,City Hotel,2022-05-01,2022-05-23,2022-05-28,22,UK,2,0.0,Suite,122.77,Corporate,Check-Out,2022,5,May,2022-05,5,613.85,0
BKG101792,Resort Hotel,2022-06-04,2022-06-29,2022-07-08,25,Brazil,1,0.0,Family,273.14,Direct,Check-Out,2022,6,Jun,2022-06,9,2458.2599999999998,0
BKG101793,City Hotel,2024-01-12,2024-03-31,2024-04-02,79,Germany,4,0.0,Deluxe,123.97,Corporate,Canceled,2024,1,Jan,2024-01,2,247.94,1
BKG101794,Resort Hotel,2022-07-11,2022-10-12,2022-10-13,93,France,3,0.0,Deluxe,128.4,Online Travel Agent,Canceled,2022,7,Jul,2022-07,1,128.4,1
BKG101795,Resort Hotel,2022-09-04,2022-09-23,2022-09-25,19,UAE,3,2.0,Suite,204.86,Corporate,Canceled,2022,9,Sep,2022-09,2,409.72,1
BKG101796,City Hotel,2024-03-08,2024-06-15,2024-06-25,99,Australia,3,1.0,Suite,155.94,Corporate,Canceled,2024,3,Mar,2024-03,10,1559.4,1
BKG101797,City Hotel,2023-01-05,2023-03-07,2023-03-14,61,Australia,3,2.0,Family,196.93,Offline Agent,No-Show,2023,1,Jan,2023-01,7,1378.51,0
BKG101798,City Hotel,2022-03-07,2022-06-25,2022-06-29,110,France,3,0.0,Suite,82.93,Online Travel Agent,Check-Out,2022,3,Mar,2022-03,4,331.72,0
BKG101799,City Hotel,2022-01-09,2022-06-04,2022-06-10,146,UK,3,2.0,Family,85.39,Direct,Check-Out,2022,1,Jan,2022-01,6,512.34,0
BKG101800,Resort Hotel,2023-01-16,2023-06-12,2023-06-19,147,USA,4,0.0,Deluxe,304.83,Online Travel Agent,Check-Out,2023,1,Jan,2023-01,7,2133.81,0
BKG101801,City Hotel,2022-10-10,2022-11-13,2022-11-17,34,Australia,3,2.0,Family,346.32,Online Travel Agent,Canceled,2022,10,Oct,2022-10,4,1385.28,1
BKG101802,Resort Hotel,2022-10-20,2022-11-02,2022-11-07,13,Australia,2,0.0,Standard,289.87,Corporate,Canceled,2022,10,Oct,2022-10,5,1449.35,1
BKG101803,City Hotel,2022-11-13,2023-01-06,2023-01-07,54,Germany,4,2.0,Standard,179.67,Online Travel Agent,Check-Out,2022,11,Nov,2022-11,1,179.67,0
BKG101804,Resort Hotel,2023-10-24,2024-04-16,2024-04-18,175,UK,4,2.0,Standard,298.37,Online Travel Agent,Check-Out,2023,10,Oct,2023-10,2,596.74,0
BKG101805,City Hotel,2023-07-17,2023-11-08,2023-11-10,114,Australia,3,0.0,Deluxe,105.36,Offline Agent,Canceled,2023,7,Jul,2023-07,2,210.72,1
BKG101806,City Hotel,2023-06-02,2023-09-27,2023-10-02,117,Germany,3,0.0,Deluxe,74.1,Online Travel Agent,Check-Out,2023,6,Jun,2023-06,5,370.5,0
BKG101807,Resort Hotel,2023-02-25,2023-05-23,2023-05-26,87,Brazil,2,1.0,Family,194.21,Offline Agent,Check-Out,2023,2,Feb,2023-02,3,582.63,0
BKG101808,Resort Hotel,2023-02-21,2023-04-10,2023-04-14,48,India,4,0.0,Suite,92.33,Direct,Canceled,2023,2,Feb,2023-02,4,369.32,1
BKG101809,Resort Hotel,2023-07-04,2023-07-20,2023-07-21,16,India,3,0.0,Standard,248.23,Online Travel Agent,Check-Out,2023,7,Jul,2023-07,1,248.23,0
BKG101810,City Hotel,2023-11-30,2024-01-14,2024-01-17,45,Germany,1,0.0,Standard,114.03,Offline Agent,Check-Out,2023,11,Nov,2023-11,3,342.09000000000003,0
BKG101811,Resort Hotel,2022-11-05,2023-01-02,2023-01-12,58,Canada,1,0.0,Deluxe,281.29,Online Travel Agent,Check-Out,2022,11,Nov,2022-11,10,2812.9,0
BKG101812,City Hotel,2022-07-22,2022-10-26,2022-11-05,96,UK,3,0.0,Standard,265.66,Direct,Check-Out,2022,7,Jul,2022-07,10,2656.6000000000004,0
BKG101813,City Hotel,2023-10-09,2024-02-10,2024-02-14,124,Germany,3,0.0,Deluxe,268.55,Direct,Check-Out,2023,10,Oct,2023-10,4,1074.2,0
BKG101814,Resort Hotel,2023-10-18,2024-04-12,2024-04-20,177,India,2,2.0,Suite,115.13,Corporate,Canceled,2023,10,Oct,2023-10,8,921.04,1
BKG101815,City Hotel,2023-12-09,2024-06-03,2024-06-07,177,Australia,3,0.0,Family,97.47,Corporate,No-Show,2023,12,Dec,2023-12,4,389.88,0
BKG101816,Resort Hotel,2023-04-26,2023-08-05,2023-08-07,101,Singapore,1,2.0,Deluxe,343.08,Offline Agent,Check-Out,2023,4,Apr,2023-04,2,686.16,0
BKG101817,Resort Hotel,2024-03-17,2024-04-16,2024-04-25,30,India,2,0.0,Family,170.53,Online Travel Agent,Check-Out,2024,3,Mar,2024-03,9,1534.77,0
BKG101818,Resort Hotel,2022-04-13,2022-07-12,2022-07-21,90,USA,2,2.0,Family,256.55,Offline Agent,Canceled,2022,4,Apr,2022-04,9,2308.9500000000003,1
BKG101819,City Hotel,2024-02-20,2024-04-27,2024-05-06,67,Canada,3,1.0,Family,198.76,Direct,Check-Out,2024,2,Feb,2024-02,9,1788.84,0
BKG101820,Resort Hotel,2022-08-10,2023-02-02,2023-02-05,176,USA,2,0.0,Suite,326.7,Corporate,No-Show,2022,8,Aug,2022-08,3,980.0999999999999,0
BKG101821,City Hotel,2022-12-21,2023-05-13,2023-05-23,143,Australia,2,0.0,Standard,111.81,Offline Agent,Check-Out,2022,12,Dec,2022-12,10,1118.1,0
BKG101822,Resort Hotel,2023-09-25,2023-12-20,2023-12-24,86,Canada,3,0.0,Deluxe,321.06,Online Travel Agent,Canceled,2023,9,Sep,2023-09,4,1284.24,1
BKG101823,City Hotel,2022-04-28,2022-09-11,2022-09-12,136,France,3,1.0,Standard,258.27,Online Travel Agent,Check-Out,2022,4,Apr,2022-04,1,258.27,0
BKG101824,City Hotel,2023-11-17,2024-02-05,2024-02-09,80,UK,3,0.0,Standard,249.43,Online Travel Agent,Check-Out,2023,11,Nov,2023-11,4,997.72,0
BKG101825,City Hotel,2023-01-30,2023-03-15,2023-03-22,44,Germany,1,0.0,Family,287.52,Corporate,Check-Out,2023,1,Jan,2023-01,7,2012.6399999999999,0
BKG101826,Resort Hotel,2022-11-18,2023-01-27,2023-02-04,70,UK,1,0.0,Standard,152.34,Online Travel Agent,Check-Out,2022,11,Nov,2022-11,8,1218.72,0
BKG101827,City Hotel,2024-01-08,2024-03-16,2024-03-18,68,UAE,1,2.0,Family,282.26,Corporate,Check-Out,2024,1,Jan,2024-01,2,564.52,0
BKG101828,City Hotel,2023-11-18,2023-12-11,2023-12-21,23,Canada,4,0.0,Family,345.58,Corporate,Canceled,2023,11,Nov,2023-11,10,3455.7999999999997,1
BKG101829,City Hotel,2022-03-03,2022-07-03,2022-07-04,122,UK,2,0.0,Standard,133.55,Online Travel Agent,Check-Out,2022,3,Mar,2022-03,1,133.55,0
BKG101830,Resort Hotel,2023-10-30,2024-03-05,2024-03-07,127,Germany,2,0.0,Deluxe,103.4,Offline Agent,Canceled,2023,10,Oct,2023-10,2,206.8,1
BKG101831,City Hotel,2023-09-28,2024-01-09,2024-01-17,103,Germany,4,1.0,Standard,70.54,Direct,Check-Out,2023,9,Sep,2023-09,8,564.32,0
BKG101832,City Hotel,2023-05-11,2023-07-09,2023-07-11,59,India,2,0.0,Family,186.98,Corporate,Check-Out,2023,5,May,2023-05,2,373.96,0
BKG101833,Resort Hotel,2023-06-28,2023-11-11,2023-11-21,136,Germany,4,2.0,Family,181.9,Direct,Check-Out,2023,6,Jun,2023-06,10,1819.0,0
BKG101834,City Hotel,2022-04-04,2022-09-12,2022-09-19,161,UK,3,0.0,Deluxe,114.63,Online Travel Agent,Check-Out,2022,4,Apr,2022-04,7,802.41,0
BKG101835,City Hotel,2022-06-12,2022-07-12,2022-07-22,30,Canada,1,0.0,Family,304.23,Corporate,No-Show,2022,6,Jun,2022-06,10,3042.3,0
BKG101836,Resort Hotel,2023-07-31,2024-01-10,2024-01-18,163,India,3,1.0,Deluxe,62.0,Offline Agent,No-Show,2023,7,Jul,2023-07,8,496.0,0
BKG101837,City Hotel,2023-04-21,2023-07-31,2023-08-05,101,Canada,3,2.0,Family,252.96,Corporate,Check-Out,2023,4,Apr,2023-04,5,1264.8,0
BKG101838,City Hotel,2023-08-31,2023-12-24,2023-12-29,115,UAE,1,1.0,Family,296.7,Online Travel Agent,Check-Out,2023,8,Aug,2023-08,5,1483.5,0
BKG101839,Resort Hotel,2022-12-05,2022-12-13,2022-12-14,8,Canada,4,0.0,Deluxe,162.37,Online Travel Agent,Check-Out,2022,12,Dec,2022-12,1,162.37,0
BKG101840,City Hotel,2023-01-31,2023-04-10,2023-04-20,69,Canada,4,2.0,Family,114.08,Online Travel Agent,Canceled,2023,1,Jan,2023-01,10,1140.8,1
BKG101841,Resort Hotel,2023-08-03,2024-01-16,2024-01-22,166,UAE,2,2.0,Deluxe,261.82,Online Travel Agent,Check-Out,2023,8,Aug,2023-08,6,1570.92,0
BKG101842,Resort Hotel,2023-08-31,2023-12-28,2023-12-29,119,Singapore,2,0.0,Deluxe,161.43,Offline Agent,Check-Out,2023,8,Aug,2023-08,1,161.43,0
BKG101843,City Hotel,2022-07-31,2022-11-17,2022-11-22,109,Singapore,2,0.0,Suite,307.46,Offline Agent,Check-Out,2022,7,Jul,2022-07,5,1537.3,0
BKG101844,City Hotel,2022-10-16,2023-01-29,2023-02-05,105,France,2,0.0,Deluxe,341.99,Corporate,Canceled,2022,10,Oct,2022-10,7,2393.9300000000003,1
BKG101845,Resort Hotel,2024-03-15,2024-04-02,2024-04-07,18,Brazil,1,1.0,Deluxe,225.12,Corporate,Check-Out,2024,3,Mar,2024-03,5,1125.6,0
BKG101846,Resort Hotel,2023-04-07,2023-06-18,2023-06-22,72,UK,3,1.0,Deluxe,136.5,Online Travel Agent,Check-Out,2023,4,Apr,2023-04,4,546.0,0
BKG101847,City Hotel,2023-05-28,2023-09-12,2023-09-15,107,Australia,4,0.0,Deluxe,346.61,Direct,Check-Out,2023,5,May,2023-05,3,1039.83,0
BKG101848,Resort Hotel,2022-01-09,2022-06-04,2022-06-12,146,Australia,2,0.0,Standard,260.47,Offline Agent,Check-Out,2022,1,Jan,2022-01,8,2083.76,0
BKG101849,City Hotel,2024-05-22,2024-10-01,2024-10-07,132,UAE,2,0.0,Suite,242.79,Offline Agent,Canceled,2024,5,May,2024-05,6,1456.74,1
BKG101850,City Hotel,2022-05-16,2022-06-17,2022-06-18,32,Australia,2,0.0,Family,72.44,Corporate,Check-Out,2022,5,May,2022-05,1,72.44,0
BKG101851,Resort Hotel,2022-03-07,2022-04-13,2022-04-23,37,UK,2,2.0,Suite,75.84,Online Travel Agent,Check-Out,2022,3,Mar,2022-03,10,758.4000000000001,0
BKG101852,City Hotel,2022-04-28,2022-06-19,2022-06-27,52,Germany,3,1.0,Suite,310.65,Corporate,Check-Out,2022,4,Apr,2022-04,8,2485.2,0
BKG101853,Resort Hotel,2024-05-09,2024-09-06,2024-09-07,120,USA,4,0.0,Suite,327.58,Corporate,Check-Out,2024,5,May,2024-05,1,327.58,0
BKG101854,Resort Hotel,2022-07-13,2022-09-17,2022-09-23,66,Australia,4,1.0,Suite,124.17,Online Travel Agent,Canceled,2022,7,Jul,2022-07,6,745.02,1
BKG101855,Resort Hotel,2022-10-31,2022-12-16,2022-12-20,46,India,4,0.0,Family,330.51,Direct,Check-Out,2022,10,Oct,2022-10,4,1322.04,0
BKG101856,Resort Hotel,2022-10-27,2022-12-12,2022-12-17,46,France,4,0.0,Deluxe,250.25,Offline Agent,Canceled,2022,10,Oct,2022-10,5,1251.25,1
BKG101857,City Hotel,2023-03-02,2023-07-09,2023-07-16,129,Australia,1,0.0,Suite,220.13,Offline Agent,Canceled,2023,3,Mar,2023-03,7,1540.9099999999999,1
BKG101858,Resort Hotel,2022-02-21,2022-04-01,2022-04-03,39,Canada,4,1.0,Suite,317.89,Direct,No-Show,2022,2,Feb,2022-02,2,635.78,0
BKG101859,City Hotel,2022-11-06,2022-12-29,2023-01-04,53,India,1,0.0,Deluxe,126.23,Direct,Canceled,2022,11,Nov,2022-11,6,757.38,1
BKG101860,City Hotel,2023-09-17,2023-11-27,2023-12-04,71,UK,4,0.0,Deluxe,112.54,Direct,Check-Out,2023,9,Sep,2023-09,7,787.7800000000001,0
BKG101861,City Hotel,2022-06-06,2022-11-12,2022-11-16,159,Australia,1,0.0,Standard,64.71,Direct,Check-Out,2022,6,Jun,2022-06,4,258.84,0
BKG101862,City Hotel,2022-01-11,2022-03-10,2022-03-11,58,Canada,2,0.0,Standard,133.56,Online Travel Agent,Check-Out,2022,1,Jan,2022-01,1,133.56,0
BKG101863,Resort Hotel,2023-03-15,2023-07-09,2023-07-15,116,Canada,1,1.0,Suite,308.21,Corporate,Check-Out,2023,3,Mar,2023-03,6,1849.2599999999998,0
BKG101864,Resort Hotel,2024-02-06,2024-02-20,2024-02-23,14,UK,3,0.0,Deluxe,121.08,Corporate,Canceled,2024,2,Feb,2024-02,3,363.24,1
BKG101865,Resort Hotel,2022-06-24,2022-08-23,2022-08-24,60,India,2,0.0,Deluxe,267.85,Corporate,Check-Out,2022,6,Jun,2022-06,1,267.85,0
BKG101866,Resort Hotel,2024-03-29,2024-08-24,2024-08-25,148,UK,1,1.0,Suite,268.13,Online Travel Agent,Canceled,2024,3,Mar,2024-03,1,268.13,1
BKG101867,Resort Hotel,2022-03-01,2022-06-21,2022-06-28,112,Canada,3,2.0,Family,194.15,Online Travel Agent,Canceled,2022,3,Mar,2022-03,7,1359.05,1
BKG101868,City Hotel,2023-02-28,2023-03-27,2023-04-06,27,Singapore,2,0.0,Deluxe,74.51,Online Travel Agent,Check-Out,2023,2,Feb,2023-02,10,745.1,0
BKG101869,Resort Hotel,2023-11-25,2024-03-24,2024-03-27,120,UK,3,2.0,Deluxe,312.94,Corporate,Check-Out,2023,11,Nov,2023-11,3,938.8199999999999,0
BKG101870,City Hotel,2024-04-01,2024-08-28,2024-09-03,149,Australia,4,1.0,Deluxe,279.89,Direct,Check-Out,2024,4,Apr,2024-04,6,1679.34,0
BKG101871,Resort Hotel,2023-10-05,2023-11-22,2023-11-30,48,USA,1,0.0,Standard,88.92,Online Travel Agent,Check-Out,2023,10,Oct,2023-10,8,711.36,0
BKG101872,Resort Hotel,2023-06-10,2023-06-20,2023-06-24,10,USA,3,2.0,Family,180.62,Online Travel Agent,Canceled,2023,6,Jun,2023-06,4,722.48,1
BKG101873,Resort Hotel,2023-05-12,2023-07-25,2023-07-26,74,Brazil,2,2.0,Suite,103.8,Corporate,Check-Out,2023,5,May,2023-05,1,103.8,0
BKG101874,City Hotel,2022-11-22,2022-12-20,2022-12-28,28,Australia,1,0.0,Suite,110.9,Direct,Check-Out,2022,11,Nov,2022-11,8,887.2,0
BKG101875,Resort Hotel,2023-04-11,2023-05-27,2023-05-30,46,UK,1,0.0,Standard,308.57,Offline Agent,Check-Out,2023,4,Apr,2023-04,3,925.71,0
BKG101876,Resort Hotel,2023-11-27,2024-02-17,2024-02-22,82,Singapore,4,0.0,Deluxe,323.54,Online Travel Agent,No-Show,2023,11,Nov,2023-11,5,1617.7,0
BKG101877,City Hotel,2022-10-29,2023-01-14,2023-01-22,77,Singapore,1,0.0,Suite,205.64,Online Travel Agent,Check-Out,2022,10,Oct,2022-10,8,1645.12,0
BKG101878,City Hotel,2022-01-22,2022-03-05,2022-03-06,42,USA,3,2.0,Suite,258.1,Direct,Canceled,2022,1,Jan,2022-01,1,258.1,1
BKG101879,Resort Hotel,2023-04-04,2023-08-09,2023-08-14,127,UK,2,1.0,Suite,183.87,Offline Agent,Check-Out,2023,4,Apr,2023-04,5,919.35,0
BKG101880,Resort Hotel,2022-07-09,2022-11-01,2022-11-09,115,UAE,4,0.0,Deluxe,290.49,Online Travel Agent,Check-Out,2022,7,Jul,2022-07,8,2323.92,0
BKG101881,Resort Hotel,2023-02-13,2023-05-13,2023-05-22,89,India,1,0.0,Suite,294.76,Direct,Check-Out,2023,2,Feb,2023-02,9,2652.84,0
BKG101882,Resort Hotel,2022-10-20,2022-11-18,2022-11-20,29,Brazil,3,1.0,Family,123.33,Corporate,Canceled,2022,10,Oct,2022-10,2,246.66,1
BKG101883,Resort Hotel,2023-12-19,2024-05-15,2024-05-22,148,Australia,2,1.0,Deluxe,130.87,Corporate,Check-Out,2023,12,Dec,2023-12,7,916.09,0
BKG101884,City Hotel,2022-07-04,2022-07-14,2022-07-21,10,Brazil,4,0.0,Standard,157.22,Corporate,Check-Out,2022,7,Jul,2022-07,7,1100.54,0
BKG101885,Resort Hotel,2022-07-29,2022-08-25,2022-08-29,27,UK,1,0.0,Standard,139.06,Online Travel Agent,Check-Out,2022,7,Jul,2022-07,4,556.24,0
BKG101886,Resort Hotel,2022-06-05,2022-06-29,2022-07-02,24,UAE,1,0.0,Deluxe,277.26,Offline Agent,Check-Out,2022,6,Jun,2022-06,3,831.78,0
BKG101887,Resort Hotel,2023-07-03,2023-11-07,2023-11-14,127,Singapore,3,0.0,Suite,90.15,Corporate,Check-Out,2023,7,Jul,2023-07,7,631.0500000000001,0
BKG101888,Resort Hotel,2022-03-01,2022-06-08,2022-06-13,99,India,3,0.0,Family,302.78,Direct,Check-Out,2022,3,Mar,2022-03,5,1513.8999999999999,0
BKG101889,City Hotel,2023-05-30,2023-10-04,2023-10-12,127,Australia,4,0.0,Family,301.25,Online Travel Agent,Canceled,2023,5,May,2023-05,8,2410.0,1
BKG101890,Resort Hotel,2023-02-13,2023-05-03,2023-05-05,79,USA,4,0.0,Deluxe,123.14,Offline Agent,Canceled,2023,2,Feb,2023-02,2,246.28,1
BKG101891,Resort Hotel,2022-07-03,2022-07-22,2022-07-26,19,India,2,0.0,Suite,148.64,Direct,Check-Out,2022,7,Jul,2022-07,4,594.56,0
BKG101892,Resort Hotel,2023-06-29,2023-08-23,2023-08-25,55,USA,3,1.0,Family,331.92,Offline Agent,Check-Out,2023,6,Jun,2023-06,2,663.84,0
BKG101893,Resort Hotel,2024-02-18,2024-06-01,2024-06-11,104,UK,3,2.0,Deluxe,260.29,Online Travel Agent,Canceled,2024,2,Feb,2024-02,10,2602.9,1
BKG101894,Resort Hotel,2022-01-21,2022-02-04,2022-02-08,14,Australia,4,1.0,Standard,178.85,Online Travel Agent,Check-Out,2022,1,Jan,2022-01,4,715.4,0
BKG101895,Resort Hotel,2022-07-21,2022-08-31,2022-09-09,41,USA,3,0.0,Standard,217.75,Corporate,Check-Out,2022,7,Jul,2022-07,9,1959.75,0
BKG101896,Resort Hotel,2022-12-01,2023-01-15,2023-01-20,45,UAE,2,2.0,Deluxe,320.75,Offline Agent,Canceled,2022,12,Dec,2022-12,5,1603.75,1
BKG101897,City Hotel,2023-09-23,2023-11-05,2023-11-15,43,UK,1,0.0,Family,190.82,Offline Agent,Canceled,2023,9,Sep,2023-09,10,1908.1999999999998,1
BKG101898,City Hotel,2024-05-28,2024-07-25,2024-07-28,58,Germany,2,2.0,Deluxe,236.73,Offline Agent,Check-Out,2024,5,May,2024-05,3,710.1899999999999,0
BKG101899,City Hotel,2024-02-04,2024-02-25,2024-03-05,21,UK,3,0.0,Family,316.15,Offline Agent,Check-Out,2024,2,Feb,2024-02,9,2845.35,0
BKG101900,Resort Hotel,2023-03-21,2023-08-09,2023-08-14,141,UK,1,0.0,Deluxe,342.21,Direct,Canceled,2023,3,Mar,2023-03,5,1711.05,1
BKG101901,Resort Hotel,2024-01-05,2024-06-08,2024-06-11,155,UAE,1,2.0,Deluxe,306.25,Offline Agent,Canceled,2024,1,Jan,2024-01,3,918.75,1
BKG101902,Resort Hotel,2024-01-16,2024-02-01,2024-02-10,16,Australia,4,0.0,Family,265.39,Offline Agent,Check-Out,2024,1,Jan,2024-01,9,2388.5099999999998,0
BKG101903,Resort Hotel,2023-10-29,2023-11-09,2023-11-16,11,France,3,2.0,Deluxe,108.44,Online Travel Agent,Check-Out,2023,10,Oct,2023-10,7,759.0799999999999,0
BKG101904,Resort Hotel,2023-04-24,2023-09-26,2023-10-04,155,UAE,4,0.0,Family,193.59,Direct,Check-Out,2023,4,Apr,2023-04,8,1548.72,0
BKG101905,Resort Hotel,2022-11-03,2023-01-31,2023-02-08,89,Australia,2,0.0,Family,347.3,Corporate,Check-Out,2022,11,Nov,2022-11,8,2778.4,0
BKG101906,City Hotel,2024-04-21,2024-08-01,2024-08-10,102,Brazil,4,0.0,Standard,237.37,Direct,Check-Out,2024,4,Apr,2024-04,9,2136.33,0
BKG101907,City Hotel,2022-07-29,2022-10-15,2022-10-25,78,Australia,2,0.0,Standard,154.58,Offline Agent,Canceled,2022,7,Jul,2022-07,10,1545.8000000000002,1
BKG101908,City Hotel,2022-05-20,2022-10-15,2022-10-25,148,UK,1,1.0,Family,137.75,Offline Agent,Check-Out,2022,5,May,2022-05,10,1377.5,0
BKG101909,Resort Hotel,2022-11-08,2022-11-24,2022-12-02,16,Singapore,4,1.0,Family,66.26,Corporate,Check-Out,2022,11,Nov,2022-11,8,530.08,0
BKG101910,City Hotel,2023-05-25,2023-07-29,2023-08-07,65,Australia,3,2.0,Family,306.68,Online Travel Agent,No-Show,2023,5,May,2023-05,9,2760.12,0
BKG101911,Resort Hotel,2022-07-18,2022-12-20,2022-12-29,155,France,3,0.0,Family,179.18,Corporate,Check-Out,2022,7,Jul,2022-07,9,1612.6200000000001,0
BKG101912,Resort Hotel,2024-01-21,2024-06-17,2024-06-26,148,France,1,1.0,Suite,144.96,Corporate,Check-Out,2024,1,Jan,2024-01,9,1304.64,0
BKG101913,Resort Hotel,2023-09-12,2023-10-24,2023-11-02,42,USA,4,0.0,Standard,154.73,Direct,Check-Out,2023,9,Sep,2023-09,9,1392.57,0
BKG101914,Resort Hotel,2023-04-15,2023-04-25,2023-05-02,10,India,4,0.0,Deluxe,220.33,Corporate,Check-Out,2023,4,Apr,2023-04,7,1542.3100000000002,0
BKG101915,Resort Hotel,2022-09-16,2022-12-16,2022-12-25,91,India,1,0.0,Suite,60.16,Offline Agent,Check-Out,2022,9,Sep,2022-09,9,541.4399999999999,0
BKG101916,City Hotel,2024-04-14,2024-08-30,2024-09-08,138,France,2,2.0,Standard,232.55,Corporate,Check-Out,2024,4,Apr,2024-04,9,2092.9500000000003,0
BKG101917,Resort Hotel,2024-06-05,2024-08-04,2024-08-05,60,India,2,1.0,Family,288.61,Direct,Check-Out,2024,6,Jun,2024-06,1,288.61,0
BKG101918,City Hotel,2022-12-20,2023-03-29,2023-04-05,99,Germany,1,2.0,Standard,317.7,Corporate,Check-Out,2022,12,Dec,2022-12,7,2223.9,0
BKG101919,City Hotel,2022-04-10,2022-08-30,2022-09-04,142,Australia,2,1.0,Family,343.84,Online Travel Agent,Check-Out,2022,4,Apr,2022-04,5,1719.1999999999998,0
BKG101920,Resort Hotel,2023-05-07,2023-05-11,2023-05-13,4,India,4,0.0,Standard,180.19,Direct,Check-Out,2023,5,May,2023-05,2,360.38,0
BKG101921,City Hotel,2023-12-06,2024-01-06,2024-01-07,31,France,2,0.0,Family,326.49,Online Travel Agent,Check-Out,2023,12,Dec,2023-12,1,326.49,0
BKG101922,City Hotel,2022-10-08,2023-03-27,2023-04-02,170,UAE,4,2.0,Deluxe,321.69,Corporate,Canceled,2022,10,Oct,2022-10,6,1930.1399999999999,1
BKG101923,City Hotel,2023-01-22,2023-02-27,2023-03-02,36,Australia,1,0.0,Deluxe,323.95,Corporate,Canceled,2023,1,Jan,2023-01,3,971.8499999999999,1
BKG101924,City Hotel,2024-02-26,2024-04-11,2024-04-14,45,Germany,2,0.0,Deluxe,236.61,Corporate,Check-Out,2024,2,Feb,2024-02,3,709.83,0
BKG101925,City Hotel,2022-01-31,2022-04-07,2022-04-15,66,Singapore,3,1.0,Suite,321.22,Corporate,Check-Out,2022,1,Jan,2022-01,8,2569.76,0
BKG101926,Resort Hotel,2022-08-17,2023-01-17,2023-01-24,153,Singapore,3,0.0,Deluxe,87.95,Online Travel Agent,Check-Out,2022,8,Aug,2022-08,7,615.65,0
BKG101927,Resort Hotel,2024-04-30,2024-05-20,2024-05-23,20,USA,3,0.0,Deluxe,271.31,Online Travel Agent,Check-Out,2024,4,Apr,2024-04,3,813.9300000000001,0
BKG101928,Resort Hotel,2022-09-13,2022-12-22,2022-12-25,100,Canada,2,0.0,Deluxe,329.85,Direct,Check-Out,2022,9,Sep,2022-09,3,989.5500000000001,0
BKG101929,Resort Hotel,2023-04-20,2023-08-24,2023-08-27,126,Brazil,4,0.0,Suite,215.46,Corporate,Canceled,2023,4,Apr,2023-04,3,646.38,1
BKG101930,City Hotel,2022-11-25,2023-04-15,2023-04-21,141,UK,2,0.0,Suite,229.49,Direct,Canceled,2022,11,Nov,2022-11,6,1376.94,1
BKG101931,City Hotel,2022-11-17,2022-12-12,2022-12-19,25,Brazil,1,2.0,Standard,155.03,Offline Agent,Check-Out,2022,11,Nov,2022-11,7,1085.21,0
BKG101932,Resort Hotel,2022-12-11,2022-12-24,2023-01-02,13,France,1,0.0,Family,149.47,Offline Agent,Check-Out,2022,12,Dec,2022-12,9,1345.23,0
BKG101933,City Hotel,2023-04-28,2023-06-25,2023-07-01,58,Canada,2,0.0,Suite,283.99,Online Travel Agent,Canceled,2023,4,Apr,2023-04,6,1703.94,1
BKG101934,City Hotel,2024-05-14,2024-09-09,2024-09-11,118,Germany,3,2.0,Suite,147.08,Corporate,Canceled,2024,5,May,2024-05,2,294.16,1
BKG101935,Resort Hotel,2023-09-10,2023-11-01,2023-11-02,52,Germany,3,0.0,Deluxe,201.62,Online Travel Agent,Check-Out,2023,9,Sep,2023-09,1,201.62,0
BKG101936,Resort Hotel,2023-03-08,2023-03-29,2023-03-31,21,Australia,2,0.0,Standard,299.39,Offline Agent,Check-Out,2023,3,Mar,2023-03,2,598.78,0
BKG101937,City Hotel,2022-06-29,2022-11-18,2022-11-20,142,Germany,3,0.0,Standard,199.18,Online Travel Agent,Canceled,2022,6,Jun,2022-06,2,398.36,1
BKG101938,City Hotel,2023-03-22,2023-05-08,2023-05-14,47,France,1,0.0,Family,112.65,Corporate,Canceled,2023,3,Mar,2023-03,6,675.9000000000001,1
BKG101939,Resort Hotel,2022-08-06,2022-10-28,2022-11-01,83,Australia,4,2.0,Family,74.5,Offline Agent,Check-Out,2022,8,Aug,2022-08,4,298.0,0
BKG101940,City Hotel,2022-10-13,2023-01-18,2023-01-26,97,UK,1,0.0,Family,188.38,Online Travel Agent,No-Show,2022,10,Oct,2022-10,8,1507.04,0
BKG101941,City Hotel,2022-08-18,2022-10-10,2022-10-17,53,Australia,2,2.0,Family,235.33,Corporate,No-Show,2022,8,Aug,2022-08,7,1647.3100000000002,0
BKG101942,City Hotel,2022-12-16,2022-12-29,2023-01-08,13,Canada,1,0.0,Deluxe,92.53,Online Travel Agent,Check-Out,2022,12,Dec,2022-12,10,925.3,0
BKG101943,City Hotel,2022-08-28,2023-02-19,2023-02-25,175,Singapore,2,0.0,Suite,264.24,Corporate,Check-Out,2022,8,Aug,2022-08,6,1585.44,0
BKG101944,City Hotel,2022-10-29,2023-02-05,2023-02-10,99,Brazil,3,2.0,Suite,277.81,Offline Agent,Check-Out,2022,10,Oct,2022-10,5,1389.05,0
BKG101945,Resort Hotel,2024-06-16,2024-09-18,2024-09-26,94,Singapore,3,2.0,Standard,161.07,Online Travel Agent,Check-Out,2024,6,Jun,2024-06,8,1288.56,0
BKG101946,Resort Hotel,2022-03-15,2022-07-05,2022-07-15,112,UK,4,2.0,Suite,236.67,Direct,Check-Out,2022,3,Mar,2022-03,10,2366.7,0
BKG101947,City Hotel,2024-05-30,2024-09-22,2024-09-24,115,France,4,0.0,Suite,328.61,Online Travel Agent,Canceled,2024,5,May,2024-05,2,657.22,1
BKG101948,City Hotel,2024-03-24,2024-05-15,2024-05-22,52,Singapore,4,0.0,Standard,211.69,Online Travel Agent,Check-Out,2024,3,Mar,2024-03,7,1481.83,0
BKG101949,City Hotel,2022-08-11,2023-01-21,2023-01-22,163,Singapore,2,2.0,Standard,205.81,Online Travel Agent,Check-Out,2022,8,Aug,2022-08,1,205.81,0
BKG101950,City Hotel,2023-09-17,2024-01-20,2024-01-29,125,Brazil,1,0.0,Standard,334.13,Online Travel Agent,Canceled,2023,9,Sep,2023-09,9,3007.17,1
BKG101951,Resort Hotel,2023-09-25,2024-03-11,2024-03-21,168,UAE,2,0.0,Suite,189.14,Direct,Check-Out,2023,9,Sep,2023-09,10,1891.3999999999999,0
BKG101952,City Hotel,2023-03-12,2023-06-28,2023-07-08,108,USA,2,0.0,Suite,298.7,Online Travel Agent,Canceled,2023,3,Mar,2023-03,10,2987.0,1
BKG101953,Resort Hotel,2023-04-21,2023-04-24,2023-04-30,3,USA,2,0.0,Standard,255.27,Direct,Canceled,2023,4,Apr,2023-04,6,1531.6200000000001,1
BKG101954,City Hotel,2022-03-23,2022-03-25,2022-03-29,2,UK,2,2.0,Suite,345.58,Corporate,Check-Out,2022,3,Mar,2022-03,4,1382.32,0
BKG101955,Resort Hotel,2024-01-11,2024-04-29,2024-04-30,109,Singapore,1,2.0,Standard,155.15,Online Travel Agent,Check-Out,2024,1,Jan,2024-01,1,155.15,0
BKG101956,Resort Hotel,2022-03-04,2022-04-07,2022-04-12,34,UAE,2,1.0,Family,119.91,Direct,Check-Out,2022,3,Mar,2022-03,5,599.55,0
BKG101957,City Hotel,2023-02-16,2023-03-23,2023-03-31,35,Brazil,1,0.0,Deluxe,260.16,Direct,Check-Out,2023,2,Feb,2023-02,8,2081.28,0
BKG101958,City Hotel,2024-03-28,2024-09-02,2024-09-03,158,USA,1,0.0,Suite,217.92,Corporate,Check-Out,2024,3,Mar,2024-03,1,217.92,0
BKG101959,City Hotel,2022-09-10,2022-10-02,2022-10-08,22,Brazil,4,1.0,Deluxe,129.43,Corporate,Check-Out,2022,9,Sep,2022-09,6,776.58,0
BKG101960,Resort Hotel,2024-06-17,2024-07-16,2024-07-18,29,UK,4,0.0,Deluxe,131.37,Offline Agent,Check-Out,2024,6,Jun,2024-06,2,262.74,0
BKG101961,City Hotel,2023-04-13,2023-04-20,2023-04-23,7,Germany,4,1.0,Suite,178.86,Direct,Check-Out,2023,4,Apr,2023-04,3,536.58,0
BKG101962,Resort Hotel,2023-01-22,2023-03-28,2023-04-02,65,Brazil,1,1.0,Family,82.2,Corporate,Check-Out,2023,1,Jan,2023-01,5,411.0,0
BKG101963,Resort Hotel,2022-07-29,2022-10-22,2022-10-31,85,Australia,3,1.0,Standard,300.19,Online Travel Agent,Check-Out,2022,7,Jul,2022-07,9,2701.71,0
BKG101964,Resort Hotel,2023-07-28,2023-12-14,2023-12-15,139,France,2,1.0,Deluxe,344.24,Offline Agent,Check-Out,2023,7,Jul,2023-07,1,344.24,0
BKG101965,City Hotel,2023-03-09,2023-04-12,2023-04-21,34,Australia,1,0.0,Standard,243.79,Direct,Check-Out,2023,3,Mar,2023-03,9,2194.11,0
BKG101966,City Hotel,2024-03-24,2024-05-17,2024-05-18,54,Canada,4,2.0,Family,291.21,Corporate,Check-Out,2024,3,Mar,2024-03,1,291.21,0
BKG101967,City Hotel,2024-05-31,2024-11-15,2024-11-25,168,Brazil,1,0.0,Family,110.37,Corporate,Canceled,2024,5,May,2024-05,10,1103.7,1
BKG101968,City Hotel,2024-02-12,2024-05-11,2024-05-13,89,UK,2,0.0,Family,215.91,Online Travel Agent,Check-Out,2024,2,Feb,2024-02,2,431.82,0
BKG101969,City Hotel,2022-07-21,2022-07-26,2022-08-02,5,India,1,0.0,Deluxe,279.69,Corporate,Canceled,2022,7,Jul,2022-07,7,1957.83,1
BKG101970,City Hotel,2023-08-28,2024-01-03,2024-01-12,128,Canada,1,0.0,Suite,203.09,Direct,Canceled,2023,8,Aug,2023-08,9,1827.81,1
BKG101971,City Hotel,2022-08-08,2022-11-19,2022-11-24,103,Australia,4,1.0,Deluxe,64.04,Online Travel Agent,Check-Out,2022,8,Aug,2022-08,5,320.20000000000005,0
BKG101972,City Hotel,2023-09-30,2023-10-28,2023-11-03,28,India,2,2.0,Deluxe,299.51,Direct,Check-Out,2023,9,Sep,2023-09,6,1797.06,0
BKG101973,Resort Hotel,2022-12-24,2023-03-01,2023-03-04,67,Germany,1,0.0,Standard,79.67,Online Travel Agent,Canceled,2022,12,Dec,2022-12,3,239.01,1
BKG101974,City Hotel,2022-12-31,2023-04-25,2023-05-03,115,Australia,2,0.0,Standard,137.87,Online Travel Agent,Canceled,2022,12,Dec,2022-12,8,1102.96,1
BKG101975,Resort Hotel,2023-05-22,2023-11-14,2023-11-24,176,France,3,0.0,Suite,223.86,Direct,Canceled,2023,5,May,2023-05,10,2238.6000000000004,1
BKG101976,Resort Hotel,2023-10-21,2023-11-09,2023-11-10,19,UK,4,2.0,Suite,149.77,Offline Agent,Check-Out,2023,10,Oct,2023-10,1,149.77,0
BKG101977,City Hotel,2024-01-18,2024-06-08,2024-06-16,142,Germany,2,1.0,Deluxe,345.06,Direct,Check-Out,2024,1,Jan,2024-01,8,2760.48,0
BKG101978,Resort Hotel,2023-05-23,2023-08-07,2023-08-10,76,UK,2,0.0,Family,64.06,Online Travel Agent,Check-Out,2023,5,May,2023-05,3,192.18,0
BKG101979,City Hotel,2024-04-28,2024-10-04,2024-10-05,159,USA,1,0.0,Family,148.59,Direct,Check-Out,2024,4,Apr,2024-04,1,148.59,0
BKG101980,Resort Hotel,2022-01-13,2022-02-20,2022-03-01,38,Australia,4,1.0,Deluxe,261.39,Online Travel Agent,Check-Out,2022,1,Jan,2022-01,9,2352.5099999999998,0
BKG101981,City Hotel,2022-12-10,2023-02-08,2023-02-15,60,Germany,4,0.0,Family,80.32,Online Travel Agent,Check-Out,2022,12,Dec,2022-12,7,562.24,0
BKG101982,City Hotel,2023-04-22,2023-08-21,2023-08-31,121,Germany,3,0.0,Family,77.38,Corporate,No-Show,2023,4,Apr,2023-04,10,773.8,0
BKG101983,Resort Hotel,2023-07-31,2023-08-03,2023-08-04,3,Germany,4,0.0,Family,238.45,Offline Agent,Check-Out,2023,7,Jul,2023-07,1,238.45,0
BKG101984,City Hotel,2022-04-06,2022-05-03,2022-05-07,27,Australia,4,0.0,Family,71.96,Offline Agent,Check-Out,2022,4,Apr,2022-04,4,287.84,0
BKG101985,Resort Hotel,2022-05-03,2022-05-09,2022-05-14,6,Canada,3,0.0,Standard,275.61,Direct,Check-Out,2022,5,May,2022-05,5,1378.0500000000002,0
BKG101986,City Hotel,2022-03-12,2022-07-11,2022-07-12,121,India,4,0.0,Deluxe,148.85,Online Travel Agent,Canceled,2022,3,Mar,2022-03,1,148.85,1
BKG101987,City Hotel,2022-10-28,2022-11-30,2022-12-03,33,India,3,0.0,Family,86.92,Corporate,Check-Out,2022,10,Oct,2022-10,3,260.76,0
BKG101988,City Hotel,2023-08-25,2023-11-02,2023-11-04,69,Canada,2,0.0,Family,229.17,Direct,Check-Out,2023,8,Aug,2023-08,2,458.34,0
BKG101989,Resort Hotel,2022-01-24,2022-03-18,2022-03-21,53,UK,4,0.0,Family,151.58,Offline Agent,Check-Out,2022,1,Jan,2022-01,3,454.74,0
BKG101990,City Hotel,2023-04-22,2023-09-23,2023-09-28,154,UAE,1,0.0,Suite,138.4,Online Travel Agent,Check-Out,2023,4,Apr,2023-04,5,692.0,0
BKG101991,Resort Hotel,2022-05-15,2022-06-11,2022-06-13,27,UK,1,0.0,Family,336.97,Offline Agent,No-Show,2022,5,May,2022-05,2,673.94,0
BKG101992,City Hotel,2023-12-21,2024-03-03,2024-03-13,73,Singapore,4,0.0,Family,198.9,Direct,Check-Out,2023,12,Dec,2023-12,10,1989.0,0
BKG101993,Resort Hotel,2023-01-24,2023-02-08,2023-02-09,15,Singapore,3,0.0,Deluxe,192.29,Online Travel Agent,Canceled,2023,1,Jan,2023-01,1,192.29,1
BKG101994,City Hotel,2023-07-25,2023-08-16,2023-08-26,22,Brazil,1,2.0,Deluxe,69.43,Online Travel Agent,Check-Out,2023,7,Jul,2023-07,10,694.3000000000001,0
BKG101995,Resort Hotel,2022-02-14,2022-02-26,2022-03-05,12,Germany,2,1.0,Suite,236.3,Direct,Check-Out,2022,2,Feb,2022-02,7,1654.1000000000001,0
BKG101996,Resort Hotel,2022-10-03,2023-02-10,2023-02-17,130,Australia,3,1.0,Deluxe,333.92,Online Travel Agent,Check-Out,2022,10,Oct,2022-10,7,2337.44,0
BKG101997,Resort Hotel,2023-06-25,2023-10-08,2023-10-14,105,UK,3,1.0,Standard,114.37,Direct,Check-Out,2023,6,Jun,2023-06,6,686.22,0
BKG101998,Resort Hotel,2024-01-15,2024-05-19,2024-05-22,125,Germany,1,0.0,Family,321.77,Online Travel Agent,Check-Out,2024,1,Jan,2024-01,3,965.31,0
BKG101999,City Hotel,2022-01-19,2022-06-08,2022-06-17,140,Canada,4,0.0,Deluxe,290.05,Online Travel Agent,Check-Out,2022,1,Jan,2022-01,9,2610.4500000000003,0
BKG102000,City Hotel,2022-01-04,2022-05-16,2022-05-25,132,India,1,0.0,Standard,133.12,Online Travel Agent,Check-Out,2022,1,Jan,2022-01,9,1198.08,0
BKG102001,Resort Hotel,2024-02-11,2024-07-20,2024-07-23,160,Canada,2,0.0,Family,258.8,Online Travel Agent,Check-Out,2024,2,Feb,2024-02,3,776.4000000000001,0
BKG102002,City Hotel,2023-07-09,2023-10-03,2023-10-08,86,Australia,1,2.0,Deluxe,183.32,Online Travel Agent,Check-Out,2023,7,Jul,2023-07,5,916.5999999999999,0
BKG102003,Resort Hotel,2023-09-04,2024-02-01,2024-02-10,150,USA,3,0.0,Deluxe,132.22,Offline Agent,Check-Out,2023,9,Sep,2023-09,9,1189.98,0
BKG102004,City Hotel,2022-04-09,2022-08-20,2022-08-22,133,Australia,3,0.0,Suite,252.02,Direct,Canceled,2022,4,Apr,2022-04,2,504.04,1
BKG102005,Resort Hotel,2024-04-04,2024-06-22,2024-06-25,79,USA,1,0.0,Suite,244.42,Direct,Check-Out,2024,4,Apr,2024-04,3,733.26,0
BKG102006,City Hotel,2022-09-02,2022-11-12,2022-11-19,71,Brazil,4,0.0,Suite,189.48,Corporate,Check-Out,2022,9,Sep,2022-09,7,1326.36,0
BKG102007,Resort Hotel,2023-12-22,2024-02-29,2024-03-07,69,USA,4,1.0,Standard,103.0,Direct,Check-Out,2023,12,Dec,2023-12,7,721.0,0
BKG102008,Resort Hotel,2023-10-22,2023-10-26,2023-10-29,4,Germany,1,2.0,Family,104.14,Online Travel Agent,No-Show,2023,10,Oct,2023-10,3,312.42,0
BKG102009,Resort Hotel,2022-06-02,2022-09-10,2022-09-13,100,Canada,1,2.0,Suite,160.53,Corporate,Canceled,2022,6,Jun,2022-06,3,481.59000000000003,1
BKG102010,Resort Hotel,2023-04-24,2023-06-21,2023-06-27,58,UAE,2,1.0,Family,150.36,Online Travel Agent,Check-Out,2023,4,Apr,2023-04,6,902.1600000000001,0
BKG102011,City Hotel,2022-03-31,2022-05-10,2022-05-20,40,USA,1,2.0,Standard,335.62,Offline Agent,Canceled,2022,3,Mar,2022-03,10,3356.2,1
BKG102012,City Hotel,2023-10-06,2023-11-20,2023-11-26,45,USA,3,2.0,Standard,65.19,Online Travel Agent,Check-Out,2023,10,Oct,2023-10,6,391.14,0
BKG102013,Resort Hotel,2022-06-27,2022-08-22,2022-08-23,56,USA,3,1.0,Deluxe,178.44,Direct,Check-Out,2022,6,Jun,2022-06,1,178.44,0
BKG102014,Resort Hotel,2023-04-15,2023-05-07,2023-05-08,22,Brazil,1,0.0,Family,118.15,Online Travel Agent,Check-Out,2023,4,Apr,2023-04,1,118.15,0
BKG102015,City Hotel,2022-05-09,2022-05-16,2022-05-21,7,Australia,3,0.0,Suite,204.35,Direct,No-Show,2022,5,May,2022-05,5,1021.75,0
BKG102016,City Hotel,2024-03-01,2024-05-06,2024-05-11,66,UK,4,0.0,Deluxe,341.49,Offline Agent,Check-Out,2024,3,Mar,2024-03,5,1707.45,0
BKG102017,Resort Hotel,2022-08-13,2023-01-22,2023-01-27,162,UAE,4,0.0,Deluxe,91.05,Online Travel Agent,Check-Out,2022,8,Aug,2022-08,5,455.25,0
BKG102018,City Hotel,2024-01-07,2024-06-15,2024-06-19,160,Germany,3,1.0,Suite,305.15,Offline Agent,Check-Out,2024,1,Jan,2024-01,4,1220.6,0
BKG102019,Resort Hotel,2023-02-24,2023-07-10,2023-07-13,136,Canada,2,0.0,Deluxe,279.49,Offline Agent,Check-Out,2023,2,Feb,2023-02,3,838.47,0
BKG102020,City Hotel,2022-01-04,2022-05-14,2022-05-21,130,UK,4,1.0,Deluxe,331.13,Corporate,No-Show,2022,1,Jan,2022-01,7,2317.91,0
BKG102021,City Hotel,2023-09-29,2024-01-20,2024-01-27,113,Australia,4,2.0,Suite,308.32,Offline Agent,Check-Out,2023,9,Sep,2023-09,7,2158.24,0
BKG102022,Resort Hotel,2022-03-24,2022-09-09,2022-09-12,169,Australia,1,0.0,Standard,164.87,Corporate,Check-Out,2022,3,Mar,2022-03,3,494.61,0
BKG102023,City Hotel,2023-05-10,2023-07-26,2023-07-29,77,Germany,2,0.0,Suite,150.83,Online Travel Agent,Check-Out,2023,5,May,2023-05,3,452.49,0
BKG102024,City Hotel,2023-03-06,2023-06-10,2023-06-19,96,Australia,2,0.0,Suite,103.74,Corporate,Check-Out,2023,3,Mar,2023-03,9,933.66,0
BKG102025,City Hotel,2022-09-20,2023-02-14,2023-02-17,147,Australia,1,1.0,Standard,251.38,Online Travel Agent,Check-Out,2022,9,Sep,2022-09,3,754.14,0
BKG102026,Resort Hotel,2023-12-29,2024-06-02,2024-06-10,156,Canada,2,2.0,Deluxe,219.63,Online Travel Agent,Canceled,2023,12,Dec,2023-12,8,1757.04,1
BKG102027,City Hotel,2023-03-16,2023-05-14,2023-05-19,59,Singapore,2,0.0,Deluxe,256.38,Online Travel Agent,Check-Out,2023,3,Mar,2023-03,5,1281.9,0
BKG102028,Resort Hotel,2022-10-11,2023-03-10,2023-03-17,150,UAE,1,1.0,Family,177.49,Online Travel Agent,No-Show,2022,10,Oct,2022-10,7,1242.43,0
BKG102029,City Hotel,2022-07-06,2022-07-29,2022-08-01,23,USA,3,0.0,Deluxe,116.86,Direct,Canceled,2022,7,Jul,2022-07,3,350.58,1
BKG102030,City Hotel,2022-05-02,2022-08-12,2022-08-13,102,India,3,2.0,Deluxe,275.75,Offline Agent,Check-Out,2022,5,May,2022-05,1,275.75,0
BKG102031,Resort Hotel,2024-01-01,2024-06-13,2024-06-22,164,Australia,4,0.0,Standard,346.36,Direct,Check-Out,2024,1,Jan,2024-01,9,3117.2400000000002,0
BKG102032,City Hotel,2023-04-03,2023-08-21,2023-08-31,140,India,1,0.0,Standard,85.94,Direct,Check-Out,2023,4,Apr,2023-04,10,859.4,0
BKG102033,City Hotel,2023-05-02,2023-05-31,2023-06-04,29,Singapore,1,1.0,Family,276.79,Online Travel Agent,Canceled,2023,5,May,2023-05,4,1107.16,1
BKG102034,Resort Hotel,2022-04-18,2022-09-26,2022-10-03,161,Singapore,2,0.0,Suite,258.29,Online Travel Agent,Check-Out,2022,4,Apr,2022-04,7,1808.0300000000002,0
BKG102035,Resort Hotel,2022-10-19,2023-03-30,2023-04-07,162,USA,3,0.0,Deluxe,327.17,Offline Agent,Check-Out,2022,10,Oct,2022-10,8,2617.36,0
BKG102036,Resort Hotel,2022-12-12,2023-04-26,2023-04-29,135,Singapore,1,0.0,Family,197.04,Online Travel Agent,Check-Out,2022,12,Dec,2022-12,3,591.12,0
BKG102037,City Hotel,2024-03-09,2024-07-06,2024-07-16,119,USA,1,0.0,Family,195.7,Online Travel Agent,Check-Out,2024,3,Mar,2024-03,10,1957.0,0
BKG102038,Resort Hotel,2023-06-09,2023-07-07,2023-07-17,28,Brazil,4,0.0,Family,97.64,Corporate,Check-Out,2023,6,Jun,2023-06,10,976.4,0
BKG102039,Resort Hotel,2024-03-04,2024-04-03,2024-04-12,30,India,2,1.0,Family,158.27,Offline Agent,Check-Out,2024,3,Mar,2024-03,9,1424.43,0
BKG102040,City Hotel,2022-04-19,2022-04-20,2022-04-23,1,UAE,3,2.0,Family,64.33,Online Travel Agent,Check-Out,2022,4,Apr,2022-04,3,192.99,0
BKG102041,City Hotel,2023-10-29,2024-01-02,2024-01-07,65,UK,2,0.0,Deluxe,121.85,Online Travel Agent,Check-Out,2023,10,Oct,2023-10,5,609.25,0
BKG102042,City Hotel,2022-02-08,2022-05-17,2022-05-27,98,France,4,2.0,Family,162.2,Offline Agent,Check-Out,2022,2,Feb,2022-02,10,1622.0,0
BKG102043,Resort Hotel,2024-03-31,2024-07-22,2024-07-28,113,Germany,1,1.0,Suite,239.73,Direct,Check-Out,2024,3,Mar,2024-03,6,1438.3799999999999,0
BKG102044,Resort Hotel,2022-02-26,2022-03-27,2022-04-03,29,Canada,3,0.0,Standard,172.63,Direct,Check-Out,2022,2,Feb,2022-02,7,1208.4099999999999,0
BKG102045,Resort Hotel,2022-02-17,2022-08-02,2022-08-11,166,USA,3,0.0,Family,141.8,Direct,Check-Out,2022,2,Feb,2022-02,9,1276.2,0
BKG102046,City Hotel,2024-05-25,2024-08-07,2024-08-16,74,USA,1,0.0,Family,66.84,Online Travel Agent,Canceled,2024,5,May,2024-05,9,601.5600000000001,1
BKG102047,Resort Hotel,2022-11-20,2023-01-17,2023-01-18,58,Australia,2,0.0,Family,166.81,Online Travel Agent,Canceled,2022,11,Nov,2022-11,1,166.81,1
BKG102048,Resort Hotel,2024-01-02,2024-05-21,2024-05-28,140,Germany,3,1.0,Suite,266.75,Direct,Check-Out,2024,1,Jan,2024-01,7,1867.25,0
BKG102049,City Hotel,2022-04-03,2022-04-26,2022-04-27,23,Canada,3,0.0,Family,297.85,Corporate,Canceled,2022,4,Apr,2022-04,1,297.85,1
BKG102050,Resort Hotel,2022-06-09,2022-10-12,2022-10-21,125,Australia,4,0.0,Suite,152.82,Corporate,Canceled,2022,6,Jun,2022-06,9,1375.3799999999999,1
BKG102051,City Hotel,2024-06-03,2024-07-01,2024-07-04,28,USA,1,1.0,Deluxe,323.21,Direct,Check-Out,2024,6,Jun,2024-06,3,969.6299999999999,0
BKG102052,Resort Hotel,2024-02-23,2024-07-16,2024-07-24,144,Australia,1,0.0,Standard,165.06,Offline Agent,Check-Out,2024,2,Feb,2024-02,8,1320.48,0
BKG102053,City Hotel,2024-01-22,2024-04-29,2024-04-30,98,UAE,2,0.0,Suite,288.16,Offline Agent,Canceled,2024,1,Jan,2024-01,1,288.16,1
BKG102054,Resort Hotel,2023-04-25,2023-05-31,2023-06-01,36,Canada,3,0.0,Deluxe,188.05,Online Travel Agent,Canceled,2023,4,Apr,2023-04,1,188.05,1
BKG102055,City Hotel,2023-04-20,2023-05-21,2023-05-27,31,Singapore,4,0.0,Deluxe,278.86,Offline Agent,Check-Out,2023,4,Apr,2023-04,6,1673.16,0
BKG102056,Resort Hotel,2022-03-04,2022-04-28,2022-04-30,55,Singapore,4,0.0,Standard,149.0,Direct,Canceled,2022,3,Mar,2022-03,2,298.0,1
BKG102057,City Hotel,2022-10-31,2022-11-18,2022-11-23,18,Australia,3,1.0,Deluxe,254.8,Direct,Check-Out,2022,10,Oct,2022-10,5,1274.0,0
BKG102058,Resort Hotel,2024-02-29,2024-06-08,2024-06-17,100,Singapore,4,0.0,Suite,319.12,Online Travel Agent,Check-Out,2024,2,Feb,2024-02,9,2872.08,0
BKG102059,City Hotel,2023-03-15,2023-05-18,2023-05-21,64,Germany,1,1.0,Deluxe,249.28,Offline Agent,Canceled,2023,3,Mar,2023-03,3,747.84,1
BKG102060,City Hotel,2024-05-30,2024-11-26,2024-11-30,180,Australia,3,0.0,Family,270.72,Direct,Check-Out,2024,5,May,2024-05,4,1082.88,0
BKG102061,Resort Hotel,2022-05-09,2022-07-03,2022-07-12,55,Australia,4,2.0,Standard,302.41,Corporate,Check-Out,2022,5,May,2022-05,9,2721.69,0
BKG102062,City Hotel,2023-06-20,2023-09-28,2023-10-08,100,UAE,2,0.0,Deluxe,76.68,Corporate,Check-Out,2023,6,Jun,2023-06,10,766.8000000000001,0
BKG102063,City Hotel,2024-03-18,2024-03-24,2024-04-02,6,USA,2,1.0,Suite,118.0,Offline Agent,Check-Out,2024,3,Mar,2024-03,9,1062.0,0
BKG102064,Resort Hotel,2022-09-21,2022-09-23,2022-09-29,2,Canada,2,0.0,Family,179.33,Offline Agent,Canceled,2022,9,Sep,2022-09,6,1075.98,1
BKG102065,Resort Hotel,2022-12-19,2023-02-22,2023-02-25,65,Germany,4,0.0,Suite,230.14,Direct,Canceled,2022,12,Dec,2022-12,3,690.42,1
BKG102066,Resort Hotel,2023-05-04,2023-06-26,2023-07-03,53,India,2,1.0,Deluxe,271.31,Direct,Canceled,2023,5,May,2023-05,7,1899.17,1
BKG102067,City Hotel,2022-05-31,2022-10-01,2022-10-03,123,Canada,1,0.0,Family,302.42,Online Travel Agent,No-Show,2022,5,May,2022-05,2,604.84,0
BKG102068,City Hotel,2022-04-20,2022-08-06,2022-08-09,108,USA,1,0.0,Suite,105.71,Corporate,Canceled,2022,4,Apr,2022-04,3,317.13,1
BKG102069,Resort Hotel,2023-02-18,2023-07-15,2023-07-24,147,Australia,2,0.0,Standard,168.69,Direct,Check-Out,2023,2,Feb,2023-02,9,1518.21,0
BKG102070,Resort Hotel,2024-04-05,2024-05-20,2024-05-23,45,Australia,1,0.0,Suite,276.59,Direct,Check-Out,2024,4,Apr,2024-04,3,829.77,0
BKG102071,Resort Hotel,2022-10-03,2023-02-06,2023-02-08,126,Canada,1,1.0,Family,218.45,Online Travel Agent,Canceled,2022,10,Oct,2022-10,2,436.9,1
BKG102072,Resort Hotel,2024-04-05,2024-04-25,2024-05-02,20,UAE,2,1.0,Standard,317.26,Online Travel Agent,Check-Out,2024,4,Apr,2024-04,7,2220.8199999999997,0
BKG102073,City Hotel,2022-07-23,2022-09-14,2022-09-17,53,Australia,4,1.0,Deluxe,113.23,Online Travel Agent,Canceled,2022,7,Jul,2022-07,3,339.69,1
BKG102074,Resort Hotel,2023-03-28,2023-05-07,2023-05-17,40,Singapore,3,1.0,Standard,185.64,Direct,No-Show,2023,3,Mar,2023-03,10,1856.3999999999999,0
BKG102075,City Hotel,2022-02-03,2022-05-15,2022-05-21,101,Brazil,3,0.0,Suite,105.32,Online Travel Agent,Check-Out,2022,2,Feb,2022-02,6,631.92,0
BKG102076,City Hotel,2022-08-13,2023-01-14,2023-01-18,154,UK,2,1.0,Standard,263.21,Direct,Canceled,2022,8,Aug,2022-08,4,1052.84,1
BKG102077,City Hotel,2022-05-01,2022-08-08,2022-08-12,99,Australia,3,0.0,Deluxe,146.55,Offline Agent,Canceled,2022,5,May,2022-05,4,586.2,1
BKG102078,City Hotel,2023-04-09,2023-07-19,2023-07-25,101,UAE,2,1.0,Deluxe,310.27,Offline Agent,Check-Out,2023,4,Apr,2023-04,6,1861.62,0
BKG102079,Resort Hotel,2024-02-06,2024-07-15,2024-07-25,160,Singapore,3,0.0,Family,191.27,Corporate,Canceled,2024,2,Feb,2024-02,10,1912.7,1
BKG102080,Resort Hotel,2023-03-05,2023-07-09,2023-07-15,126,USA,4,0.0,Deluxe,109.2,Online Travel Agent,Check-Out,2023,3,Mar,2023-03,6,655.2,0
BKG102081,City Hotel,2024-03-01,2024-03-20,2024-03-26,19,France,3,0.0,Standard,239.71,Direct,Check-Out,2024,3,Mar,2024-03,6,1438.26,0
BKG102082,Resort Hotel,2022-06-10,2022-09-07,2022-09-11,89,Australia,2,0.0,Suite,110.26,Online Travel Agent,Check-Out,2022,6,Jun,2022-06,4,441.04,0
BKG102083,Resort Hotel,2024-04-09,2024-07-13,2024-07-19,95,UAE,3,0.0,Suite,92.92,Corporate,Canceled,2024,4,Apr,2024-04,6,557.52,1
BKG102084,City Hotel,2023-12-01,2023-12-09,2023-12-13,8,Germany,4,2.0,Deluxe,206.25,Direct,Check-Out,2023,12,Dec,2023-12,4,825.0,0
BKG102085,Resort Hotel,2022-06-16,2022-08-30,2022-09-03,75,India,4,0.0,Standard,231.71,Corporate,Check-Out,2022,6,Jun,2022-06,4,926.84,0
BKG102086,City Hotel,2024-01-29,2024-06-14,2024-06-18,137,France,1,0.0,Standard,301.18,Direct,Canceled,2024,1,Jan,2024-01,4,1204.72,1
BKG102087,Resort Hotel,2022-02-28,2022-06-21,2022-06-27,113,India,4,0.0,Standard,323.23,Direct,Check-Out,2022,2,Feb,2022-02,6,1939.38,0
BKG102088,City Hotel,2023-05-24,2023-09-03,2023-09-07,102,France,1,1.0,Deluxe,193.34,Online Travel Agent,Canceled,2023,5,May,2023-05,4,773.36,1
BKG102089,City Hotel,2023-01-29,2023-03-16,2023-03-26,46,Australia,3,0.0,Standard,224.24,Direct,Check-Out,2023,1,Jan,2023-01,10,2242.4,0
BKG102090,City Hotel,2023-04-03,2023-04-22,2023-04-26,19,UK,1,1.0,Family,167.99,Corporate,Check-Out,2023,4,Apr,2023-04,4,671.96,0
BKG102091,Resort Hotel,2022-06-04,2022-11-21,2022-11-30,170,India,4,0.0,Family,171.1,Online Travel Agent,Check-Out,2022,6,Jun,2022-06,9,1539.8999999999999,0
BKG102092,City Hotel,2024-02-24,2024-04-22,2024-04-23,58,UAE,1,2.0,Deluxe,232.0,Corporate,Check-Out,2024,2,Feb,2024-02,1,232.0,0
BKG102093,City Hotel,2022-06-20,2022-12-17,2022-12-19,180,UAE,1,0.0,Standard,260.41,Corporate,Check-Out,2022,6,Jun,2022-06,2,520.82,0
BKG102094,Resort Hotel,2022-08-03,2022-09-07,2022-09-09,35,Australia,1,0.0,Family,128.95,Offline Agent,Canceled,2022,8,Aug,2022-08,2,257.9,1
BKG102095,Resort Hotel,2023-04-18,2023-09-28,2023-10-01,163,UAE,3,1.0,Suite,235.58,Direct,Check-Out,2023,4,Apr,2023-04,3,706.74,0
BKG102096,City Hotel,2022-04-06,2022-08-12,2022-08-21,128,Singapore,2,0.0,Standard,242.2,Direct,Canceled,2022,4,Apr,2022-04,9,2179.7999999999997,1
BKG102097,City Hotel,2022-01-08,2022-03-26,2022-04-04,77,Australia,4,1.0,Deluxe,72.02,Direct,Canceled,2022,1,Jan,2022-01,9,648.18,1
BKG102098,Resort Hotel,2024-02-15,2024-03-29,2024-04-08,43,UK,4,0.0,Suite,87.63,Offline Agent,Canceled,2024,2,Feb,2024-02,10,876.3,1
BKG102099,City Hotel,2023-11-13,2024-01-26,2024-02-02,74,Singapore,3,0.0,Suite,316.19,Direct,Canceled,2023,11,Nov,2023-11,7,2213.33,1
BKG102100,Resort Hotel,2023-07-09,2023-08-21,2023-08-27,43,India,4,1.0,Suite,99.14,Online Travel Agent,Check-Out,2023,7,Jul,2023-07,6,594.84,0
BKG102101,City Hotel,2023-11-06,2024-04-03,2024-04-06,149,UAE,3,0.0,Standard,327.95,Offline Agent,Check-Out,2023,11,Nov,2023-11,3,983.8499999999999,0
BKG102102,Resort Hotel,2022-06-12,2022-07-26,2022-07-29,44,UAE,3,0.0,Family,278.94,Direct,Canceled,2022,6,Jun,2022-06,3,836.8199999999999,1
BKG102103,City Hotel,2022-11-04,2023-02-26,2023-03-01,114,UK,4,0.0,Standard,230.8,Online Travel Agent,Canceled,2022,11,Nov,2022-11,3,692.4000000000001,1
BKG102104,Resort Hotel,2022-06-23,2022-08-03,2022-08-07,41,Brazil,3,0.0,Standard,143.37,Online Travel Agent,Check-Out,2022,6,Jun,2022-06,4,573.48,0
BKG102105,City Hotel,2023-11-02,2024-02-16,2024-02-23,106,Australia,2,1.0,Standard,71.53,Corporate,Canceled,2023,11,Nov,2023-11,7,500.71000000000004,1
BKG102106,Resort Hotel,2022-12-17,2022-12-30,2023-01-09,13,Canada,3,1.0,Suite,116.32,Online Travel Agent,Check-Out,2022,12,Dec,2022-12,10,1163.1999999999998,0
BKG102107,Resort Hotel,2022-08-26,2023-01-30,2023-02-01,157,UAE,1,0.0,Deluxe,226.73,Direct,Check-Out,2022,8,Aug,2022-08,2,453.46,0
BKG102108,Resort Hotel,2022-11-02,2023-02-28,2023-03-02,118,India,1,2.0,Family,124.44,Online Travel Agent,Canceled,2022,11,Nov,2022-11,2,248.88,1
BKG102109,City Hotel,2022-05-28,2022-09-23,2022-10-01,118,USA,1,0.0,Family,175.99,Online Travel Agent,Check-Out,2022,5,May,2022-05,8,1407.92,0
BKG102110,City Hotel,2023-03-23,2023-04-25,2023-05-02,33,India,3,0.0,Standard,265.53,Corporate,Check-Out,2023,3,Mar,2023-03,7,1858.7099999999998,0
BKG102111,City Hotel,2022-06-27,2022-08-17,2022-08-22,51,UK,4,0.0,Deluxe,188.96,Online Travel Agent,Check-Out,2022,6,Jun,2022-06,5,944.8000000000001,0
BKG102112,City Hotel,2024-06-07,2024-07-27,2024-08-03,50,Australia,1,0.0,Standard,246.45,Online Travel Agent,Check-Out,2024,6,Jun,2024-06,7,1725.1499999999999,0
BKG102113,City Hotel,2022-07-24,2022-08-18,2022-08-25,25,USA,3,0.0,Deluxe,320.98,Offline Agent,Check-Out,2022,7,Jul,2022-07,7,2246.86,0
BKG102114,Resort Hotel,2023-04-27,2023-10-12,2023-10-19,168,Australia,3,0.0,Deluxe,335.8,Corporate,Check-Out,2023,4,Apr,2023-04,7,2350.6,0
BKG102115,City Hotel,2022-07-04,2022-12-10,2022-12-11,159,UAE,3,1.0,Suite,294.57,Online Travel Agent,Check-Out,2022,7,Jul,2022-07,1,294.57,0
BKG102116,Resort Hotel,2023-03-28,2023-04-02,2023-04-04,5,UK,4,2.0,Family,238.49,Direct,Check-Out,2023,3,Mar,2023-03,2,476.98,0
BKG102117,City Hotel,2022-06-22,2022-09-03,2022-09-12,73,USA,2,1.0,Family,149.22,Direct,Check-Out,2022,6,Jun,2022-06,9,1342.98,0
BKG102118,City Hotel,2022-12-20,2023-04-08,2023-04-14,109,Australia,2,2.0,Standard,298.94,Direct,Check-Out,2022,12,Dec,2022-12,6,1793.6399999999999,0
BKG102119,Resort Hotel,2022-10-28,2023-03-14,2023-03-20,137,Australia,2,1.0,Standard,304.2,Corporate,Check-Out,2022,10,Oct,2022-10,6,1825.1999999999998,0
BKG102120,Resort Hotel,2022-06-27,2022-08-16,2022-08-25,50,Australia,4,0.0,Suite,78.33,Direct,Check-Out,2022,6,Jun,2022-06,9,704.97,0
BKG102121,City Hotel,2022-12-12,2023-05-21,2023-05-27,160,France,4,0.0,Deluxe,110.57,Corporate,Canceled,2022,12,Dec,2022-12,6,663.42,1
BKG102122,City Hotel,2023-09-10,2023-09-14,2023-09-15,4,Australia,2,1.0,Standard,214.75,Corporate,Check-Out,2023,9,Sep,2023-09,1,214.75,0
BKG102123,City Hotel,2023-10-26,2024-04-05,2024-04-12,162,Australia,1,0.0,Deluxe,124.42,Offline Agent,Check-Out,2023,10,Oct,2023-10,7,870.94,0
BKG102124,City Hotel,2024-01-16,2024-04-21,2024-04-23,96,Australia,4,0.0,Family,314.76,Direct,Check-Out,2024,1,Jan,2024-01,2,629.52,0
BKG102125,Resort Hotel,2023-02-02,2023-04-02,2023-04-09,59,Singapore,1,0.0,Suite,251.15,Online Travel Agent,Canceled,2023,2,Feb,2023-02,7,1758.05,1
BKG102126,Resort Hotel,2022-06-02,2022-09-25,2022-10-03,115,Singapore,2,2.0,Suite,304.51,Corporate,Check-Out,2022,6,Jun,2022-06,8,2436.08,0
BKG102127,Resort Hotel,2023-04-11,2023-09-24,2023-10-03,166,UAE,4,0.0,Family,144.12,Offline Agent,Check-Out,2023,4,Apr,2023-04,9,1297.08,0
BKG102128,Resort Hotel,2022-02-07,2022-04-06,2022-04-10,58,Germany,4,0.0,Standard,325.31,Offline Agent,Check-Out,2022,2,Feb,2022-02,4,1301.24,0
BKG102129,Resort Hotel,2023-03-27,2023-09-13,2023-09-17,170,Singapore,1,1.0,Deluxe,196.59,Online Travel Agent,Canceled,2023,3,Mar,2023-03,4,786.36,1
BKG102130,City Hotel,2023-03-07,2023-06-20,2023-06-28,105,Singapore,3,0.0,Family,238.15,Corporate,Check-Out,2023,3,Mar,2023-03,8,1905.2,0
BKG102131,Resort Hotel,2024-02-18,2024-05-12,2024-05-22,84,Brazil,1,1.0,Family,196.51,Direct,Check-Out,2024,2,Feb,2024-02,10,1965.1,0
BKG102132,City Hotel,2024-04-12,2024-05-25,2024-06-03,43,UAE,4,1.0,Family,66.98,Corporate,Check-Out,2024,4,Apr,2024-04,9,602.82,0
BKG102133,City Hotel,2022-05-23,2022-06-22,2022-06-30,30,USA,1,0.0,Family,247.89,Offline Agent,Check-Out,2022,5,May,2022-05,8,1983.12,0
BKG102134,Resort Hotel,2023-02-05,2023-03-29,2023-04-01,52,Brazil,1,0.0,Standard,176.64,Offline Agent,Check-Out,2023,2,Feb,2023-02,3,529.92,0
BKG102135,Resort Hotel,2024-04-09,2024-09-04,2024-09-14,148,Australia,2,2.0,Deluxe,303.4,Offline Agent,Check-Out,2024,4,Apr,2024-04,10,3034.0,0
BKG102136,City Hotel,2022-06-07,2022-09-22,2022-09-28,107,India,2,0.0,Family,194.46,Corporate,Check-Out,2022,6,Jun,2022-06,6,1166.76,0
BKG102137,Resort Hotel,2022-06-25,2022-10-06,2022-10-16,103,USA,3,0.0,Deluxe,68.76,Online Travel Agent,Check-Out,2022,6,Jun,2022-06,10,687.6,0
BKG102138,City Hotel,2023-10-18,2024-03-19,2024-03-20,153,Australia,1,0.0,Family,164.05,Offline Agent,Check-Out,2023,10,Oct,2023-10,1,164.05,0
BKG102139,City Hotel,2022-03-07,2022-08-11,2022-08-17,157,Brazil,4,0.0,Deluxe,60.58,Corporate,Check-Out,2022,3,Mar,2022-03,6,363.48,0
BKG102140,Resort Hotel,2023-06-09,2023-08-19,2023-08-23,71,Australia,1,0.0,Standard,287.01,Offline Agent,Check-Out,2023,6,Jun,2023-06,4,1148.04,0
BKG102141,Resort Hotel,2024-05-30,2024-05-31,2024-06-07,1,UAE,4,0.0,Family,252.36,Online Travel Agent,Check-Out,2024,5,May,2024-05,7,1766.52,0
BKG102142,Resort Hotel,2024-05-21,2024-07-24,2024-08-03,64,Germany,2,2.0,Family,87.01,Online Travel Agent,Check-Out,2024,5,May,2024-05,10,870.1,0
BKG102143,Resort Hotel,2022-02-25,2022-07-28,2022-07-31,153,Germany,4,0.0,Standard,72.33,Online Travel Agent,Check-Out,2022,2,Feb,2022-02,3,216.99,0
BKG102144,Resort Hotel,2024-06-05,2024-06-21,2024-06-29,16,Brazil,2,1.0,Family,103.56,Direct,Check-Out,2024,6,Jun,2024-06,8,828.48,0
BKG102145,Resort Hotel,2024-02-28,2024-05-13,2024-05-18,75,Canada,3,0.0,Family,251.55,Corporate,No-Show,2024,2,Feb,2024-02,5,1257.75,0
BKG102146,Resort Hotel,2022-07-08,2022-12-19,2022-12-27,164,Australia,3,0.0,Standard,81.83,Offline Agent,Canceled,2022,7,Jul,2022-07,8,654.64,1
BKG102147,Resort Hotel,2022-06-25,2022-10-23,2022-10-30,120,Singapore,4,0.0,Deluxe,64.51,Online Travel Agent,Check-Out,2022,6,Jun,2022-06,7,451.57000000000005,0
BKG102148,City Hotel,2022-05-03,2022-08-27,2022-08-28,116,France,2,1.0,Family,116.44,Direct,Check-Out,2022,5,May,2022-05,1,116.44,0
BKG102149,City Hotel,2023-09-02,2023-12-08,2023-12-11,97,India,3,0.0,Standard,349.51,Direct,Check-Out,2023,9,Sep,2023-09,3,1048.53,0
BKG102150,City Hotel,2024-02-04,2024-04-19,2024-04-22,75,Germany,3,0.0,Family,250.71,Online Travel Agent,Check-Out,2024,2,Feb,2024-02,3,752.13,0
BKG102151,City Hotel,2022-06-09,2022-08-05,2022-08-13,57,Brazil,3,0.0,Family,62.6,Offline Agent,Canceled,2022,6,Jun,2022-06,8,500.8,1
BKG102152,City Hotel,2023-12-23,2024-01-07,2024-01-11,15,Germany,4,1.0,Family,60.22,Corporate,Check-Out,2023,12,Dec,2023-12,4,240.88,0
BKG102153,City Hotel,2024-02-23,2024-08-17,2024-08-22,176,France,1,0.0,Standard,162.91,Offline Agent,Canceled,2024,2,Feb,2024-02,5,814.55,1
BKG102154,City Hotel,2024-03-08,2024-05-18,2024-05-19,71,Singapore,2,1.0,Deluxe,299.85,Online Travel Agent,Check-Out,2024,3,Mar,2024-03,1,299.85,0
BKG102155,City Hotel,2024-01-05,2024-05-29,2024-06-06,145,Australia,4,0.0,Family,210.15,Direct,No-Show,2024,1,Jan,2024-01,8,1681.2,0
BKG102156,City Hotel,2022-05-11,2022-07-09,2022-07-16,59,Brazil,1,1.0,Family,176.94,Corporate,Check-Out,2022,5,May,2022-05,7,1238.58,0
BKG102157,Resort Hotel,2022-05-13,2022-08-16,2022-08-26,95,Australia,3,2.0,Standard,296.81,Online Travel Agent,Check-Out,2022,5,May,2022-05,10,2968.1,0
BKG102158,Resort Hotel,2023-06-22,2023-09-29,2023-10-02,99,Australia,2,1.0,Family,223.47,Offline Agent,Check-Out,2023,6,Jun,2023-06,3,670.41,0
BKG102159,City Hotel,2023-04-10,2023-09-02,2023-09-12,145,Australia,4,0.0,Deluxe,114.85,Direct,Check-Out,2023,4,Apr,2023-04,10,1148.5,0
BKG102160,City Hotel,2024-02-09,2024-06-29,2024-07-07,141,Canada,4,2.0,Deluxe,209.28,Online Travel Agent,Canceled,2024,2,Feb,2024-02,8,1674.24,1
BKG102161,Resort Hotel,2023-03-21,2023-03-24,2023-03-29,3,India,1,0.0,Family,133.89,Direct,Check-Out,2023,3,Mar,2023-03,5,669.4499999999999,0
BKG102162,Resort Hotel,2022-07-24,2022-12-25,2023-01-03,154,Australia,2,2.0,Standard,84.54,Online Travel Agent,Check-Out,2022,7,Jul,2022-07,9,760.86,0
BKG102163,Resort Hotel,2022-03-10,2022-05-23,2022-05-28,74,Brazil,1,1.0,Standard,329.68,Corporate,Canceled,2022,3,Mar,2022-03,5,1648.4,1
BKG102164,City Hotel,2023-11-09,2024-01-06,2024-01-07,58,USA,3,2.0,Standard,80.51,Direct,Check-Out,2023,11,Nov,2023-11,1,80.51,0
BKG102165,Resort Hotel,2023-08-12,2023-12-16,2023-12-22,126,Brazil,2,2.0,Family,196.32,Corporate,Canceled,2023,8,Aug,2023-08,6,1177.92,1
BKG102166,City Hotel,2023-01-28,2023-04-14,2023-04-17,76,Brazil,2,0.0,Deluxe,323.49,Online Travel Agent,Check-Out,2023,1,Jan,2023-01,3,970.47,0
BKG102167,City Hotel,2022-08-28,2022-11-22,2022-11-26,86,Australia,1,2.0,Standard,330.42,Corporate,Check-Out,2022,8,Aug,2022-08,4,1321.68,0
BKG102168,Resort Hotel,2023-09-28,2024-01-08,2024-01-11,102,India,1,0.0,Standard,176.67,Offline Agent,Check-Out,2023,9,Sep,2023-09,3,530.01,0
BKG102169,Resort Hotel,2022-09-09,2023-02-16,2023-02-17,160,Singapore,4,2.0,Family,178.46,Corporate,No-Show,2022,9,Sep,2022-09,1,178.46,0
BKG102170,City Hotel,2022-06-06,2022-11-19,2022-11-24,166,Canada,1,0.0,Suite,131.89,Online Travel Agent,Canceled,2022,6,Jun,2022-06,5,659.4499999999999,1
BKG102171,City Hotel,2022-11-22,2023-01-18,2023-01-20,57,Australia,2,1.0,Standard,251.54,Online Travel Agent,Check-Out,2022,11,Nov,2022-11,2,503.08,0
BKG102172,City Hotel,2023-05-17,2023-09-20,2023-09-24,126,Australia,2,0.0,Deluxe,203.94,Offline Agent,Check-Out,2023,5,May,2023-05,4,815.76,0
BKG102173,Resort Hotel,2023-08-13,2024-01-29,2024-02-01,169,Brazil,1,0.0,Deluxe,261.55,Offline Agent,Check-Out,2023,8,Aug,2023-08,3,784.6500000000001,0
BKG102174,City Hotel,2023-04-16,2023-04-26,2023-04-30,10,France,3,0.0,Family,295.01,Online Travel Agent,Check-Out,2023,4,Apr,2023-04,4,1180.04,0
BKG102175,City Hotel,2022-01-01,2022-03-11,2022-03-19,69,UK,4,0.0,Deluxe,188.74,Corporate,No-Show,2022,1,Jan,2022-01,8,1509.92,0
BKG102176,Resort Hotel,2022-01-06,2022-07-02,2022-07-10,177,Canada,4,0.0,Family,82.1,Corporate,Check-Out,2022,1,Jan,2022-01,8,656.8,0
BKG102177,City Hotel,2023-12-13,2024-02-12,2024-02-15,61,Germany,3,0.0,Suite,137.72,Online Travel Agent,Check-Out,2023,12,Dec,2023-12,3,413.15999999999997,0
BKG102178,Resort Hotel,2022-03-17,2022-08-06,2022-08-12,142,USA,1,0.0,Suite,160.43,Offline Agent,Check-Out,2022,3,Mar,2022-03,6,962.58,0
BKG102179,Resort Hotel,2024-01-06,2024-06-12,2024-06-19,158,Australia,3,0.0,Standard,234.66,Online Travel Agent,Canceled,2024,1,Jan,2024-01,7,1642.62,1
BKG102180,Resort Hotel,2022-01-03,2022-01-15,2022-01-20,12,France,1,2.0,Suite,131.29,Corporate,Check-Out,2022,1,Jan,2022-01,5,656.4499999999999,0
BKG102181,Resort Hotel,2022-10-10,2022-10-14,2022-10-18,4,Germany,2,0.0,Family,83.62,Offline Agent,Canceled,2022,10,Oct,2022-10,4,334.48,1
BKG102182,City Hotel,2024-02-25,2024-03-06,2024-03-10,10,India,3,2.0,Family,220.86,Online Travel Agent,Check-Out,2024,2,Feb,2024-02,4,883.44,0
BKG102183,City Hotel,2022-11-26,2023-01-05,2023-01-15,40,France,3,0.0,Family,341.54,Direct,Canceled,2022,11,Nov,2022-11,10,3415.4,1
BKG102184,Resort Hotel,2024-01-10,2024-03-10,2024-03-16,60,Brazil,4,0.0,Family,118.03,Corporate,Check-Out,2024,1,Jan,2024-01,6,708.1800000000001,0
BKG102185,City Hotel,2022-01-22,2022-05-30,2022-06-08,128,India,1,1.0,Deluxe,201.34,Online Travel Agent,No-Show,2022,1,Jan,2022-01,9,1812.06,0
BKG102186,City Hotel,2024-01-03,2024-02-02,2024-02-12,30,Germany,1,2.0,Standard,303.34,Online Travel Agent,Check-Out,2024,1,Jan,2024-01,10,3033.3999999999996,0
BKG102187,City Hotel,2024-05-26,2024-07-02,2024-07-09,37,Singapore,4,0.0,Suite,87.91,Online Travel Agent,Check-Out,2024,5,May,2024-05,7,615.37,0
BKG102188,City Hotel,2024-03-30,2024-07-10,2024-07-14,102,Australia,2,0.0,Suite,92.32,Offline Agent,Canceled,2024,3,Mar,2024-03,4,369.28,1
BKG102189,City Hotel,2023-11-20,2023-12-30,2024-01-02,40,India,1,0.0,Family,125.51,Offline Agent,No-Show,2023,11,Nov,2023-11,3,376.53000000000003,0
BKG102190,Resort Hotel,2023-01-08,2023-03-20,2023-03-25,71,Germany,4,0.0,Standard,310.43,Offline Agent,Canceled,2023,1,Jan,2023-01,5,1552.15,1
BKG102191,City Hotel,2022-10-24,2023-01-31,2023-02-02,99,Canada,3,0.0,Family,227.21,Online Travel Agent,Check-Out,2022,10,Oct,2022-10,2,454.42,0
BKG102192,Resort Hotel,2023-02-22,2023-04-09,2023-04-13,46,UAE,3,2.0,Deluxe,169.02,Online Travel Agent,Check-Out,2023,2,Feb,2023-02,4,676.08,0
BKG102193,City Hotel,2023-01-29,2023-02-16,2023-02-25,18,Singapore,3,0.0,Family,97.62,Online Travel Agent,Check-Out,2023,1,Jan,2023-01,9,878.58,0
BKG102194,Resort Hotel,2023-02-02,2023-06-14,2023-06-21,132,Australia,1,0.0,Family,329.16,Online Travel Agent,Check-Out,2023,2,Feb,2023-02,7,2304.1200000000003,0
BKG102195,Resort Hotel,2022-09-02,2022-12-22,2022-12-23,111,Australia,3,0.0,Suite,97.49,Online Travel Agent,Check-Out,2022,9,Sep,2022-09,1,97.49,0
BKG102196,Resort Hotel,2023-08-25,2023-09-24,2023-09-25,30,UK,2,0.0,Standard,72.7,Direct,Check-Out,2023,8,Aug,2023-08,1,72.7,0
BKG102197,Resort Hotel,2022-05-27,2022-08-28,2022-08-31,93,Germany,1,2.0,Family,136.06,Corporate,Check-Out,2022,5,May,2022-05,3,408.18,0
BKG102198,Resort Hotel,2023-12-14,2024-05-14,2024-05-20,152,Australia,2,0.0,Standard,226.6,Online Travel Agent,Check-Out,2023,12,Dec,2023-12,6,1359.6,0
BKG102199,City Hotel,2023-07-01,2023-10-19,2023-10-20,110,France,2,0.0,Suite,161.16,Corporate,Canceled,2023,7,Jul,2023-07,1,161.16,1
BKG102200,City Hotel,2023-10-08,2024-03-07,2024-03-10,151,France,1,0.0,Suite,142.89,Direct,Check-Out,2023,10,Oct,2023-10,3,428.66999999999996,0
BKG102201,City Hotel,2022-05-08,2022-09-27,2022-09-28,142,UAE,1,2.0,Family,232.62,Corporate,Canceled,2022,5,May,2022-05,1,232.62,1
BKG102202,Resort Hotel,2024-05-15,2024-07-26,2024-08-01,72,Brazil,4,1.0,Suite,105.5,Direct,Check-Out,2024,5,May,2024-05,6,633.0,0
BKG102203,Resort Hotel,2023-09-24,2024-01-28,2024-01-29,126,Australia,3,1.0,Standard,170.17,Online Travel Agent,Canceled,2023,9,Sep,2023-09,1,170.17,1
BKG102204,City Hotel,2022-11-14,2023-04-01,2023-04-08,138,UK,1,1.0,Family,63.04,Offline Agent,Check-Out,2022,11,Nov,2022-11,7,441.28,0
BKG102205,Resort Hotel,2022-07-21,2022-10-19,2022-10-21,90,UAE,3,0.0,Deluxe,165.9,Online Travel Agent,Check-Out,2022,7,Jul,2022-07,2,331.8,0
BKG102206,City Hotel,2022-08-24,2023-02-13,2023-02-15,173,Australia,4,1.0,Standard,294.6,Corporate,Check-Out,2022,8,Aug,2022-08,2,589.2,0
BKG102207,Resort Hotel,2023-08-09,2023-08-24,2023-08-30,15,Germany,2,0.0,Deluxe,134.14,Corporate,Check-Out,2023,8,Aug,2023-08,6,804.8399999999999,0
BKG102208,City Hotel,2023-08-04,2023-10-10,2023-10-11,67,Germany,4,0.0,Standard,272.26,Corporate,Check-Out,2023,8,Aug,2023-08,1,272.26,0
BKG102209,Resort Hotel,2023-04-24,2023-09-20,2023-09-21,149,Singapore,3,1.0,Family,95.7,Offline Agent,No-Show,2023,4,Apr,2023-04,1,95.7,0
BKG102210,Resort Hotel,2022-11-04,2023-02-15,2023-02-25,103,Singapore,2,1.0,Deluxe,155.73,Direct,Canceled,2022,11,Nov,2022-11,10,1557.3,1
BKG102211,Resort Hotel,2024-01-01,2024-06-04,2024-06-12,155,UAE,3,2.0,Family,193.4,Online Travel Agent,Canceled,2024,1,Jan,2024-01,8,1547.2,1
BKG102212,Resort Hotel,2022-09-06,2023-03-02,2023-03-10,177,India,4,0.0,Standard,217.2,Direct,Check-Out,2022,9,Sep,2022-09,8,1737.6,0
BKG102213,Resort Hotel,2023-09-10,2023-12-11,2023-12-18,92,Brazil,4,0.0,Family,122.93,Direct,Canceled,2023,9,Sep,2023-09,7,860.51,1
BKG102214,Resort Hotel,2022-05-17,2022-07-09,2022-07-19,53,Australia,4,0.0,Deluxe,135.13,Corporate,Check-Out,2022,5,May,2022-05,10,1351.3,0
BKG102215,Resort Hotel,2022-06-17,2022-09-26,2022-10-04,101,France,4,2.0,Deluxe,309.25,Offline Agent,Check-Out,2022,6,Jun,2022-06,8,2474.0,0
BKG102216,Resort Hotel,2022-08-31,2023-02-06,2023-02-09,159,India,2,2.0,Deluxe,311.57,Direct,Check-Out,2022,8,Aug,2022-08,3,934.71,0
BKG102217,Resort Hotel,2022-01-23,2022-06-19,2022-06-21,147,Germany,3,0.0,Deluxe,78.93,Corporate,Check-Out,2022,1,Jan,2022-01,2,157.86,0
BKG102218,Resort Hotel,2022-08-06,2022-10-21,2022-10-29,76,Brazil,1,2.0,Standard,231.39,Offline Agent,Check-Out,2022,8,Aug,2022-08,8,1851.12,0
BKG102219,City Hotel,2022-11-25,2022-12-16,2022-12-22,21,India,3,0.0,Family,96.78,Corporate,Check-Out,2022,11,Nov,2022-11,6,580.6800000000001,0
BKG102220,Resort Hotel,2023-12-08,2024-05-11,2024-05-21,155,USA,1,0.0,Standard,219.82,Online Travel Agent,Canceled,2023,12,Dec,2023-12,10,2198.2,1
BKG102221,City Hotel,2023-02-07,2023-04-20,2023-04-24,72,UK,2,0.0,Family,113.45,Offline Agent,Check-Out,2023,2,Feb,2023-02,4,453.8,0
BKG102222,Resort Hotel,2023-04-24,2023-06-18,2023-06-22,55,Australia,1,1.0,Family,317.14,Corporate,Canceled,2023,4,Apr,2023-04,4,1268.56,1
BKG102223,Resort Hotel,2022-01-29,2022-05-22,2022-05-23,113,Australia,2,2.0,Standard,164.84,Corporate,Check-Out,2022,1,Jan,2022-01,1,164.84,0
BKG102224,Resort Hotel,2022-06-23,2022-11-29,2022-12-08,159,India,3,0.0,Family,242.75,Corporate,Canceled,2022,6,Jun,2022-06,9,2184.75,1
BKG102225,City Hotel,2022-05-16,2022-09-19,2022-09-24,126,Singapore,1,1.0,Deluxe,197.24,Offline Agent,Check-Out,2022,5,May,2022-05,5,986.2,0
BKG102226,Resort Hotel,2022-05-22,2022-08-25,2022-09-04,95,India,1,1.0,Deluxe,300.82,Offline Agent,Check-Out,2022,5,May,2022-05,10,3008.2,0
BKG102227,Resort Hotel,2023-06-05,2023-11-21,2023-11-27,169,France,4,0.0,Family,334.3,Corporate,Check-Out,2023,6,Jun,2023-06,6,2005.8000000000002,0
BKG102228,Resort Hotel,2023-05-13,2023-10-25,2023-11-04,165,Brazil,2,0.0,Family,211.59,Corporate,Canceled,2023,5,May,2023-05,10,2115.9,1
BKG102229,City Hotel,2023-09-05,2023-09-24,2023-09-29,19,UAE,4,0.0,Standard,230.89,Corporate,Check-Out,2023,9,Sep,2023-09,5,1154.4499999999998,0
BKG102230,City Hotel,2024-03-30,2024-09-15,2024-09-19,169,France,2,1.0,Deluxe,284.77,Direct,Check-Out,2024,3,Mar,2024-03,4,1139.08,0
BKG102231,Resort Hotel,2022-08-16,2023-01-14,2023-01-19,151,Singapore,4,0.0,Family,97.92,Online Travel Agent,Check-Out,2022,8,Aug,2022-08,5,489.6,0
BKG102232,Resort Hotel,2022-10-23,2023-03-15,2023-03-21,143,UK,2,0.0,Family,64.72,Offline Agent,Canceled,2022,10,Oct,2022-10,6,388.32,1
BKG102233,City Hotel,2024-06-15,2024-07-26,2024-07-29,41,Canada,2,2.0,Suite,341.93,Direct,Canceled,2024,6,Jun,2024-06,3,1025.79,1
BKG102234,City Hotel,2023-10-15,2023-11-25,2023-12-01,41,USA,4,1.0,Family,276.49,Direct,Check-Out,2023,10,Oct,2023-10,6,1658.94,0
BKG102235,City Hotel,2023-06-23,2023-12-04,2023-12-13,164,USA,4,0.0,Family,155.65,Online Travel Agent,Check-Out,2023,6,Jun,2023-06,9,1400.8500000000001,0
BKG102236,City Hotel,2022-03-20,2022-05-10,2022-05-15,51,Australia,3,1.0,Standard,148.72,Corporate,Check-Out,2022,3,Mar,2022-03,5,743.6,0
BKG102237,City Hotel,2023-12-05,2024-03-27,2024-04-06,113,Australia,3,2.0,Deluxe,284.76,Online Travel Agent,Canceled,2023,12,Dec,2023-12,10,2847.6,1
BKG102238,Resort Hotel,2024-05-28,2024-09-18,2024-09-21,113,Singapore,2,1.0,Standard,293.16,Direct,Check-Out,2024,5,May,2024-05,3,879.48,0
BKG102239,City Hotel,2023-01-29,2023-05-11,2023-05-14,102,Australia,1,0.0,Family,181.42,Offline Agent,No-Show,2023,1,Jan,2023-01,3,544.26,0
BKG102240,City Hotel,2022-12-05,2023-04-11,2023-04-20,127,Canada,4,0.0,Suite,155.06,Online Travel Agent,No-Show,2022,12,Dec,2022-12,9,1395.54,0
BKG102241,Resort Hotel,2022-06-26,2022-08-30,2022-09-07,65,Australia,4,0.0,Family,61.66,Corporate,Check-Out,2022,6,Jun,2022-06,8,493.28,0
BKG102242,City Hotel,2024-04-08,2024-07-23,2024-08-01,106,Australia,2,0.0,Family,258.16,Offline Agent,Check-Out,2024,4,Apr,2024-04,9,2323.44,0
BKG102243,City Hotel,2022-11-29,2022-12-26,2022-12-29,27,USA,2,0.0,Family,309.86,Corporate,Check-Out,2022,11,Nov,2022-11,3,929.58,0
BKG102244,Resort Hotel,2024-03-31,2024-05-21,2024-05-25,51,Singapore,4,2.0,Deluxe,349.45,Corporate,Canceled,2024,3,Mar,2024-03,4,1397.8,1
BKG102245,City Hotel,2024-06-07,2024-06-17,2024-06-19,10,Germany,4,0.0,Standard,337.92,Corporate,Canceled,2024,6,Jun,2024-06,2,675.84,1
BKG102246,City Hotel,2022-10-02,2022-11-10,2022-11-14,39,India,4,0.0,Family,110.27,Online Travel Agent,No-Show,2022,10,Oct,2022-10,4,441.08,0
BKG102247,Resort Hotel,2024-03-06,2024-05-16,2024-05-18,71,Brazil,2,0.0,Family,253.71,Online Travel Agent,Canceled,2024,3,Mar,2024-03,2,507.42,1
BKG102248,City Hotel,2023-05-03,2023-10-02,2023-10-10,152,UK,4,0.0,Suite,303.8,Online Travel Agent,Check-Out,2023,5,May,2023-05,8,2430.4,0
BKG102249,Resort Hotel,2023-02-03,2023-07-09,2023-07-14,156,Canada,1,0.0,Deluxe,152.15,Corporate,Canceled,2023,2,Feb,2023-02,5,760.75,1
BKG102250,Resort Hotel,2023-01-22,2023-07-17,2023-07-25,176,Brazil,3,2.0,Suite,342.37,Offline Agent,Check-Out,2023,1,Jan,2023-01,8,2738.96,0
BKG102251,Resort Hotel,2022-08-17,2023-01-10,2023-01-15,146,UK,1,0.0,Family,229.5,Online Travel Agent,Check-Out,2022,8,Aug,2022-08,5,1147.5,0
BKG102252,Resort Hotel,2023-09-24,2023-11-27,2023-12-02,64,UAE,2,0.0,Family,292.41,Corporate,Check-Out,2023,9,Sep,2023-09,5,1462.0500000000002,0
BKG102253,Resort Hotel,2023-09-18,2023-09-22,2023-09-30,4,USA,2,0.0,Family,104.53,Offline Agent,Check-Out,2023,9,Sep,2023-09,8,836.24,0
BKG102254,Resort Hotel,2023-06-30,2023-10-19,2023-10-27,111,France,3,2.0,Standard,165.94,Offline Agent,Canceled,2023,6,Jun,2023-06,8,1327.52,1
BKG102255,Resort Hotel,2023-12-05,2024-04-16,2024-04-19,133,Brazil,2,0.0,Suite,205.25,Offline Agent,Check-Out,2023,12,Dec,2023-12,3,615.75,0
BKG102256,Resort Hotel,2024-04-05,2024-06-14,2024-06-16,70,UK,4,0.0,Family,130.96,Online Travel Agent,Canceled,2024,4,Apr,2024-04,2,261.92,1
BKG102257,City Hotel,2023-01-05,2023-05-25,2023-06-01,140,France,3,0.0,Deluxe,193.18,Online Travel Agent,Canceled,2023,1,Jan,2023-01,7,1352.26,1
BKG102258,Resort Hotel,2023-03-31,2023-05-19,2023-05-20,49,Australia,4,1.0,Suite,112.72,Online Travel Agent,No-Show,2023,3,Mar,2023-03,1,112.72,0
BKG102259,City Hotel,2023-06-27,2023-07-20,2023-07-28,23,UAE,2,0.0,Suite,285.89,Corporate,Check-Out,2023,6,Jun,2023-06,8,2287.12,0
BKG102260,City Hotel,2023-07-16,2023-12-14,2023-12-15,151,UK,4,0.0,Deluxe,128.31,Offline Agent,Check-Out,2023,7,Jul,2023-07,1,128.31,0
BKG102261,Resort Hotel,2023-10-02,2024-02-07,2024-02-17,128,Canada,1,0.0,Family,316.33,Online Travel Agent,Canceled,2023,10,Oct,2023-10,10,3163.2999999999997,1
BKG102262,City Hotel,2024-03-26,2024-07-13,2024-07-19,109,Australia,3,2.0,Suite,242.03,Offline Agent,No-Show,2024,3,Mar,2024-03,6,1452.18,0
BKG102263,City Hotel,2023-08-18,2023-11-08,2023-11-13,82,UAE,1,1.0,Deluxe,182.01,Online Travel Agent,No-Show,2023,8,Aug,2023-08,5,910.05,0
BKG102264,City Hotel,2024-06-18,2024-11-04,2024-11-13,139,Singapore,1,1.0,Standard,277.19,Corporate,Check-Out,2024,6,Jun,2024-06,9,2494.71,0
BKG102265,City Hotel,2022-11-25,2023-03-31,2023-04-10,126,Singapore,1,2.0,Family,228.5,Direct,Check-Out,2022,11,Nov,2022-11,10,2285.0,0
BKG102266,City Hotel,2023-07-18,2023-09-09,2023-09-18,53,Germany,3,2.0,Standard,208.4,Online Travel Agent,No-Show,2023,7,Jul,2023-07,9,1875.6000000000001,0
BKG102267,City Hotel,2023-12-03,2024-04-03,2024-04-10,122,USA,1,0.0,Deluxe,128.96,Online Travel Agent,Canceled,2023,12,Dec,2023-12,7,902.72,1
BKG102268,Resort Hotel,2024-03-16,2024-09-02,2024-09-12,170,UK,1,0.0,Family,274.09,Online Travel Agent,Check-Out,2024,3,Mar,2024-03,10,2740.8999999999996,0
BKG102269,Resort Hotel,2022-05-18,2022-05-24,2022-06-01,6,USA,1,1.0,Family,172.53,Offline Agent,Check-Out,2022,5,May,2022-05,8,1380.24,0
BKG102270,Resort Hotel,2022-08-13,2022-12-14,2022-12-17,123,Germany,2,1.0,Suite,220.45,Offline Agent,Check-Out,2022,8,Aug,2022-08,3,661.3499999999999,0
BKG102271,City Hotel,2023-09-15,2024-01-09,2024-01-10,116,UAE,2,0.0,Family,72.83,Offline Agent,Canceled,2023,9,Sep,2023-09,1,72.83,1
BKG102272,Resort Hotel,2024-03-12,2024-05-08,2024-05-12,57,Canada,3,0.0,Family,260.25,Direct,Canceled,2024,3,Mar,2024-03,4,1041.0,1
BKG102273,Resort Hotel,2024-02-24,2024-04-07,2024-04-11,43,UAE,1,0.0,Family,155.49,Online Travel Agent,Check-Out,2024,2,Feb,2024-02,4,621.96,0
BKG102274,Resort Hotel,2023-10-22,2023-11-14,2023-11-23,23,Singapore,4,2.0,Suite,235.02,Corporate,Check-Out,2023,10,Oct,2023-10,9,2115.1800000000003,0
BKG102275,City Hotel,2022-11-15,2023-02-17,2023-02-26,94,USA,2,0.0,Suite,341.84,Offline Agent,No-Show,2022,11,Nov,2022-11,9,3076.56,0
BKG102276,City Hotel,2023-10-30,2024-04-26,2024-04-28,179,India,2,0.0,Deluxe,343.56,Offline Agent,Check-Out,2023,10,Oct,2023-10,2,687.12,0
BKG102277,Resort Hotel,2023-03-31,2023-04-29,2023-05-05,29,Brazil,4,2.0,Family,234.5,Offline Agent,Check-Out,2023,3,Mar,2023-03,6,1407.0,0
BKG102278,City Hotel,2023-07-05,2023-07-18,2023-07-21,13,UAE,2,0.0,Family,293.25,Corporate,Check-Out,2023,7,Jul,2023-07,3,879.75,0
BKG102279,City Hotel,2023-04-30,2023-09-24,2023-09-29,147,Australia,1,0.0,Suite,297.63,Online Travel Agent,Check-Out,2023,4,Apr,2023-04,5,1488.15,0
BKG102280,City Hotel,2022-08-12,2022-09-15,2022-09-25,34,Singapore,3,1.0,Deluxe,123.4,Online Travel Agent,Check-Out,2022,8,Aug,2022-08,10,1234.0,0
BKG102281,Resort Hotel,2023-05-26,2023-08-27,2023-09-04,93,Canada,2,2.0,Deluxe,323.9,Online Travel Agent,Check-Out,2023,5,May,2023-05,8,2591.2,0
BKG102282,City Hotel,2023-07-27,2023-09-18,2023-09-19,53,Singapore,2,2.0,Suite,300.66,Corporate,Check-Out,2023,7,Jul,2023-07,1,300.66,0
BKG102283,City Hotel,2024-04-21,2024-06-18,2024-06-22,58,USA,2,0.0,Suite,86.24,Corporate,Check-Out,2024,4,Apr,2024-04,4,344.96,0
BKG102284,City Hotel,2023-08-21,2023-12-09,2023-12-16,110,France,1,1.0,Family,324.01,Offline Agent,Canceled,2023,8,Aug,2023-08,7,2268.0699999999997,1
BKG102285,City Hotel,2023-02-03,2023-03-20,2023-03-22,45,USA,3,2.0,Family,163.45,Corporate,Canceled,2023,2,Feb,2023-02,2,326.9,1
BKG102286,Resort Hotel,2023-09-17,2023-10-16,2023-10-23,29,Australia,1,1.0,Deluxe,60.85,Online Travel Agent,Check-Out,2023,9,Sep,2023-09,7,425.95,0
BKG102287,Resort Hotel,2022-04-07,2022-07-19,2022-07-29,103,Germany,1,0.0,Suite,318.46,Corporate,Check-Out,2022,4,Apr,2022-04,10,3184.6,0
BKG102288,City Hotel,2023-01-31,2023-07-28,2023-07-29,178,Canada,3,2.0,Suite,118.98,Online Travel Agent,Canceled,2023,1,Jan,2023-01,1,118.98,1
BKG102289,Resort Hotel,2022-05-12,2022-10-10,2022-10-13,151,Germany,4,0.0,Standard,252.69,Direct,Check-Out,2022,5,May,2022-05,3,758.0699999999999,0
BKG102290,City Hotel,2024-05-23,2024-11-01,2024-11-07,162,UK,1,2.0,Standard,270.54,Direct,Check-Out,2024,5,May,2024-05,6,1623.2400000000002,0
BKG102291,Resort Hotel,2023-04-09,2023-08-04,2023-08-06,117,India,4,1.0,Deluxe,180.02,Corporate,Canceled,2023,4,Apr,2023-04,2,360.04,1
BKG102292,Resort Hotel,2022-09-04,2022-11-14,2022-11-17,71,UK,1,0.0,Deluxe,290.1,Corporate,Check-Out,2022,9,Sep,2022-09,3,870.3000000000001,0
BKG102293,Resort Hotel,2023-07-12,2023-07-22,2023-07-24,10,Australia,2,1.0,Family,341.87,Corporate,Check-Out,2023,7,Jul,2023-07,2,683.74,0
BKG102294,Resort Hotel,2022-01-17,2022-02-10,2022-02-18,24,France,4,2.0,Suite,80.93,Offline Agent,Check-Out,2022,1,Jan,2022-01,8,647.44,0
BKG102295,City Hotel,2022-10-28,2022-11-03,2022-11-13,6,USA,2,0.0,Family,131.14,Corporate,Canceled,2022,10,Oct,2022-10,10,1311.3999999999999,1
BKG102296,Resort Hotel,2023-01-05,2023-04-26,2023-05-01,111,Singapore,2,1.0,Family,295.93,Direct,Check-Out,2023,1,Jan,2023-01,5,1479.65,0
BKG102297,City Hotel,2022-05-12,2022-08-17,2022-08-21,97,Australia,1,2.0,Suite,229.52,Corporate,Check-Out,2022,5,May,2022-05,4,918.08,0
BKG102298,City Hotel,2022-06-11,2022-11-21,2022-11-24,163,USA,4,1.0,Suite,168.93,Online Travel Agent,Check-Out,2022,6,Jun,2022-06,3,506.79,0
BKG102299,City Hotel,2024-05-28,2024-10-15,2024-10-21,140,UAE,1,0.0,Standard,275.46,Direct,Canceled,2024,5,May,2024-05,6,1652.7599999999998,1
BKG102300,Resort Hotel,2024-03-11,2024-05-19,2024-05-24,69,UK,3,2.0,Deluxe,175.81,Online Travel Agent,Check-Out,2024,3,Mar,2024-03,5,879.05,0
BKG102301,City Hotel,2024-02-13,2024-04-14,2024-04-18,61,Australia,1,0.0,Standard,328.29,Online Travel Agent,Check-Out,2024,2,Feb,2024-02,4,1313.16,0
BKG102302,City Hotel,2022-10-27,2023-03-24,2023-03-28,148,Brazil,2,0.0,Family,86.91,Offline Agent,Check-Out,2022,10,Oct,2022-10,4,347.64,0
BKG102303,City Hotel,2022-11-21,2023-01-14,2023-01-16,54,France,2,0.0,Family,143.96,Offline Agent,Check-Out,2022,11,Nov,2022-11,2,287.92,0
BKG102304,City Hotel,2023-03-22,2023-07-08,2023-07-10,108,Singapore,2,0.0,Standard,262.53,Online Travel Agent,Check-Out,2023,3,Mar,2023-03,2,525.06,0
BKG102305,Resort Hotel,2023-12-15,2024-04-30,2024-05-08,137,UAE,2,0.0,Standard,150.49,Online Travel Agent,Check-Out,2023,12,Dec,2023-12,8,1203.92,0
BKG102306,Resort Hotel,2023-03-20,2023-07-21,2023-07-30,123,Canada,4,0.0,Standard,243.08,Offline Agent,Check-Out,2023,3,Mar,2023-03,9,2187.7200000000003,0
BKG102307,City Hotel,2023-09-22,2024-03-11,2024-03-18,171,Canada,3,1.0,Standard,147.35,Offline Agent,Check-Out,2023,9,Sep,2023-09,7,1031.45,0
BKG102308,Resort Hotel,2023-10-30,2023-10-30,2023-11-02,0,USA,4,2.0,Family,250.4,Corporate,Check-Out,2023,10,Oct,2023-10,3,751.2,0
BKG102309,Resort Hotel,2024-01-31,2024-03-21,2024-03-22,50,India,4,0.0,Deluxe,75.31,Offline Agent,Canceled,2024,1,Jan,2024-01,1,75.31,1
BKG102310,Resort Hotel,2023-10-25,2024-04-18,2024-04-24,176,UK,1,0.0,Suite,325.5,Online Travel Agent,Check-Out,2023,10,Oct,2023-10,6,1953.0,0
BKG102311,Resort Hotel,2024-03-18,2024-04-26,2024-04-27,39,UAE,4,0.0,Standard,199.32,Corporate,Check-Out,2024,3,Mar,2024-03,1,199.32,0
BKG102312,City Hotel,2023-08-26,2024-01-17,2024-01-20,144,Australia,1,0.0,Deluxe,345.1,Direct,Canceled,2023,8,Aug,2023-08,3,1035.3000000000002,1
BKG102313,Resort Hotel,2023-06-16,2023-07-22,2023-07-25,36,UAE,2,0.0,Deluxe,140.58,Direct,Check-Out,2023,6,Jun,2023-06,3,421.74,0
BKG102314,Resort Hotel,2022-06-30,2022-07-12,2022-07-18,12,Brazil,4,0.0,Standard,249.95,Online Travel Agent,Check-Out,2022,6,Jun,2022-06,6,1499.6999999999998,0
BKG102315,Resort Hotel,2022-08-01,2022-10-05,2022-10-14,65,Germany,3,0.0,Family,124.85,Direct,Check-Out,2022,8,Aug,2022-08,9,1123.6499999999999,0
BKG102316,City Hotel,2023-06-14,2023-09-18,2023-09-20,96,UAE,2,0.0,Family,130.54,Corporate,Check-Out,2023,6,Jun,2023-06,2,261.08,0
BKG102317,City Hotel,2022-08-10,2022-10-26,2022-10-29,77,Brazil,4,0.0,Family,284.03,Offline Agent,Canceled,2022,8,Aug,2022-08,3,852.0899999999999,1
BKG102318,Resort Hotel,2022-06-27,2022-09-02,2022-09-12,67,India,4,1.0,Suite,116.06,Direct,Check-Out,2022,6,Jun,2022-06,10,1160.6,0
BKG102319,City Hotel,2023-04-10,2023-09-19,2023-09-27,162,Australia,2,0.0,Family,251.94,Direct,Check-Out,2023,4,Apr,2023-04,8,2015.52,0
BKG102320,City Hotel,2024-05-04,2024-05-27,2024-06-02,23,UAE,2,1.0,Suite,344.73,Online Travel Agent,Check-Out,2024,5,May,2024-05,6,2068.38,0
BKG102321,Resort Hotel,2024-02-22,2024-05-31,2024-06-03,99,Brazil,3,0.0,Family,312.98,Offline Agent,Check-Out,2024,2,Feb,2024-02,3,938.94,0
BKG102322,City Hotel,2022-09-30,2023-01-29,2023-02-04,121,UK,2,0.0,Suite,177.25,Offline Agent,Canceled,2022,9,Sep,2022-09,6,1063.5,1
BKG102323,City Hotel,2022-10-05,2023-01-13,2023-01-20,100,UK,3,0.0,Suite,158.04,Direct,Check-Out,2022,10,Oct,2022-10,7,1106.28,0
BKG102324,City Hotel,2022-07-27,2022-11-03,2022-11-11,99,USA,2,0.0,Deluxe,89.94,Offline Agent,Canceled,2022,7,Jul,2022-07,8,719.52,1
BKG102325,City Hotel,2023-12-16,2024-04-01,2024-04-05,107,Australia,2,0.0,Family,138.72,Offline Agent,Check-Out,2023,12,Dec,2023-12,4,554.88,0
BKG102326,Resort Hotel,2023-08-15,2023-08-21,2023-08-28,6,France,1,1.0,Family,271.91,Direct,Check-Out,2023,8,Aug,2023-08,7,1903.3700000000001,0
BKG102327,Resort Hotel,2024-02-10,2024-06-28,2024-06-30,139,Singapore,4,0.0,Standard,162.8,Online Travel Agent,Check-Out,2024,2,Feb,2024-02,2,325.6,0
BKG102328,Resort Hotel,2024-03-11,2024-07-20,2024-07-24,131,Canada,4,0.0,Deluxe,68.48,Offline Agent,Check-Out,2024,3,Mar,2024-03,4,273.92,0
BKG102329,City Hotel,2022-03-02,2022-06-30,2022-07-03,120,Canada,1,0.0,Standard,139.42,Direct,Check-Out,2022,3,Mar,2022-03,3,418.26,0
BKG102330,City Hotel,2022-10-09,2023-03-04,2023-03-08,146,Australia,1,0.0,Deluxe,343.97,Corporate,Canceled,2022,10,Oct,2022-10,4,1375.88,1
BKG102331,Resort Hotel,2023-03-29,2023-07-08,2023-07-11,101,Australia,3,0.0,Suite,303.12,Corporate,Canceled,2023,3,Mar,2023-03,3,909.36,1
BKG102332,City Hotel,2022-07-30,2022-09-16,2022-09-26,48,India,1,1.0,Deluxe,100.22,Offline Agent,Canceled,2022,7,Jul,2022-07,10,1002.2,1
BKG102333,City Hotel,2022-09-26,2023-02-02,2023-02-04,129,Australia,1,0.0,Family,246.19,Online Travel Agent,Check-Out,2022,9,Sep,2022-09,2,492.38,0
BKG102334,City Hotel,2023-04-08,2023-09-27,2023-09-28,172,Germany,4,2.0,Standard,125.02,Online Travel Agent,Check-Out,2023,4,Apr,2023-04,1,125.02,0
BKG102335,City Hotel,2023-02-03,2023-03-02,2023-03-05,27,Germany,3,0.0,Suite,67.99,Online Travel Agent,Canceled,2023,2,Feb,2023-02,3,203.96999999999997,1
BKG102336,Resort Hotel,2022-03-25,2022-05-13,2022-05-17,49,Canada,2,0.0,Family,341.9,Offline Agent,Check-Out,2022,3,Mar,2022-03,4,1367.6,0
BKG102337,City Hotel,2022-07-30,2023-01-21,2023-01-26,175,USA,1,0.0,Standard,73.22,Online Travel Agent,Canceled,2022,7,Jul,2022-07,5,366.1,1
BKG102338,Resort Hotel,2023-05-21,2023-10-21,2023-10-25,153,USA,1,0.0,Family,348.25,Online Travel Agent,No-Show,2023,5,May,2023-05,4,1393.0,0
BKG102339,City Hotel,2023-08-16,2024-01-30,2024-02-09,167,UK,1,0.0,Standard,73.79,Direct,Check-Out,2023,8,Aug,2023-08,10,737.9000000000001,0
BKG102340,Resort Hotel,2024-04-30,2024-08-14,2024-08-21,106,USA,1,1.0,Standard,325.63,Direct,Check-Out,2024,4,Apr,2024-04,7,2279.41,0
BKG102341,Resort Hotel,2022-05-05,2022-06-25,2022-06-30,51,India,3,0.0,Deluxe,220.52,Corporate,Check-Out,2022,5,May,2022-05,5,1102.6000000000001,0
BKG102342,Resort Hotel,2023-03-12,2023-03-27,2023-04-04,15,Germany,1,1.0,Family,302.83,Online Travel Agent,Check-Out,2023,3,Mar,2023-03,8,2422.64,0
BKG102343,Resort Hotel,2024-03-17,2024-07-18,2024-07-20,123,USA,1,0.0,Suite,93.64,Online Travel Agent,No-Show,2024,3,Mar,2024-03,2,187.28,0
BKG102344,Resort Hotel,2022-11-07,2023-03-05,2023-03-06,118,France,2,2.0,Standard,221.14,Online Travel Agent,Check-Out,2022,11,Nov,2022-11,1,221.14,0
BKG102345,Resort Hotel,2023-07-01,2023-10-26,2023-10-31,117,Brazil,3,0.0,Deluxe,323.51,Offline Agent,Check-Out,2023,7,Jul,2023-07,5,1617.55,0
BKG102346,Resort Hotel,2023-06-07,2023-09-09,2023-09-17,94,Brazil,4,0.0,Standard,309.45,Direct,Check-Out,2023,6,Jun,2023-06,8,2475.6,0
BKG102347,City Hotel,2022-03-23,2022-04-01,2022-04-09,9,Australia,3,2.0,Suite,341.48,Direct,Check-Out,2022,3,Mar,2022-03,8,2731.84,0
BKG102348,Resort Hotel,2022-06-05,2022-07-05,2022-07-11,30,USA,3,0.0,Suite,82.08,Direct,Check-Out,2022,6,Jun,2022-06,6,492.48,0
BKG102349,City Hotel,2023-02-25,2023-07-27,2023-08-03,152,UAE,2,1.0,Suite,79.26,Online Travel Agent,No-Show,2023,2,Feb,2023-02,7,554.82,0
BKG102350,City Hotel,2022-06-29,2022-12-13,2022-12-21,167,France,3,0.0,Family,60.58,Online Travel Agent,Canceled,2022,6,Jun,2022-06,8,484.64,1
BKG102351,City Hotel,2023-04-23,2023-09-19,2023-09-28,149,Australia,3,2.0,Family,212.46,Corporate,Check-Out,2023,4,Apr,2023-04,9,1912.14,0
BKG102352,City Hotel,2023-09-05,2023-10-31,2023-11-01,56,Australia,1,0.0,Family,90.73,Corporate,Canceled,2023,9,Sep,2023-09,1,90.73,1
BKG102353,Resort Hotel,2023-02-16,2023-04-10,2023-04-16,53,UK,3,2.0,Family,145.91,Online Travel Agent,Check-Out,2023,2,Feb,2023-02,6,875.46,0
BKG102354,City Hotel,2023-02-04,2023-05-18,2023-05-21,103,Australia,3,1.0,Standard,166.42,Offline Agent,Check-Out,2023,2,Feb,2023-02,3,499.26,0
BKG102355,Resort Hotel,2022-02-13,2022-03-06,2022-03-11,21,Australia,3,0.0,Family,303.26,Direct,Check-Out,2022,2,Feb,2022-02,5,1516.3,0
BKG102356,Resort Hotel,2024-03-17,2024-09-12,2024-09-21,179,Australia,4,0.0,Family,314.32,Online Travel Agent,Check-Out,2024,3,Mar,2024-03,9,2828.88,0
BKG102357,City Hotel,2024-04-03,2024-04-28,2024-05-06,25,Australia,2,2.0,Family,100.81,Direct,Check-Out,2024,4,Apr,2024-04,8,806.48,0
BKG102358,Resort Hotel,2022-04-24,2022-05-25,2022-05-31,31,UK,2,0.0,Deluxe,126.52,Online Travel Agent,Check-Out,2022,4,Apr,2022-04,6,759.12,0
BKG102359,City Hotel,2023-07-03,2023-09-12,2023-09-20,71,Brazil,3,0.0,Suite,212.54,Online Travel Agent,Check-Out,2023,7,Jul,2023-07,8,1700.32,0
BKG102360,Resort Hotel,2022-04-05,2022-04-14,2022-04-23,9,Germany,3,1.0,Suite,235.55,Online Travel Agent,Canceled,2022,4,Apr,2022-04,9,2119.9500000000003,1
BKG102361,City Hotel,2022-09-10,2022-12-07,2022-12-08,88,UK,3,0.0,Deluxe,152.42,Online Travel Agent,Canceled,2022,9,Sep,2022-09,1,152.42,1
BKG102362,Resort Hotel,2022-01-08,2022-04-29,2022-05-04,111,Brazil,1,0.0,Family,337.39,Direct,Check-Out,2022,1,Jan,2022-01,5,1686.9499999999998,0
BKG102363,City Hotel,2023-07-08,2023-07-12,2023-07-14,4,UAE,1,0.0,Deluxe,89.67,Corporate,Check-Out,2023,7,Jul,2023-07,2,179.34,0
BKG102364,City Hotel,2022-12-07,2023-01-08,2023-01-17,32,Canada,1,0.0,Suite,143.49,Direct,Check-Out,2022,12,Dec,2022-12,9,1291.41,0
BKG102365,City Hotel,2022-06-29,2022-07-20,2022-07-29,21,Canada,2,0.0,Standard,171.8,Direct,Check-Out,2022,6,Jun,2022-06,9,1546.2,0
BKG102366,City Hotel,2023-08-23,2023-09-21,2023-09-24,29,France,1,0.0,Deluxe,298.93,Offline Agent,Check-Out,2023,8,Aug,2023-08,3,896.79,0
BKG102367,City Hotel,2022-01-15,2022-04-06,2022-04-12,81,Brazil,3,0.0,Family,325.34,Online Travel Agent,Check-Out,2022,1,Jan,2022-01,6,1952.04,0
BKG102368,City Hotel,2022-10-12,2022-11-28,2022-12-08,47,Australia,1,1.0,Standard,234.8,Corporate,Check-Out,2022,10,Oct,2022-10,10,2348.0,0
BKG102369,Resort Hotel,2022-06-06,2022-10-17,2022-10-27,133,Australia,4,0.0,Suite,169.41,Offline Agent,Check-Out,2022,6,Jun,2022-06,10,1694.1,0
BKG102370,Resort Hotel,2022-08-28,2022-12-21,2022-12-26,115,Australia,3,1.0,Suite,319.17,Direct,Check-Out,2022,8,Aug,2022-08,5,1595.8500000000001,0
BKG102371,Resort Hotel,2022-04-06,2022-06-02,2022-06-09,57,UK,1,0.0,Suite,230.45,Direct,Check-Out,2022,4,Apr,2022-04,7,1613.1499999999999,0
BKG102372,Resort Hotel,2023-06-09,2023-08-19,2023-08-23,71,Brazil,4,1.0,Family,238.63,Corporate,Check-Out,2023,6,Jun,2023-06,4,954.52,0
BKG102373,Resort Hotel,2023-04-16,2023-08-21,2023-08-24,127,Germany,3,0.0,Deluxe,214.14,Corporate,Check-Out,2023,4,Apr,2023-04,3,642.42,0
BKG102374,Resort Hotel,2022-11-05,2023-03-16,2023-03-17,131,France,1,0.0,Standard,83.2,Corporate,Check-Out,2022,11,Nov,2022-11,1,83.2,0
BKG102375,City Hotel,2024-06-13,2024-09-22,2024-10-02,101,Canada,1,0.0,Suite,215.03,Online Travel Agent,Check-Out,2024,6,Jun,2024-06,10,2150.3,0
BKG102376,Resort Hotel,2024-05-04,2024-09-08,2024-09-18,127,UAE,4,0.0,Family,107.02,Online Travel Agent,Check-Out,2024,5,May,2024-05,10,1070.2,0
BKG102377,City Hotel,2024-02-21,2024-04-15,2024-04-19,54,Australia,2,2.0,Family,290.5,Direct,Canceled,2024,2,Feb,2024-02,4,1162.0,1
BKG102378,Resort Hotel,2022-11-26,2023-05-08,2023-05-17,163,France,2,2.0,Standard,172.19,Direct,Check-Out,2022,11,Nov,2022-11,9,1549.71,0
BKG102379,City Hotel,2023-02-06,2023-03-25,2023-04-04,47,France,1,1.0,Deluxe,105.8,Direct,Canceled,2023,2,Feb,2023-02,10,1058.0,1
BKG102380,Resort Hotel,2022-01-28,2022-04-15,2022-04-17,77,USA,4,1.0,Suite,217.06,Direct,Check-Out,2022,1,Jan,2022-01,2,434.12,0
BKG102381,Resort Hotel,2023-02-20,2023-05-28,2023-06-07,97,Australia,2,1.0,Deluxe,308.95,Direct,Canceled,2023,2,Feb,2023-02,10,3089.5,1
BKG102382,Resort Hotel,2024-02-09,2024-02-17,2024-02-21,8,France,1,0.0,Suite,230.05,Online Travel Agent,Check-Out,2024,2,Feb,2024-02,4,920.2,0
BKG102383,Resort Hotel,2022-02-16,2022-06-03,2022-06-05,107,Germany,1,0.0,Suite,227.17,Direct,Check-Out,2022,2,Feb,2022-02,2,454.34,0
BKG102384,Resort Hotel,2023-05-14,2023-06-04,2023-06-14,21,UK,1,0.0,Suite,76.86,Offline Agent,Check-Out,2023,5,May,2023-05,10,768.6,0
BKG102385,Resort Hotel,2022-05-30,2022-07-16,2022-07-22,47,Singapore,4,0.0,Suite,263.0,Corporate,No-Show,2022,5,May,2022-05,6,1578.0,0
BKG102386,City Hotel,2022-11-13,2022-11-13,2022-11-21,0,Germany,2,0.0,Deluxe,60.14,Online Travel Agent,Check-Out,2022,11,Nov,2022-11,8,481.12,0
BKG102387,City Hotel,2023-01-30,2023-07-15,2023-07-23,166,UAE,4,2.0,Family,282.83,Corporate,Check-Out,2023,1,Jan,2023-01,8,2262.64,0
BKG102388,City Hotel,2022-10-22,2022-12-23,2022-12-31,62,Germany,1,0.0,Family,238.33,Online Travel Agent,Check-Out,2022,10,Oct,2022-10,8,1906.64,0
BKG102389,Resort Hotel,2023-05-26,2023-09-12,2023-09-19,109,Canada,4,0.0,Family,76.94,Online Travel Agent,Check-Out,2023,5,May,2023-05,7,538.5799999999999,0
BKG102390,Resort Hotel,2024-03-13,2024-08-07,2024-08-10,147,Australia,1,0.0,Standard,198.27,Online Travel Agent,Check-Out,2024,3,Mar,2024-03,3,594.8100000000001,0
BKG102391,City Hotel,2022-09-09,2022-09-26,2022-09-28,17,India,4,1.0,Family,241.56,Offline Agent,Check-Out,2022,9,Sep,2022-09,2,483.12,0
BKG102392,City Hotel,2022-07-29,2022-10-22,2022-10-26,85,USA,2,0.0,Suite,117.54,Direct,Check-Out,2022,7,Jul,2022-07,4,470.16,0
BKG102393,Resort Hotel,2022-05-22,2022-08-26,2022-09-04,96,Canada,3,2.0,Standard,166.61,Online Travel Agent,Check-Out,2022,5,May,2022-05,9,1499.4900000000002,0
BKG102394,Resort Hotel,2022-06-05,2022-11-07,2022-11-12,155,Canada,2,0.0,Suite,71.61,Direct,Check-Out,2022,6,Jun,2022-06,5,358.05,0
BKG102395,City Hotel,2023-07-05,2023-11-26,2023-11-29,144,Australia,2,0.0,Suite,120.08,Offline Agent,Check-Out,2023,7,Jul,2023-07,3,360.24,0
BKG102396,Resort Hotel,2022-08-02,2022-09-03,2022-09-11,32,Canada,3,0.0,Family,202.36,Corporate,Check-Out,2022,8,Aug,2022-08,8,1618.88,0
BKG102397,City Hotel,2022-12-16,2023-02-07,2023-02-16,53,India,2,0.0,Family,87.33,Corporate,Check-Out,2022,12,Dec,2022-12,9,785.97,0
BKG102398,Resort Hotel,2023-03-15,2023-06-23,2023-06-28,100,UAE,2,1.0,Standard,189.08,Direct,Check-Out,2023,3,Mar,2023-03,5,945.4000000000001,0
BKG102399,City Hotel,2022-10-14,2023-01-02,2023-01-08,80,Australia,2,0.0,Suite,201.81,Offline Agent,Check-Out,2022,10,Oct,2022-10,6,1210.8600000000001,0
BKG102400,City Hotel,2023-02-25,2023-05-02,2023-05-11,66,UK,4,2.0,Deluxe,145.12,Corporate,Canceled,2023,2,Feb,2023-02,9,1306.08,1
BKG102401,Resort Hotel,2023-08-15,2023-10-27,2023-11-02,73,UAE,1,0.0,Standard,148.98,Offline Agent,Check-Out,2023,8,Aug,2023-08,6,893.8799999999999,0
BKG102402,Resort Hotel,2023-08-05,2023-11-20,2023-11-26,107,UK,4,2.0,Standard,329.35,Online Travel Agent,Canceled,2023,8,Aug,2023-08,6,1976.1000000000001,1
BKG102403,Resort Hotel,2024-02-08,2024-06-01,2024-06-08,114,UAE,4,0.0,Standard,233.21,Offline Agent,Check-Out,2024,2,Feb,2024-02,7,1632.47,0
BKG102404,Resort Hotel,2022-08-09,2022-10-13,2022-10-18,65,France,2,0.0,Family,97.99,Corporate,Canceled,2022,8,Aug,2022-08,5,489.95,1
BKG102405,Resort Hotel,2022-07-10,2022-08-16,2022-08-20,37,France,3,1.0,Suite,193.83,Online Travel Agent,Canceled,2022,7,Jul,2022-07,4,775.32,1
BKG102406,Resort Hotel,2023-04-20,2023-05-25,2023-05-31,35,Canada,1,2.0,Standard,144.48,Direct,Check-Out,2023,4,Apr,2023-04,6,866.8799999999999,0
BKG102407,Resort Hotel,2023-09-18,2024-01-31,2024-02-03,135,Australia,1,0.0,Deluxe,191.31,Offline Agent,Check-Out,2023,9,Sep,2023-09,3,573.9300000000001,0
BKG102408,City Hotel,2022-06-09,2022-12-03,2022-12-04,177,Canada,3,0.0,Family,78.57,Online Travel Agent,Check-Out,2022,6,Jun,2022-06,1,78.57,0
BKG102409,Resort Hotel,2022-07-21,2022-11-02,2022-11-06,104,USA,2,2.0,Standard,183.64,Direct,Canceled,2022,7,Jul,2022-07,4,734.56,1
BKG102410,City Hotel,2024-04-25,2024-06-02,2024-06-03,38,UK,1,2.0,Family,144.73,Corporate,Canceled,2024,4,Apr,2024-04,1,144.73,1
BKG102411,City Hotel,2024-06-09,2024-10-26,2024-10-30,139,Brazil,2,0.0,Family,182.63,Online Travel Agent,Canceled,2024,6,Jun,2024-06,4,730.52,1
BKG102412,Resort Hotel,2023-06-06,2023-07-18,2023-07-27,42,Germany,4,1.0,Family,269.9,Online Travel Agent,Canceled,2023,6,Jun,2023-06,9,2429.1,1
BKG102413,Resort Hotel,2023-10-18,2024-04-08,2024-04-13,173,India,3,1.0,Suite,314.25,Offline Agent,Check-Out,2023,10,Oct,2023-10,5,1571.25,0
BKG102414,City Hotel,2024-01-03,2024-01-16,2024-01-18,13,USA,2,0.0,Deluxe,135.85,Corporate,Check-Out,2024,1,Jan,2024-01,2,271.7,0
BKG102415,Resort Hotel,2023-10-31,2023-10-31,2023-11-02,0,Canada,1,0.0,Suite,144.61,Online Travel Agent,Check-Out,2023,10,Oct,2023-10,2,289.22,0
BKG102416,Resort Hotel,2022-02-19,2022-04-15,2022-04-24,55,India,1,0.0,Suite,134.03,Online Travel Agent,Check-Out,2022,2,Feb,2022-02,9,1206.27,0
BKG102417,Resort Hotel,2022-03-07,2022-06-04,2022-06-11,89,UAE,4,0.0,Deluxe,158.58,Online Travel Agent,Check-Out,2022,3,Mar,2022-03,7,1110.0600000000002,0
BKG102418,Resort Hotel,2023-10-24,2023-12-18,2023-12-26,55,Germany,3,1.0,Standard,152.72,Online Travel Agent,Check-Out,2023,10,Oct,2023-10,8,1221.76,0
BKG102419,City Hotel,2023-02-17,2023-06-29,2023-07-05,132,Canada,4,0.0,Suite,189.74,Online Travel Agent,Check-Out,2023,2,Feb,2023-02,6,1138.44,0
BKG102420,Resort Hotel,2023-09-15,2023-09-24,2023-09-27,9,Canada,4,0.0,Standard,177.39,Online Travel Agent,Check-Out,2023,9,Sep,2023-09,3,532.17,0
BKG102421,Resort Hotel,2023-01-10,2023-05-22,2023-05-29,132,USA,4,2.0,Family,343.55,Offline Agent,Check-Out,2023,1,Jan,2023-01,7,2404.85,0
BKG102422,City Hotel,2023-08-17,2023-12-28,2024-01-01,133,India,2,0.0,Suite,180.01,Online Travel Agent,Check-Out,2023,8,Aug,2023-08,4,720.04,0
BKG102423,Resort Hotel,2023-07-04,2023-08-26,2023-09-01,53,Brazil,2,0.0,Suite,163.4,Offline Agent,Check-Out,2023,7,Jul,2023-07,6,980.4000000000001,0
BKG102424,Resort Hotel,2023-12-24,2024-01-31,2024-02-09,38,Germany,3,0.0,Deluxe,165.78,Corporate,Check-Out,2023,12,Dec,2023-12,9,1492.02,0
BKG102425,City Hotel,2023-02-14,2023-08-01,2023-08-04,168,UAE,1,1.0,Standard,322.57,Online Travel Agent,Check-Out,2023,2,Feb,2023-02,3,967.71,0
BKG102426,Resort Hotel,2023-07-07,2023-09-13,2023-09-20,68,India,4,2.0,Deluxe,200.61,Online Travel Agent,Check-Out,2023,7,Jul,2023-07,7,1404.27,0
BKG102427,City Hotel,2023-06-12,2023-09-07,2023-09-11,87,Australia,2,1.0,Deluxe,111.84,Corporate,Check-Out,2023,6,Jun,2023-06,4,447.36,0
BKG102428,City Hotel,2023-10-16,2024-01-18,2024-01-19,94,France,2,0.0,Family,96.48,Online Travel Agent,No-Show,2023,10,Oct,2023-10,1,96.48,0
BKG102429,City Hotel,2022-01-05,2022-05-24,2022-06-01,139,UK,2,0.0,Standard,215.2,Offline Agent,Canceled,2022,1,Jan,2022-01,8,1721.6,1
BKG102430,Resort Hotel,2022-08-18,2023-01-07,2023-01-10,142,USA,4,1.0,Suite,196.05,Direct,Check-Out,2022,8,Aug,2022-08,3,588.1500000000001,0
BKG102431,Resort Hotel,2023-12-11,2024-04-12,2024-04-21,123,India,4,0.0,Family,60.32,Online Travel Agent,Check-Out,2023,12,Dec,2023-12,9,542.88,0
BKG102432,City Hotel,2022-02-19,2022-03-27,2022-04-01,36,Canada,2,0.0,Deluxe,145.61,Online Travel Agent,Check-Out,2022,2,Feb,2022-02,5,728.0500000000001,0
BKG102433,City Hotel,2023-11-06,2024-03-08,2024-03-16,123,USA,4,0.0,Family,279.64,Online Travel Agent,Check-Out,2023,11,Nov,2023-11,8,2237.12,0
BKG102434,City Hotel,2023-12-28,2024-06-01,2024-06-08,156,Australia,3,1.0,Suite,176.76,Online Travel Agent,Check-Out,2023,12,Dec,2023-12,7,1237.32,0
BKG102435,City Hotel,2024-01-11,2024-07-03,2024-07-10,174,India,2,0.0,Standard,143.4,Corporate,Check-Out,2024,1,Jan,2024-01,7,1003.8000000000001,0
BKG102436,City Hotel,2024-04-23,2024-07-04,2024-07-07,72,Brazil,4,0.0,Deluxe,116.92,Direct,Check-Out,2024,4,Apr,2024-04,3,350.76,0
BKG102437,Resort Hotel,2022-04-01,2022-08-27,2022-08-29,148,Canada,3,0.0,Family,345.38,Online Travel Agent,Check-Out,2022,4,Apr,2022-04,2,690.76,0
BKG102438,City Hotel,2023-05-05,2023-10-23,2023-10-27,171,Canada,4,0.0,Standard,281.06,Online Travel Agent,Canceled,2023,5,May,2023-05,4,1124.24,1
BKG102439,Resort Hotel,2022-12-03,2022-12-12,2022-12-14,9,Australia,1,0.0,Standard,175.12,Online Travel Agent,Check-Out,2022,12,Dec,2022-12,2,350.24,0
BKG102440,City Hotel,2022-05-18,2022-08-28,2022-09-03,102,Australia,2,0.0,Family,304.96,Direct,Check-Out,2022,5,May,2022-05,6,1829.7599999999998,0
BKG102441,Resort Hotel,2022-10-23,2023-03-01,2023-03-10,129,Brazil,2,0.0,Deluxe,202.68,Online Travel Agent,Check-Out,2022,10,Oct,2022-10,9,1824.1200000000001,0
BKG102442,City Hotel,2023-02-17,2023-06-17,2023-06-27,120,Australia,1,0.0,Suite,171.48,Direct,Canceled,2023,2,Feb,2023-02,10,1714.8,1
BKG102443,City Hotel,2022-01-24,2022-03-18,2022-03-20,53,Australia,4,0.0,Suite,297.01,Direct,Canceled,2022,1,Jan,2022-01,2,594.02,1
BKG102444,Resort Hotel,2022-05-26,2022-08-13,2022-08-20,79,Canada,3,0.0,Deluxe,308.91,Corporate,Check-Out,2022,5,May,2022-05,7,2162.3700000000003,0
BKG102445,Resort Hotel,2024-04-10,2024-04-18,2024-04-21,8,Australia,1,2.0,Suite,173.43,Offline Agent,Canceled,2024,4,Apr,2024-04,3,520.29,1
BKG102446,City Hotel,2022-11-24,2022-12-16,2022-12-26,22,Germany,1,2.0,Deluxe,282.05,Online Travel Agent,Canceled,2022,11,Nov,2022-11,10,2820.5,1
BKG102447,City Hotel,2023-02-15,2023-07-31,2023-08-04,166,Australia,1,0.0,Deluxe,346.62,Offline Agent,Check-Out,2023,2,Feb,2023-02,4,1386.48,0
BKG102448,Resort Hotel,2024-02-20,2024-04-11,2024-04-12,51,Brazil,1,0.0,Standard,76.49,Direct,Check-Out,2024,2,Feb,2024-02,1,76.49,0
BKG102449,Resort Hotel,2023-03-31,2023-08-11,2023-08-13,133,UK,1,0.0,Family,307.55,Corporate,Check-Out,2023,3,Mar,2023-03,2,615.1,0
BKG102450,Resort Hotel,2022-10-13,2022-10-29,2022-11-04,16,India,2,2.0,Suite,258.05,Online Travel Agent,Check-Out,2022,10,Oct,2022-10,6,1548.3000000000002,0
BKG102451,Resort Hotel,2023-03-04,2023-06-20,2023-06-22,108,Singapore,2,1.0,Standard,174.23,Direct,No-Show,2023,3,Mar,2023-03,2,348.46,0
BKG102452,City Hotel,2023-11-22,2024-05-02,2024-05-09,162,Canada,1,0.0,Suite,307.38,Offline Agent,Canceled,2023,11,Nov,2023-11,7,2151.66,1
BKG102453,City Hotel,2024-06-11,2024-09-07,2024-09-11,88,Singapore,1,0.0,Deluxe,70.54,Direct,Check-Out,2024,6,Jun,2024-06,4,282.16,0
BKG102454,City Hotel,2023-09-20,2024-01-08,2024-01-16,110,UK,2,2.0,Standard,189.88,Online Travel Agent,Canceled,2023,9,Sep,2023-09,8,1519.04,1
BKG102455,City Hotel,2022-05-24,2022-11-10,2022-11-17,170,India,2,1.0,Standard,349.62,Offline Agent,Canceled,2022,5,May,2022-05,7,2447.34,1
BKG102456,Resort Hotel,2023-03-14,2023-07-14,2023-07-16,122,Singapore,4,1.0,Deluxe,175.46,Offline Agent,Canceled,2023,3,Mar,2023-03,2,350.92,1
BKG102457,City Hotel,2023-03-19,2023-08-05,2023-08-14,139,UK,3,0.0,Family,85.46,Offline Agent,Check-Out,2023,3,Mar,2023-03,9,769.14,0
BKG102458,Resort Hotel,2022-06-12,2022-07-29,2022-08-05,47,Brazil,4,1.0,Deluxe,188.72,Online Travel Agent,Check-Out,2022,6,Jun,2022-06,7,1321.04,0
BKG102459,Resort Hotel,2022-03-29,2022-07-08,2022-07-14,101,Canada,2,0.0,Suite,219.59,Direct,Canceled,2022,3,Mar,2022-03,6,1317.54,1
BKG102460,City Hotel,2023-08-03,2023-12-18,2023-12-20,137,Canada,2,0.0,Family,159.01,Direct,Check-Out,2023,8,Aug,2023-08,2,318.02,0
BKG102461,Resort Hotel,2023-09-10,2024-01-14,2024-01-21,126,Singapore,3,0.0,Suite,219.22,Online Travel Agent,Check-Out,2023,9,Sep,2023-09,7,1534.54,0
BKG102462,City Hotel,2022-03-16,2022-05-29,2022-05-31,74,UAE,4,0.0,Family,318.66,Direct,Check-Out,2022,3,Mar,2022-03,2,637.32,0
BKG102463,Resort Hotel,2024-04-22,2024-05-27,2024-06-06,35,Singapore,3,1.0,Family,161.77,Online Travel Agent,Check-Out,2024,4,Apr,2024-04,10,1617.7,0
BKG102464,City Hotel,2024-05-11,2024-07-28,2024-08-06,78,India,4,0.0,Family,76.26,Direct,Check-Out,2024,5,May,2024-05,9,686.34,0
BKG102465,City Hotel,2023-09-01,2024-02-28,2024-03-02,180,Australia,4,2.0,Family,302.23,Online Travel Agent,Check-Out,2023,9,Sep,2023-09,3,906.69,0
BKG102466,Resort Hotel,2023-10-20,2023-10-24,2023-10-27,4,UAE,2,0.0,Standard,95.81,Online Travel Agent,Check-Out,2023,10,Oct,2023-10,3,287.43,0
BKG102467,Resort Hotel,2023-02-05,2023-07-15,2023-07-16,160,Australia,4,0.0,Suite,109.57,Direct,No-Show,2023,2,Feb,2023-02,1,109.57,0
BKG102468,Resort Hotel,2022-06-15,2022-08-12,2022-08-16,58,Singapore,4,2.0,Standard,121.14,Offline Agent,Check-Out,2022,6,Jun,2022-06,4,484.56,0
BKG102469,City Hotel,2022-02-12,2022-02-15,2022-02-23,3,UK,2,0.0,Family,332.72,Offline Agent,Check-Out,2022,2,Feb,2022-02,8,2661.76,0
BKG102470,City Hotel,2023-12-20,2024-05-14,2024-05-22,146,India,3,0.0,Suite,196.18,Offline Agent,Canceled,2023,12,Dec,2023-12,8,1569.44,1
BKG102471,City Hotel,2023-12-08,2023-12-31,2024-01-05,23,Australia,3,1.0,Family,334.35,Corporate,Check-Out,2023,12,Dec,2023-12,5,1671.75,0
BKG102472,City Hotel,2023-01-25,2023-06-12,2023-06-20,138,UAE,2,0.0,Deluxe,247.32,Corporate,Check-Out,2023,1,Jan,2023-01,8,1978.56,0
BKG102473,City Hotel,2022-03-09,2022-05-19,2022-05-26,71,UAE,4,2.0,Deluxe,342.8,Corporate,Check-Out,2022,3,Mar,2022-03,7,2399.6,0
BKG102474,City Hotel,2024-03-16,2024-05-30,2024-06-08,75,UK,2,0.0,Family,249.93,Offline Agent,Check-Out,2024,3,Mar,2024-03,9,2249.37,0
BKG102475,City Hotel,2023-02-06,2023-04-23,2023-05-02,76,Canada,3,0.0,Suite,104.73,Offline Agent,Check-Out,2023,2,Feb,2023-02,9,942.57,0
BKG102476,City Hotel,2023-06-05,2023-11-07,2023-11-12,155,Brazil,2,0.0,Deluxe,284.21,Corporate,Check-Out,2023,6,Jun,2023-06,5,1421.05,0
BKG102477,Resort Hotel,2024-06-11,2024-09-29,2024-10-09,110,France,3,2.0,Suite,69.19,Online Travel Agent,Check-Out,2024,6,Jun,2024-06,10,691.9,0
BKG102478,City Hotel,2024-01-09,2024-01-17,2024-01-27,8,UK,2,2.0,Standard,138.05,Online Travel Agent,Check-Out,2024,1,Jan,2024-01,10,1380.5,0
BKG102479,City Hotel,2022-10-15,2022-11-28,2022-12-08,44,Canada,2,2.0,Deluxe,73.25,Offline Agent,Canceled,2022,10,Oct,2022-10,10,732.5,1
BKG102480,Resort Hotel,2024-05-14,2024-10-12,2024-10-18,151,Germany,3,0.0,Standard,253.42,Online Travel Agent,Check-Out,2024,5,May,2024-05,6,1520.52,0
BKG102481,Resort Hotel,2022-12-10,2023-05-02,2023-05-08,143,India,1,0.0,Suite,71.15,Corporate,Check-Out,2022,12,Dec,2022-12,6,426.90000000000003,0
BKG102482,Resort Hotel,2022-07-09,2022-11-29,2022-12-01,143,UK,3,0.0,Family,159.59,Corporate,Canceled,2022,7,Jul,2022-07,2,319.18,1
BKG102483,City Hotel,2023-12-05,2024-05-25,2024-05-29,172,Germany,2,1.0,Family,239.93,Online Travel Agent,Check-Out,2023,12,Dec,2023-12,4,959.72,0
BKG102484,Resort Hotel,2022-09-02,2023-02-17,2023-02-23,168,Australia,1,0.0,Suite,348.19,Direct,Canceled,2022,9,Sep,2022-09,6,2089.14,1
BKG102485,City Hotel,2024-04-16,2024-06-22,2024-06-25,67,USA,4,1.0,Standard,322.77,Corporate,Check-Out,2024,4,Apr,2024-04,3,968.31,0
BKG102486,Resort Hotel,2023-06-26,2023-08-14,2023-08-23,49,Australia,3,0.0,Family,144.84,Online Travel Agent,Canceled,2023,6,Jun,2023-06,9,1303.56,1
BKG102487,City Hotel,2024-04-23,2024-09-30,2024-10-02,160,France,2,0.0,Suite,87.19,Corporate,Check-Out,2024,4,Apr,2024-04,2,174.38,0
BKG102488,Resort Hotel,2023-12-02,2024-01-27,2024-02-04,56,Singapore,1,1.0,Standard,99.36,Offline Agent,Check-Out,2023,12,Dec,2023-12,8,794.88,0
BKG102489,Resort Hotel,2022-09-11,2023-01-02,2023-01-07,113,USA,4,0.0,Suite,349.33,Offline Agent,Check-Out,2022,9,Sep,2022-09,5,1746.6499999999999,0
BKG102490,City Hotel,2023-03-10,2023-04-21,2023-04-28,42,India,3,0.0,Suite,110.4,Online Travel Agent,Check-Out,2023,3,Mar,2023-03,7,772.8000000000001,0
BKG102491,Resort Hotel,2024-03-13,2024-08-27,2024-09-04,167,Australia,4,0.0,Deluxe,64.09,Online Travel Agent,Check-Out,2024,3,Mar,2024-03,8,512.72,0
BKG102492,Resort Hotel,2023-03-18,2023-05-18,2023-05-19,61,Australia,2,2.0,Family,233.34,Online Travel Agent,Check-Out,2023,3,Mar,2023-03,1,233.34,0
BKG102493,City Hotel,2022-02-03,2022-04-28,2022-05-08,84,Canada,2,0.0,Family,325.17,Online Travel Agent,Canceled,2022,2,Feb,2022-02,10,3251.7000000000003,1
BKG102494,Resort Hotel,2024-02-18,2024-04-13,2024-04-18,55,France,2,2.0,Suite,326.73,Online Travel Agent,Check-Out,2024,2,Feb,2024-02,5,1633.65,0
BKG102495,Resort Hotel,2023-10-28,2023-12-05,2023-12-06,38,Australia,2,0.0,Suite,236.26,Corporate,Check-Out,2023,10,Oct,2023-10,1,236.26,0
BKG102496,City Hotel,2023-11-27,2024-01-03,2024-01-12,37,UK,2,0.0,Family,91.05,Corporate,Canceled,2023,11,Nov,2023-11,9,819.4499999999999,1
BKG102497,Resort Hotel,2023-03-29,2023-07-03,2023-07-11,96,UAE,2,2.0,Family,236.79,Online Travel Agent,Canceled,2023,3,Mar,2023-03,8,1894.32,1
BKG102498,Resort Hotel,2023-10-06,2023-12-11,2023-12-15,66,Australia,1,2.0,Deluxe,306.74,Offline Agent,Canceled,2023,10,Oct,2023-10,4,1226.96,1
BKG102499,City Hotel,2023-01-17,2023-03-15,2023-03-17,57,Australia,1,0.0,Standard,252.7,Online Travel Agent,Check-Out,2023,1,Jan,2023-01,2,505.4,0
BKG102500,City Hotel,2023-02-22,2023-03-31,2023-04-10,37,UAE,1,1.0,Standard,235.44,Offline Agent,Check-Out,2023,2,Feb,2023-02,10,2354.4,0
BKG102501,Resort Hotel,2022-06-15,2022-10-23,2022-10-25,130,India,4,0.0,Family,258.74,Direct,Canceled,2022,6,Jun,2022-06,2,517.48,1
BKG102502,Resort Hotel,2022-06-09,2022-07-19,2022-07-21,40,UAE,2,1.0,Family,224.49,Direct,Check-Out,2022,6,Jun,2022-06,2,448.98,0
BKG102503,City Hotel,2023-03-22,2023-07-23,2023-07-25,123,Australia,1,0.0,Standard,99.7,Offline Agent,Check-Out,2023,3,Mar,2023-03,2,199.4,0
BKG102504,Resort Hotel,2022-12-21,2023-05-22,2023-06-01,152,France,1,0.0,Suite,310.38,Corporate,Check-Out,2022,12,Dec,2022-12,10,3103.8,0
BKG102505,Resort Hotel,2024-04-08,2024-05-23,2024-05-24,45,Singapore,2,1.0,Family,275.3,Online Travel Agent,Canceled,2024,4,Apr,2024-04,1,275.3,1
BKG102506,City Hotel,2024-02-02,2024-04-21,2024-04-27,79,Canada,1,0.0,Family,232.39,Online Travel Agent,Check-Out,2024,2,Feb,2024-02,6,1394.34,0
BKG102507,Resort Hotel,2024-03-08,2024-03-20,2024-03-25,12,France,1,2.0,Family,286.45,Offline Agent,Check-Out,2024,3,Mar,2024-03,5,1432.25,0
BKG102508,Resort Hotel,2022-11-01,2023-04-10,2023-04-12,160,India,2,0.0,Standard,288.75,Direct,Canceled,2022,11,Nov,2022-11,2,577.5,1
BKG102509,City Hotel,2023-11-12,2023-12-15,2023-12-23,33,USA,2,0.0,Deluxe,74.06,Online Travel Agent,Check-Out,2023,11,Nov,2023-11,8,592.48,0
BKG102510,Resort Hotel,2022-03-03,2022-03-28,2022-04-06,25,Germany,3,0.0,Deluxe,103.18,Corporate,Canceled,2022,3,Mar,2022-03,9,928.6200000000001,1
BKG102511,City Hotel,2022-06-27,2022-07-05,2022-07-14,8,Singapore,2,0.0,Standard,315.63,Offline Agent,Check-Out,2022,6,Jun,2022-06,9,2840.67,0
BKG102512,City Hotel,2024-05-11,2024-05-13,2024-05-17,2,Brazil,1,1.0,Standard,347.2,Offline Agent,Canceled,2024,5,May,2024-05,4,1388.8,1
BKG102513,Resort Hotel,2023-08-30,2024-02-26,2024-03-02,180,India,4,1.0,Standard,199.82,Corporate,Check-Out,2023,8,Aug,2023-08,5,999.0999999999999,0
BKG102514,City Hotel,2022-09-21,2023-03-18,2023-03-20,178,USA,1,1.0,Family,324.86,Direct,Check-Out,2022,9,Sep,2022-09,2,649.72,0
BKG102515,City Hotel,2023-01-09,2023-01-16,2023-01-25,7,India,3,0.0,Suite,112.29,Online Travel Agent,Canceled,2023,1,Jan,2023-01,9,1010.61,1
BKG102516,City Hotel,2024-03-10,2024-08-06,2024-08-08,149,Australia,3,0.0,Family,164.92,Direct,Check-Out,2024,3,Mar,2024-03,2,329.84,0
BKG102517,City Hotel,2022-12-19,2023-03-15,2023-03-22,86,Canada,1,2.0,Standard,113.96,Direct,Check-Out,2022,12,Dec,2022-12,7,797.7199999999999,0
BKG102518,Resort Hotel,2024-01-22,2024-07-15,2024-07-17,175,Brazil,4,0.0,Suite,305.47,Offline Agent,Check-Out,2024,1,Jan,2024-01,2,610.94,0
BKG102519,Resort Hotel,2024-01-30,2024-05-11,2024-05-18,102,UAE,4,2.0,Suite,123.44,Offline Agent,Check-Out,2024,1,Jan,2024-01,7,864.0799999999999,0
BKG102520,Resort Hotel,2022-04-11,2022-05-31,2022-06-09,50,UK,4,0.0,Deluxe,298.72,Direct,Check-Out,2022,4,Apr,2022-04,9,2688.4800000000005,0
BKG102521,City Hotel,2024-01-05,2024-03-18,2024-03-25,73,Australia,1,0.0,Deluxe,146.16,Offline Agent,Check-Out,2024,1,Jan,2024-01,7,1023.12,0
BKG102522,City Hotel,2024-01-15,2024-03-10,2024-03-11,55,Australia,3,0.0,Standard,80.77,Corporate,Check-Out,2024,1,Jan,2024-01,1,80.77,0
BKG102523,Resort Hotel,2023-11-19,2023-12-15,2023-12-21,26,Brazil,2,0.0,Family,208.29,Offline Agent,Check-Out,2023,11,Nov,2023-11,6,1249.74,0
BKG102524,City Hotel,2023-03-02,2023-05-08,2023-05-16,67,Singapore,1,0.0,Family,172.61,Offline Agent,Canceled,2023,3,Mar,2023-03,8,1380.88,1
BKG102525,Resort Hotel,2022-08-10,2022-11-14,2022-11-23,96,Canada,2,0.0,Deluxe,68.21,Offline Agent,Canceled,2022,8,Aug,2022-08,9,613.89,1
BKG102526,Resort Hotel,2023-12-08,2023-12-28,2024-01-03,20,UK,2,0.0,Family,286.04,Online Travel Agent,Check-Out,2023,12,Dec,2023-12,6,1716.2400000000002,0
BKG102527,Resort Hotel,2023-09-05,2023-11-01,2023-11-06,57,Australia,1,0.0,Deluxe,323.27,Online Travel Agent,Check-Out,2023,9,Sep,2023-09,5,1616.35,0
BKG102528,Resort Hotel,2023-04-08,2023-05-21,2023-05-24,43,Australia,2,0.0,Standard,199.15,Online Travel Agent,Check-Out,2023,4,Apr,2023-04,3,597.45,0
BKG102529,City Hotel,2023-08-21,2023-12-01,2023-12-02,102,Brazil,4,0.0,Family,256.37,Corporate,Check-Out,2023,8,Aug,2023-08,1,256.37,0
BKG102530,Resort Hotel,2023-04-05,2023-09-11,2023-09-21,159,USA,1,0.0,Family,106.76,Online Travel Agent,Check-Out,2023,4,Apr,2023-04,10,1067.6000000000001,0
BKG102531,Resort Hotel,2023-07-14,2023-10-26,2023-11-01,104,Singapore,4,0.0,Standard,209.87,Online Travel Agent,Check-Out,2023,7,Jul,2023-07,6,1259.22,0
BKG102532,City Hotel,2023-05-20,2023-07-13,2023-07-19,54,Germany,4,0.0,Standard,87.47,Direct,Check-Out,2023,5,May,2023-05,6,524.8199999999999,0
BKG102533,City Hotel,2023-01-11,2023-04-11,2023-04-19,90,Brazil,2,1.0,Family,89.97,Direct,Check-Out,2023,1,Jan,2023-01,8,719.76,0
BKG102534,Resort Hotel,2023-07-29,2023-12-05,2023-12-07,129,Singapore,1,2.0,Standard,303.36,Offline Agent,Check-Out,2023,7,Jul,2023-07,2,606.72,0
BKG102535,Resort Hotel,2022-06-20,2022-12-15,2022-12-16,178,Australia,1,0.0,Standard,246.47,Offline Agent,No-Show,2022,6,Jun,2022-06,1,246.47,0
BKG102536,Resort Hotel,2022-12-23,2023-02-09,2023-02-12,48,Australia,1,1.0,Standard,124.32,Direct,Check-Out,2022,12,Dec,2022-12,3,372.96,0
BKG102537,Resort Hotel,2023-09-21,2024-02-02,2024-02-08,134,France,3,2.0,Standard,70.62,Direct,Check-Out,2023,9,Sep,2023-09,6,423.72,0
BKG102538,City Hotel,2022-06-17,2022-11-17,2022-11-23,153,Singapore,3,0.0,Deluxe,209.61,Corporate,Check-Out,2022,6,Jun,2022-06,6,1257.66,0
BKG102539,City Hotel,2024-04-20,2024-06-19,2024-06-29,60,Germany,1,0.0,Family,199.73,Direct,Canceled,2024,4,Apr,2024-04,10,1997.3,1
BKG102540,Resort Hotel,2024-03-06,2024-06-01,2024-06-03,87,UAE,4,0.0,Standard,80.22,Corporate,Canceled,2024,3,Mar,2024-03,2,160.44,1
BKG102541,City Hotel,2024-06-07,2024-09-22,2024-09-25,107,India,1,0.0,Standard,264.93,Offline Agent,Check-Out,2024,6,Jun,2024-06,3,794.79,0
BKG102542,City Hotel,2023-09-05,2023-11-10,2023-11-16,66,UAE,3,0.0,Deluxe,299.2,Online Travel Agent,Check-Out,2023,9,Sep,2023-09,6,1795.1999999999998,0
BKG102543,City Hotel,2022-08-11,2022-08-24,2022-09-03,13,Brazil,2,0.0,Family,319.48,Corporate,Canceled,2022,8,Aug,2022-08,10,3194.8,1
BKG102544,City Hotel,2023-09-29,2023-10-10,2023-10-20,11,UK,4,0.0,Suite,165.09,Online Travel Agent,Check-Out,2023,9,Sep,2023-09,10,1650.9,0
BKG102545,Resort Hotel,2024-02-07,2024-07-12,2024-07-22,156,UAE,2,0.0,Standard,193.66,Offline Agent,Check-Out,2024,2,Feb,2024-02,10,1936.6,0
BKG102546,City Hotel,2022-03-07,2022-03-24,2022-03-28,17,Canada,2,2.0,Standard,196.44,Offline Agent,Check-Out,2022,3,Mar,2022-03,4,785.76,0
BKG102547,Resort Hotel,2022-05-04,2022-09-03,2022-09-07,122,France,3,0.0,Family,264.84,Direct,Check-Out,2022,5,May,2022-05,4,1059.36,0
BKG102548,Resort Hotel,2024-01-23,2024-04-01,2024-04-03,69,UK,2,0.0,Deluxe,179.42,Offline Agent,Check-Out,2024,1,Jan,2024-01,2,358.84,0
BKG102549,Resort Hotel,2022-01-15,2022-02-08,2022-02-17,24,France,1,0.0,Suite,144.15,Direct,Check-Out,2022,1,Jan,2022-01,9,1297.3500000000001,0
BKG102550,City Hotel,2023-11-16,2023-11-23,2023-11-26,7,Australia,3,0.0,Suite,294.47,Online Travel Agent,Check-Out,2023,11,Nov,2023-11,3,883.4100000000001,0
BKG102551,City Hotel,2023-12-20,2024-01-12,2024-01-14,23,France,4,0.0,Standard,344.16,Corporate,Check-Out,2023,12,Dec,2023-12,2,688.32,0
BKG102552,City Hotel,2023-05-22,2023-08-19,2023-08-23,89,Australia,1,0.0,Deluxe,195.56,Corporate,Canceled,2023,5,May,2023-05,4,782.24,1
BKG102553,Resort Hotel,2022-04-06,2022-09-28,2022-10-08,175,Australia,1,2.0,Standard,323.7,Online Travel Agent,Check-Out,2022,4,Apr,2022-04,10,3237.0,0
BKG102554,Resort Hotel,2022-07-24,2022-10-13,2022-10-20,81,India,3,2.0,Deluxe,137.48,Direct,Check-Out,2022,7,Jul,2022-07,7,962.3599999999999,0
BKG102555,Resort Hotel,2023-12-30,2024-04-05,2024-04-12,97,Brazil,4,2.0,Family,110.25,Direct,Check-Out,2023,12,Dec,2023-12,7,771.75,0
BKG102556,Resort Hotel,2023-01-28,2023-02-20,2023-03-02,23,Brazil,3,0.0,Standard,302.08,Direct,Canceled,2023,1,Jan,2023-01,10,3020.7999999999997,1
BKG102557,City Hotel,2022-11-09,2022-12-11,2022-12-16,32,UK,2,0.0,Deluxe,60.64,Corporate,Check-Out,2022,11,Nov,2022-11,5,303.2,0
BKG102558,City Hotel,2022-07-26,2022-10-10,2022-10-19,76,UAE,2,0.0,Standard,134.63,Offline Agent,Check-Out,2022,7,Jul,2022-07,9,1211.67,0
BKG102559,Resort Hotel,2023-09-19,2023-11-23,2023-11-24,65,France,4,0.0,Deluxe,295.46,Direct,Check-Out,2023,9,Sep,2023-09,1,295.46,0
BKG102560,City Hotel,2023-09-28,2023-11-01,2023-11-10,34,Germany,3,0.0,Suite,66.04,Online Travel Agent,Check-Out,2023,9,Sep,2023-09,9,594.36,0
BKG102561,City Hotel,2022-12-22,2023-02-01,2023-02-10,41,Australia,3,2.0,Deluxe,138.87,Offline Agent,Canceled,2022,12,Dec,2022-12,9,1249.83,1
BKG102562,Resort Hotel,2023-09-12,2023-12-29,2024-01-03,108,Canada,3,0.0,Family,153.59,Corporate,Check-Out,2023,9,Sep,2023-09,5,767.95,0
BKG102563,City Hotel,2023-04-14,2023-05-15,2023-05-24,31,France,2,0.0,Deluxe,70.91,Offline Agent,Check-Out,2023,4,Apr,2023-04,9,638.1899999999999,0
BKG102564,City Hotel,2022-10-09,2022-12-20,2022-12-30,72,Australia,4,1.0,Family,209.74,Corporate,Check-Out,2022,10,Oct,2022-10,10,2097.4,0
BKG102565,City Hotel,2023-02-23,2023-08-21,2023-08-23,179,Brazil,4,0.0,Standard,312.93,Online Travel Agent,Canceled,2023,2,Feb,2023-02,2,625.86,1
BKG102566,Resort Hotel,2023-09-29,2024-01-19,2024-01-21,112,Singapore,1,0.0,Suite,339.38,Offline Agent,Check-Out,2023,9,Sep,2023-09,2,678.76,0
BKG102567,Resort Hotel,2023-02-06,2023-06-08,2023-06-14,122,UAE,4,1.0,Standard,271.09,Offline Agent,Canceled,2023,2,Feb,2023-02,6,1626.54,1
BKG102568,Resort Hotel,2023-12-04,2023-12-28,2024-01-04,24,Germany,4,0.0,Family,135.62,Direct,No-Show,2023,12,Dec,2023-12,7,949.34,0
BKG102569,City Hotel,2023-01-12,2023-06-17,2023-06-24,156,UAE,3,0.0,Standard,316.05,Corporate,Canceled,2023,1,Jan,2023-01,7,2212.35,1
BKG102570,Resort Hotel,2023-02-23,2023-07-20,2023-07-24,147,France,4,0.0,Deluxe,150.15,Offline Agent,Check-Out,2023,2,Feb,2023-02,4,600.6,0
BKG102571,Resort Hotel,2024-05-01,2024-10-27,2024-11-05,179,France,2,0.0,Standard,292.45,Direct,Check-Out,2024,5,May,2024-05,9,2632.0499999999997,0
BKG102572,Resort Hotel,2024-06-01,2024-11-22,2024-11-26,174,Australia,3,1.0,Suite,184.07,Online Travel Agent,Check-Out,2024,6,Jun,2024-06,4,736.28,0
BKG102573,City Hotel,2024-02-18,2024-04-21,2024-04-30,63,Singapore,3,2.0,Standard,130.9,Offline Agent,Check-Out,2024,2,Feb,2024-02,9,1178.1000000000001,0
BKG102574,Resort Hotel,2023-06-09,2023-09-06,2023-09-10,89,UK,1,0.0,Family,66.3,Offline Agent,Check-Out,2023,6,Jun,2023-06,4,265.2,0
BKG102575,City Hotel,2022-03-28,2022-08-31,2022-09-04,156,UK,1,0.0,Family,246.38,Offline Agent,Check-Out,2022,3,Mar,2022-03,4,985.52,0
BKG102576,Resort Hotel,2023-01-21,2023-05-22,2023-05-23,121,India,2,1.0,Deluxe,154.99,Offline Agent,Check-Out,2023,1,Jan,2023-01,1,154.99,0
BKG102577,City Hotel,2022-11-08,2023-05-01,2023-05-06,174,Germany,2,2.0,Deluxe,134.87,Online Travel Agent,Check-Out,2022,11,Nov,2022-11,5,674.35,0
BKG102578,City Hotel,2023-11-22,2023-12-30,2024-01-03,38,USA,2,0.0,Family,187.53,Online Travel Agent,Check-Out,2023,11,Nov,2023-11,4,750.12,0
BKG102579,City Hotel,2022-08-14,2022-09-14,2022-09-22,31,Canada,3,0.0,Family,311.25,Direct,Check-Out,2022,8,Aug,2022-08,8,2490.0,0
BKG102580,Resort Hotel,2022-05-20,2022-08-27,2022-08-31,99,Singapore,4,1.0,Family,216.07,Offline Agent,Check-Out,2022,5,May,2022-05,4,864.28,0
BKG102581,City Hotel,2023-05-23,2023-08-26,2023-09-05,95,Singapore,3,0.0,Suite,248.52,Direct,Check-Out,2023,5,May,2023-05,10,2485.2000000000003,0
BKG102582,Resort Hotel,2024-05-18,2024-07-05,2024-07-13,48,Germany,4,0.0,Family,314.67,Offline Agent,Check-Out,2024,5,May,2024-05,8,2517.36,0
BKG102583,Resort Hotel,2023-07-25,2023-11-23,2023-11-28,121,Canada,1,0.0,Family,312.91,Online Travel Agent,Check-Out,2023,7,Jul,2023-07,5,1564.5500000000002,0
BKG102584,Resort Hotel,2022-11-12,2023-04-13,2023-04-21,152,UAE,3,0.0,Family,146.43,Direct,Check-Out,2022,11,Nov,2022-11,8,1171.44,0
BKG102585,Resort Hotel,2022-08-01,2022-08-16,2022-08-26,15,Brazil,1,0.0,Suite,246.57,Online Travel Agent,Canceled,2022,8,Aug,2022-08,10,2465.7,1
BKG102586,City Hotel,2023-01-17,2023-04-28,2023-05-04,101,Australia,2,0.0,Deluxe,276.01,Corporate,Check-Out,2023,1,Jan,2023-01,6,1656.06,0
BKG102587,Resort Hotel,2023-03-09,2023-06-10,2023-06-14,93,Australia,3,0.0,Family,325.0,Online Travel Agent,Check-Out,2023,3,Mar,2023-03,4,1300.0,0
BKG102588,Resort Hotel,2023-11-19,2023-11-22,2023-11-23,3,USA,3,1.0,Standard,68.38,Direct,Canceled,2023,11,Nov,2023-11,1,68.38,1
BKG102589,City Hotel,2023-08-22,2024-02-08,2024-02-14,170,Australia,4,0.0,Standard,82.81,Online Travel Agent,Check-Out,2023,8,Aug,2023-08,6,496.86,0
BKG102590,City Hotel,2023-12-01,2024-02-20,2024-02-29,81,Australia,2,1.0,Family,288.39,Online Travel Agent,Check-Out,2023,12,Dec,2023-12,9,2595.5099999999998,0
BKG102591,City Hotel,2022-11-10,2023-03-10,2023-03-18,120,Singapore,4,0.0,Family,208.11,Online Travel Agent,Check-Out,2022,11,Nov,2022-11,8,1664.88,0
BKG102592,Resort Hotel,2023-04-18,2023-09-14,2023-09-21,149,Brazil,4,1.0,Standard,218.79,Corporate,Canceled,2023,4,Apr,2023-04,7,1531.53,1
BKG102593,Resort Hotel,2023-01-13,2023-04-26,2023-05-02,103,France,3,0.0,Deluxe,212.76,Direct,Check-Out,2023,1,Jan,2023-01,6,1276.56,0
BKG102594,City Hotel,2022-01-04,2022-02-19,2022-03-01,46,India,2,1.0,Suite,182.62,Corporate,Canceled,2022,1,Jan,2022-01,10,1826.2,1
BKG102595,Resort Hotel,2023-11-28,2024-01-28,2024-02-07,61,France,4,0.0,Standard,325.24,Corporate,Check-Out,2023,11,Nov,2023-11,10,3252.4,0
BKG102596,City Hotel,2024-06-15,2024-07-07,2024-07-16,22,France,4,1.0,Family,69.35,Direct,Check-Out,2024,6,Jun,2024-06,9,624.15,0
BKG102597,City Hotel,2023-08-28,2023-09-20,2023-09-25,23,Canada,4,2.0,Suite,158.48,Corporate,Canceled,2023,8,Aug,2023-08,5,792.4,1
BKG102598,Resort Hotel,2022-01-03,2022-02-20,2022-02-26,48,Germany,3,0.0,Family,89.9,Direct,Canceled,2022,1,Jan,2022-01,6,539.4000000000001,1
BKG102599,City Hotel,2022-03-26,2022-08-10,2022-08-17,137,Canada,4,0.0,Suite,328.44,Online Travel Agent,Check-Out,2022,3,Mar,2022-03,7,2299.08,0
BKG102600,City Hotel,2022-07-28,2022-10-29,2022-10-31,93,Australia,2,0.0,Suite,100.99,Offline Agent,Canceled,2022,7,Jul,2022-07,2,201.98,1
BKG102601,City Hotel,2023-07-02,2023-07-22,2023-07-28,20,UK,2,2.0,Standard,331.34,Offline Agent,Check-Out,2023,7,Jul,2023-07,6,1988.04,0
BKG102602,Resort Hotel,2022-12-02,2023-02-27,2023-03-09,87,UK,1,2.0,Family,211.53,Online Travel Agent,Check-Out,2022,12,Dec,2022-12,10,2115.3,0
BKG102603,Resort Hotel,2023-06-16,2023-07-14,2023-07-21,28,Germany,4,0.0,Deluxe,279.79,Online Travel Agent,Check-Out,2023,6,Jun,2023-06,7,1958.5300000000002,0
BKG102604,Resort Hotel,2022-11-15,2023-03-31,2023-04-10,136,India,1,0.0,Deluxe,318.54,Online Travel Agent,Canceled,2022,11,Nov,2022-11,10,3185.4,1
BKG102605,Resort Hotel,2024-06-05,2024-09-11,2024-09-15,98,France,3,0.0,Deluxe,264.04,Online Travel Agent,Check-Out,2024,6,Jun,2024-06,4,1056.16,0
BKG102606,Resort Hotel,2024-06-16,2024-09-18,2024-09-28,94,Brazil,4,0.0,Standard,343.64,Direct,Check-Out,2024,6,Jun,2024-06,10,3436.3999999999996,0
BKG102607,Resort Hotel,2022-11-18,2022-12-27,2023-01-04,39,France,2,0.0,Family,86.3,Online Travel Agent,Check-Out,2022,11,Nov,2022-11,8,690.4,0
BKG102608,Resort Hotel,2022-03-27,2022-06-20,2022-06-26,85,UAE,3,0.0,Deluxe,306.2,Online Travel Agent,Check-Out,2022,3,Mar,2022-03,6,1837.1999999999998,0
BKG102609,Resort Hotel,2024-04-07,2024-06-24,2024-06-29,78,USA,1,1.0,Family,187.88,Offline Agent,Check-Out,2024,4,Apr,2024-04,5,939.4,0
BKG102610,City Hotel,2023-07-17,2023-10-02,2023-10-08,77,Germany,3,0.0,Suite,177.97,Corporate,No-Show,2023,7,Jul,2023-07,6,1067.82,0
BKG102611,Resort Hotel,2022-11-07,2022-12-07,2022-12-16,30,Australia,2,2.0,Suite,231.39,Corporate,Check-Out,2022,11,Nov,2022-11,9,2082.5099999999998,0
BKG102612,Resort Hotel,2023-03-03,2023-05-20,2023-05-22,78,Australia,1,0.0,Family,181.61,Online Travel Agent,Check-Out,2023,3,Mar,2023-03,2,363.22,0
BKG102613,Resort Hotel,2024-02-11,2024-08-08,2024-08-17,179,USA,2,0.0,Family,252.6,Direct,Check-Out,2024,2,Feb,2024-02,9,2273.4,0
BKG102614,City Hotel,2023-05-31,2023-07-02,2023-07-05,32,UK,1,1.0,Family,163.19,Offline Agent,No-Show,2023,5,May,2023-05,3,489.57,0
BKG102615,Resort Hotel,2022-02-01,2022-06-16,2022-06-20,135,India,3,0.0,Family,226.15,Corporate,Check-Out,2022,2,Feb,2022-02,4,904.6,0
BKG102616,City Hotel,2022-05-23,2022-11-08,2022-11-14,169,India,4,0.0,Deluxe,280.42,Online Travel Agent,Check-Out,2022,5,May,2022-05,6,1682.52,0
BKG102617,City Hotel,2022-02-17,2022-08-01,2022-08-09,165,UK,3,2.0,Suite,158.48,Online Travel Agent,Check-Out,2022,2,Feb,2022-02,8,1267.84,0
BKG102618,Resort Hotel,2022-05-06,2022-06-12,2022-06-22,37,India,3,0.0,Suite,145.62,Online Travel Agent,Canceled,2022,5,May,2022-05,10,1456.2,1
BKG102619,Resort Hotel,2022-05-31,2022-11-08,2022-11-17,161,France,4,0.0,Standard,293.74,Direct,Canceled,2022,5,May,2022-05,9,2643.66,1
BKG102620,City Hotel,2024-05-01,2024-06-16,2024-06-21,46,Canada,1,1.0,Suite,287.12,Offline Agent,No-Show,2024,5,May,2024-05,5,1435.6,0
BKG102621,Resort Hotel,2023-02-13,2023-08-09,2023-08-19,177,France,3,0.0,Standard,268.22,Corporate,Check-Out,2023,2,Feb,2023-02,10,2682.2000000000003,0
BKG102622,City Hotel,2023-12-06,2024-02-10,2024-02-14,66,UAE,1,0.0,Family,321.17,Direct,Check-Out,2023,12,Dec,2023-12,4,1284.68,0
BKG102623,Resort Hotel,2023-07-27,2023-11-29,2023-12-08,125,USA,4,1.0,Family,160.8,Offline Agent,Check-Out,2023,7,Jul,2023-07,9,1447.2,0
BKG102624,Resort Hotel,2022-02-23,2022-06-09,2022-06-12,106,Australia,2,2.0,Deluxe,66.68,Offline Agent,Check-Out,2022,2,Feb,2022-02,3,200.04000000000002,0
BKG102625,Resort Hotel,2022-10-14,2023-02-14,2023-02-24,123,Brazil,3,1.0,Standard,321.74,Direct,Check-Out,2022,10,Oct,2022-10,10,3217.4,0
BKG102626,City Hotel,2022-08-01,2022-10-24,2022-10-26,84,Germany,3,2.0,Family,230.19,Corporate,Check-Out,2022,8,Aug,2022-08,2,460.38,0
BKG102627,City Hotel,2023-08-27,2023-09-27,2023-10-02,31,Germany,4,2.0,Suite,272.01,Offline Agent,Check-Out,2023,8,Aug,2023-08,5,1360.05,0
BKG102628,Resort Hotel,2022-09-03,2023-01-31,2023-02-06,150,Brazil,1,1.0,Suite,197.53,Online Travel Agent,Check-Out,2022,9,Sep,2022-09,6,1185.18,0
BKG102629,City Hotel,2024-01-18,2024-04-27,2024-05-05,100,Singapore,1,0.0,Family,134.2,Corporate,Check-Out,2024,1,Jan,2024-01,8,1073.6,0
BKG102630,Resort Hotel,2023-11-08,2023-12-16,2023-12-26,38,UK,2,0.0,Family,284.55,Online Travel Agent,Canceled,2023,11,Nov,2023-11,10,2845.5,1
BKG102631,Resort Hotel,2022-04-24,2022-09-05,2022-09-09,134,Australia,2,0.0,Suite,168.32,Offline Agent,Check-Out,2022,4,Apr,2022-04,4,673.28,0
BKG102632,Resort Hotel,2022-11-02,2023-04-25,2023-05-02,174,Brazil,4,1.0,Family,245.35,Corporate,Check-Out,2022,11,Nov,2022-11,7,1717.45,0
BKG102633,City Hotel,2023-07-19,2023-09-13,2023-09-21,56,UAE,3,0.0,Deluxe,226.61,Online Travel Agent,Check-Out,2023,7,Jul,2023-07,8,1812.88,0
BKG102634,City Hotel,2023-10-14,2023-12-04,2023-12-06,51,Brazil,4,0.0,Deluxe,320.19,Offline Agent,Check-Out,2023,10,Oct,2023-10,2,640.38,0
BKG102635,City Hotel,2023-12-27,2024-04-22,2024-04-27,117,Singapore,1,0.0,Family,264.67,Direct,Check-Out,2023,12,Dec,2023-12,5,1323.3500000000001,0
BKG102636,Resort Hotel,2022-11-27,2022-12-27,2022-12-29,30,France,4,1.0,Family,134.58,Corporate,Canceled,2022,11,Nov,2022-11,2,269.16,1
BKG102637,City Hotel,2022-03-15,2022-06-14,2022-06-21,91,Singapore,3,0.0,Family,237.3,Direct,Canceled,2022,3,Mar,2022-03,7,1661.1000000000001,1
BKG102638,Resort Hotel,2022-01-09,2022-01-21,2022-01-31,12,India,2,0.0,Standard,273.56,Offline Agent,Canceled,2022,1,Jan,2022-01,10,2735.6,1
BKG102639,Resort Hotel,2024-05-07,2024-05-16,2024-05-18,9,UK,3,2.0,Suite,197.87,Direct,Check-Out,2024,5,May,2024-05,2,395.74,0
BKG102640,City Hotel,2022-10-15,2023-03-02,2023-03-06,138,Australia,3,2.0,Standard,108.54,Corporate,Check-Out,2022,10,Oct,2022-10,4,434.16,0
BKG102641,Resort Hotel,2023-12-12,2023-12-24,2023-12-26,12,Germany,1,0.0,Suite,62.35,Online Travel Agent,Check-Out,2023,12,Dec,2023-12,2,124.7,0
BKG102642,City Hotel,2024-05-24,2024-08-17,2024-08-21,85,Australia,4,0.0,Family,168.67,Online Travel Agent,Canceled,2024,5,May,2024-05,4,674.68,1
BKG102643,Resort Hotel,2022-12-01,2023-02-05,2023-02-10,66,Australia,4,0.0,Standard,160.06,Offline Agent,Check-Out,2022,12,Dec,2022-12,5,800.3,0
BKG102644,City Hotel,2022-10-01,2023-01-12,2023-01-15,103,Germany,4,0.0,Family,73.94,Corporate,Check-Out,2022,10,Oct,2022-10,3,221.82,0
BKG102645,City Hotel,2022-03-06,2022-04-02,2022-04-12,27,Australia,2,2.0,Family,298.09,Direct,Canceled,2022,3,Mar,2022-03,10,2980.8999999999996,1
BKG102646,Resort Hotel,2023-01-09,2023-01-19,2023-01-22,10,Singapore,1,0.0,Deluxe,341.26,Online Travel Agent,Check-Out,2023,1,Jan,2023-01,3,1023.78,0
BKG102647,City Hotel,2023-04-10,2023-07-06,2023-07-12,87,UK,2,0.0,Family,325.11,Online Travel Agent,Check-Out,2023,4,Apr,2023-04,6,1950.66,0
BKG102648,City Hotel,2023-09-14,2023-12-17,2023-12-24,94,India,4,0.0,Family,137.43,Online Travel Agent,Canceled,2023,9,Sep,2023-09,7,962.01,1
BKG102649,City Hotel,2024-04-30,2024-07-26,2024-07-28,87,Canada,1,2.0,Suite,206.41,Corporate,Check-Out,2024,4,Apr,2024-04,2,412.82,0
BKG102650,Resort Hotel,2023-08-10,2024-01-30,2024-02-04,173,UAE,3,0.0,Deluxe,290.1,Online Travel Agent,Check-Out,2023,8,Aug,2023-08,5,1450.5,0
BKG102651,Resort Hotel,2022-10-10,2023-03-17,2023-03-26,158,Singapore,2,2.0,Suite,280.21,Offline Agent,Check-Out,2022,10,Oct,2022-10,9,2521.89,0
BKG102652,Resort Hotel,2023-04-01,2023-07-21,2023-07-27,111,Canada,4,0.0,Standard,228.88,Corporate,Check-Out,2023,4,Apr,2023-04,6,1373.28,0
BKG102653,City Hotel,2024-01-13,2024-06-17,2024-06-22,156,Singapore,2,0.0,Family,124.57,Offline Agent,Check-Out,2024,1,Jan,2024-01,5,622.8499999999999,0
BKG102654,City Hotel,2024-05-30,2024-09-12,2024-09-22,105,Brazil,2,0.0,Standard,270.52,Offline Agent,Check-Out,2024,5,May,2024-05,10,2705.2,0
BKG102655,City Hotel,2023-12-12,2024-02-11,2024-02-16,61,Canada,1,0.0,Standard,121.05,Online Travel Agent,Check-Out,2023,12,Dec,2023-12,5,605.25,0
BKG102656,Resort Hotel,2022-04-23,2022-05-24,2022-05-30,31,France,3,1.0,Suite,191.91,Direct,Check-Out,2022,4,Apr,2022-04,6,1151.46,0
BKG102657,City Hotel,2024-04-18,2024-10-03,2024-10-08,168,Canada,4,0.0,Suite,110.16,Offline Agent,Check-Out,2024,4,Apr,2024-04,5,550.8,0
BKG102658,City Hotel,2022-08-17,2022-11-12,2022-11-17,87,UAE,4,0.0,Family,87.62,Direct,Check-Out,2022,8,Aug,2022-08,5,438.1,0
BKG102659,City Hotel,2022-11-18,2022-12-26,2022-12-30,38,UAE,2,2.0,Standard,166.35,Corporate,Check-Out,2022,11,Nov,2022-11,4,665.4,0
BKG102660,City Hotel,2023-09-05,2023-11-21,2023-11-29,77,Australia,3,2.0,Standard,88.34,Direct,Canceled,2023,9,Sep,2023-09,8,706.72,1
BKG102661,Resort Hotel,2023-06-28,2023-09-03,2023-09-05,67,France,2,1.0,Family,108.62,Online Travel Agent,Check-Out,2023,6,Jun,2023-06,2,217.24,0
BKG102662,City Hotel,2023-04-22,2023-05-18,2023-05-23,26,Australia,4,2.0,Suite,349.16,Offline Agent,Check-Out,2023,4,Apr,2023-04,5,1745.8000000000002,0
BKG102663,City Hotel,2023-05-16,2023-11-09,2023-11-13,177,Brazil,3,0.0,Suite,221.23,Online Travel Agent,Check-Out,2023,5,May,2023-05,4,884.92,0
BKG102664,City Hotel,2022-08-10,2022-12-15,2022-12-20,127,India,3,1.0,Deluxe,70.75,Offline Agent,Check-Out,2022,8,Aug,2022-08,5,353.75,0
BKG102665,City Hotel,2022-03-21,2022-07-16,2022-07-22,117,Australia,1,0.0,Family,279.81,Offline Agent,Check-Out,2022,3,Mar,2022-03,6,1678.8600000000001,0
BKG102666,Resort Hotel,2023-10-24,2024-01-01,2024-01-11,69,Singapore,1,1.0,Suite,217.47,Corporate,Check-Out,2023,10,Oct,2023-10,10,2174.7,0
BKG102667,Resort Hotel,2023-02-12,2023-08-11,2023-08-14,180,Singapore,1,0.0,Family,227.71,Offline Agent,Check-Out,2023,2,Feb,2023-02,3,683.13,0
BKG102668,City Hotel,2022-09-13,2022-12-12,2022-12-16,90,Australia,4,1.0,Family,349.96,Online Travel Agent,Check-Out,2022,9,Sep,2022-09,4,1399.84,0
BKG102669,Resort Hotel,2023-04-11,2023-05-13,2023-05-16,32,Germany,2,0.0,Suite,285.94,Online Travel Agent,Canceled,2023,4,Apr,2023-04,3,857.8199999999999,1
BKG102670,City Hotel,2023-09-19,2023-09-20,2023-09-22,1,France,3,0.0,Deluxe,73.67,Offline Agent,Check-Out,2023,9,Sep,2023-09,2,147.34,0
BKG102671,City Hotel,2023-09-22,2023-11-19,2023-11-26,58,Canada,4,0.0,Family,150.96,Corporate,Check-Out,2023,9,Sep,2023-09,7,1056.72,0
BKG102672,Resort Hotel,2022-01-23,2022-03-14,2022-03-15,50,UAE,1,1.0,Family,255.33,Corporate,Check-Out,2022,1,Jan,2022-01,1,255.33,0
BKG102673,City Hotel,2022-06-07,2022-09-14,2022-09-15,99,Germany,2,0.0,Family,112.63,Corporate,Canceled,2022,6,Jun,2022-06,1,112.63,1
BKG102674,Resort Hotel,2024-03-30,2024-04-16,2024-04-19,17,USA,4,1.0,Deluxe,332.3,Direct,No-Show,2024,3,Mar,2024-03,3,996.9000000000001,0
BKG102675,Resort Hotel,2024-03-26,2024-05-07,2024-05-09,42,Australia,3,0.0,Standard,153.46,Online Travel Agent,Check-Out,2024,3,Mar,2024-03,2,306.92,0
BKG102676,City Hotel,2024-03-19,2024-08-30,2024-09-08,164,Australia,2,0.0,Suite,294.9,Offline Agent,No-Show,2024,3,Mar,2024-03,9,2654.1,0
BKG102677,Resort Hotel,2023-10-07,2024-03-16,2024-03-21,161,UAE,4,0.0,Suite,263.02,Corporate,Check-Out,2023,10,Oct,2023-10,5,1315.1,0
BKG102678,City Hotel,2022-03-20,2022-04-17,2022-04-26,28,Australia,1,2.0,Deluxe,253.06,Offline Agent,Canceled,2022,3,Mar,2022-03,9,2277.54,1
BKG102679,Resort Hotel,2022-07-12,2022-11-19,2022-11-20,130,Brazil,3,0.0,Deluxe,76.8,Offline Agent,Canceled,2022,7,Jul,2022-07,1,76.8,1
BKG102680,City Hotel,2024-01-10,2024-04-28,2024-05-07,109,Canada,3,0.0,Standard,215.75,Corporate,Check-Out,2024,1,Jan,2024-01,9,1941.75,0
BKG102681,Resort Hotel,2022-05-18,2022-06-29,2022-06-30,42,Germany,1,0.0,Family,251.94,Corporate,Check-Out,2022,5,May,2022-05,1,251.94,0
BKG102682,Resort Hotel,2022-03-03,2022-03-27,2022-03-29,24,Australia,2,1.0,Standard,109.01,Direct,Check-Out,2022,3,Mar,2022-03,2,218.02,0
BKG102683,Resort Hotel,2023-05-09,2023-08-18,2023-08-23,101,Australia,4,1.0,Family,73.4,Offline Agent,Check-Out,2023,5,May,2023-05,5,367.0,0
BKG102684,City Hotel,2023-07-11,2023-09-09,2023-09-17,60,India,4,0.0,Family,274.73,Offline Agent,Check-Out,2023,7,Jul,2023-07,8,2197.84,0
BKG102685,Resort Hotel,2023-12-07,2023-12-23,2023-12-30,16,France,2,0.0,Family,204.71,Online Travel Agent,Check-Out,2023,12,Dec,2023-12,7,1432.97,0
BKG102686,Resort Hotel,2022-04-16,2022-08-22,2022-08-29,128,Australia,2,0.0,Suite,125.59,Corporate,Canceled,2022,4,Apr,2022-04,7,879.13,1
BKG102687,Resort Hotel,2022-09-20,2023-02-24,2023-03-03,157,Australia,4,0.0,Standard,91.66,Corporate,Canceled,2022,9,Sep,2022-09,7,641.62,1
BKG102688,City Hotel,2023-12-03,2024-01-31,2024-02-10,59,Brazil,1,1.0,Standard,287.54,Offline Agent,Check-Out,2023,12,Dec,2023-12,10,2875.4,0
BKG102689,City Hotel,2022-08-23,2022-11-07,2022-11-10,76,India,3,0.0,Standard,264.5,Online Travel Agent,Canceled,2022,8,Aug,2022-08,3,793.5,1
BKG102690,Resort Hotel,2023-01-18,2023-06-10,2023-06-20,143,Brazil,1,0.0,Family,175.16,Offline Agent,No-Show,2023,1,Jan,2023-01,10,1751.6,0
BKG102691,Resort Hotel,2023-04-19,2023-06-28,2023-07-01,70,Brazil,1,0.0,Deluxe,327.46,Offline Agent,Canceled,2023,4,Apr,2023-04,3,982.3799999999999,1
BKG102692,Resort Hotel,2024-03-10,2024-06-05,2024-06-08,87,Australia,4,0.0,Standard,100.77,Offline Agent,Check-Out,2024,3,Mar,2024-03,3,302.31,0
BKG102693,City Hotel,2022-10-10,2023-02-18,2023-02-19,131,Singapore,2,2.0,Deluxe,127.25,Corporate,Check-Out,2022,10,Oct,2022-10,1,127.25,0
BKG102694,Resort Hotel,2024-05-09,2024-10-15,2024-10-17,159,UAE,1,1.0,Standard,165.01,Offline Agent,Check-Out,2024,5,May,2024-05,2,330.02,0
BKG102695,Resort Hotel,2022-09-17,2022-12-22,2023-01-01,96,USA,2,0.0,Suite,95.41,Online Travel Agent,Canceled,2022,9,Sep,2022-09,10,954.0999999999999,1
BKG102696,City Hotel,2024-02-23,2024-03-16,2024-03-19,22,UAE,2,0.0,Family,85.17,Online Travel Agent,Canceled,2024,2,Feb,2024-02,3,255.51,1
BKG102697,Resort Hotel,2022-12-14,2023-05-17,2023-05-25,154,Canada,1,1.0,Standard,329.39,Direct,Check-Out,2022,12,Dec,2022-12,8,2635.12,0
BKG102698,Resort Hotel,2023-02-25,2023-07-03,2023-07-11,128,Australia,1,2.0,Family,148.0,Online Travel Agent,Check-Out,2023,2,Feb,2023-02,8,1184.0,0
BKG102699,Resort Hotel,2023-02-06,2023-04-11,2023-04-20,64,Germany,2,2.0,Family,231.27,Offline Agent,Check-Out,2023,2,Feb,2023-02,9,2081.4300000000003,0
BKG102700,City Hotel,2022-04-29,2022-09-18,2022-09-26,142,India,4,1.0,Standard,194.79,Offline Agent,Check-Out,2022,4,Apr,2022-04,8,1558.32,0
BKG102701,City Hotel,2022-11-14,2023-02-05,2023-02-15,83,Germany,4,0.0,Standard,304.4,Direct,Check-Out,2022,11,Nov,2022-11,10,3044.0,0
BKG102702,City Hotel,2022-09-28,2023-02-23,2023-03-02,148,France,4,0.0,Suite,324.6,Online Travel Agent,Canceled,2022,9,Sep,2022-09,7,2272.2000000000003,1
BKG102703,City Hotel,2022-11-06,2023-03-24,2023-03-29,138,Germany,1,2.0,Standard,148.01,Online Travel Agent,No-Show,2022,11,Nov,2022-11,5,740.05,0
BKG102704,City Hotel,2023-02-01,2023-02-06,2023-02-12,5,Brazil,3,0.0,Family,200.26,Corporate,Canceled,2023,2,Feb,2023-02,6,1201.56,1
BKG102705,City Hotel,2023-02-28,2023-03-30,2023-04-01,30,Australia,1,0.0,Family,200.39,Offline Agent,Check-Out,2023,2,Feb,2023-02,2,400.78,0
BKG102706,City Hotel,2023-11-21,2024-02-18,2024-02-25,89,UK,3,1.0,Deluxe,103.46,Offline Agent,Check-Out,2023,11,Nov,2023-11,7,724.2199999999999,0
BKG102707,Resort Hotel,2022-08-04,2022-10-18,2022-10-27,75,Germany,3,0.0,Family,333.55,Corporate,No-Show,2022,8,Aug,2022-08,9,3001.9500000000003,0
BKG102708,City Hotel,2023-01-25,2023-06-09,2023-06-15,135,Brazil,4,0.0,Deluxe,304.43,Offline Agent,Check-Out,2023,1,Jan,2023-01,6,1826.58,0
BKG102709,City Hotel,2023-06-16,2023-07-19,2023-07-26,33,Canada,4,0.0,Family,241.19,Offline Agent,Check-Out,2023,6,Jun,2023-06,7,1688.33,0
BKG102710,City Hotel,2023-04-25,2023-05-05,2023-05-09,10,Canada,4,0.0,Deluxe,169.11,Offline Agent,Check-Out,2023,4,Apr,2023-04,4,676.44,0
BKG102711,Resort Hotel,2024-03-15,2024-04-05,2024-04-06,21,UK,4,0.0,Family,346.62,Direct,Check-Out,2024,3,Mar,2024-03,1,346.62,0
BKG102712,Resort Hotel,2024-03-23,2024-03-31,2024-04-07,8,Germany,2,0.0,Deluxe,118.5,Online Travel Agent,Canceled,2024,3,Mar,2024-03,7,829.5,1
BKG102713,Resort Hotel,2022-08-09,2023-01-13,2023-01-23,157,Australia,2,0.0,Standard,141.18,Offline Agent,Check-Out,2022,8,Aug,2022-08,10,1411.8000000000002,0
BKG102714,Resort Hotel,2022-09-22,2022-11-19,2022-11-20,58,Germany,4,2.0,Suite,159.7,Offline Agent,Check-Out,2022,9,Sep,2022-09,1,159.7,0
BKG102715,City Hotel,2023-02-06,2023-04-29,2023-05-02,82,Germany,3,0.0,Family,99.6,Online Travel Agent,Check-Out,2023,2,Feb,2023-02,3,298.79999999999995,0
BKG102716,City Hotel,2023-01-27,2023-04-04,2023-04-09,67,Germany,3,0.0,Standard,214.2,Online Travel Agent,No-Show,2023,1,Jan,2023-01,5,1071.0,0
BKG102717,City Hotel,2023-10-09,2024-02-19,2024-02-20,133,UK,3,0.0,Standard,165.01,Corporate,Check-Out,2023,10,Oct,2023-10,1,165.01,0
BKG102718,Resort Hotel,2023-03-31,2023-07-14,2023-07-19,105,Canada,2,0.0,Family,156.58,Offline Agent,Check-Out,2023,3,Mar,2023-03,5,782.9000000000001,0
BKG102719,Resort Hotel,2022-01-29,2022-07-21,2022-07-24,173,UK,1,0.0,Standard,269.41,Direct,Canceled,2022,1,Jan,2022-01,3,808.23,1
BKG102720,City Hotel,2023-05-08,2023-05-16,2023-05-18,8,Germany,3,0.0,Family,176.37,Online Travel Agent,Check-Out,2023,5,May,2023-05,2,352.74,0
BKG102721,Resort Hotel,2024-03-06,2024-07-07,2024-07-10,123,France,4,0.0,Deluxe,299.65,Corporate,Check-Out,2024,3,Mar,2024-03,3,898.9499999999999,0
BKG102722,City Hotel,2024-03-27,2024-07-09,2024-07-12,104,France,1,1.0,Family,325.56,Online Travel Agent,Check-Out,2024,3,Mar,2024-03,3,976.6800000000001,0
BKG102723,City Hotel,2022-08-29,2022-10-17,2022-10-20,49,USA,1,1.0,Standard,61.3,Direct,Check-Out,2022,8,Aug,2022-08,3,183.89999999999998,0
BKG102724,Resort Hotel,2022-11-16,2023-02-10,2023-02-12,86,India,2,0.0,Standard,102.67,Offline Agent,Check-Out,2022,11,Nov,2022-11,2,205.34,0
BKG102725,Resort Hotel,2023-01-11,2023-03-21,2023-03-23,69,USA,4,0.0,Standard,213.65,Corporate,Check-Out,2023,1,Jan,2023-01,2,427.3,0
BKG102726,City Hotel,2022-05-15,2022-09-11,2022-09-17,119,Brazil,1,0.0,Family,163.1,Corporate,Check-Out,2022,5,May,2022-05,6,978.5999999999999,0
BKG102727,City Hotel,2024-04-25,2024-05-08,2024-05-12,13,France,4,0.0,Family,199.57,Direct,Check-Out,2024,4,Apr,2024-04,4,798.28,0
BKG102728,Resort Hotel,2023-01-17,2023-05-26,2023-06-03,129,Australia,2,0.0,Standard,259.75,Offline Agent,Check-Out,2023,1,Jan,2023-01,8,2078.0,0
BKG102729,Resort Hotel,2022-04-01,2022-06-06,2022-06-12,66,Australia,4,2.0,Family,104.52,Online Travel Agent,Check-Out,2022,4,Apr,2022-04,6,627.12,0
BKG102730,Resort Hotel,2023-11-11,2024-03-26,2024-04-01,136,USA,1,2.0,Suite,243.94,Online Travel Agent,Canceled,2023,11,Nov,2023-11,6,1463.6399999999999,1
BKG102731,Resort Hotel,2023-08-03,2023-11-21,2023-11-29,110,UAE,4,0.0,Standard,68.04,Direct,Check-Out,2023,8,Aug,2023-08,8,544.32,0
BKG102732,Resort Hotel,2024-05-18,2024-10-08,2024-10-11,143,Brazil,3,0.0,Family,129.1,Online Travel Agent,Canceled,2024,5,May,2024-05,3,387.29999999999995,1
BKG102733,Resort Hotel,2023-08-13,2024-01-25,2024-01-29,165,Australia,4,2.0,Standard,158.74,Corporate,Check-Out,2023,8,Aug,2023-08,4,634.96,0
BKG102734,Resort Hotel,2023-10-09,2024-01-12,2024-01-18,95,Brazil,1,0.0,Family,184.51,Online Travel Agent,Check-Out,2023,10,Oct,2023-10,6,1107.06,0
BKG102735,Resort Hotel,2022-06-18,2022-06-22,2022-06-30,4,France,3,1.0,Deluxe,147.78,Online Travel Agent,Check-Out,2022,6,Jun,2022-06,8,1182.24,0
BKG102736,City Hotel,2023-04-24,2023-06-23,2023-07-03,60,Brazil,4,0.0,Standard,171.79,Direct,Check-Out,2023,4,Apr,2023-04,10,1717.8999999999999,0
BKG102737,City Hotel,2022-07-02,2022-09-16,2022-09-26,76,Canada,4,1.0,Family,128.33,Direct,Canceled,2022,7,Jul,2022-07,10,1283.3000000000002,1
BKG102738,City Hotel,2022-09-22,2022-12-07,2022-12-11,76,France,3,0.0,Family,242.6,Online Travel Agent,Check-Out,2022,9,Sep,2022-09,4,970.4,0
BKG102739,City Hotel,2024-06-06,2024-09-10,2024-09-16,96,France,4,0.0,Deluxe,157.89,Online Travel Agent,Canceled,2024,6,Jun,2024-06,6,947.3399999999999,1
BKG102740,Resort Hotel,2023-09-21,2024-02-14,2024-02-15,146,France,2,0.0,Deluxe,329.15,Corporate,Check-Out,2023,9,Sep,2023-09,1,329.15,0
BKG102741,Resort Hotel,2024-06-03,2024-09-18,2024-09-19,107,Brazil,1,0.0,Standard,224.61,Offline Agent,Check-Out,2024,6,Jun,2024-06,1,224.61,0
BKG102742,Resort Hotel,2023-05-10,2023-07-07,2023-07-15,58,Australia,4,0.0,Family,143.52,Direct,Check-Out,2023,5,May,2023-05,8,1148.16,0
BKG102743,Resort Hotel,2022-09-25,2023-02-24,2023-02-27,152,India,1,0.0,Standard,179.65,Corporate,Canceled,2022,9,Sep,2022-09,3,538.95,1
BKG102744,Resort Hotel,2023-10-07,2023-10-22,2023-10-24,15,USA,3,0.0,Family,195.36,Direct,Canceled,2023,10,Oct,2023-10,2,390.72,1
BKG102745,City Hotel,2023-02-10,2023-04-30,2023-05-02,79,Australia,3,1.0,Standard,338.4,Online Travel Agent,Check-Out,2023,2,Feb,2023-02,2,676.8,0
BKG102746,City Hotel,2023-06-19,2023-08-26,2023-08-29,68,Canada,2,0.0,Suite,343.88,Direct,Check-Out,2023,6,Jun,2023-06,3,1031.6399999999999,0
BKG102747,City Hotel,2023-07-06,2023-12-16,2023-12-20,163,Canada,3,2.0,Family,181.0,Online Travel Agent,No-Show,2023,7,Jul,2023-07,4,724.0,0
BKG102748,Resort Hotel,2022-09-13,2023-02-12,2023-02-13,152,France,2,0.0,Family,185.07,Direct,Check-Out,2022,9,Sep,2022-09,1,185.07,0
BKG102749,Resort Hotel,2022-01-11,2022-01-21,2022-01-25,10,India,2,2.0,Family,223.2,Corporate,Canceled,2022,1,Jan,2022-01,4,892.8,1
BKG102750,City Hotel,2023-02-21,2023-03-10,2023-03-15,17,Germany,3,0.0,Suite,190.97,Corporate,Check-Out,2023,2,Feb,2023-02,5,954.85,0
BKG102751,City Hotel,2022-02-23,2022-05-06,2022-05-09,72,Brazil,2,0.0,Deluxe,176.16,Online Travel Agent,Canceled,2022,2,Feb,2022-02,3,528.48,1
BKG102752,Resort Hotel,2023-03-30,2023-07-01,2023-07-06,93,Brazil,2,2.0,Family,116.97,Online Travel Agent,Check-Out,2023,3,Mar,2023-03,5,584.85,0
BKG102753,City Hotel,2024-05-24,2024-07-17,2024-07-27,54,Singapore,2,0.0,Deluxe,110.61,Online Travel Agent,Check-Out,2024,5,May,2024-05,10,1106.1,0
BKG102754,City Hotel,2022-09-12,2023-01-20,2023-01-22,130,Germany,2,0.0,Suite,65.71,Corporate,Check-Out,2022,9,Sep,2022-09,2,131.42,0
BKG102755,City Hotel,2024-05-08,2024-10-28,2024-11-01,173,Australia,1,0.0,Family,345.87,Direct,Check-Out,2024,5,May,2024-05,4,1383.48,0
BKG102756,Resort Hotel,2024-02-16,2024-06-16,2024-06-21,121,Canada,1,2.0,Deluxe,216.23,Online Travel Agent,Check-Out,2024,2,Feb,2024-02,5,1081.1499999999999,0
BKG102757,Resort Hotel,2022-12-22,2023-01-02,2023-01-08,11,UK,1,0.0,Suite,73.98,Online Travel Agent,Canceled,2022,12,Dec,2022-12,6,443.88,1
BKG102758,City Hotel,2023-05-15,2023-06-06,2023-06-12,22,India,3,0.0,Suite,214.95,Online Travel Agent,Check-Out,2023,5,May,2023-05,6,1289.6999999999998,0
BKG102759,Resort Hotel,2022-06-05,2022-11-17,2022-11-22,165,Brazil,3,1.0,Deluxe,148.61,Corporate,Canceled,2022,6,Jun,2022-06,5,743.0500000000001,1
BKG102760,Resort Hotel,2024-05-26,2024-06-17,2024-06-20,22,Canada,3,0.0,Standard,208.1,Online Travel Agent,Canceled,2024,5,May,2024-05,3,624.3,1
BKG102761,City Hotel,2024-04-22,2024-07-19,2024-07-20,88,Brazil,3,0.0,Suite,271.48,Online Travel Agent,Check-Out,2024,4,Apr,2024-04,1,271.48,0
BKG102762,City Hotel,2024-06-14,2024-10-12,2024-10-14,120,UAE,3,1.0,Family,308.91,Online Travel Agent,Canceled,2024,6,Jun,2024-06,2,617.82,1
BKG102763,Resort Hotel,2023-02-06,2023-05-27,2023-05-31,110,France,2,2.0,Family,243.22,Direct,Check-Out,2023,2,Feb,2023-02,4,972.88,0
BKG102764,Resort Hotel,2024-03-13,2024-07-01,2024-07-03,110,Singapore,4,0.0,Suite,305.16,Offline Agent,Check-Out,2024,3,Mar,2024-03,2,610.32,0
BKG102765,City Hotel,2022-05-15,2022-05-17,2022-05-18,2,India,4,1.0,Suite,332.47,Direct,Check-Out,2022,5,May,2022-05,1,332.47,0
BKG102766,City Hotel,2023-09-14,2024-02-04,2024-02-11,143,Australia,3,1.0,Family,232.74,Direct,Check-Out,2023,9,Sep,2023-09,7,1629.18,0
BKG102767,Resort Hotel,2023-12-11,2024-03-28,2024-03-29,108,USA,1,2.0,Suite,71.0,Offline Agent,Canceled,2023,12,Dec,2023-12,1,71.0,1
BKG102768,Resort Hotel,2024-05-19,2024-05-31,2024-06-04,12,Singapore,2,1.0,Deluxe,301.01,Online Travel Agent,Check-Out,2024,5,May,2024-05,4,1204.04,0
BKG102769,Resort Hotel,2023-02-05,2023-07-23,2023-07-25,168,Australia,4,0.0,Family,220.91,Corporate,Check-Out,2023,2,Feb,2023-02,2,441.82,0
BKG102770,City Hotel,2024-04-16,2024-10-08,2024-10-14,175,India,4,0.0,Family,73.27,Online Travel Agent,No-Show,2024,4,Apr,2024-04,6,439.62,0
BKG102771,Resort Hotel,2024-02-16,2024-07-07,2024-07-16,142,India,2,1.0,Family,198.8,Direct,Canceled,2024,2,Feb,2024-02,9,1789.2,1
BKG102772,Resort Hotel,2022-06-10,2022-06-10,2022-06-19,0,Canada,1,0.0,Deluxe,189.75,Corporate,Check-Out,2022,6,Jun,2022-06,9,1707.75,0
BKG102773,Resort Hotel,2022-01-19,2022-05-18,2022-05-27,119,India,2,0.0,Family,338.23,Offline Agent,No-Show,2022,1,Jan,2022-01,9,3044.07,0
BKG102774,City Hotel,2023-06-17,2023-11-17,2023-11-27,153,France,3,0.0,Deluxe,246.05,Offline Agent,Check-Out,2023,6,Jun,2023-06,10,2460.5,0
BKG102775,City Hotel,2022-03-23,2022-05-28,2022-06-04,66,Australia,4,0.0,Family,223.65,Online Travel Agent,Check-Out,2022,3,Mar,2022-03,7,1565.55,0
BKG102776,City Hotel,2024-06-08,2024-10-29,2024-11-04,143,UAE,4,0.0,Family,84.36,Online Travel Agent,Check-Out,2024,6,Jun,2024-06,6,506.15999999999997,0
BKG102777,Resort Hotel,2023-09-15,2023-12-17,2023-12-24,93,Singapore,2,0.0,Standard,132.19,Offline Agent,Check-Out,2023,9,Sep,2023-09,7,925.3299999999999,0
BKG102778,City Hotel,2022-05-31,2022-06-04,2022-06-05,4,Australia,2,0.0,Suite,213.48,Direct,Check-Out,2022,5,May,2022-05,1,213.48,0
BKG102779,Resort Hotel,2023-04-26,2023-10-23,2023-10-31,180,USA,4,0.0,Family,65.34,Offline Agent,Check-Out,2023,4,Apr,2023-04,8,522.72,0
BKG102780,City Hotel,2023-05-08,2023-06-04,2023-06-14,27,Singapore,2,1.0,Family,91.24,Direct,Check-Out,2023,5,May,2023-05,10,912.4,0
BKG102781,City Hotel,2022-04-16,2022-05-22,2022-05-27,36,UAE,1,0.0,Suite,336.64,Online Travel Agent,Check-Out,2022,4,Apr,2022-04,5,1683.1999999999998,0
BKG102782,Resort Hotel,2022-12-17,2023-03-02,2023-03-12,75,Brazil,1,2.0,Deluxe,348.12,Offline Agent,Check-Out,2022,12,Dec,2022-12,10,3481.2,0
BKG102783,Resort Hotel,2023-04-15,2023-06-14,2023-06-23,60,Australia,4,0.0,Deluxe,149.86,Online Travel Agent,Check-Out,2023,4,Apr,2023-04,9,1348.7400000000002,0
BKG102784,Resort Hotel,2024-03-23,2024-06-03,2024-06-07,72,France,2,0.0,Deluxe,67.97,Corporate,Check-Out,2024,3,Mar,2024-03,4,271.88,0
BKG102785,City Hotel,2022-11-11,2023-04-18,2023-04-22,158,USA,1,1.0,Family,260.58,Offline Agent,Check-Out,2022,11,Nov,2022-11,4,1042.32,0
BKG102786,Resort Hotel,2022-10-05,2023-01-18,2023-01-25,105,UAE,2,2.0,Standard,239.57,Offline Agent,Check-Out,2022,10,Oct,2022-10,7,1676.99,0
BKG102787,Resort Hotel,2022-12-11,2023-01-19,2023-01-27,39,UK,3,1.0,Deluxe,76.15,Online Travel Agent,Check-Out,2022,12,Dec,2022-12,8,609.2,0
BKG102788,Resort Hotel,2022-10-21,2022-10-30,2022-11-05,9,UK,4,1.0,Suite,190.97,Online Travel Agent,Check-Out,2022,10,Oct,2022-10,6,1145.82,0
BKG102789,Resort Hotel,2023-06-16,2023-11-07,2023-11-08,144,Singapore,3,0.0,Standard,327.68,Corporate,Check-Out,2023,6,Jun,2023-06,1,327.68,0
BKG102790,Resort Hotel,2023-02-17,2023-06-07,2023-06-08,110,Canada,1,0.0,Suite,123.08,Corporate,Check-Out,2023,2,Feb,2023-02,1,123.08,0
BKG102791,City Hotel,2023-09-21,2023-09-29,2023-10-09,8,UK,4,0.0,Family,180.72,Offline Agent,Check-Out,2023,9,Sep,2023-09,10,1807.2,0
BKG102792,Resort Hotel,2024-04-29,2024-09-17,2024-09-22,141,UK,3,0.0,Suite,105.03,Direct,Check-Out,2024,4,Apr,2024-04,5,525.15,0
BKG102793,Resort Hotel,2023-07-12,2023-10-20,2023-10-24,100,Canada,1,0.0,Standard,311.81,Corporate,Check-Out,2023,7,Jul,2023-07,4,1247.24,0
BKG102794,City Hotel,2022-08-20,2022-09-07,2022-09-09,18,Brazil,1,0.0,Standard,170.28,Corporate,Canceled,2022,8,Aug,2022-08,2,340.56,1
BKG102795,Resort Hotel,2023-09-11,2023-11-13,2023-11-23,63,France,4,0.0,Family,171.14,Online Travel Agent,Canceled,2023,9,Sep,2023-09,10,1711.3999999999999,1
BKG102796,City Hotel,2023-08-05,2023-09-05,2023-09-07,31,Brazil,2,0.0,Deluxe,305.63,Corporate,Canceled,2023,8,Aug,2023-08,2,611.26,1
BKG102797,Resort Hotel,2023-02-24,2023-07-17,2023-07-26,143,Germany,2,0.0,Suite,78.38,Online Travel Agent,Check-Out,2023,2,Feb,2023-02,9,705.42,0
BKG102798,Resort Hotel,2022-07-22,2022-08-08,2022-08-17,17,France,1,0.0,Standard,333.72,Corporate,Canceled,2022,7,Jul,2022-07,9,3003.4800000000005,1
BKG102799,City Hotel,2023-12-16,2024-06-13,2024-06-17,180,Brazil,2,0.0,Standard,244.49,Corporate,Check-Out,2023,12,Dec,2023-12,4,977.96,0
BKG102800,City Hotel,2022-02-09,2022-06-17,2022-06-23,128,India,4,0.0,Family,226.03,Offline Agent,Check-Out,2022,2,Feb,2022-02,6,1356.18,0
BKG102801,Resort Hotel,2023-11-08,2024-03-15,2024-03-23,128,France,2,0.0,Suite,66.32,Offline Agent,Check-Out,2023,11,Nov,2023-11,8,530.56,0
BKG102802,City Hotel,2023-05-01,2023-06-02,2023-06-05,32,Brazil,4,0.0,Suite,251.8,Online Travel Agent,Check-Out,2023,5,May,2023-05,3,755.4000000000001,0
BKG102803,City Hotel,2022-10-02,2022-10-08,2022-10-12,6,India,2,1.0,Deluxe,137.0,Direct,Check-Out,2022,10,Oct,2022-10,4,548.0,0
BKG102804,City Hotel,2023-12-27,2024-02-23,2024-03-01,58,France,3,0.0,Standard,113.89,Online Travel Agent,Canceled,2023,12,Dec,2023-12,7,797.23,1
BKG102805,Resort Hotel,2022-01-18,2022-03-16,2022-03-19,57,Singapore,4,1.0,Standard,161.67,Corporate,Check-Out,2022,1,Jan,2022-01,3,485.01,0
BKG102806,City Hotel,2023-02-11,2023-04-13,2023-04-15,61,UAE,1,0.0,Suite,67.76,Offline Agent,Canceled,2023,2,Feb,2023-02,2,135.52,1
BKG102807,City Hotel,2022-06-19,2022-09-09,2022-09-13,82,India,4,0.0,Standard,172.66,Corporate,Check-Out,2022,6,Jun,2022-06,4,690.64,0
BKG102808,City Hotel,2023-06-18,2023-09-28,2023-10-06,102,Singapore,3,2.0,Suite,169.79,Online Travel Agent,Check-Out,2023,6,Jun,2023-06,8,1358.32,0
BKG102809,City Hotel,2023-10-28,2023-12-30,2024-01-06,63,Canada,1,0.0,Standard,346.59,Online Travel Agent,Check-Out,2023,10,Oct,2023-10,7,2426.1299999999997,0
BKG102810,Resort Hotel,2024-02-23,2024-04-19,2024-04-27,56,Australia,3,2.0,Standard,323.16,Offline Agent,Check-Out,2024,2,Feb,2024-02,8,2585.28,0
BKG102811,City Hotel,2022-04-24,2022-05-12,2022-05-20,18,India,1,2.0,Standard,264.01,Corporate,Check-Out,2022,4,Apr,2022-04,8,2112.08,0
BKG102812,City Hotel,2022-06-24,2022-07-17,2022-07-22,23,UAE,3,0.0,Family,84.98,Offline Agent,Check-Out,2022,6,Jun,2022-06,5,424.90000000000003,0
BKG102813,City Hotel,2022-08-26,2022-10-24,2022-11-02,59,UAE,3,2.0,Deluxe,271.82,Direct,Check-Out,2022,8,Aug,2022-08,9,2446.38,0
BKG102814,Resort Hotel,2022-04-22,2022-08-22,2022-08-23,122,India,2,0.0,Suite,164.46,Direct,Check-Out,2022,4,Apr,2022-04,1,164.46,0
BKG102815,City Hotel,2023-02-18,2023-05-18,2023-05-22,89,Canada,4,0.0,Deluxe,337.6,Online Travel Agent,No-Show,2023,2,Feb,2023-02,4,1350.4,0
BKG102816,City Hotel,2022-08-10,2023-01-02,2023-01-07,145,UK,4,0.0,Deluxe,139.18,Corporate,Canceled,2022,8,Aug,2022-08,5,695.9000000000001,1
BKG102817,City Hotel,2023-01-21,2023-04-15,2023-04-19,84,Australia,2,1.0,Family,251.07,Online Travel Agent,Check-Out,2023,1,Jan,2023-01,4,1004.28,0
BKG102818,City Hotel,2022-03-22,2022-05-22,2022-05-27,61,Brazil,2,0.0,Family,319.42,Offline Agent,Canceled,2022,3,Mar,2022-03,5,1597.1000000000001,1
BKG102819,City Hotel,2023-03-17,2023-03-18,2023-03-24,1,Germany,3,0.0,Suite,245.91,Offline Agent,Check-Out,2023,3,Mar,2023-03,6,1475.46,0
BKG102820,Resort Hotel,2022-05-02,2022-06-02,2022-06-09,31,UAE,2,0.0,Suite,67.1,Offline Agent,Check-Out,2022,5,May,2022-05,7,469.69999999999993,0
BKG102821,City Hotel,2022-08-02,2022-12-31,2023-01-09,151,Australia,4,0.0,Suite,89.47,Offline Agent,Check-Out,2022,8,Aug,2022-08,9,805.23,0
BKG102822,City Hotel,2024-06-13,2024-08-11,2024-08-21,59,USA,2,0.0,Family,251.81,Offline Agent,No-Show,2024,6,Jun,2024-06,10,2518.1,0
BKG102823,Resort Hotel,2023-08-21,2023-09-28,2023-10-04,38,UAE,3,0.0,Standard,235.26,Online Travel Agent,Check-Out,2023,8,Aug,2023-08,6,1411.56,0
BKG102824,Resort Hotel,2022-02-24,2022-02-25,2022-02-26,1,USA,1,0.0,Family,253.49,Offline Agent,Check-Out,2022,2,Feb,2022-02,1,253.49,0
BKG102825,City Hotel,2022-03-14,2022-08-10,2022-08-18,149,Brazil,2,2.0,Standard,134.8,Direct,Canceled,2022,3,Mar,2022-03,8,1078.4,1
BKG102826,Resort Hotel,2024-05-25,2024-07-23,2024-07-24,59,Singapore,1,2.0,Suite,208.48,Offline Agent,Canceled,2024,5,May,2024-05,1,208.48,1
BKG102827,Resort Hotel,2023-10-02,2023-10-15,2023-10-24,13,USA,4,1.0,Standard,97.08,Corporate,Check-Out,2023,10,Oct,2023-10,9,873.72,0
BKG102828,City Hotel,2023-06-26,2023-07-27,2023-08-04,31,UAE,4,0.0,Suite,242.16,Offline Agent,Check-Out,2023,6,Jun,2023-06,8,1937.28,0
BKG102829,Resort Hotel,2022-05-22,2022-06-23,2022-06-25,32,USA,2,0.0,Family,66.09,Corporate,Check-Out,2022,5,May,2022-05,2,132.18,0
BKG102830,City Hotel,2023-01-29,2023-02-14,2023-02-18,16,USA,1,0.0,Family,114.98,Direct,Check-Out,2023,1,Jan,2023-01,4,459.92,0
BKG102831,City Hotel,2022-07-13,2022-10-02,2022-10-12,81,France,1,1.0,Standard,305.81,Direct,Check-Out,2022,7,Jul,2022-07,10,3058.1,0
BKG102832,Resort Hotel,2024-03-11,2024-08-05,2024-08-07,147,Singapore,2,0.0,Deluxe,343.48,Offline Agent,Canceled,2024,3,Mar,2024-03,2,686.96,1
BKG102833,City Hotel,2022-04-15,2022-05-29,2022-06-05,44,UK,2,1.0,Deluxe,229.12,Online Travel Agent,Check-Out,2022,4,Apr,2022-04,7,1603.8400000000001,0
BKG102834,City Hotel,2023-09-22,2024-01-06,2024-01-11,106,Germany,3,0.0,Family,258.3,Offline Agent,Check-Out,2023,9,Sep,2023-09,5,1291.5,0
BKG102835,City Hotel,2024-06-12,2024-07-11,2024-07-13,29,France,3,0.0,Standard,124.03,Online Travel Agent,Check-Out,2024,6,Jun,2024-06,2,248.06,0
BKG102836,Resort Hotel,2023-05-27,2023-09-26,2023-09-28,122,Australia,3,0.0,Deluxe,263.72,Offline Agent,Check-Out,2023,5,May,2023-05,2,527.44,0
BKG102837,Resort Hotel,2023-09-17,2023-09-30,2023-10-03,13,India,3,2.0,Suite,88.41,Online Travel Agent,No-Show,2023,9,Sep,2023-09,3,265.23,0
BKG102838,City Hotel,2023-04-25,2023-06-07,2023-06-09,43,Australia,4,0.0,Standard,317.03,Direct,Check-Out,2023,4,Apr,2023-04,2,634.06,0
BKG102839,Resort Hotel,2022-11-28,2023-04-07,2023-04-12,130,Brazil,1,2.0,Suite,290.93,Corporate,Check-Out,2022,11,Nov,2022-11,5,1454.65,0
BKG102840,Resort Hotel,2023-08-27,2024-01-19,2024-01-27,145,Brazil,4,0.0,Suite,269.23,Offline Agent,Canceled,2023,8,Aug,2023-08,8,2153.84,1
BKG102841,City Hotel,2022-11-20,2023-02-16,2023-02-18,88,USA,2,0.0,Standard,268.75,Online Travel Agent,Check-Out,2022,11,Nov,2022-11,2,537.5,0
BKG102842,City Hotel,2022-08-10,2022-11-18,2022-11-26,100,UK,1,0.0,Suite,266.04,Offline Agent,No-Show,2022,8,Aug,2022-08,8,2128.32,0
BKG102843,City Hotel,2023-04-20,2023-08-08,2023-08-10,110,UK,1,0.0,Deluxe,165.78,Direct,Check-Out,2023,4,Apr,2023-04,2,331.56,0
BKG102844,Resort Hotel,2022-01-15,2022-06-03,2022-06-04,139,Singapore,3,1.0,Deluxe,337.31,Direct,Check-Out,2022,1,Jan,2022-01,1,337.31,0
BKG102845,Resort Hotel,2023-10-15,2024-03-06,2024-03-09,143,USA,4,0.0,Family,338.85,Offline Agent,Check-Out,2023,10,Oct,2023-10,3,1016.5500000000001,0
BKG102846,Resort Hotel,2023-06-19,2023-10-31,2023-11-04,134,Australia,1,0.0,Suite,244.64,Corporate,Check-Out,2023,6,Jun,2023-06,4,978.56,0
BKG102847,City Hotel,2022-06-02,2022-07-19,2022-07-20,47,India,4,0.0,Suite,61.91,Online Travel Agent,Check-Out,2022,6,Jun,2022-06,1,61.91,0
BKG102848,City Hotel,2022-09-17,2023-03-08,2023-03-10,172,Germany,4,0.0,Family,202.12,Online Travel Agent,Check-Out,2022,9,Sep,2022-09,2,404.24,0
BKG102849,Resort Hotel,2023-10-02,2023-12-24,2023-12-30,83,Australia,3,0.0,Suite,258.49,Online Travel Agent,Check-Out,2023,10,Oct,2023-10,6,1550.94,0
BKG102850,Resort Hotel,2022-04-28,2022-10-03,2022-10-08,158,Germany,3,0.0,Standard,97.36,Online Travel Agent,Check-Out,2022,4,Apr,2022-04,5,486.8,0
BKG102851,Resort Hotel,2022-01-11,2022-05-06,2022-05-09,115,Singapore,2,0.0,Deluxe,153.45,Online Travel Agent,Canceled,2022,1,Jan,2022-01,3,460.34999999999997,1
BKG102852,City Hotel,2022-07-14,2023-01-01,2023-01-06,171,UAE,2,0.0,Deluxe,117.27,Online Travel Agent,No-Show,2022,7,Jul,2022-07,5,586.35,0
BKG102853,City Hotel,2024-02-25,2024-07-20,2024-07-23,146,Australia,1,2.0,Deluxe,92.44,Online Travel Agent,Check-Out,2024,2,Feb,2024-02,3,277.32,0
BKG102854,City Hotel,2024-03-14,2024-07-01,2024-07-11,109,India,4,2.0,Family,196.66,Direct,Canceled,2024,3,Mar,2024-03,10,1966.6,1
BKG102855,City Hotel,2022-09-18,2022-12-22,2022-12-27,95,USA,3,0.0,Family,333.43,Offline Agent,Check-Out,2022,9,Sep,2022-09,5,1667.15,0
BKG102856,City Hotel,2023-04-21,2023-04-22,2023-04-23,1,Singapore,3,0.0,Standard,288.75,Online Travel Agent,Check-Out,2023,4,Apr,2023-04,1,288.75,0
BKG102857,City Hotel,2023-11-03,2023-11-27,2023-12-05,24,UK,4,0.0,Family,101.38,Direct,Check-Out,2023,11,Nov,2023-11,8,811.04,0
BKG102858,City Hotel,2022-05-02,2022-08-01,2022-08-02,91,Australia,3,0.0,Family,249.72,Online Travel Agent,Canceled,2022,5,May,2022-05,1,249.72,1
BKG102859,City Hotel,2024-03-02,2024-04-20,2024-04-22,49,UK,3,0.0,Deluxe,265.42,Direct,Check-Out,2024,3,Mar,2024-03,2,530.84,0
BKG102860,Resort Hotel,2024-03-23,2024-08-11,2024-08-12,141,Canada,3,2.0,Family,302.86,Corporate,Check-Out,2024,3,Mar,2024-03,1,302.86,0
BKG102861,City Hotel,2022-10-05,2022-10-19,2022-10-24,14,Germany,4,1.0,Suite,110.56,Online Travel Agent,Canceled,2022,10,Oct,2022-10,5,552.8,1
BKG102862,City Hotel,2022-03-31,2022-04-29,2022-05-05,29,UK,2,0.0,Family,152.61,Offline Agent,Canceled,2022,3,Mar,2022-03,6,915.6600000000001,1
BKG102863,City Hotel,2023-07-20,2023-12-04,2023-12-07,137,France,4,0.0,Family,124.1,Direct,Check-Out,2023,7,Jul,2023-07,3,372.29999999999995,0
BKG102864,City Hotel,2023-01-03,2023-05-19,2023-05-28,136,USA,1,2.0,Suite,196.56,Direct,Check-Out,2023,1,Jan,2023-01,9,1769.04,0
BKG102865,Resort Hotel,2022-08-14,2022-11-16,2022-11-22,94,India,3,0.0,Suite,232.91,Corporate,Check-Out,2022,8,Aug,2022-08,6,1397.46,0
BKG102866,Resort Hotel,2023-03-30,2023-06-20,2023-06-28,82,Australia,4,2.0,Deluxe,236.11,Offline Agent,No-Show,2023,3,Mar,2023-03,8,1888.88,0
BKG102867,City Hotel,2024-03-27,2024-08-14,2024-08-18,140,Australia,1,0.0,Family,279.99,Offline Agent,Canceled,2024,3,Mar,2024-03,4,1119.96,1
BKG102868,City Hotel,2022-11-29,2023-05-22,2023-05-24,174,Singapore,1,1.0,Family,60.16,Online Travel Agent,Canceled,2022,11,Nov,2022-11,2,120.32,1
BKG102869,Resort Hotel,2022-04-22,2022-07-20,2022-07-23,89,Australia,2,0.0,Family,285.21,Online Travel Agent,Check-Out,2022,4,Apr,2022-04,3,855.6299999999999,0
BKG102870,Resort Hotel,2023-06-11,2023-07-31,2023-08-05,50,UK,4,1.0,Deluxe,257.42,Online Travel Agent,Check-Out,2023,6,Jun,2023-06,5,1287.1000000000001,0
BKG102871,City Hotel,2023-05-23,2023-08-02,2023-08-09,71,Brazil,1,0.0,Deluxe,276.83,Online Travel Agent,Check-Out,2023,5,May,2023-05,7,1937.81,0
BKG102872,City Hotel,2022-12-03,2023-05-30,2023-06-06,178,Singapore,1,0.0,Suite,121.26,Direct,Check-Out,2022,12,Dec,2022-12,7,848.82,0
BKG102873,City Hotel,2024-01-22,2024-07-04,2024-07-13,164,Germany,4,0.0,Family,249.07,Offline Agent,Check-Out,2024,1,Jan,2024-01,9,2241.63,0
BKG102874,City Hotel,2022-02-22,2022-07-17,2022-07-18,145,Brazil,1,1.0,Suite,128.79,Corporate,Check-Out,2022,2,Feb,2022-02,1,128.79,0
BKG102875,Resort Hotel,2023-12-02,2024-05-14,2024-05-19,164,Canada,3,0.0,Family,91.99,Direct,Canceled,2023,12,Dec,2023-12,5,459.95,1
BKG102876,City Hotel,2022-05-19,2022-08-25,2022-08-31,98,UAE,3,0.0,Standard,146.34,Offline Agent,Check-Out,2022,5,May,2022-05,6,878.04,0
BKG102877,Resort Hotel,2024-03-30,2024-06-04,2024-06-08,66,Brazil,3,2.0,Suite,249.16,Online Travel Agent,Check-Out,2024,3,Mar,2024-03,4,996.64,0
BKG102878,City Hotel,2023-09-13,2024-03-11,2024-03-21,180,Canada,4,0.0,Deluxe,206.82,Offline Agent,Check-Out,2023,9,Sep,2023-09,10,2068.2,0
BKG102879,Resort Hotel,2023-11-13,2024-04-02,2024-04-04,141,France,4,1.0,Standard,212.61,Online Travel Agent,Canceled,2023,11,Nov,2023-11,2,425.22,1
BKG102880,City Hotel,2023-12-12,2024-02-03,2024-02-04,53,Canada,4,0.0,Family,293.85,Online Travel Agent,Canceled,2023,12,Dec,2023-12,1,293.85,1
BKG102881,Resort Hotel,2023-12-04,2024-05-15,2024-05-19,163,Canada,3,0.0,Family,246.16,Offline Agent,Check-Out,2023,12,Dec,2023-12,4,984.64,0
BKG102882,Resort Hotel,2022-06-02,2022-07-20,2022-07-24,48,Australia,3,0.0,Family,63.96,Direct,No-Show,2022,6,Jun,2022-06,4,255.84,0
BKG102883,Resort Hotel,2022-12-08,2023-05-31,2023-06-01,174,Australia,2,0.0,Family,85.23,Direct,Check-Out,2022,12,Dec,2022-12,1,85.23,0
BKG102884,Resort Hotel,2022-09-01,2022-11-20,2022-11-26,80,France,1,0.0,Standard,240.69,Direct,Check-Out,2022,9,Sep,2022-09,6,1444.1399999999999,0
BKG102885,City Hotel,2022-05-12,2022-07-13,2022-07-18,62,Brazil,4,1.0,Suite,81.7,Online Travel Agent,Check-Out,2022,5,May,2022-05,5,408.5,0
BKG102886,Resort Hotel,2023-12-29,2024-03-29,2024-04-04,91,UK,3,0.0,Standard,261.51,Online Travel Agent,Check-Out,2023,12,Dec,2023-12,6,1569.06,0
BKG102887,City Hotel,2023-04-27,2023-06-30,2023-07-02,64,UAE,2,1.0,Suite,342.57,Offline Agent,Canceled,2023,4,Apr,2023-04,2,685.14,1
BKG102888,Resort Hotel,2022-04-24,2022-06-03,2022-06-05,40,Canada,2,2.0,Standard,87.04,Offline Agent,Check-Out,2022,4,Apr,2022-04,2,174.08,0
BKG102889,Resort Hotel,2023-03-25,2023-07-06,2023-07-08,103,India,2,0.0,Suite,312.1,Offline Agent,Check-Out,2023,3,Mar,2023-03,2,624.2,0
BKG102890,City Hotel,2023-03-06,2023-07-26,2023-08-01,142,UAE,2,0.0,Suite,331.67,Corporate,Check-Out,2023,3,Mar,2023-03,6,1990.02,0
BKG102891,City Hotel,2022-02-22,2022-03-26,2022-04-02,32,Canada,2,0.0,Family,184.32,Corporate,Canceled,2022,2,Feb,2022-02,7,1290.24,1
BKG102892,Resort Hotel,2022-08-10,2022-10-08,2022-10-11,59,Brazil,4,1.0,Standard,308.77,Corporate,Check-Out,2022,8,Aug,2022-08,3,926.31,0
BKG102893,City Hotel,2023-02-25,2023-03-06,2023-03-07,9,UK,2,0.0,Family,176.09,Online Travel Agent,Check-Out,2023,2,Feb,2023-02,1,176.09,0
BKG102894,City Hotel,2023-12-04,2024-01-20,2024-01-23,47,India,1,2.0,Family,188.8,Online Travel Agent,Check-Out,2023,12,Dec,2023-12,3,566.4000000000001,0
BKG102895,Resort Hotel,2023-09-13,2023-09-22,2023-09-29,9,UAE,4,0.0,Standard,326.13,Direct,Check-Out,2023,9,Sep,2023-09,7,2282.91,0
BKG102896,City Hotel,2022-08-01,2022-12-28,2023-01-01,149,Australia,3,0.0,Family,237.36,Online Travel Agent,Canceled,2022,8,Aug,2022-08,4,949.44,1
BKG102897,Resort Hotel,2023-01-27,2023-03-14,2023-03-16,46,Australia,2,0.0,Standard,278.92,Direct,Check-Out,2023,1,Jan,2023-01,2,557.84,0
BKG102898,City Hotel,2023-01-22,2023-07-07,2023-07-17,166,Germany,2,0.0,Family,60.71,Offline Agent,Check-Out,2023,1,Jan,2023-01,10,607.1,0
BKG102899,Resort Hotel,2022-06-27,2022-10-11,2022-10-12,106,Singapore,1,2.0,Deluxe,96.52,Offline Agent,Check-Out,2022,6,Jun,2022-06,1,96.52,0
BKG102900,City Hotel,2022-10-14,2022-11-29,2022-12-07,46,Canada,1,0.0,Family,142.96,Direct,Canceled,2022,10,Oct,2022-10,8,1143.68,1
BKG102901,Resort Hotel,2022-05-29,2022-06-13,2022-06-20,15,USA,2,0.0,Deluxe,106.05,Offline Agent,No-Show,2022,5,May,2022-05,7,742.35,0
BKG102902,City Hotel,2023-07-21,2023-08-03,2023-08-08,13,Singapore,3,0.0,Suite,264.07,Online Travel Agent,Canceled,2023,7,Jul,2023-07,5,1320.35,1
BKG102903,Resort Hotel,2022-10-05,2023-02-07,2023-02-14,125,Australia,1,0.0,Suite,180.92,Offline Agent,Check-Out,2022,10,Oct,2022-10,7,1266.4399999999998,0
BKG102904,City Hotel,2023-10-05,2023-12-09,2023-12-15,65,Singapore,2,0.0,Family,193.7,Corporate,Check-Out,2023,10,Oct,2023-10,6,1162.1999999999998,0
BKG102905,City Hotel,2023-07-15,2023-11-29,2023-12-04,137,Australia,1,1.0,Family,61.05,Offline Agent,Check-Out,2023,7,Jul,2023-07,5,305.25,0
BKG102906,City Hotel,2024-03-05,2024-03-18,2024-03-25,13,UK,1,0.0,Suite,322.42,Online Travel Agent,Check-Out,2024,3,Mar,2024-03,7,2256.94,0
BKG102907,Resort Hotel,2022-03-04,2022-08-04,2022-08-07,153,Australia,2,1.0,Suite,259.24,Online Travel Agent,Check-Out,2022,3,Mar,2022-03,3,777.72,0
BKG102908,City Hotel,2022-01-02,2022-03-30,2022-04-03,87,India,4,0.0,Suite,247.19,Offline Agent,Canceled,2022,1,Jan,2022-01,4,988.76,1
BKG102909,City Hotel,2023-02-12,2023-06-30,2023-07-09,138,Australia,1,0.0,Suite,81.54,Offline Agent,No-Show,2023,2,Feb,2023-02,9,733.86,0
BKG102910,Resort Hotel,2023-08-15,2023-11-17,2023-11-19,94,USA,2,1.0,Deluxe,228.96,Corporate,Check-Out,2023,8,Aug,2023-08,2,457.92,0
BKG102911,City Hotel,2023-12-03,2024-03-04,2024-03-08,92,India,3,0.0,Standard,84.13,Online Travel Agent,No-Show,2023,12,Dec,2023-12,4,336.52,0
BKG102912,Resort Hotel,2023-07-24,2024-01-14,2024-01-19,174,Canada,1,2.0,Standard,187.6,Offline Agent,Check-Out,2023,7,Jul,2023-07,5,938.0,0
BKG102913,Resort Hotel,2022-04-16,2022-07-18,2022-07-21,93,India,1,1.0,Family,195.53,Corporate,Check-Out,2022,4,Apr,2022-04,3,586.59,0
BKG102914,City Hotel,2022-08-20,2022-10-16,2022-10-23,57,UK,3,1.0,Suite,233.16,Offline Agent,Check-Out,2022,8,Aug,2022-08,7,1632.12,0
BKG102915,Resort Hotel,2022-02-24,2022-05-18,2022-05-20,83,India,1,0.0,Family,328.65,Online Travel Agent,Canceled,2022,2,Feb,2022-02,2,657.3,1
BKG102916,Resort Hotel,2023-05-24,2023-10-13,2023-10-19,142,UK,1,0.0,Suite,63.43,Corporate,Check-Out,2023,5,May,2023-05,6,380.58,0
BKG102917,Resort Hotel,2022-06-17,2022-12-09,2022-12-13,175,Brazil,2,0.0,Family,83.75,Online Travel Agent,Canceled,2022,6,Jun,2022-06,4,335.0,1
BKG102918,City Hotel,2024-03-20,2024-08-21,2024-08-29,154,Germany,3,1.0,Family,255.59,Corporate,Check-Out,2024,3,Mar,2024-03,8,2044.72,0
BKG102919,City Hotel,2024-02-06,2024-05-31,2024-06-05,115,Brazil,3,0.0,Suite,160.5,Direct,Check-Out,2024,2,Feb,2024-02,5,802.5,0
BKG102920,Resort Hotel,2022-03-27,2022-07-08,2022-07-13,103,Australia,1,0.0,Suite,285.78,Online Travel Agent,Canceled,2022,3,Mar,2022-03,5,1428.8999999999999,1
BKG102921,Resort Hotel,2024-03-16,2024-09-06,2024-09-12,174,Canada,1,0.0,Family,129.12,Offline Agent,Canceled,2024,3,Mar,2024-03,6,774.72,1
BKG102922,City Hotel,2024-02-29,2024-08-22,2024-09-01,175,India,4,1.0,Suite,214.74,Corporate,Check-Out,2024,2,Feb,2024-02,10,2147.4,0
BKG102923,City Hotel,2022-04-01,2022-07-27,2022-08-01,117,Singapore,1,0.0,Standard,211.08,Corporate,Check-Out,2022,4,Apr,2022-04,5,1055.4,0
BKG102924,City Hotel,2023-09-19,2023-09-27,2023-10-06,8,Singapore,1,0.0,Family,337.24,Direct,Check-Out,2023,9,Sep,2023-09,9,3035.16,0
BKG102925,Resort Hotel,2022-02-16,2022-08-07,2022-08-13,172,Australia,4,0.0,Family,137.0,Direct,Check-Out,2022,2,Feb,2022-02,6,822.0,0
BKG102926,Resort Hotel,2023-01-18,2023-03-21,2023-03-27,62,USA,2,1.0,Standard,273.62,Online Travel Agent,Check-Out,2023,1,Jan,2023-01,6,1641.72,0
BKG102927,City Hotel,2022-02-28,2022-08-26,2022-09-04,179,Australia,3,0.0,Family,339.03,Corporate,Check-Out,2022,2,Feb,2022-02,9,3051.2699999999995,0
BKG102928,City Hotel,2024-04-18,2024-05-30,2024-06-01,42,USA,2,0.0,Deluxe,299.76,Online Travel Agent,Canceled,2024,4,Apr,2024-04,2,599.52,1
BKG102929,Resort Hotel,2023-04-10,2023-10-04,2023-10-08,177,UK,3,2.0,Deluxe,62.41,Offline Agent,Check-Out,2023,4,Apr,2023-04,4,249.64,0
BKG102930,City Hotel,2022-12-21,2023-05-27,2023-06-04,157,France,2,0.0,Deluxe,157.13,Offline Agent,Canceled,2022,12,Dec,2022-12,8,1257.04,1
BKG102931,City Hotel,2023-07-16,2023-08-11,2023-08-21,26,Canada,2,0.0,Suite,307.62,Corporate,Check-Out,2023,7,Jul,2023-07,10,3076.2,0
BKG102932,City Hotel,2023-01-31,2023-02-01,2023-02-06,1,USA,2,2.0,Family,131.89,Corporate,Check-Out,2023,1,Jan,2023-01,5,659.4499999999999,0
BKG102933,Resort Hotel,2024-03-24,2024-05-09,2024-05-11,46,Canada,3,1.0,Suite,82.77,Online Travel Agent,Canceled,2024,3,Mar,2024-03,2,165.54,1
BKG102934,City Hotel,2022-12-19,2023-01-24,2023-02-03,36,Brazil,2,1.0,Family,189.34,Offline Agent,Canceled,2022,12,Dec,2022-12,10,1893.4,1
BKG102935,City Hotel,2022-12-05,2023-02-18,2023-02-23,75,France,3,2.0,Standard,134.81,Direct,Check-Out,2022,12,Dec,2022-12,5,674.05,0
BKG102936,Resort Hotel,2022-04-29,2022-10-02,2022-10-05,156,UAE,2,1.0,Family,348.47,Direct,Check-Out,2022,4,Apr,2022-04,3,1045.41,0
BKG102937,Resort Hotel,2022-12-07,2023-05-25,2023-05-27,169,Singapore,2,0.0,Standard,169.29,Online Travel Agent,Check-Out,2022,12,Dec,2022-12,2,338.58,0
BKG102938,City Hotel,2022-10-13,2023-02-25,2023-03-02,135,UAE,3,1.0,Family,235.17,Online Travel Agent,Canceled,2022,10,Oct,2022-10,5,1175.85,1
BKG102939,Resort Hotel,2022-03-13,2022-06-13,2022-06-20,92,India,4,0.0,Family,264.52,Online Travel Agent,Check-Out,2022,3,Mar,2022-03,7,1851.6399999999999,0
BKG102940,Resort Hotel,2022-12-10,2023-05-16,2023-05-21,157,Australia,1,0.0,Standard,340.66,Direct,Canceled,2022,12,Dec,2022-12,5,1703.3000000000002,1
BKG102941,City Hotel,2023-04-06,2023-09-15,2023-09-20,162,Australia,2,0.0,Family,75.33,Online Travel Agent,Check-Out,2023,4,Apr,2023-04,5,376.65,0
BKG102942,City Hotel,2023-10-13,2024-03-27,2024-03-30,166,Australia,3,0.0,Deluxe,192.4,Online Travel Agent,Canceled,2023,10,Oct,2023-10,3,577.2,1
BKG102943,City Hotel,2022-04-18,2022-05-21,2022-05-23,33,Singapore,2,2.0,Deluxe,262.57,Offline Agent,Check-Out,2022,4,Apr,2022-04,2,525.14,0
BKG102944,City Hotel,2024-03-28,2024-04-09,2024-04-16,12,UAE,4,0.0,Suite,152.5,Offline Agent,Check-Out,2024,3,Mar,2024-03,7,1067.5,0
BKG102945,Resort Hotel,2022-12-29,2023-04-18,2023-04-24,110,UK,3,0.0,Deluxe,211.64,Online Travel Agent,Check-Out,2022,12,Dec,2022-12,6,1269.84,0
BKG102946,City Hotel,2022-06-25,2022-12-11,2022-12-20,169,Brazil,4,1.0,Suite,229.36,Offline Agent,Check-Out,2022,6,Jun,2022-06,9,2064.2400000000002,0
BKG102947,Resort Hotel,2024-01-02,2024-06-05,2024-06-14,155,Singapore,3,0.0,Suite,215.69,Offline Agent,Canceled,2024,1,Jan,2024-01,9,1941.21,1
BKG102948,Resort Hotel,2022-12-03,2023-01-11,2023-01-12,39,Australia,2,0.0,Family,254.26,Online Travel Agent,Canceled,2022,12,Dec,2022-12,1,254.26,1
BKG102949,City Hotel,2024-02-12,2024-03-25,2024-03-29,42,Australia,2,0.0,Family,120.32,Corporate,Check-Out,2024,2,Feb,2024-02,4,481.28,0
BKG102950,City Hotel,2023-03-30,2023-07-31,2023-08-09,123,Australia,4,0.0,Family,183.97,Direct,Check-Out,2023,3,Mar,2023-03,9,1655.73,0
BKG102951,City Hotel,2024-01-27,2024-05-02,2024-05-03,96,Australia,2,0.0,Deluxe,61.82,Corporate,Check-Out,2024,1,Jan,2024-01,1,61.82,0
BKG102952,Resort Hotel,2022-03-23,2022-03-24,2022-03-31,1,France,2,2.0,Suite,125.99,Corporate,Check-Out,2022,3,Mar,2022-03,7,881.93,0
BKG102953,City Hotel,2022-12-17,2023-04-04,2023-04-07,108,Canada,2,0.0,Standard,309.05,Online Travel Agent,Check-Out,2022,12,Dec,2022-12,3,927.1500000000001,0
BKG102954,Resort Hotel,2022-08-07,2022-11-01,2022-11-10,86,UK,3,2.0,Family,196.25,Direct,Canceled,2022,8,Aug,2022-08,9,1766.25,1
BKG102955,Resort Hotel,2023-11-17,2023-12-19,2023-12-22,32,France,3,1.0,Deluxe,327.61,Corporate,Check-Out,2023,11,Nov,2023-11,3,982.83,0
BKG102956,City Hotel,2024-01-15,2024-02-23,2024-02-29,39,Singapore,3,0.0,Deluxe,144.2,Online Travel Agent,Canceled,2024,1,Jan,2024-01,6,865.1999999999999,1
BKG102957,City Hotel,2023-04-15,2023-09-28,2023-09-29,166,Australia,3,0.0,Standard,90.16,Corporate,Canceled,2023,4,Apr,2023-04,1,90.16,1
BKG102958,City Hotel,2023-03-08,2023-08-18,2023-08-23,163,UAE,4,1.0,Family,127.53,Online Travel Agent,Check-Out,2023,3,Mar,2023-03,5,637.65,0
BKG102959,Resort Hotel,2022-10-13,2023-02-21,2023-02-26,131,UK,4,1.0,Deluxe,276.37,Online Travel Agent,No-Show,2022,10,Oct,2022-10,5,1381.85,0
BKG102960,City Hotel,2022-06-16,2022-08-27,2022-09-05,72,India,3,0.0,Standard,215.05,Offline Agent,Canceled,2022,6,Jun,2022-06,9,1935.45,1
BKG102961,City Hotel,2022-09-02,2023-02-22,2023-03-04,173,UK,3,0.0,Family,228.98,Corporate,Check-Out,2022,9,Sep,2022-09,10,2289.7999999999997,0
BKG102962,Resort Hotel,2023-02-27,2023-03-05,2023-03-14,6,India,3,0.0,Deluxe,77.16,Direct,Check-Out,2023,2,Feb,2023-02,9,694.4399999999999,0
BKG102963,City Hotel,2022-01-30,2022-07-26,2022-07-28,177,UK,2,2.0,Family,204.65,Direct,Check-Out,2022,1,Jan,2022-01,2,409.3,0
BKG102964,Resort Hotel,2023-07-17,2023-12-23,2023-12-24,159,India,3,2.0,Standard,284.77,Online Travel Agent,Check-Out,2023,7,Jul,2023-07,1,284.77,0
BKG102965,City Hotel,2022-08-12,2022-10-03,2022-10-11,52,India,3,0.0,Deluxe,154.56,Offline Agent,Check-Out,2022,8,Aug,2022-08,8,1236.48,0
BKG102966,City Hotel,2023-06-08,2023-10-03,2023-10-05,117,Brazil,3,1.0,Suite,166.09,Online Travel Agent,Check-Out,2023,6,Jun,2023-06,2,332.18,0
BKG102967,City Hotel,2023-08-19,2024-02-05,2024-02-10,170,Brazil,3,1.0,Suite,158.78,Corporate,Check-Out,2023,8,Aug,2023-08,5,793.9,0
BKG102968,Resort Hotel,2022-12-17,2023-03-09,2023-03-13,82,Australia,4,0.0,Standard,223.31,Corporate,Check-Out,2022,12,Dec,2022-12,4,893.24,0
BKG102969,Resort Hotel,2024-06-15,2024-08-27,2024-08-29,73,UAE,2,2.0,Deluxe,160.04,Corporate,Check-Out,2024,6,Jun,2024-06,2,320.08,0
BKG102970,City Hotel,2022-03-05,2022-06-29,2022-07-08,116,USA,2,0.0,Standard,174.36,Direct,Check-Out,2022,3,Mar,2022-03,9,1569.2400000000002,0
BKG102971,Resort Hotel,2024-05-02,2024-08-05,2024-08-13,95,Germany,3,0.0,Standard,152.7,Direct,Check-Out,2024,5,May,2024-05,8,1221.6,0
BKG102972,Resort Hotel,2023-01-30,2023-07-08,2023-07-13,159,France,4,0.0,Standard,67.46,Online Travel Agent,Canceled,2023,1,Jan,2023-01,5,337.29999999999995,1
BKG102973,City Hotel,2023-01-07,2023-06-30,2023-07-04,174,France,2,0.0,Standard,287.87,Direct,Check-Out,2023,1,Jan,2023-01,4,1151.48,0
BKG102974,Resort Hotel,2024-03-02,2024-06-21,2024-06-25,111,UK,3,0.0,Standard,227.0,Online Travel Agent,Check-Out,2024,3,Mar,2024-03,4,908.0,0
BKG102975,Resort Hotel,2024-04-30,2024-10-15,2024-10-18,168,India,3,1.0,Suite,225.79,Offline Agent,Check-Out,2024,4,Apr,2024-04,3,677.37,0
BKG102976,City Hotel,2022-09-16,2022-10-08,2022-10-11,22,India,2,0.0,Standard,154.23,Online Travel Agent,No-Show,2022,9,Sep,2022-09,3,462.68999999999994,0
BKG102977,City Hotel,2024-03-11,2024-04-09,2024-04-13,29,Canada,3,0.0,Standard,135.98,Direct,Check-Out,2024,3,Mar,2024-03,4,543.92,0
BKG102978,City Hotel,2024-02-25,2024-08-18,2024-08-28,175,Singapore,4,0.0,Family,318.82,Online Travel Agent,Check-Out,2024,2,Feb,2024-02,10,3188.2,0
BKG102979,Resort Hotel,2022-09-02,2022-11-15,2022-11-18,74,Brazil,1,0.0,Standard,103.71,Direct,Check-Out,2022,9,Sep,2022-09,3,311.13,0
BKG102980,Resort Hotel,2022-08-18,2022-08-28,2022-08-30,10,UK,3,2.0,Standard,309.2,Online Travel Agent,Check-Out,2022,8,Aug,2022-08,2,618.4,0
BKG102981,Resort Hotel,2023-11-25,2024-03-09,2024-03-14,105,Brazil,3,0.0,Standard,114.59,Online Travel Agent,Check-Out,2023,11,Nov,2023-11,5,572.95,0
BKG102982,Resort Hotel,2022-08-11,2022-09-29,2022-10-05,49,USA,4,2.0,Family,270.85,Direct,Check-Out,2022,8,Aug,2022-08,6,1625.1000000000001,0
BKG102983,Resort Hotel,2023-03-18,2023-08-25,2023-09-01,160,Canada,4,0.0,Standard,347.59,Online Travel Agent,Canceled,2023,3,Mar,2023-03,7,2433.1299999999997,1
BKG102984,City Hotel,2022-08-11,2023-02-03,2023-02-12,176,France,1,2.0,Family,93.39,Corporate,Canceled,2022,8,Aug,2022-08,9,840.51,1
BKG102985,Resort Hotel,2022-01-31,2022-02-28,2022-03-04,28,France,2,0.0,Suite,66.65,Corporate,Check-Out,2022,1,Jan,2022-01,4,266.6,0
BKG102986,City Hotel,2023-05-20,2023-06-08,2023-06-13,19,Canada,4,1.0,Suite,160.03,Direct,Check-Out,2023,5,May,2023-05,5,800.15,0
BKG102987,City Hotel,2024-05-30,2024-11-13,2024-11-21,167,Germany,2,0.0,Standard,81.82,Offline Agent,Check-Out,2024,5,May,2024-05,8,654.56,0
BKG102988,Resort Hotel,2022-07-20,2023-01-05,2023-01-13,169,UAE,1,0.0,Family,249.17,Online Travel Agent,No-Show,2022,7,Jul,2022-07,8,1993.36,0
BKG102989,City Hotel,2024-02-17,2024-07-12,2024-07-22,146,Canada,4,0.0,Standard,77.52,Online Travel Agent,Check-Out,2024,2,Feb,2024-02,10,775.1999999999999,0
BKG102990,Resort Hotel,2023-09-15,2023-11-25,2023-12-02,71,UK,4,1.0,Deluxe,259.06,Direct,Check-Out,2023,9,Sep,2023-09,7,1813.42,0
BKG102991,Resort Hotel,2022-03-02,2022-03-09,2022-03-17,7,India,1,0.0,Family,211.65,Online Travel Agent,Check-Out,2022,3,Mar,2022-03,8,1693.2,0
BKG102992,City Hotel,2022-02-19,2022-07-12,2022-07-19,143,Germany,2,0.0,Standard,112.96,Offline Agent,Check-Out,2022,2,Feb,2022-02,7,790.7199999999999,0
BKG102993,Resort Hotel,2023-07-02,2023-11-04,2023-11-09,125,Brazil,3,2.0,Deluxe,261.11,Direct,Check-Out,2023,7,Jul,2023-07,5,1305.5500000000002,0
BKG102994,City Hotel,2023-09-07,2023-09-08,2023-09-18,1,Singapore,4,0.0,Family,101.22,Corporate,Check-Out,2023,9,Sep,2023-09,10,1012.2,0
BKG102995,Resort Hotel,2022-12-12,2023-02-20,2023-02-26,70,Brazil,3,0.0,Family,121.36,Online Travel Agent,No-Show,2022,12,Dec,2022-12,6,728.16,0
BKG102996,Resort Hotel,2022-11-15,2023-03-27,2023-03-30,132,Singapore,2,1.0,Family,203.73,Direct,Check-Out,2022,11,Nov,2022-11,3,611.1899999999999,0
BKG102997,Resort Hotel,2023-07-31,2024-01-09,2024-01-13,162,France,2,0.0,Deluxe,214.25,Offline Agent,Check-Out,2023,7,Jul,2023-07,4,857.0,0
BKG102998,City Hotel,2023-01-08,2023-05-20,2023-05-25,132,Singapore,4,0.0,Family,320.59,Offline Agent,Canceled,2023,1,Jan,2023-01,5,1602.9499999999998,1
BKG102999,Resort Hotel,2022-09-30,2022-10-25,2022-11-01,25,India,2,1.0,Family,282.35,Direct,Check-Out,2022,9,Sep,2022-09,7,1976.4500000000003,0
BKG103000,Resort Hotel,2022-12-07,2023-03-05,2023-03-08,88,France,4,1.0,Suite,175.89,Corporate,Check-Out,2022,12,Dec,2022-12,3,527.67,0
BKG103001,Resort Hotel,2022-04-16,2022-05-14,2022-05-19,28,Singapore,3,0.0,Standard,167.26,Corporate,Canceled,2022,4,Apr,2022-04,5,836.3,1
BKG103002,Resort Hotel,2023-12-21,2024-03-27,2024-03-29,97,USA,1,1.0,Suite,216.31,Offline Agent,Canceled,2023,12,Dec,2023-12,2,432.62,1
BKG103003,Resort Hotel,2024-05-30,2024-07-19,2024-07-26,50,Australia,1,0.0,Standard,209.76,Corporate,Check-Out,2024,5,May,2024-05,7,1468.32,0
BKG103004,Resort Hotel,2023-12-28,2024-06-06,2024-06-11,161,Australia,4,0.0,Deluxe,323.83,Online Travel Agent,Check-Out,2023,12,Dec,2023-12,5,1619.1499999999999,0
BKG103005,Resort Hotel,2022-09-19,2022-11-17,2022-11-25,59,Germany,4,0.0,Suite,346.71,Corporate,Check-Out,2022,9,Sep,2022-09,8,2773.68,0
BKG103006,Resort Hotel,2022-11-19,2023-01-29,2023-02-04,71,India,3,1.0,Deluxe,288.5,Online Travel Agent,Canceled,2022,11,Nov,2022-11,6,1731.0,1
BKG103007,Resort Hotel,2022-04-05,2022-09-05,2022-09-12,153,Australia,2,0.0,Family,204.0,Offline Agent,Canceled,2022,4,Apr,2022-04,7,1428.0,1
BKG103008,Resort Hotel,2023-12-05,2024-01-06,2024-01-08,32,Singapore,4,0.0,Suite,173.27,Online Travel Agent,Canceled,2023,12,Dec,2023-12,2,346.54,1
BKG103009,Resort Hotel,2022-11-29,2023-05-21,2023-05-29,173,Brazil,1,2.0,Standard,116.17,Offline Agent,Check-Out,2022,11,Nov,2022-11,8,929.36,0
BKG103010,City Hotel,2023-01-05,2023-01-13,2023-01-22,8,India,1,0.0,Deluxe,114.8,Corporate,Canceled,2023,1,Jan,2023-01,9,1033.2,1
BKG103011,City Hotel,2023-10-06,2023-12-09,2023-12-18,64,Australia,3,0.0,Standard,312.77,Online Travel Agent,Check-Out,2023,10,Oct,2023-10,9,2814.93,0
BKG103012,Resort Hotel,2022-06-26,2022-10-28,2022-11-07,124,France,3,2.0,Deluxe,157.26,Corporate,Check-Out,2022,6,Jun,2022-06,10,1572.6,0
BKG103013,Resort Hotel,2023-09-20,2023-12-28,2024-01-04,99,Canada,3,0.0,Suite,100.07,Offline Agent,Check-Out,2023,9,Sep,2023-09,7,700.49,0
BKG103014,Resort Hotel,2022-12-18,2023-01-30,2023-02-08,43,Canada,1,0.0,Deluxe,92.55,Corporate,Check-Out,2022,12,Dec,2022-12,9,832.9499999999999,0
BKG103015,City Hotel,2023-08-17,2024-02-02,2024-02-07,169,USA,3,2.0,Family,113.4,Direct,Check-Out,2023,8,Aug,2023-08,5,567.0,0
BKG103016,Resort Hotel,2024-04-23,2024-06-03,2024-06-10,41,India,3,2.0,Standard,235.75,Online Travel Agent,Check-Out,2024,4,Apr,2024-04,7,1650.25,0
BKG103017,City Hotel,2023-04-22,2023-09-11,2023-09-13,142,Canada,2,0.0,Family,142.32,Online Travel Agent,Canceled,2023,4,Apr,2023-04,2,284.64,1
BKG103018,City Hotel,2022-09-03,2022-09-13,2022-09-18,10,UK,3,2.0,Deluxe,141.73,Corporate,Canceled,2022,9,Sep,2022-09,5,708.65,1
BKG103019,City Hotel,2024-03-03,2024-04-10,2024-04-19,38,UAE,2,0.0,Family,200.18,Offline Agent,Check-Out,2024,3,Mar,2024-03,9,1801.6200000000001,0
BKG103020,City Hotel,2023-07-23,2023-08-23,2023-08-27,31,Australia,1,0.0,Suite,180.22,Offline Agent,No-Show,2023,7,Jul,2023-07,4,720.88,0
BKG103021,Resort Hotel,2023-04-29,2023-05-23,2023-05-25,24,Singapore,3,2.0,Family,222.51,Online Travel Agent,Check-Out,2023,4,Apr,2023-04,2,445.02,0
BKG103022,Resort Hotel,2023-06-19,2023-11-18,2023-11-23,152,USA,1,0.0,Family,201.42,Online Travel Agent,Check-Out,2023,6,Jun,2023-06,5,1007.0999999999999,0
BKG103023,Resort Hotel,2023-02-15,2023-04-21,2023-04-26,65,India,4,0.0,Family,340.67,Corporate,Canceled,2023,2,Feb,2023-02,5,1703.3500000000001,1
BKG103024,City Hotel,2022-06-26,2022-09-11,2022-09-19,77,UK,2,2.0,Deluxe,326.0,Offline Agent,No-Show,2022,6,Jun,2022-06,8,2608.0,0
BKG103025,City Hotel,2023-11-17,2024-03-19,2024-03-24,123,Singapore,4,1.0,Family,61.37,Direct,Check-Out,2023,11,Nov,2023-11,5,306.84999999999997,0
BKG103026,Resort Hotel,2022-06-26,2022-09-19,2022-09-21,85,Singapore,2,0.0,Deluxe,277.78,Direct,Check-Out,2022,6,Jun,2022-06,2,555.56,0
BKG103027,Resort Hotel,2023-08-09,2024-01-05,2024-01-06,149,UK,4,0.0,Family,179.46,Corporate,Canceled,2023,8,Aug,2023-08,1,179.46,1
BKG103028,City Hotel,2024-05-13,2024-07-04,2024-07-13,52,Canada,2,2.0,Standard,247.51,Offline Agent,Check-Out,2024,5,May,2024-05,9,2227.59,0
BKG103029,Resort Hotel,2024-02-16,2024-08-05,2024-08-14,171,India,2,0.0,Deluxe,282.88,Offline Agent,Check-Out,2024,2,Feb,2024-02,9,2545.92,0
BKG103030,City Hotel,2024-02-15,2024-07-15,2024-07-16,151,Singapore,4,0.0,Standard,295.12,Offline Agent,Canceled,2024,2,Feb,2024-02,1,295.12,1
BKG103031,Resort Hotel,2023-12-23,2024-04-12,2024-04-22,111,Brazil,2,0.0,Family,70.61,Corporate,Check-Out,2023,12,Dec,2023-12,10,706.1,0
BKG103032,City Hotel,2023-09-01,2023-10-10,2023-10-17,39,UK,4,0.0,Family,216.84,Corporate,Check-Out,2023,9,Sep,2023-09,7,1517.88,0
BKG103033,Resort Hotel,2023-05-02,2023-07-14,2023-07-19,73,Australia,3,0.0,Family,151.83,Online Travel Agent,Check-Out,2023,5,May,2023-05,5,759.1500000000001,0
BKG103034,City Hotel,2022-10-10,2022-11-01,2022-11-11,22,Canada,2,2.0,Family,89.86,Corporate,Check-Out,2022,10,Oct,2022-10,10,898.6,0
BKG103035,Resort Hotel,2024-04-05,2024-04-15,2024-04-19,10,India,3,0.0,Deluxe,281.77,Offline Agent,No-Show,2024,4,Apr,2024-04,4,1127.08,0
BKG103036,City Hotel,2023-02-11,2023-07-17,2023-07-21,156,France,1,0.0,Suite,96.25,Direct,No-Show,2023,2,Feb,2023-02,4,385.0,0
BKG103037,Resort Hotel,2023-01-16,2023-05-09,2023-05-13,113,Canada,2,0.0,Suite,237.42,Online Travel Agent,Canceled,2023,1,Jan,2023-01,4,949.68,1
BKG103038,Resort Hotel,2022-08-21,2022-11-14,2022-11-16,85,France,4,2.0,Family,159.42,Offline Agent,Canceled,2022,8,Aug,2022-08,2,318.84,1
BKG103039,Resort Hotel,2023-01-12,2023-02-12,2023-02-15,31,India,3,2.0,Suite,118.03,Direct,Check-Out,2023,1,Jan,2023-01,3,354.09000000000003,0
BKG103040,City Hotel,2024-02-25,2024-06-08,2024-06-18,104,Australia,2,0.0,Deluxe,99.44,Corporate,Check-Out,2024,2,Feb,2024-02,10,994.4,0
BKG103041,Resort Hotel,2023-06-30,2023-09-28,2023-10-05,90,Germany,2,0.0,Family,126.95,Online Travel Agent,Check-Out,2023,6,Jun,2023-06,7,888.65,0
BKG103042,Resort Hotel,2024-02-08,2024-07-05,2024-07-09,148,Canada,1,0.0,Standard,127.59,Online Travel Agent,Check-Out,2024,2,Feb,2024-02,4,510.36,0
BKG103043,Resort Hotel,2023-08-22,2023-11-09,2023-11-12,79,Germany,2,0.0,Family,331.33,Online Travel Agent,Check-Out,2023,8,Aug,2023-08,3,993.99,0
BKG103044,Resort Hotel,2022-07-15,2022-09-12,2022-09-16,59,Singapore,1,0.0,Family,317.3,Corporate,Check-Out,2022,7,Jul,2022-07,4,1269.2,0
BKG103045,Resort Hotel,2024-02-24,2024-03-16,2024-03-19,21,France,3,1.0,Family,318.35,Direct,Check-Out,2024,2,Feb,2024-02,3,955.0500000000001,0
BKG103046,City Hotel,2023-08-30,2024-01-11,2024-01-17,134,Singapore,1,1.0,Standard,335.35,Offline Agent,Check-Out,2023,8,Aug,2023-08,6,2012.1000000000001,0
BKG103047,Resort Hotel,2024-05-14,2024-11-10,2024-11-16,180,USA,3,0.0,Suite,271.09,Offline Agent,Check-Out,2024,5,May,2024-05,6,1626.54,0
BKG103048,City Hotel,2023-07-07,2023-09-01,2023-09-09,56,Germany,2,1.0,Deluxe,143.92,Offline Agent,Check-Out,2023,7,Jul,2023-07,8,1151.36,0
BKG103049,Resort Hotel,2023-09-09,2023-12-27,2024-01-05,109,Singapore,3,2.0,Deluxe,119.21,Online Travel Agent,Check-Out,2023,9,Sep,2023-09,9,1072.8899999999999,0
BKG103050,Resort Hotel,2023-04-13,2023-09-17,2023-09-27,157,USA,4,2.0,Suite,310.13,Online Travel Agent,Check-Out,2023,4,Apr,2023-04,10,3101.3,0
BKG103051,City Hotel,2022-04-07,2022-09-06,2022-09-15,152,UAE,3,2.0,Suite,299.04,Online Travel Agent,Check-Out,2022,4,Apr,2022-04,9,2691.36,0
BKG103052,City Hotel,2024-01-15,2024-01-22,2024-01-25,7,Singapore,3,0.0,Family,174.88,Online Travel Agent,Check-Out,2024,1,Jan,2024-01,3,524.64,0
BKG103053,City Hotel,2023-04-14,2023-06-10,2023-06-15,57,Brazil,4,1.0,Family,196.6,Direct,Check-Out,2023,4,Apr,2023-04,5,983.0,0
BKG103054,City Hotel,2023-08-21,2023-11-20,2023-11-30,91,UK,1,0.0,Suite,127.02,Direct,Canceled,2023,8,Aug,2023-08,10,1270.2,1
BKG103055,City Hotel,2023-01-26,2023-03-10,2023-03-13,43,Germany,1,0.0,Family,162.22,Corporate,Check-Out,2023,1,Jan,2023-01,3,486.65999999999997,0
BKG103056,City Hotel,2023-11-24,2024-03-09,2024-03-13,106,India,3,2.0,Deluxe,157.68,Corporate,Check-Out,2023,11,Nov,2023-11,4,630.72,0
BKG103057,City Hotel,2024-02-01,2024-04-14,2024-04-21,73,Germany,3,1.0,Standard,285.82,Offline Agent,Check-Out,2024,2,Feb,2024-02,7,2000.74,0
BKG103058,Resort Hotel,2023-05-18,2023-07-12,2023-07-13,55,India,1,0.0,Deluxe,274.12,Offline Agent,Canceled,2023,5,May,2023-05,1,274.12,1
BKG103059,City Hotel,2023-01-25,2023-07-15,2023-07-22,171,Canada,2,0.0,Deluxe,161.77,Direct,Check-Out,2023,1,Jan,2023-01,7,1132.39,0
BKG103060,Resort Hotel,2024-01-18,2024-03-10,2024-03-15,52,Australia,4,0.0,Family,223.64,Online Travel Agent,Canceled,2024,1,Jan,2024-01,5,1118.1999999999998,1
BKG103061,City Hotel,2023-08-18,2023-09-18,2023-09-19,31,Australia,1,0.0,Standard,219.13,Online Travel Agent,Check-Out,2023,8,Aug,2023-08,1,219.13,0
BKG103062,City Hotel,2024-05-29,2024-07-07,2024-07-14,39,Singapore,3,0.0,Deluxe,327.95,Offline Agent,Check-Out,2024,5,May,2024-05,7,2295.65,0
BKG103063,Resort Hotel,2023-09-21,2023-12-22,2023-12-27,92,Brazil,1,1.0,Standard,347.6,Direct,Check-Out,2023,9,Sep,2023-09,5,1738.0,0
BKG103064,City Hotel,2023-03-01,2023-05-14,2023-05-20,74,Germany,1,0.0,Suite,142.81,Offline Agent,Check-Out,2023,3,Mar,2023-03,6,856.86,0
BKG103065,Resort Hotel,2023-08-12,2023-10-27,2023-11-01,76,Singapore,4,0.0,Family,259.71,Online Travel Agent,Canceled,2023,8,Aug,2023-08,5,1298.55,1
BKG103066,City Hotel,2024-03-16,2024-06-07,2024-06-10,83,USA,1,0.0,Deluxe,172.81,Offline Agent,Check-Out,2024,3,Mar,2024-03,3,518.4300000000001,0
BKG103067,Resort Hotel,2022-11-07,2023-03-02,2023-03-10,115,Canada,1,2.0,Suite,213.31,Direct,Canceled,2022,11,Nov,2022-11,8,1706.48,1
BKG103068,Resort Hotel,2022-12-30,2023-01-10,2023-01-20,11,Singapore,4,2.0,Standard,152.48,Offline Agent,Check-Out,2022,12,Dec,2022-12,10,1524.8,0
BKG103069,City Hotel,2022-11-28,2022-12-12,2022-12-15,14,France,2,0.0,Family,208.34,Direct,Check-Out,2022,11,Nov,2022-11,3,625.02,0
BKG103070,City Hotel,2022-08-16,2022-10-31,2022-11-04,76,UK,3,0.0,Standard,213.23,Direct,Canceled,2022,8,Aug,2022-08,4,852.92,1
BKG103071,Resort Hotel,2023-12-04,2024-03-04,2024-03-11,91,India,1,0.0,Standard,206.28,Direct,Check-Out,2023,12,Dec,2023-12,7,1443.96,0
BKG103072,City Hotel,2022-11-14,2023-03-01,2023-03-11,107,Brazil,3,0.0,Standard,183.88,Direct,Check-Out,2022,11,Nov,2022-11,10,1838.8,0
BKG103073,Resort Hotel,2022-09-23,2023-01-13,2023-01-18,112,USA,4,1.0,Family,273.05,Online Travel Agent,Check-Out,2022,9,Sep,2022-09,5,1365.25,0
BKG103074,City Hotel,2022-04-29,2022-07-24,2022-07-25,86,UAE,2,2.0,Suite,296.68,Offline Agent,Canceled,2022,4,Apr,2022-04,1,296.68,1
BKG103075,City Hotel,2023-12-30,2024-06-26,2024-06-28,179,USA,1,0.0,Suite,288.47,Direct,Check-Out,2023,12,Dec,2023-12,2,576.94,0
BKG103076,Resort Hotel,2023-01-17,2023-02-19,2023-02-28,33,Singapore,4,1.0,Family,60.37,Corporate,Canceled,2023,1,Jan,2023-01,9,543.3299999999999,1
BKG103077,Resort Hotel,2024-02-24,2024-03-01,2024-03-04,6,USA,3,1.0,Standard,115.98,Online Travel Agent,Check-Out,2024,2,Feb,2024-02,3,347.94,0
BKG103078,City Hotel,2022-10-29,2023-01-27,2023-02-04,90,Singapore,1,2.0,Standard,86.87,Offline Agent,Canceled,2022,10,Oct,2022-10,8,694.96,1
BKG103079,Resort Hotel,2023-11-01,2023-11-24,2023-12-04,23,Germany,3,2.0,Family,224.78,Corporate,Check-Out,2023,11,Nov,2023-11,10,2247.8,0
BKG103080,City Hotel,2022-12-31,2023-03-27,2023-03-29,86,Singapore,1,2.0,Family,124.56,Online Travel Agent,Check-Out,2022,12,Dec,2022-12,2,249.12,0
BKG103081,Resort Hotel,2024-03-25,2024-09-10,2024-09-18,169,France,1,1.0,Deluxe,62.26,Direct,Canceled,2024,3,Mar,2024-03,8,498.08,1
BKG103082,Resort Hotel,2024-02-09,2024-06-30,2024-07-06,142,Brazil,1,1.0,Family,326.34,Online Travel Agent,Check-Out,2024,2,Feb,2024-02,6,1958.04,0
BKG103083,City Hotel,2023-08-29,2023-10-24,2023-10-28,56,Brazil,2,0.0,Suite,281.1,Direct,No-Show,2023,8,Aug,2023-08,4,1124.4,0
BKG103084,Resort Hotel,2022-02-13,2022-07-07,2022-07-12,144,Canada,1,0.0,Standard,333.66,Offline Agent,Check-Out,2022,2,Feb,2022-02,5,1668.3000000000002,0
BKG103085,City Hotel,2023-06-19,2023-11-08,2023-11-14,142,Singapore,4,0.0,Standard,267.74,Offline Agent,Check-Out,2023,6,Jun,2023-06,6,1606.44,0
BKG103086,Resort Hotel,2022-03-11,2022-09-03,2022-09-06,176,India,4,0.0,Family,269.04,Corporate,Canceled,2022,3,Mar,2022-03,3,807.1200000000001,1
BKG103087,City Hotel,2023-03-16,2023-06-05,2023-06-13,81,India,1,0.0,Standard,91.95,Online Travel Agent,Canceled,2023,3,Mar,2023-03,8,735.6,1
BKG103088,City Hotel,2023-11-15,2023-12-18,2023-12-22,33,Australia,2,0.0,Family,77.19,Direct,Check-Out,2023,11,Nov,2023-11,4,308.76,0
BKG103089,City Hotel,2024-03-17,2024-04-24,2024-04-28,38,Brazil,1,0.0,Family,296.64,Online Travel Agent,Canceled,2024,3,Mar,2024-03,4,1186.56,1
BKG103090,Resort Hotel,2023-08-20,2024-02-16,2024-02-23,180,France,1,2.0,Suite,281.21,Online Travel Agent,Check-Out,2023,8,Aug,2023-08,7,1968.4699999999998,0
BKG103091,Resort Hotel,2022-04-02,2022-04-18,2022-04-21,16,Singapore,1,0.0,Family,289.86,Offline Agent,Canceled,2022,4,Apr,2022-04,3,869.58,1
BKG103092,City Hotel,2024-03-05,2024-03-31,2024-04-09,26,India,1,0.0,Standard,133.98,Offline Agent,Canceled,2024,3,Mar,2024-03,9,1205.82,1
BKG103093,City Hotel,2022-09-20,2022-09-29,2022-10-08,9,France,2,0.0,Suite,183.21,Corporate,Check-Out,2022,9,Sep,2022-09,9,1648.89,0
BKG103094,Resort Hotel,2023-02-18,2023-02-20,2023-03-02,2,Australia,3,2.0,Suite,70.07,Corporate,Check-Out,2023,2,Feb,2023-02,10,700.6999999999999,0
BKG103095,City Hotel,2023-09-01,2024-01-21,2024-01-25,142,France,3,2.0,Deluxe,249.62,Corporate,Check-Out,2023,9,Sep,2023-09,4,998.48,0
BKG103096,City Hotel,2022-05-27,2022-11-13,2022-11-23,170,Canada,1,0.0,Family,239.89,Direct,Check-Out,2022,5,May,2022-05,10,2398.8999999999996,0
BKG103097,City Hotel,2022-07-15,2023-01-03,2023-01-12,172,Brazil,3,1.0,Family,177.81,Corporate,Check-Out,2022,7,Jul,2022-07,9,1600.29,0
BKG103098,City Hotel,2022-04-09,2022-07-18,2022-07-23,100,USA,4,0.0,Family,212.09,Corporate,Check-Out,2022,4,Apr,2022-04,5,1060.45,0
BKG103099,City Hotel,2023-01-20,2023-06-01,2023-06-07,132,UK,1,0.0,Family,340.17,Offline Agent,Check-Out,2023,1,Jan,2023-01,6,2041.02,0
BKG103100,Resort Hotel,2024-02-16,2024-05-25,2024-06-01,99,Germany,2,2.0,Suite,175.72,Direct,Check-Out,2024,2,Feb,2024-02,7,1230.04,0
BKG103101,Resort Hotel,2023-02-14,2023-07-04,2023-07-14,140,Australia,4,1.0,Suite,248.64,Offline Agent,Check-Out,2023,2,Feb,2023-02,10,2486.3999999999996,0
BKG103102,City Hotel,2023-05-25,2023-09-27,2023-10-02,125,Australia,1,0.0,Deluxe,78.24,Direct,Check-Out,2023,5,May,2023-05,5,391.2,0
BKG103103,City Hotel,2022-06-01,2022-08-22,2022-08-25,82,Australia,3,0.0,Family,338.7,Offline Agent,Canceled,2022,6,Jun,2022-06,3,1016.0999999999999,1
BKG103104,Resort Hotel,2022-01-01,2022-05-14,2022-05-20,133,Canada,3,2.0,Deluxe,173.24,Online Travel Agent,Check-Out,2022,1,Jan,2022-01,6,1039.44,0
BKG103105,Resort Hotel,2024-05-19,2024-06-02,2024-06-08,14,UAE,2,0.0,Deluxe,241.52,Online Travel Agent,Check-Out,2024,5,May,2024-05,6,1449.1200000000001,0
BKG103106,Resort Hotel,2022-05-02,2022-09-10,2022-09-15,131,France,3,1.0,Deluxe,64.83,Direct,Check-Out,2022,5,May,2022-05,5,324.15,0
BKG103107,City Hotel,2024-01-14,2024-02-14,2024-02-15,31,France,1,0.0,Deluxe,327.19,Online Travel Agent,Canceled,2024,1,Jan,2024-01,1,327.19,1
BKG103108,City Hotel,2022-10-11,2023-04-07,2023-04-09,178,Singapore,3,0.0,Deluxe,294.16,Corporate,Check-Out,2022,10,Oct,2022-10,2,588.32,0
BKG103109,Resort Hotel,2024-03-30,2024-05-19,2024-05-27,50,France,4,2.0,Standard,281.0,Direct,Check-Out,2024,3,Mar,2024-03,8,2248.0,0
BKG103110,City Hotel,2022-04-28,2022-08-15,2022-08-24,109,Brazil,2,0.0,Standard,86.89,Online Travel Agent,Check-Out,2022,4,Apr,2022-04,9,782.01,0
BKG103111,Resort Hotel,2022-02-13,2022-08-06,2022-08-16,174,Australia,4,0.0,Suite,309.84,Offline Agent,Check-Out,2022,2,Feb,2022-02,10,3098.3999999999996,0
BKG103112,City Hotel,2023-09-24,2024-01-13,2024-01-17,111,France,3,0.0,Suite,206.14,Direct,Check-Out,2023,9,Sep,2023-09,4,824.56,0
BKG103113,City Hotel,2024-02-25,2024-08-22,2024-08-27,179,UK,2,0.0,Suite,277.21,Corporate,Check-Out,2024,2,Feb,2024-02,5,1386.05,0
BKG103114,City Hotel,2022-07-10,2022-08-11,2022-08-17,32,Singapore,2,0.0,Deluxe,93.86,Online Travel Agent,Check-Out,2022,7,Jul,2022-07,6,563.16,0
BKG103115,Resort Hotel,2022-09-13,2022-11-16,2022-11-22,64,Singapore,3,0.0,Family,220.67,Direct,Check-Out,2022,9,Sep,2022-09,6,1324.02,0
BKG103116,City Hotel,2022-09-26,2023-01-16,2023-01-23,112,India,4,1.0,Deluxe,170.11,Offline Agent,Check-Out,2022,9,Sep,2022-09,7,1190.77,0
BKG103117,Resort Hotel,2023-12-25,2024-06-20,2024-06-29,178,India,4,0.0,Family,269.66,Online Travel Agent,Check-Out,2023,12,Dec,2023-12,9,2426.94,0
BKG103118,City Hotel,2023-12-02,2024-01-26,2024-02-02,55,UK,3,2.0,Family,114.98,Direct,Check-Out,2023,12,Dec,2023-12,7,804.86,0
BKG103119,City Hotel,2023-11-02,2023-11-10,2023-11-18,8,Germany,3,0.0,Standard,134.51,Online Travel Agent,Check-Out,2023,11,Nov,2023-11,8,1076.08,0
BKG103120,City Hotel,2023-02-01,2023-02-21,2023-02-26,20,France,3,0.0,Suite,101.28,Online Travel Agent,Check-Out,2023,2,Feb,2023-02,5,506.4,0
BKG103121,City Hotel,2022-07-29,2022-09-21,2022-09-23,54,Australia,4,0.0,Deluxe,295.12,Direct,Canceled,2022,7,Jul,2022-07,2,590.24,1
BKG103122,City Hotel,2024-03-15,2024-08-10,2024-08-18,148,India,2,2.0,Standard,185.32,Online Travel Agent,Canceled,2024,3,Mar,2024-03,8,1482.56,1
BKG103123,City Hotel,2024-02-04,2024-03-27,2024-04-01,52,UAE,2,0.0,Suite,147.44,Offline Agent,Check-Out,2024,2,Feb,2024-02,5,737.2,0
BKG103124,Resort Hotel,2024-01-22,2024-06-05,2024-06-14,135,UK,1,1.0,Standard,208.4,Corporate,Check-Out,2024,1,Jan,2024-01,9,1875.6000000000001,0
BKG103125,Resort Hotel,2022-06-07,2022-10-12,2022-10-22,127,Australia,3,0.0,Deluxe,192.34,Offline Agent,Canceled,2022,6,Jun,2022-06,10,1923.4,1
BKG103126,Resort Hotel,2023-08-21,2023-09-01,2023-09-05,11,Germany,2,0.0,Family,106.45,Corporate,Check-Out,2023,8,Aug,2023-08,4,425.8,0
BKG103127,Resort Hotel,2024-06-19,2024-10-09,2024-10-10,112,France,3,1.0,Deluxe,119.95,Offline Agent,Check-Out,2024,6,Jun,2024-06,1,119.95,0
BKG103128,Resort Hotel,2022-11-14,2023-03-11,2023-03-19,117,Germany,4,0.0,Family,61.85,Offline Agent,Check-Out,2022,11,Nov,2022-11,8,494.8,0
BKG103129,City Hotel,2024-02-20,2024-05-20,2024-05-27,90,Australia,1,0.0,Deluxe,254.94,Direct,Canceled,2024,2,Feb,2024-02,7,1784.58,1
BKG103130,Resort Hotel,2023-07-17,2023-08-25,2023-08-27,39,Singapore,2,2.0,Family,96.85,Direct,Check-Out,2023,7,Jul,2023-07,2,193.7,0
BKG103131,Resort Hotel,2024-03-20,2024-05-25,2024-06-02,66,Brazil,2,1.0,Deluxe,135.81,Direct,Canceled,2024,3,Mar,2024-03,8,1086.48,1
BKG103132,Resort Hotel,2022-11-03,2023-02-03,2023-02-13,92,Australia,4,2.0,Family,108.17,Offline Agent,Check-Out,2022,11,Nov,2022-11,10,1081.7,0
BKG103133,City Hotel,2022-10-07,2023-02-23,2023-03-01,139,France,2,0.0,Deluxe,112.69,Corporate,Check-Out,2022,10,Oct,2022-10,6,676.14,0
BKG103134,City Hotel,2024-01-15,2024-03-25,2024-04-04,70,Australia,1,0.0,Suite,340.31,Online Travel Agent,Check-Out,2024,1,Jan,2024-01,10,3403.1,0
BKG103135,City Hotel,2022-09-25,2022-11-10,2022-11-12,46,Australia,1,1.0,Standard,277.31,Offline Agent,Canceled,2022,9,Sep,2022-09,2,554.62,1
BKG103136,Resort Hotel,2022-01-20,2022-04-08,2022-04-17,78,USA,2,1.0,Family,133.2,Corporate,Check-Out,2022,1,Jan,2022-01,9,1198.8,0
BKG103137,Resort Hotel,2023-01-06,2023-05-27,2023-06-02,141,Canada,3,0.0,Deluxe,81.24,Online Travel Agent,Check-Out,2023,1,Jan,2023-01,6,487.43999999999994,0
BKG103138,Resort Hotel,2024-05-23,2024-09-04,2024-09-08,104,Canada,4,0.0,Family,227.1,Offline Agent,Check-Out,2024,5,May,2024-05,4,908.4,0
BKG103139,City Hotel,2023-05-20,2023-09-18,2023-09-26,121,USA,3,2.0,Deluxe,120.78,Corporate,Check-Out,2023,5,May,2023-05,8,966.24,0
BKG103140,Resort Hotel,2022-09-21,2023-02-20,2023-02-22,152,Singapore,3,0.0,Suite,284.58,Direct,Check-Out,2022,9,Sep,2022-09,2,569.16,0
BKG103141,City Hotel,2023-05-19,2023-06-21,2023-06-25,33,Australia,2,2.0,Standard,236.01,Corporate,Canceled,2023,5,May,2023-05,4,944.04,1
BKG103142,City Hotel,2022-02-03,2022-02-27,2022-03-01,24,France,1,0.0,Standard,236.84,Corporate,Check-Out,2022,2,Feb,2022-02,2,473.68,0
BKG103143,Resort Hotel,2024-02-07,2024-03-28,2024-04-04,50,France,3,1.0,Standard,239.36,Online Travel Agent,Check-Out,2024,2,Feb,2024-02,7,1675.52,0
BKG103144,City Hotel,2024-01-14,2024-05-27,2024-06-03,134,Canada,1,1.0,Standard,285.43,Corporate,Canceled,2024,1,Jan,2024-01,7,1998.01,1
BKG103145,City Hotel,2024-03-30,2024-09-14,2024-09-24,168,Germany,1,0.0,Family,344.56,Offline Agent,Check-Out,2024,3,Mar,2024-03,10,3445.6,0
BKG103146,Resort Hotel,2023-08-10,2023-11-15,2023-11-23,97,Brazil,2,1.0,Family,191.11,Online Travel Agent,Check-Out,2023,8,Aug,2023-08,8,1528.88,0
BKG103147,Resort Hotel,2022-07-05,2022-08-23,2022-08-31,49,India,2,1.0,Suite,148.61,Offline Agent,Check-Out,2022,7,Jul,2022-07,8,1188.88,0
BKG103148,Resort Hotel,2023-03-26,2023-05-05,2023-05-10,40,UAE,3,0.0,Suite,345.41,Offline Agent,Check-Out,2023,3,Mar,2023-03,5,1727.0500000000002,0
BKG103149,City Hotel,2022-06-10,2022-10-13,2022-10-21,125,France,1,0.0,Standard,93.53,Offline Agent,Check-Out,2022,6,Jun,2022-06,8,748.24,0
BKG103150,City Hotel,2022-07-30,2023-01-06,2023-01-09,160,Singapore,4,0.0,Suite,296.98,Offline Agent,Check-Out,2022,7,Jul,2022-07,3,890.94,0
BKG103151,City Hotel,2023-12-06,2024-04-21,2024-04-30,137,Brazil,4,0.0,Family,70.13,Direct,Canceled,2023,12,Dec,2023-12,9,631.17,1
BKG103152,Resort Hotel,2023-05-28,2023-09-01,2023-09-09,96,Australia,3,0.0,Suite,335.18,Corporate,Canceled,2023,5,May,2023-05,8,2681.44,1
BKG103153,City Hotel,2022-02-22,2022-04-06,2022-04-13,43,Australia,2,0.0,Suite,202.1,Offline Agent,Canceled,2022,2,Feb,2022-02,7,1414.7,1
BKG103154,City Hotel,2024-03-28,2024-06-03,2024-06-09,67,Brazil,4,1.0,Suite,171.65,Offline Agent,Canceled,2024,3,Mar,2024-03,6,1029.9,1
BKG103155,City Hotel,2022-12-24,2023-03-24,2023-03-28,90,India,3,0.0,Deluxe,323.07,Corporate,Check-Out,2022,12,Dec,2022-12,4,1292.28,0
BKG103156,Resort Hotel,2023-01-09,2023-03-11,2023-03-19,61,Singapore,4,0.0,Suite,234.15,Offline Agent,Check-Out,2023,1,Jan,2023-01,8,1873.2,0
BKG103157,Resort Hotel,2022-08-21,2023-02-01,2023-02-11,164,Canada,3,0.0,Suite,314.48,Corporate,Check-Out,2022,8,Aug,2022-08,10,3144.8,0
BKG103158,Resort Hotel,2022-02-03,2022-06-06,2022-06-15,123,Germany,1,0.0,Suite,126.58,Offline Agent,Check-Out,2022,2,Feb,2022-02,9,1139.22,0
BKG103159,City Hotel,2022-07-11,2022-12-13,2022-12-15,155,Singapore,2,1.0,Standard,234.24,Corporate,Canceled,2022,7,Jul,2022-07,2,468.48,1
BKG103160,City Hotel,2022-01-30,2022-05-31,2022-06-04,121,USA,4,0.0,Suite,76.06,Online Travel Agent,Canceled,2022,1,Jan,2022-01,4,304.24,1
BKG103161,Resort Hotel,2023-01-31,2023-03-27,2023-03-30,55,UK,3,0.0,Family,151.13,Corporate,Check-Out,2023,1,Jan,2023-01,3,453.39,0
BKG103162,City Hotel,2024-06-09,2024-10-23,2024-10-31,136,Australia,4,0.0,Family,118.61,Corporate,Check-Out,2024,6,Jun,2024-06,8,948.88,0
BKG103163,Resort Hotel,2022-09-30,2023-03-26,2023-04-02,177,Canada,4,0.0,Deluxe,131.82,Offline Agent,Check-Out,2022,9,Sep,2022-09,7,922.74,0
BKG103164,Resort Hotel,2022-12-10,2023-05-11,2023-05-14,152,India,1,2.0,Standard,142.27,Online Travel Agent,Check-Out,2022,12,Dec,2022-12,3,426.81000000000006,0
BKG103165,City Hotel,2023-05-16,2023-09-04,2023-09-05,111,USA,4,2.0,Family,91.95,Corporate,No-Show,2023,5,May,2023-05,1,91.95,0
BKG103166,Resort Hotel,2022-09-26,2023-02-24,2023-03-04,151,Singapore,4,2.0,Deluxe,243.82,Direct,Canceled,2022,9,Sep,2022-09,8,1950.56,1
BKG103167,City Hotel,2022-01-23,2022-05-12,2022-05-14,109,Australia,3,0.0,Suite,122.34,Corporate,Canceled,2022,1,Jan,2022-01,2,244.68,1
BKG103168,City Hotel,2023-04-30,2023-09-12,2023-09-22,135,UK,2,0.0,Family,66.65,Online Travel Agent,Check-Out,2023,4,Apr,2023-04,10,666.5,0
BKG103169,City Hotel,2023-04-24,2023-05-01,2023-05-08,7,India,4,0.0,Family,185.49,Online Travel Agent,Check-Out,2023,4,Apr,2023-04,7,1298.43,0
BKG103170,City Hotel,2023-12-18,2024-05-04,2024-05-06,138,USA,2,2.0,Deluxe,112.88,Online Travel Agent,Check-Out,2023,12,Dec,2023-12,2,225.76,0
BKG103171,City Hotel,2023-05-19,2023-09-14,2023-09-19,118,USA,3,2.0,Deluxe,246.94,Direct,Check-Out,2023,5,May,2023-05,5,1234.7,0
BKG103172,Resort Hotel,2023-05-28,2023-09-19,2023-09-20,114,Canada,3,2.0,Family,285.77,Online Travel Agent,Check-Out,2023,5,May,2023-05,1,285.77,0
BKG103173,City Hotel,2024-02-11,2024-05-24,2024-05-30,103,India,1,0.0,Family,297.41,Online Travel Agent,No-Show,2024,2,Feb,2024-02,6,1784.46,0
BKG103174,City Hotel,2023-06-25,2023-08-16,2023-08-25,52,Singapore,3,1.0,Deluxe,213.96,Online Travel Agent,Check-Out,2023,6,Jun,2023-06,9,1925.64,0
BKG103175,City Hotel,2023-06-14,2023-09-11,2023-09-19,89,France,2,1.0,Standard,329.61,Corporate,Canceled,2023,6,Jun,2023-06,8,2636.88,1
BKG103176,Resort Hotel,2023-09-28,2023-10-31,2023-11-08,33,Germany,2,2.0,Standard,76.75,Online Travel Agent,Check-Out,2023,9,Sep,2023-09,8,614.0,0
BKG103177,Resort Hotel,2024-04-18,2024-08-25,2024-08-29,129,Australia,4,0.0,Family,131.25,Corporate,Canceled,2024,4,Apr,2024-04,4,525.0,1
BKG103178,City Hotel,2023-05-30,2023-08-06,2023-08-11,68,Brazil,3,0.0,Deluxe,219.74,Online Travel Agent,Check-Out,2023,5,May,2023-05,5,1098.7,0
BKG103179,City Hotel,2022-07-10,2022-12-17,2022-12-18,160,UK,4,0.0,Family,186.36,Online Travel Agent,Check-Out,2022,7,Jul,2022-07,1,186.36,0
BKG103180,City Hotel,2023-01-06,2023-02-15,2023-02-19,40,Australia,1,0.0,Deluxe,236.04,Direct,Check-Out,2023,1,Jan,2023-01,4,944.16,0
BKG103181,Resort Hotel,2023-09-07,2023-10-19,2023-10-23,42,Australia,3,1.0,Standard,162.26,Offline Agent,Check-Out,2023,9,Sep,2023-09,4,649.04,0
BKG103182,City Hotel,2023-08-31,2023-09-30,2023-10-06,30,Germany,3,0.0,Deluxe,293.25,Online Travel Agent,Check-Out,2023,8,Aug,2023-08,6,1759.5,0
BKG103183,City Hotel,2024-06-06,2024-11-13,2024-11-23,160,India,3,0.0,Standard,87.09,Corporate,Check-Out,2024,6,Jun,2024-06,10,870.9000000000001,0
BKG103184,City Hotel,2022-03-22,2022-09-08,2022-09-17,170,Singapore,2,0.0,Deluxe,279.84,Online Travel Agent,Check-Out,2022,3,Mar,2022-03,9,2518.56,0
BKG103185,City Hotel,2024-06-14,2024-07-15,2024-07-16,31,France,2,0.0,Suite,323.77,Offline Agent,Check-Out,2024,6,Jun,2024-06,1,323.77,0
BKG103186,Resort Hotel,2023-06-13,2023-09-12,2023-09-20,91,Brazil,4,2.0,Deluxe,189.65,Online Travel Agent,Canceled,2023,6,Jun,2023-06,8,1517.2,1
BKG103187,City Hotel,2022-12-04,2023-05-16,2023-05-22,163,USA,2,2.0,Deluxe,300.66,Offline Agent,Check-Out,2022,12,Dec,2022-12,6,1803.96,0
BKG103188,Resort Hotel,2023-11-26,2024-01-13,2024-01-22,48,Brazil,2,1.0,Suite,330.22,Online Travel Agent,Check-Out,2023,11,Nov,2023-11,9,2971.9800000000005,0
BKG103189,Resort Hotel,2022-07-09,2022-10-09,2022-10-15,92,UAE,4,1.0,Suite,284.46,Online Travel Agent,Check-Out,2022,7,Jul,2022-07,6,1706.7599999999998,0
BKG103190,City Hotel,2023-06-10,2023-07-11,2023-07-21,31,France,4,2.0,Family,155.22,Offline Agent,Check-Out,2023,6,Jun,2023-06,10,1552.2,0
BKG103191,Resort Hotel,2024-03-29,2024-06-23,2024-06-24,86,UAE,3,2.0,Standard,220.78,Direct,Check-Out,2024,3,Mar,2024-03,1,220.78,0
BKG103192,Resort Hotel,2022-10-23,2023-02-04,2023-02-09,104,Canada,1,0.0,Family,326.06,Corporate,Check-Out,2022,10,Oct,2022-10,5,1630.3,0
BKG103193,Resort Hotel,2022-12-27,2023-05-29,2023-06-02,153,Australia,3,0.0,Deluxe,207.41,Direct,Check-Out,2022,12,Dec,2022-12,4,829.64,0
BKG103194,City Hotel,2024-03-05,2024-05-28,2024-06-02,84,Australia,4,1.0,Suite,242.0,Direct,Check-Out,2024,3,Mar,2024-03,5,1210.0,0
BKG103195,City Hotel,2024-06-19,2024-07-19,2024-07-22,30,Brazil,2,2.0,Deluxe,189.74,Offline Agent,Check-Out,2024,6,Jun,2024-06,3,569.22,0
BKG103196,City Hotel,2023-09-23,2023-10-02,2023-10-03,9,UAE,4,0.0,Suite,266.1,Corporate,Check-Out,2023,9,Sep,2023-09,1,266.1,0
BKG103197,Resort Hotel,2024-01-25,2024-05-10,2024-05-18,106,Germany,3,0.0,Suite,186.55,Offline Agent,Check-Out,2024,1,Jan,2024-01,8,1492.4,0
BKG103198,City Hotel,2023-05-16,2023-06-15,2023-06-18,30,India,3,0.0,Deluxe,229.98,Offline Agent,Check-Out,2023,5,May,2023-05,3,689.9399999999999,0
BKG103199,Resort Hotel,2022-09-27,2023-03-05,2023-03-06,159,UK,4,0.0,Family,95.94,Direct,Check-Out,2022,9,Sep,2022-09,1,95.94,0
BKG103200,Resort Hotel,2023-02-11,2023-05-14,2023-05-18,92,Germany,1,0.0,Suite,296.94,Online Travel Agent,Check-Out,2023,2,Feb,2023-02,4,1187.76,0
BKG103201,City Hotel,2023-10-15,2023-10-27,2023-10-28,12,Australia,3,0.0,Deluxe,338.51,Corporate,Check-Out,2023,10,Oct,2023-10,1,338.51,0
BKG103202,City Hotel,2023-09-30,2023-12-25,2023-12-31,86,Singapore,4,0.0,Deluxe,337.88,Direct,Check-Out,2023,9,Sep,2023-09,6,2027.28,0
BKG103203,City Hotel,2023-11-05,2024-03-07,2024-03-14,123,India,4,2.0,Suite,75.65,Online Travel Agent,Check-Out,2023,11,Nov,2023-11,7,529.5500000000001,0
BKG103204,City Hotel,2023-03-04,2023-03-17,2023-03-22,13,UAE,2,0.0,Family,197.36,Corporate,Canceled,2023,3,Mar,2023-03,5,986.8000000000001,1
BKG103205,City Hotel,2022-04-06,2022-09-13,2022-09-23,160,Singapore,4,2.0,Family,127.14,Online Travel Agent,Canceled,2022,4,Apr,2022-04,10,1271.4,1
BKG103206,City Hotel,2023-09-23,2024-03-15,2024-03-19,174,India,1,1.0,Standard,70.45,Online Travel Agent,Check-Out,2023,9,Sep,2023-09,4,281.8,0
BKG103207,Resort Hotel,2024-03-20,2024-08-08,2024-08-12,141,UK,1,0.0,Standard,91.33,Direct,Check-Out,2024,3,Mar,2024-03,4,365.32,0
BKG103208,City Hotel,2022-02-19,2022-02-27,2022-03-09,8,Germany,2,0.0,Family,265.21,Online Travel Agent,Check-Out,2022,2,Feb,2022-02,10,2652.1,0
BKG103209,Resort Hotel,2022-01-03,2022-06-22,2022-06-26,170,Singapore,4,2.0,Deluxe,109.17,Corporate,Check-Out,2022,1,Jan,2022-01,4,436.68,0
BKG103210,Resort Hotel,2023-04-06,2023-08-17,2023-08-19,133,France,4,1.0,Deluxe,185.36,Online Travel Agent,Check-Out,2023,4,Apr,2023-04,2,370.72,0
BKG103211,City Hotel,2022-11-03,2023-03-14,2023-03-16,131,Australia,2,0.0,Suite,114.04,Offline Agent,Check-Out,2022,11,Nov,2022-11,2,228.08,0
BKG103212,Resort Hotel,2024-01-16,2024-04-30,2024-05-05,105,UK,3,0.0,Family,134.72,Offline Agent,Check-Out,2024,1,Jan,2024-01,5,673.6,0
BKG103213,City Hotel,2023-03-29,2023-08-28,2023-09-03,152,France,1,2.0,Deluxe,197.57,Corporate,Check-Out,2023,3,Mar,2023-03,6,1185.42,0
BKG103214,Resort Hotel,2023-04-02,2023-09-18,2023-09-20,169,Brazil,3,0.0,Family,171.37,Direct,Check-Out,2023,4,Apr,2023-04,2,342.74,0
BKG103215,Resort Hotel,2022-12-01,2023-02-23,2023-03-02,84,Brazil,4,0.0,Suite,249.54,Online Travel Agent,Canceled,2022,12,Dec,2022-12,7,1746.78,1
BKG103216,City Hotel,2023-10-04,2024-01-08,2024-01-18,96,France,1,2.0,Family,332.24,Offline Agent,Check-Out,2023,10,Oct,2023-10,10,3322.4,0
BKG103217,Resort Hotel,2024-04-07,2024-08-17,2024-08-19,132,Brazil,1,2.0,Deluxe,112.8,Direct,Check-Out,2024,4,Apr,2024-04,2,225.6,0
BKG103218,Resort Hotel,2023-10-28,2024-04-06,2024-04-09,161,UK,3,1.0,Standard,222.45,Direct,Check-Out,2023,10,Oct,2023-10,3,667.3499999999999,0
BKG103219,Resort Hotel,2022-08-24,2022-12-26,2023-01-04,124,Germany,3,0.0,Family,344.56,Offline Agent,Canceled,2022,8,Aug,2022-08,9,3101.04,1
BKG103220,City Hotel,2023-12-25,2024-05-06,2024-05-12,133,UAE,4,2.0,Suite,130.94,Offline Agent,Check-Out,2023,12,Dec,2023-12,6,785.64,0
BKG103221,City Hotel,2022-11-30,2023-05-21,2023-05-29,172,Singapore,4,0.0,Family,299.45,Online Travel Agent,Check-Out,2022,11,Nov,2022-11,8,2395.6,0
BKG103222,City Hotel,2022-12-28,2023-03-24,2023-03-26,86,Australia,2,0.0,Suite,244.79,Corporate,Canceled,2022,12,Dec,2022-12,2,489.58,1
BKG103223,City Hotel,2022-09-28,2022-11-21,2022-11-28,54,Australia,2,0.0,Standard,195.4,Corporate,No-Show,2022,9,Sep,2022-09,7,1367.8,0
BKG103224,City Hotel,2022-12-30,2023-02-17,2023-02-22,49,UK,3,0.0,Family,72.27,Offline Agent,Check-Out,2022,12,Dec,2022-12,5,361.34999999999997,0
BKG103225,Resort Hotel,2023-04-12,2023-05-07,2023-05-13,25,Brazil,2,0.0,Standard,132.37,Corporate,Check-Out,2023,4,Apr,2023-04,6,794.22,0
BKG103226,Resort Hotel,2023-11-05,2023-11-10,2023-11-16,5,Germany,4,0.0,Suite,241.93,Corporate,Check-Out,2023,11,Nov,2023-11,6,1451.58,0
BKG103227,City Hotel,2022-03-31,2022-09-07,2022-09-12,160,Australia,2,0.0,Family,301.56,Direct,Check-Out,2022,3,Mar,2022-03,5,1507.8,0
BKG103228,Resort Hotel,2023-05-17,2023-11-04,2023-11-14,171,Singapore,1,0.0,Family,97.37,Online Travel Agent,Check-Out,2023,5,May,2023-05,10,973.7,0
BKG103229,City Hotel,2024-02-01,2024-06-09,2024-06-19,129,UK,1,1.0,Deluxe,72.53,Online Travel Agent,Check-Out,2024,2,Feb,2024-02,10,725.3,0
BKG103230,Resort Hotel,2022-12-24,2023-04-20,2023-04-25,117,UAE,4,0.0,Deluxe,239.26,Offline Agent,Check-Out,2022,12,Dec,2022-12,5,1196.3,0
BKG103231,City Hotel,2022-07-04,2022-10-01,2022-10-11,89,Germany,4,0.0,Suite,337.67,Direct,Check-Out,2022,7,Jul,2022-07,10,3376.7000000000003,0
BKG103232,Resort Hotel,2024-06-07,2024-06-08,2024-06-16,1,Australia,4,0.0,Standard,95.82,Online Travel Agent,Check-Out,2024,6,Jun,2024-06,8,766.56,0
BKG103233,City Hotel,2022-06-06,2022-07-11,2022-07-13,35,UAE,4,2.0,Deluxe,230.43,Offline Agent,Check-Out,2022,6,Jun,2022-06,2,460.86,0
BKG103234,Resort Hotel,2023-04-03,2023-06-03,2023-06-06,61,Canada,1,0.0,Suite,131.29,Direct,Canceled,2023,4,Apr,2023-04,3,393.87,1
BKG103235,Resort Hotel,2022-07-03,2022-10-16,2022-10-23,105,UK,4,0.0,Deluxe,175.46,Direct,Check-Out,2022,7,Jul,2022-07,7,1228.22,0
BKG103236,City Hotel,2023-02-28,2023-05-30,2023-06-05,91,Canada,1,1.0,Family,281.22,Corporate,Check-Out,2023,2,Feb,2023-02,6,1687.3200000000002,0
BKG103237,City Hotel,2023-03-08,2023-07-02,2023-07-05,116,India,1,0.0,Deluxe,177.5,Offline Agent,Canceled,2023,3,Mar,2023-03,3,532.5,1
BKG103238,Resort Hotel,2022-04-26,2022-04-27,2022-04-28,1,Australia,3,1.0,Family,219.46,Corporate,Check-Out,2022,4,Apr,2022-04,1,219.46,0
BKG103239,City Hotel,2022-03-19,2022-04-06,2022-04-09,18,Canada,1,2.0,Deluxe,86.48,Direct,No-Show,2022,3,Mar,2022-03,3,259.44,0
BKG103240,City Hotel,2023-01-09,2023-02-26,2023-03-08,48,France,2,0.0,Suite,64.84,Corporate,No-Show,2023,1,Jan,2023-01,10,648.4000000000001,0
BKG103241,City Hotel,2024-06-10,2024-09-25,2024-10-01,107,Germany,4,0.0,Family,319.95,Online Travel Agent,Canceled,2024,6,Jun,2024-06,6,1919.6999999999998,1
BKG103242,City Hotel,2022-08-21,2022-08-29,2022-09-01,8,Australia,3,0.0,Suite,174.82,Corporate,Canceled,2022,8,Aug,2022-08,3,524.46,1
BKG103243,Resort Hotel,2023-08-11,2023-08-17,2023-08-20,6,UAE,1,0.0,Suite,79.96,Online Travel Agent,Canceled,2023,8,Aug,2023-08,3,239.88,1
BKG103244,City Hotel,2022-04-11,2022-04-23,2022-05-03,12,Germany,2,0.0,Deluxe,142.49,Offline Agent,Check-Out,2022,4,Apr,2022-04,10,1424.9,0
BKG103245,Resort Hotel,2022-09-01,2022-09-02,2022-09-08,1,Canada,4,0.0,Standard,262.97,Online Travel Agent,Check-Out,2022,9,Sep,2022-09,6,1577.8200000000002,0
BKG103246,City Hotel,2023-07-08,2023-09-18,2023-09-20,72,India,4,0.0,Deluxe,127.65,Online Travel Agent,Canceled,2023,7,Jul,2023-07,2,255.3,1
BKG103247,City Hotel,2022-01-11,2022-03-21,2022-03-29,69,Brazil,1,0.0,Deluxe,297.49,Direct,Canceled,2022,1,Jan,2022-01,8,2379.92,1
BKG103248,City Hotel,2023-10-05,2024-02-26,2024-03-05,144,Australia,1,1.0,Standard,246.16,Offline Agent,Check-Out,2023,10,Oct,2023-10,8,1969.28,0
BKG103249,Resort Hotel,2023-04-01,2023-07-05,2023-07-06,95,Brazil,3,2.0,Deluxe,87.37,Online Travel Agent,Canceled,2023,4,Apr,2023-04,1,87.37,1
BKG103250,City Hotel,2022-03-12,2022-03-26,2022-04-01,14,Brazil,3,2.0,Deluxe,84.35,Direct,Canceled,2022,3,Mar,2022-03,6,506.09999999999997,1
BKG103251,City Hotel,2022-03-17,2022-07-19,2022-07-29,124,India,2,1.0,Family,143.38,Corporate,Check-Out,2022,3,Mar,2022-03,10,1433.8,0
BKG103252,City Hotel,2022-12-25,2023-06-23,2023-06-28,180,Brazil,3,0.0,Deluxe,343.94,Corporate,Check-Out,2022,12,Dec,2022-12,5,1719.7,0
BKG103253,City Hotel,2023-11-11,2024-03-17,2024-03-24,127,UK,3,0.0,Standard,227.2,Offline Agent,Check-Out,2023,11,Nov,2023-11,7,1590.3999999999999,0
BKG103254,Resort Hotel,2023-10-26,2024-01-16,2024-01-23,82,Australia,2,0.0,Standard,190.55,Direct,No-Show,2023,10,Oct,2023-10,7,1333.8500000000001,0
BKG103255,Resort Hotel,2024-04-30,2024-10-08,2024-10-15,161,USA,1,0.0,Standard,222.72,Direct,Check-Out,2024,4,Apr,2024-04,7,1559.04,0
BKG103256,Resort Hotel,2022-01-04,2022-06-03,2022-06-05,150,Australia,3,2.0,Standard,61.01,Online Travel Agent,Canceled,2022,1,Jan,2022-01,2,122.02,1
BKG103257,City Hotel,2022-05-20,2022-09-24,2022-10-01,127,Canada,2,2.0,Family,67.0,Offline Agent,Canceled,2022,5,May,2022-05,7,469.0,1
BKG103258,Resort Hotel,2022-03-28,2022-06-07,2022-06-17,71,USA,4,0.0,Standard,262.32,Corporate,Check-Out,2022,3,Mar,2022-03,10,2623.2,0
BKG103259,City Hotel,2023-11-03,2024-04-04,2024-04-11,153,Australia,3,1.0,Deluxe,68.17,Corporate,No-Show,2023,11,Nov,2023-11,7,477.19,0
BKG103260,Resort Hotel,2023-01-06,2023-04-15,2023-04-25,99,India,1,2.0,Suite,297.06,Online Travel Agent,No-Show,2023,1,Jan,2023-01,10,2970.6,0
BKG103261,Resort Hotel,2023-01-13,2023-04-25,2023-04-29,102,UAE,4,0.0,Standard,271.88,Online Travel Agent,Check-Out,2023,1,Jan,2023-01,4,1087.52,0
BKG103262,City Hotel,2022-04-19,2022-08-05,2022-08-13,108,Germany,3,2.0,Suite,180.66,Online Travel Agent,Check-Out,2022,4,Apr,2022-04,8,1445.28,0
BKG103263,City Hotel,2024-01-19,2024-02-16,2024-02-24,28,Canada,4,0.0,Family,207.78,Online Travel Agent,Check-Out,2024,1,Jan,2024-01,8,1662.24,0
BKG103264,City Hotel,2023-09-21,2024-02-27,2024-03-04,159,Australia,3,0.0,Family,215.74,Online Travel Agent,Check-Out,2023,9,Sep,2023-09,6,1294.44,0
BKG103265,City Hotel,2022-05-29,2022-06-07,2022-06-09,9,Australia,2,0.0,Standard,262.14,Direct,Check-Out,2022,5,May,2022-05,2,524.28,0
BKG103266,Resort Hotel,2023-05-18,2023-06-15,2023-06-25,28,Germany,1,2.0,Suite,181.87,Direct,Check-Out,2023,5,May,2023-05,10,1818.7,0
BKG103267,Resort Hotel,2022-08-06,2023-01-13,2023-01-15,160,India,2,0.0,Suite,198.73,Offline Agent,Check-Out,2022,8,Aug,2022-08,2,397.46,0
BKG103268,City Hotel,2023-06-12,2023-10-12,2023-10-18,122,UK,2,0.0,Family,155.53,Direct,Check-Out,2023,6,Jun,2023-06,6,933.1800000000001,0
BKG103269,Resort Hotel,2023-09-05,2024-02-24,2024-02-29,172,USA,4,0.0,Deluxe,199.22,Direct,Check-Out,2023,9,Sep,2023-09,5,996.1,0
BKG103270,Resort Hotel,2024-05-25,2024-11-11,2024-11-21,170,Canada,2,0.0,Deluxe,276.34,Direct,Canceled,2024,5,May,2024-05,10,2763.3999999999996,1
BKG103271,City Hotel,2022-05-21,2022-10-16,2022-10-20,148,UAE,1,0.0,Standard,246.99,Direct,Check-Out,2022,5,May,2022-05,4,987.96,0
BKG103272,City Hotel,2022-10-11,2023-04-04,2023-04-12,175,Canada,3,0.0,Family,151.72,Online Travel Agent,Check-Out,2022,10,Oct,2022-10,8,1213.76,0
BKG103273,City Hotel,2022-07-28,2022-08-15,2022-08-18,18,Germany,3,0.0,Suite,147.52,Direct,Check-Out,2022,7,Jul,2022-07,3,442.56000000000006,0
BKG103274,Resort Hotel,2023-12-14,2024-01-02,2024-01-04,19,Canada,3,1.0,Family,162.0,Online Travel Agent,Check-Out,2023,12,Dec,2023-12,2,324.0,0
BKG103275,City Hotel,2023-06-12,2023-06-20,2023-06-24,8,Canada,4,2.0,Suite,263.53,Offline Agent,Check-Out,2023,6,Jun,2023-06,4,1054.12,0
BKG103276,City Hotel,2023-09-19,2023-11-23,2023-11-27,65,Canada,2,2.0,Standard,89.12,Corporate,Check-Out,2023,9,Sep,2023-09,4,356.48,0
BKG103277,City Hotel,2023-02-14,2023-07-10,2023-07-15,146,France,2,2.0,Standard,246.53,Online Travel Agent,Canceled,2023,2,Feb,2023-02,5,1232.65,1
BKG103278,City Hotel,2022-03-11,2022-03-15,2022-03-20,4,France,2,1.0,Deluxe,286.06,Corporate,Check-Out,2022,3,Mar,2022-03,5,1430.3,0
BKG103279,Resort Hotel,2023-08-22,2023-09-29,2023-10-01,38,Singapore,1,0.0,Family,306.73,Online Travel Agent,Check-Out,2023,8,Aug,2023-08,2,613.46,0
BKG103280,City Hotel,2022-06-09,2022-11-16,2022-11-26,160,Germany,2,0.0,Suite,190.01,Online Travel Agent,Check-Out,2022,6,Jun,2022-06,10,1900.1,0
BKG103281,City Hotel,2022-11-29,2023-04-05,2023-04-06,127,India,2,0.0,Standard,192.84,Offline Agent,Check-Out,2022,11,Nov,2022-11,1,192.84,0
BKG103282,City Hotel,2024-06-18,2024-12-10,2024-12-13,175,UAE,4,0.0,Suite,147.55,Offline Agent,No-Show,2024,6,Jun,2024-06,3,442.65000000000003,0
BKG103283,City Hotel,2022-01-04,2022-02-18,2022-02-20,45,Brazil,2,0.0,Deluxe,265.62,Direct,Check-Out,2022,1,Jan,2022-01,2,531.24,0
BKG103284,Resort Hotel,2023-08-07,2023-10-18,2023-10-19,72,France,4,0.0,Deluxe,277.72,Corporate,Check-Out,2023,8,Aug,2023-08,1,277.72,0
BKG103285,Resort Hotel,2022-03-05,2022-08-11,2022-08-17,159,Australia,3,1.0,Standard,258.7,Direct,Canceled,2022,3,Mar,2022-03,6,1552.1999999999998,1
BKG103286,City Hotel,2023-06-23,2023-07-12,2023-07-13,19,USA,4,2.0,Family,348.61,Direct,Check-Out,2023,6,Jun,2023-06,1,348.61,0
BKG103287,Resort Hotel,2022-03-18,2022-05-23,2022-05-25,66,France,2,0.0,Standard,324.66,Offline Agent,Check-Out,2022,3,Mar,2022-03,2,649.32,0
BKG103288,City Hotel,2022-03-10,2022-06-16,2022-06-25,98,USA,1,2.0,Suite,157.86,Corporate,Check-Out,2022,3,Mar,2022-03,9,1420.7400000000002,0
BKG103289,Resort Hotel,2022-08-12,2023-01-31,2023-02-04,172,UK,4,1.0,Suite,164.3,Online Travel Agent,Check-Out,2022,8,Aug,2022-08,4,657.2,0
BKG103290,Resort Hotel,2023-03-18,2023-09-12,2023-09-18,178,Australia,1,1.0,Family,247.57,Direct,Check-Out,2023,3,Mar,2023-03,6,1485.42,0
BKG103291,Resort Hotel,2023-12-22,2024-03-15,2024-03-18,84,Brazil,3,2.0,Standard,111.7,Online Travel Agent,Check-Out,2023,12,Dec,2023-12,3,335.1,0
BKG103292,Resort Hotel,2022-06-13,2022-11-06,2022-11-16,146,France,3,2.0,Standard,92.74,Online Travel Agent,Check-Out,2022,6,Jun,2022-06,10,927.4,0
BKG103293,Resort Hotel,2023-06-10,2023-09-10,2023-09-17,92,Australia,2,2.0,Suite,95.09,Online Travel Agent,Check-Out,2023,6,Jun,2023-06,7,665.63,0
BKG103294,Resort Hotel,2022-05-04,2022-06-14,2022-06-15,41,UK,1,1.0,Standard,147.57,Corporate,Canceled,2022,5,May,2022-05,1,147.57,1
BKG103295,City Hotel,2023-03-23,2023-08-28,2023-09-06,158,Singapore,4,1.0,Standard,165.56,Online Travel Agent,Check-Out,2023,3,Mar,2023-03,9,1490.04,0
BKG103296,City Hotel,2024-03-29,2024-08-29,2024-08-31,153,Brazil,2,1.0,Standard,192.55,Offline Agent,Check-Out,2024,3,Mar,2024-03,2,385.1,0
BKG103297,Resort Hotel,2022-10-07,2023-04-02,2023-04-12,177,Australia,1,0.0,Standard,115.5,Online Travel Agent,Check-Out,2022,10,Oct,2022-10,10,1155.0,0
BKG103298,City Hotel,2022-03-05,2022-07-15,2022-07-21,132,Singapore,2,0.0,Deluxe,89.68,Online Travel Agent,Check-Out,2022,3,Mar,2022-03,6,538.08,0
BKG103299,City Hotel,2023-07-11,2023-09-13,2023-09-14,64,Australia,2,0.0,Family,315.61,Offline Agent,Check-Out,2023,7,Jul,2023-07,1,315.61,0
BKG103300,City Hotel,2022-03-25,2022-09-02,2022-09-06,161,Germany,2,0.0,Suite,348.55,Direct,Check-Out,2022,3,Mar,2022-03,4,1394.2,0
BKG103301,City Hotel,2023-03-11,2023-07-01,2023-07-02,112,UK,4,1.0,Deluxe,171.61,Offline Agent,Check-Out,2023,3,Mar,2023-03,1,171.61,0
BKG103302,City Hotel,2023-03-13,2023-06-22,2023-06-30,101,Canada,3,0.0,Deluxe,341.69,Online Travel Agent,Check-Out,2023,3,Mar,2023-03,8,2733.52,0
BKG103303,Resort Hotel,2023-10-28,2024-01-22,2024-01-25,86,India,3,0.0,Suite,65.93,Online Travel Agent,Check-Out,2023,10,Oct,2023-10,3,197.79000000000002,0
BKG103304,Resort Hotel,2023-11-21,2024-04-22,2024-04-30,153,UAE,2,0.0,Suite,291.5,Direct,Check-Out,2023,11,Nov,2023-11,8,2332.0,0
BKG103305,City Hotel,2022-10-24,2022-11-09,2022-11-16,16,Germany,2,2.0,Suite,111.59,Direct,Check-Out,2022,10,Oct,2022-10,7,781.13,0
BKG103306,City Hotel,2023-11-05,2023-12-01,2023-12-10,26,Germany,2,2.0,Deluxe,227.2,Offline Agent,Check-Out,2023,11,Nov,2023-11,9,2044.8,0
BKG103307,Resort Hotel,2023-03-13,2023-07-23,2023-07-24,132,UAE,4,0.0,Family,139.52,Direct,Check-Out,2023,3,Mar,2023-03,1,139.52,0
BKG103308,City Hotel,2023-09-21,2024-02-22,2024-02-28,154,Brazil,2,0.0,Family,297.98,Online Travel Agent,Check-Out,2023,9,Sep,2023-09,6,1787.88,0
BKG103309,City Hotel,2022-11-23,2023-01-25,2023-01-30,63,India,4,0.0,Family,160.39,Offline Agent,Check-Out,2022,11,Nov,2022-11,5,801.9499999999999,0
BKG103310,City Hotel,2024-01-11,2024-06-01,2024-06-10,142,Germany,3,0.0,Suite,141.94,Offline Agent,Check-Out,2024,1,Jan,2024-01,9,1277.46,0
BKG103311,Resort Hotel,2023-03-03,2023-08-30,2023-09-06,180,UAE,2,0.0,Suite,128.93,Online Travel Agent,Check-Out,2023,3,Mar,2023-03,7,902.51,0
BKG103312,Resort Hotel,2024-04-22,2024-06-26,2024-07-05,65,UK,3,0.0,Suite,140.59,Corporate,Check-Out,2024,4,Apr,2024-04,9,1265.31,0
BKG103313,City Hotel,2022-07-20,2022-09-06,2022-09-07,48,USA,3,0.0,Family,79.52,Direct,Check-Out,2022,7,Jul,2022-07,1,79.52,0
BKG103314,City Hotel,2022-12-29,2023-01-26,2023-01-28,28,UAE,1,2.0,Standard,179.11,Direct,No-Show,2022,12,Dec,2022-12,2,358.22,0
BKG103315,Resort Hotel,2024-04-06,2024-07-24,2024-07-28,109,UAE,4,0.0,Standard,272.9,Corporate,Check-Out,2024,4,Apr,2024-04,4,1091.6,0
BKG103316,City Hotel,2022-09-01,2023-01-06,2023-01-09,127,Canada,2,0.0,Family,135.64,Online Travel Agent,No-Show,2022,9,Sep,2022-09,3,406.91999999999996,0
BKG103317,Resort Hotel,2022-07-23,2023-01-12,2023-01-15,173,Canada,2,2.0,Standard,92.49,Direct,Check-Out,2022,7,Jul,2022-07,3,277.46999999999997,0
BKG103318,Resort Hotel,2024-05-31,2024-08-17,2024-08-25,78,Australia,3,0.0,Deluxe,336.72,Offline Agent,Canceled,2024,5,May,2024-05,8,2693.76,1
BKG103319,City Hotel,2023-08-19,2023-12-05,2023-12-09,108,Australia,4,0.0,Family,80.4,Direct,No-Show,2023,8,Aug,2023-08,4,321.6,0
BKG103320,Resort Hotel,2022-04-18,2022-04-22,2022-05-01,4,Australia,4,0.0,Suite,342.46,Online Travel Agent,Check-Out,2022,4,Apr,2022-04,9,3082.14,0
BKG103321,Resort Hotel,2022-01-27,2022-02-02,2022-02-06,6,Australia,1,0.0,Suite,292.34,Corporate,Canceled,2022,1,Jan,2022-01,4,1169.36,1
BKG103322,City Hotel,2023-11-25,2023-12-04,2023-12-05,9,USA,2,0.0,Suite,205.23,Online Travel Agent,Check-Out,2023,11,Nov,2023-11,1,205.23,0
BKG103323,City Hotel,2023-04-04,2023-04-15,2023-04-18,11,Singapore,3,1.0,Family,78.18,Direct,Check-Out,2023,4,Apr,2023-04,3,234.54000000000002,0
BKG103324,Resort Hotel,2022-03-07,2022-05-18,2022-05-28,72,India,4,0.0,Family,120.79,Direct,Check-Out,2022,3,Mar,2022-03,10,1207.9,0
BKG103325,Resort Hotel,2023-11-12,2024-03-17,2024-03-22,126,USA,2,0.0,Standard,148.97,Offline Agent,Check-Out,2023,11,Nov,2023-11,5,744.85,0
BKG103326,Resort Hotel,2024-06-10,2024-06-21,2024-06-22,11,France,3,1.0,Standard,60.56,Direct,Check-Out,2024,6,Jun,2024-06,1,60.56,0
BKG103327,Resort Hotel,2022-12-11,2023-03-14,2023-03-20,93,Canada,4,2.0,Deluxe,148.0,Online Travel Agent,Check-Out,2022,12,Dec,2022-12,6,888.0,0
BKG103328,City Hotel,2023-09-04,2023-12-04,2023-12-11,91,Australia,4,0.0,Standard,250.51,Offline Agent,Canceled,2023,9,Sep,2023-09,7,1753.57,1
BKG103329,City Hotel,2024-05-19,2024-09-12,2024-09-20,116,USA,4,1.0,Deluxe,273.31,Offline Agent,Check-Out,2024,5,May,2024-05,8,2186.48,0
BKG103330,Resort Hotel,2022-03-20,2022-04-21,2022-04-25,32,Brazil,1,2.0,Family,341.58,Direct,Check-Out,2022,3,Mar,2022-03,4,1366.32,0
BKG103331,City Hotel,2023-06-03,2023-10-02,2023-10-06,121,UAE,1,0.0,Suite,164.76,Offline Agent,Canceled,2023,6,Jun,2023-06,4,659.04,1
BKG103332,Resort Hotel,2024-04-07,2024-04-28,2024-05-06,21,Canada,2,0.0,Family,92.91,Corporate,Canceled,2024,4,Apr,2024-04,8,743.28,1
BKG103333,City Hotel,2022-02-11,2022-04-15,2022-04-17,63,Brazil,3,1.0,Family,293.41,Online Travel Agent,Canceled,2022,2,Feb,2022-02,2,586.82,1
BKG103334,Resort Hotel,2023-07-07,2023-12-17,2023-12-23,163,UAE,2,1.0,Suite,268.88,Corporate,Check-Out,2023,7,Jul,2023-07,6,1613.28,0
BKG103335,City Hotel,2024-02-25,2024-04-25,2024-05-05,60,France,2,1.0,Standard,83.53,Offline Agent,Check-Out,2024,2,Feb,2024-02,10,835.3,0
BKG103336,City Hotel,2022-11-18,2023-03-05,2023-03-13,107,USA,1,0.0,Suite,343.37,Direct,Check-Out,2022,11,Nov,2022-11,8,2746.96,0
BKG103337,City Hotel,2023-11-04,2024-01-14,2024-01-17,71,UAE,1,0.0,Deluxe,164.12,Corporate,Check-Out,2023,11,Nov,2023-11,3,492.36,0
BKG103338,Resort Hotel,2024-02-17,2024-02-26,2024-03-05,9,UK,4,1.0,Standard,195.72,Online Travel Agent,Canceled,2024,2,Feb,2024-02,8,1565.76,1
BKG103339,City Hotel,2023-04-12,2023-05-17,2023-05-18,35,Canada,3,0.0,Standard,283.02,Online Travel Agent,Canceled,2023,4,Apr,2023-04,1,283.02,1
BKG103340,Resort Hotel,2022-10-30,2023-02-10,2023-02-12,103,France,4,0.0,Standard,253.91,Online Travel Agent,No-Show,2022,10,Oct,2022-10,2,507.82,0
BKG103341,City Hotel,2022-11-15,2023-04-05,2023-04-12,141,Australia,4,1.0,Suite,83.73,Direct,No-Show,2022,11,Nov,2022-11,7,586.11,0
BKG103342,City Hotel,2022-05-10,2022-07-23,2022-07-28,74,Canada,4,0.0,Standard,261.75,Online Travel Agent,Canceled,2022,5,May,2022-05,5,1308.75,1
BKG103343,Resort Hotel,2022-05-01,2022-09-06,2022-09-14,128,UAE,4,0.0,Family,126.97,Online Travel Agent,Check-Out,2022,5,May,2022-05,8,1015.76,0
BKG103344,City Hotel,2023-11-07,2024-01-21,2024-01-25,75,Australia,1,1.0,Family,130.84,Offline Agent,Check-Out,2023,11,Nov,2023-11,4,523.36,0
BKG103345,Resort Hotel,2022-09-20,2023-02-20,2023-02-21,153,Singapore,2,0.0,Standard,135.63,Offline Agent,Check-Out,2022,9,Sep,2022-09,1,135.63,0
BKG103346,Resort Hotel,2023-09-02,2024-01-08,2024-01-18,128,France,2,0.0,Family,177.14,Online Travel Agent,Check-Out,2023,9,Sep,2023-09,10,1771.3999999999999,0
BKG103347,City Hotel,2023-06-25,2023-07-26,2023-07-28,31,France,2,0.0,Deluxe,87.04,Direct,Check-Out,2023,6,Jun,2023-06,2,174.08,0
BKG103348,Resort Hotel,2024-04-13,2024-06-19,2024-06-25,67,UK,4,0.0,Family,88.1,Corporate,Check-Out,2024,4,Apr,2024-04,6,528.5999999999999,0
BKG103349,City Hotel,2024-04-16,2024-08-15,2024-08-16,121,France,1,0.0,Deluxe,138.66,Direct,Check-Out,2024,4,Apr,2024-04,1,138.66,0
BKG103350,City Hotel,2023-01-26,2023-07-19,2023-07-27,174,Germany,3,0.0,Family,342.03,Direct,Check-Out,2023,1,Jan,2023-01,8,2736.24,0
BKG103351,City Hotel,2024-06-15,2024-11-28,2024-12-01,166,France,2,0.0,Family,81.18,Online Travel Agent,Check-Out,2024,6,Jun,2024-06,3,243.54000000000002,0
BKG103352,Resort Hotel,2024-05-06,2024-05-12,2024-05-15,6,Germany,1,1.0,Family,63.36,Direct,Check-Out,2024,5,May,2024-05,3,190.07999999999998,0
BKG103353,City Hotel,2022-02-03,2022-05-06,2022-05-09,92,France,2,0.0,Family,343.55,Offline Agent,Canceled,2022,2,Feb,2022-02,3,1030.65,1
BKG103354,Resort Hotel,2023-03-25,2023-09-08,2023-09-12,167,UAE,3,0.0,Family,222.56,Online Travel Agent,Check-Out,2023,3,Mar,2023-03,4,890.24,0
BKG103355,City Hotel,2023-02-24,2023-03-23,2023-03-29,27,USA,3,0.0,Suite,273.02,Corporate,Check-Out,2023,2,Feb,2023-02,6,1638.12,0
BKG103356,City Hotel,2023-03-26,2023-06-15,2023-06-24,81,India,2,1.0,Family,213.69,Corporate,Canceled,2023,3,Mar,2023-03,9,1923.21,1
BKG103357,Resort Hotel,2023-08-18,2024-02-02,2024-02-07,168,Germany,1,0.0,Suite,291.73,Online Travel Agent,Check-Out,2023,8,Aug,2023-08,5,1458.65,0
BKG103358,City Hotel,2024-04-25,2024-07-23,2024-08-01,89,UK,1,0.0,Standard,335.21,Corporate,Check-Out,2024,4,Apr,2024-04,9,3016.89,0
BKG103359,Resort Hotel,2024-04-05,2024-08-09,2024-08-15,126,Brazil,1,1.0,Family,267.66,Direct,Check-Out,2024,4,Apr,2024-04,6,1605.96,0
BKG103360,City Hotel,2024-03-18,2024-06-01,2024-06-04,75,Canada,3,0.0,Family,141.34,Offline Agent,Check-Out,2024,3,Mar,2024-03,3,424.02,0
BKG103361,Resort Hotel,2024-03-08,2024-05-17,2024-05-27,70,India,4,0.0,Suite,290.35,Offline Agent,Check-Out,2024,3,Mar,2024-03,10,2903.5,0
BKG103362,Resort Hotel,2022-02-24,2022-03-08,2022-03-15,12,Australia,1,1.0,Suite,224.81,Offline Agent,Check-Out,2022,2,Feb,2022-02,7,1573.67,0
BKG103363,City Hotel,2024-01-30,2024-07-19,2024-07-27,171,Canada,3,0.0,Deluxe,292.67,Corporate,Canceled,2024,1,Jan,2024-01,8,2341.36,1
BKG103364,Resort Hotel,2024-06-05,2024-08-18,2024-08-25,74,India,1,2.0,Suite,89.2,Online Travel Agent,Check-Out,2024,6,Jun,2024-06,7,624.4,0
BKG103365,Resort Hotel,2024-05-30,2024-08-30,2024-09-04,92,USA,3,0.0,Family,234.89,Online Travel Agent,Check-Out,2024,5,May,2024-05,5,1174.4499999999998,0
BKG103366,Resort Hotel,2023-09-22,2023-11-17,2023-11-20,56,Australia,3,1.0,Deluxe,69.01,Corporate,Check-Out,2023,9,Sep,2023-09,3,207.03000000000003,0
BKG103367,City Hotel,2024-03-24,2024-04-19,2024-04-27,26,India,3,0.0,Deluxe,96.07,Direct,Check-Out,2024,3,Mar,2024-03,8,768.56,0
BKG103368,City Hotel,2023-10-27,2023-12-25,2024-01-04,59,France,3,0.0,Deluxe,255.46,Offline Agent,Check-Out,2023,10,Oct,2023-10,10,2554.6,0
BKG103369,City Hotel,2023-01-02,2023-02-10,2023-02-14,39,Brazil,4,0.0,Suite,288.04,Offline Agent,Canceled,2023,1,Jan,2023-01,4,1152.16,1
BKG103370,City Hotel,2022-12-11,2023-02-27,2023-03-09,78,Singapore,3,2.0,Standard,162.67,Online Travel Agent,Check-Out,2022,12,Dec,2022-12,10,1626.6999999999998,0
BKG103371,Resort Hotel,2022-07-17,2022-08-13,2022-08-21,27,Singapore,3,0.0,Deluxe,187.44,Direct,Canceled,2022,7,Jul,2022-07,8,1499.52,1
BKG103372,Resort Hotel,2023-12-01,2024-02-10,2024-02-11,71,Australia,2,0.0,Deluxe,233.91,Offline Agent,Check-Out,2023,12,Dec,2023-12,1,233.91,0
BKG103373,City Hotel,2023-04-18,2023-07-31,2023-08-05,104,Australia,1,0.0,Suite,343.76,Corporate,Check-Out,2023,4,Apr,2023-04,5,1718.8,0
BKG103374,Resort Hotel,2022-06-17,2022-11-05,2022-11-12,141,India,2,2.0,Suite,83.04,Online Travel Agent,Canceled,2022,6,Jun,2022-06,7,581.2800000000001,1
BKG103375,City Hotel,2023-12-26,2024-01-28,2024-02-06,33,UAE,2,0.0,Suite,198.28,Direct,Canceled,2023,12,Dec,2023-12,9,1784.52,1
BKG103376,City Hotel,2023-06-23,2023-07-27,2023-08-04,34,UK,4,1.0,Family,199.64,Direct,Check-Out,2023,6,Jun,2023-06,8,1597.12,0
BKG103377,Resort Hotel,2022-09-29,2022-11-23,2022-11-27,55,Canada,4,0.0,Deluxe,272.11,Offline Agent,Canceled,2022,9,Sep,2022-09,4,1088.44,1
BKG103378,Resort Hotel,2023-08-16,2023-10-02,2023-10-04,47,Australia,3,0.0,Standard,71.91,Offline Agent,Check-Out,2023,8,Aug,2023-08,2,143.82,0
BKG103379,City Hotel,2022-06-19,2022-07-06,2022-07-11,17,Brazil,2,0.0,Family,336.59,Corporate,Check-Out,2022,6,Jun,2022-06,5,1682.9499999999998,0
BKG103380,Resort Hotel,2023-05-24,2023-06-10,2023-06-16,17,UAE,3,1.0,Deluxe,132.1,Online Travel Agent,Check-Out,2023,5,May,2023-05,6,792.5999999999999,0
BKG103381,City Hotel,2023-07-27,2023-09-14,2023-09-16,49,India,4,0.0,Family,68.79,Direct,Canceled,2023,7,Jul,2023-07,2,137.58,1
BKG103382,Resort Hotel,2023-04-24,2023-08-17,2023-08-21,115,France,1,0.0,Standard,237.57,Corporate,Check-Out,2023,4,Apr,2023-04,4,950.28,0
BKG103383,Resort Hotel,2022-02-22,2022-04-03,2022-04-11,40,Singapore,3,2.0,Deluxe,245.28,Offline Agent,Check-Out,2022,2,Feb,2022-02,8,1962.24,0
BKG103384,Resort Hotel,2022-01-19,2022-01-19,2022-01-29,0,Singapore,1,0.0,Family,103.72,Online Travel Agent,Canceled,2022,1,Jan,2022-01,10,1037.2,1
BKG103385,City Hotel,2024-02-11,2024-03-13,2024-03-22,31,Brazil,3,0.0,Family,112.2,Online Travel Agent,Check-Out,2024,2,Feb,2024-02,9,1009.8000000000001,0
BKG103386,City Hotel,2022-08-03,2022-08-22,2022-08-28,19,Canada,4,0.0,Standard,93.35,Direct,Check-Out,2022,8,Aug,2022-08,6,560.0999999999999,0
BKG103387,City Hotel,2022-01-15,2022-06-05,2022-06-14,141,USA,1,1.0,Family,310.48,Corporate,Check-Out,2022,1,Jan,2022-01,9,2794.32,0
BKG103388,City Hotel,2024-03-25,2024-06-04,2024-06-06,71,Canada,2,0.0,Suite,73.65,Offline Agent,Check-Out,2024,3,Mar,2024-03,2,147.3,0
BKG103389,Resort Hotel,2023-12-01,2024-04-17,2024-04-23,138,France,1,2.0,Suite,158.25,Online Travel Agent,Check-Out,2023,12,Dec,2023-12,6,949.5,0
BKG103390,City Hotel,2024-04-28,2024-08-18,2024-08-21,112,Australia,2,1.0,Deluxe,179.57,Offline Agent,Check-Out,2024,4,Apr,2024-04,3,538.71,0
BKG103391,Resort Hotel,2023-03-16,2023-06-10,2023-06-12,86,India,1,0.0,Suite,282.48,Direct,Check-Out,2023,3,Mar,2023-03,2,564.96,0
BKG103392,Resort Hotel,2022-10-04,2023-03-22,2023-03-28,169,USA,1,0.0,Family,322.93,Offline Agent,Check-Out,2022,10,Oct,2022-10,6,1937.58,0
BKG103393,Resort Hotel,2022-07-18,2022-10-01,2022-10-11,75,Australia,2,2.0,Family,322.23,Online Travel Agent,Check-Out,2022,7,Jul,2022-07,10,3222.3,0
BKG103394,City Hotel,2022-02-04,2022-05-28,2022-06-06,113,Singapore,4,2.0,Suite,208.12,Offline Agent,Check-Out,2022,2,Feb,2022-02,9,1873.08,0
BKG103395,Resort Hotel,2022-03-19,2022-04-10,2022-04-11,22,Australia,4,1.0,Suite,192.74,Online Travel Agent,Check-Out,2022,3,Mar,2022-03,1,192.74,0
BKG103396,City Hotel,2023-10-02,2023-12-01,2023-12-11,60,Germany,4,0.0,Family,237.23,Offline Agent,Check-Out,2023,10,Oct,2023-10,10,2372.2999999999997,0
BKG103397,City Hotel,2022-06-13,2022-08-23,2022-09-02,71,UAE,2,0.0,Deluxe,185.04,Corporate,No-Show,2022,6,Jun,2022-06,10,1850.3999999999999,0
BKG103398,Resort Hotel,2023-03-26,2023-08-12,2023-08-13,139,Canada,3,1.0,Deluxe,60.8,Offline Agent,Check-Out,2023,3,Mar,2023-03,1,60.8,0
BKG103399,Resort Hotel,2024-04-01,2024-08-09,2024-08-17,130,Australia,3,0.0,Deluxe,288.05,Online Travel Agent,Canceled,2024,4,Apr,2024-04,8,2304.4,1
BKG103400,City Hotel,2024-03-03,2024-04-28,2024-05-01,56,USA,4,0.0,Deluxe,339.53,Corporate,Check-Out,2024,3,Mar,2024-03,3,1018.5899999999999,0
BKG103401,City Hotel,2023-05-11,2023-06-27,2023-06-29,47,Canada,2,0.0,Suite,61.41,Online Travel Agent,Check-Out,2023,5,May,2023-05,2,122.82,0
BKG103402,City Hotel,2022-05-26,2022-11-22,2022-11-27,180,India,2,0.0,Standard,284.92,Online Travel Agent,Canceled,2022,5,May,2022-05,5,1424.6000000000001,1
BKG103403,Resort Hotel,2022-12-08,2023-04-12,2023-04-21,125,Germany,2,0.0,Standard,249.48,Online Travel Agent,Canceled,2022,12,Dec,2022-12,9,2245.3199999999997,1
BKG103404,Resort Hotel,2022-10-03,2022-10-21,2022-10-25,18,Brazil,4,0.0,Suite,249.73,Offline Agent,Canceled,2022,10,Oct,2022-10,4,998.92,1
BKG103405,Resort Hotel,2023-07-03,2023-09-09,2023-09-19,68,Canada,4,1.0,Standard,296.75,Offline Agent,Check-Out,2023,7,Jul,2023-07,10,2967.5,0
BKG103406,Resort Hotel,2023-05-26,2023-08-03,2023-08-10,69,Canada,1,0.0,Standard,288.28,Online Travel Agent,Canceled,2023,5,May,2023-05,7,2017.9599999999998,1
BKG103407,City Hotel,2024-01-21,2024-06-20,2024-06-22,151,Germany,4,0.0,Family,318.6,Offline Agent,Check-Out,2024,1,Jan,2024-01,2,637.2,0
BKG103408,City Hotel,2024-01-16,2024-06-27,2024-07-04,163,Australia,2,0.0,Deluxe,324.02,Online Travel Agent,Canceled,2024,1,Jan,2024-01,7,2268.14,1
BKG103409,City Hotel,2023-05-05,2023-09-07,2023-09-12,125,Singapore,1,0.0,Family,133.94,Offline Agent,Check-Out,2023,5,May,2023-05,5,669.7,0
BKG103410,Resort Hotel,2022-06-02,2022-08-15,2022-08-24,74,Canada,4,0.0,Suite,79.45,Direct,Check-Out,2022,6,Jun,2022-06,9,715.0500000000001,0
BKG103411,City Hotel,2022-09-14,2022-10-11,2022-10-21,27,Brazil,4,0.0,Deluxe,181.3,Online Travel Agent,Check-Out,2022,9,Sep,2022-09,10,1813.0,0
BKG103412,Resort Hotel,2022-05-20,2022-07-11,2022-07-15,52,India,2,0.0,Family,151.07,Online Travel Agent,Check-Out,2022,5,May,2022-05,4,604.28,0
BKG103413,City Hotel,2022-05-22,2022-11-07,2022-11-08,169,UAE,3,0.0,Family,334.94,Offline Agent,Canceled,2022,5,May,2022-05,1,334.94,1
BKG103414,City Hotel,2023-05-10,2023-05-28,2023-06-03,18,Australia,3,0.0,Family,272.89,Online Travel Agent,Check-Out,2023,5,May,2023-05,6,1637.34,0
BKG103415,Resort Hotel,2023-03-04,2023-07-22,2023-08-01,140,Australia,2,2.0,Suite,84.51,Corporate,Check-Out,2023,3,Mar,2023-03,10,845.1,0
BKG103416,City Hotel,2023-02-15,2023-06-20,2023-06-28,125,Australia,4,0.0,Family,296.76,Corporate,Check-Out,2023,2,Feb,2023-02,8,2374.08,0
BKG103417,City Hotel,2023-02-08,2023-02-19,2023-02-28,11,UK,3,0.0,Family,62.44,Corporate,Check-Out,2023,2,Feb,2023-02,9,561.96,0
BKG103418,City Hotel,2022-11-25,2023-01-11,2023-01-13,47,Singapore,4,0.0,Deluxe,77.99,Online Travel Agent,No-Show,2022,11,Nov,2022-11,2,155.98,0
BKG103419,City Hotel,2023-04-25,2023-07-26,2023-07-31,92,Australia,3,0.0,Suite,108.32,Online Travel Agent,Check-Out,2023,4,Apr,2023-04,5,541.5999999999999,0
BKG103420,City Hotel,2023-09-14,2023-10-27,2023-11-06,43,France,4,0.0,Standard,247.15,Online Travel Agent,Check-Out,2023,9,Sep,2023-09,10,2471.5,0
BKG103421,Resort Hotel,2023-05-06,2023-06-10,2023-06-15,35,Germany,4,1.0,Deluxe,118.63,Online Travel Agent,Check-Out,2023,5,May,2023-05,5,593.15,0
BKG103422,Resort Hotel,2022-02-26,2022-04-16,2022-04-18,49,Australia,2,2.0,Standard,298.02,Online Travel Agent,Check-Out,2022,2,Feb,2022-02,2,596.04,0
BKG103423,City Hotel,2022-04-25,2022-09-02,2022-09-07,130,UAE,1,1.0,Family,162.56,Corporate,Check-Out,2022,4,Apr,2022-04,5,812.8,0
BKG103424,City Hotel,2023-12-15,2024-02-27,2024-03-04,74,USA,2,2.0,Suite,173.88,Direct,Check-Out,2023,12,Dec,2023-12,6,1043.28,0
BKG103425,Resort Hotel,2023-04-14,2023-06-17,2023-06-23,64,Canada,4,2.0,Deluxe,121.23,Offline Agent,Canceled,2023,4,Apr,2023-04,6,727.38,1
BKG103426,City Hotel,2022-04-02,2022-09-17,2022-09-21,168,Brazil,3,0.0,Family,340.98,Online Travel Agent,Check-Out,2022,4,Apr,2022-04,4,1363.92,0
BKG103427,City Hotel,2022-07-28,2022-12-13,2022-12-23,138,USA,3,2.0,Family,186.84,Direct,Check-Out,2022,7,Jul,2022-07,10,1868.4,0
BKG103428,Resort Hotel,2023-11-30,2024-03-08,2024-03-09,99,Australia,1,2.0,Deluxe,238.27,Corporate,Canceled,2023,11,Nov,2023-11,1,238.27,1
BKG103429,City Hotel,2023-09-10,2023-11-27,2023-12-05,78,Singapore,4,0.0,Suite,231.65,Direct,Check-Out,2023,9,Sep,2023-09,8,1853.2,0
BKG103430,City Hotel,2024-05-30,2024-08-30,2024-09-01,92,Canada,4,2.0,Standard,192.7,Online Travel Agent,Canceled,2024,5,May,2024-05,2,385.4,1
BKG103431,City Hotel,2022-01-05,2022-02-07,2022-02-15,33,UK,1,2.0,Standard,280.11,Direct,Check-Out,2022,1,Jan,2022-01,8,2240.88,0
BKG103432,City Hotel,2023-11-08,2024-03-03,2024-03-06,116,USA,1,0.0,Family,96.02,Corporate,Canceled,2023,11,Nov,2023-11,3,288.06,1
BKG103433,Resort Hotel,2024-01-19,2024-04-25,2024-04-28,97,UK,3,0.0,Family,180.95,Online Travel Agent,Check-Out,2024,1,Jan,2024-01,3,542.8499999999999,0
BKG103434,City Hotel,2023-03-12,2023-06-24,2023-06-28,104,India,2,2.0,Deluxe,121.52,Corporate,Check-Out,2023,3,Mar,2023-03,4,486.08,0
BKG103435,Resort Hotel,2022-05-15,2022-08-21,2022-08-24,98,France,3,0.0,Family,255.34,Direct,Check-Out,2022,5,May,2022-05,3,766.02,0
BKG103436,Resort Hotel,2023-05-22,2023-08-10,2023-08-16,80,India,3,0.0,Deluxe,255.04,Corporate,Check-Out,2023,5,May,2023-05,6,1530.24,0
BKG103437,Resort Hotel,2022-07-14,2022-10-10,2022-10-11,88,Germany,4,0.0,Deluxe,167.03,Online Travel Agent,Canceled,2022,7,Jul,2022-07,1,167.03,1
BKG103438,City Hotel,2023-10-18,2024-03-10,2024-03-20,144,Australia,4,0.0,Suite,100.52,Direct,Check-Out,2023,10,Oct,2023-10,10,1005.1999999999999,0
BKG103439,Resort Hotel,2023-09-27,2023-09-30,2023-10-08,3,Germany,4,0.0,Suite,254.09,Direct,Canceled,2023,9,Sep,2023-09,8,2032.72,1
BKG103440,City Hotel,2022-05-13,2022-09-15,2022-09-23,125,France,2,1.0,Family,186.49,Offline Agent,Check-Out,2022,5,May,2022-05,8,1491.92,0
BKG103441,City Hotel,2022-05-11,2022-09-01,2022-09-07,113,Singapore,4,0.0,Standard,157.89,Corporate,Check-Out,2022,5,May,2022-05,6,947.3399999999999,0
BKG103442,Resort Hotel,2022-04-10,2022-05-26,2022-06-02,46,Brazil,4,1.0,Deluxe,90.67,Online Travel Agent,Check-Out,2022,4,Apr,2022-04,7,634.69,0
BKG103443,Resort Hotel,2022-07-03,2022-10-29,2022-10-30,118,Germany,2,0.0,Suite,160.27,Direct,Check-Out,2022,7,Jul,2022-07,1,160.27,0
BKG103444,City Hotel,2023-08-07,2023-08-19,2023-08-26,12,Singapore,2,1.0,Deluxe,239.43,Corporate,Canceled,2023,8,Aug,2023-08,7,1676.01,1
BKG103445,Resort Hotel,2023-04-30,2023-06-17,2023-06-21,48,Germany,1,0.0,Family,234.88,Online Travel Agent,Check-Out,2023,4,Apr,2023-04,4,939.52,0
BKG103446,City Hotel,2022-04-23,2022-05-30,2022-06-07,37,UAE,3,2.0,Family,130.3,Online Travel Agent,Canceled,2022,4,Apr,2022-04,8,1042.4,1
BKG103447,Resort Hotel,2024-04-01,2024-05-17,2024-05-19,46,UK,1,1.0,Standard,332.72,Offline Agent,Canceled,2024,4,Apr,2024-04,2,665.44,1
BKG103448,City Hotel,2024-01-09,2024-06-29,2024-07-05,172,France,1,0.0,Deluxe,61.12,Offline Agent,Check-Out,2024,1,Jan,2024-01,6,366.71999999999997,0
BKG103449,Resort Hotel,2022-08-09,2022-11-17,2022-11-22,100,Brazil,3,0.0,Family,120.98,Online Travel Agent,Check-Out,2022,8,Aug,2022-08,5,604.9,0
BKG103450,Resort Hotel,2022-06-10,2022-12-03,2022-12-04,176,Canada,1,1.0,Family,242.48,Direct,Check-Out,2022,6,Jun,2022-06,1,242.48,0
BKG103451,City Hotel,2023-04-18,2023-08-26,2023-08-27,130,USA,4,2.0,Standard,152.69,Direct,Check-Out,2023,4,Apr,2023-04,1,152.69,0
BKG103452,Resort Hotel,2024-02-08,2024-05-13,2024-05-17,95,India,1,0.0,Family,72.64,Direct,Check-Out,2024,2,Feb,2024-02,4,290.56,0
BKG103453,City Hotel,2022-05-24,2022-08-19,2022-08-28,87,France,4,1.0,Family,330.23,Corporate,Check-Out,2022,5,May,2022-05,9,2972.07,0
BKG103454,Resort Hotel,2022-05-04,2022-09-03,2022-09-06,122,Australia,3,1.0,Suite,249.72,Offline Agent,Check-Out,2022,5,May,2022-05,3,749.16,0
BKG103455,City Hotel,2022-08-14,2022-09-30,2022-10-05,47,Singapore,4,0.0,Suite,248.07,Online Travel Agent,Check-Out,2022,8,Aug,2022-08,5,1240.35,0
BKG103456,City Hotel,2024-02-06,2024-05-21,2024-05-25,105,Germany,3,0.0,Suite,195.01,Online Travel Agent,Canceled,2024,2,Feb,2024-02,4,780.04,1
BKG103457,City Hotel,2023-06-12,2023-09-13,2023-09-15,93,UAE,4,1.0,Suite,224.98,Offline Agent,Check-Out,2023,6,Jun,2023-06,2,449.96,0
BKG103458,City Hotel,2023-02-26,2023-03-01,2023-03-02,3,UK,2,0.0,Family,189.83,Offline Agent,Canceled,2023,2,Feb,2023-02,1,189.83,1
BKG103459,Resort Hotel,2023-06-13,2023-08-17,2023-08-20,65,UK,1,0.0,Suite,223.55,Online Travel Agent,Canceled,2023,6,Jun,2023-06,3,670.6500000000001,1
BKG103460,Resort Hotel,2022-12-13,2023-03-13,2023-03-21,90,Germany,3,0.0,Family,191.42,Online Travel Agent,Check-Out,2022,12,Dec,2022-12,8,1531.36,0
BKG103461,Resort Hotel,2022-10-07,2022-10-24,2022-10-29,17,UK,2,1.0,Family,149.0,Online Travel Agent,Check-Out,2022,10,Oct,2022-10,5,745.0,0
BKG103462,Resort Hotel,2022-08-14,2022-12-16,2022-12-19,124,India,2,2.0,Deluxe,222.27,Corporate,Check-Out,2022,8,Aug,2022-08,3,666.8100000000001,0
BKG103463,City Hotel,2022-06-02,2022-08-20,2022-08-24,79,India,2,0.0,Standard,236.13,Corporate,Check-Out,2022,6,Jun,2022-06,4,944.52,0
BKG103464,City Hotel,2022-05-17,2022-10-06,2022-10-11,142,Germany,1,1.0,Standard,293.53,Offline Agent,Check-Out,2022,5,May,2022-05,5,1467.6499999999999,0
BKG103465,Resort Hotel,2022-08-06,2023-01-21,2023-01-26,168,Australia,4,1.0,Family,192.79,Direct,Check-Out,2022,8,Aug,2022-08,5,963.9499999999999,0
BKG103466,Resort Hotel,2023-02-13,2023-06-03,2023-06-10,110,Australia,4,2.0,Standard,149.5,Corporate,Check-Out,2023,2,Feb,2023-02,7,1046.5,0
BKG103467,City Hotel,2023-02-23,2023-07-02,2023-07-05,129,Brazil,3,0.0,Deluxe,213.52,Corporate,Canceled,2023,2,Feb,2023-02,3,640.5600000000001,1
BKG103468,Resort Hotel,2023-03-14,2023-04-25,2023-05-05,42,Germany,4,0.0,Deluxe,169.33,Corporate,Check-Out,2023,3,Mar,2023-03,10,1693.3000000000002,0
BKG103469,City Hotel,2024-04-14,2024-05-24,2024-06-01,40,Singapore,2,0.0,Deluxe,268.17,Offline Agent,No-Show,2024,4,Apr,2024-04,8,2145.36,0
BKG103470,Resort Hotel,2024-01-16,2024-07-08,2024-07-13,174,France,4,0.0,Suite,115.81,Offline Agent,Check-Out,2024,1,Jan,2024-01,5,579.05,0
BKG103471,City Hotel,2022-04-18,2022-04-29,2022-05-05,11,USA,1,0.0,Standard,233.85,Offline Agent,Canceled,2022,4,Apr,2022-04,6,1403.1,1
BKG103472,City Hotel,2023-02-10,2023-03-25,2023-04-03,43,Brazil,4,2.0,Deluxe,261.67,Corporate,No-Show,2023,2,Feb,2023-02,9,2355.03,0
BKG103473,City Hotel,2023-09-11,2023-11-15,2023-11-16,65,Brazil,2,2.0,Suite,164.47,Offline Agent,Canceled,2023,9,Sep,2023-09,1,164.47,1
BKG103474,Resort Hotel,2022-08-24,2023-02-10,2023-02-15,170,Germany,3,0.0,Standard,306.53,Direct,Check-Out,2022,8,Aug,2022-08,5,1532.6499999999999,0
BKG103475,Resort Hotel,2022-05-05,2022-08-14,2022-08-24,101,UK,2,0.0,Deluxe,195.99,Offline Agent,No-Show,2022,5,May,2022-05,10,1959.9,0
BKG103476,Resort Hotel,2023-09-09,2023-11-11,2023-11-21,63,UK,1,0.0,Standard,285.01,Online Travel Agent,Check-Out,2023,9,Sep,2023-09,10,2850.1,0
BKG103477,Resort Hotel,2022-04-09,2022-08-15,2022-08-21,128,Germany,2,0.0,Standard,61.71,Corporate,Check-Out,2022,4,Apr,2022-04,6,370.26,0
BKG103478,City Hotel,2022-03-16,2022-05-04,2022-05-08,49,India,4,0.0,Deluxe,256.88,Online Travel Agent,Check-Out,2022,3,Mar,2022-03,4,1027.52,0
BKG103479,City Hotel,2022-02-16,2022-04-03,2022-04-07,46,Australia,1,2.0,Deluxe,232.49,Online Travel Agent,Canceled,2022,2,Feb,2022-02,4,929.96,1
BKG103480,City Hotel,2022-07-07,2022-12-13,2022-12-19,159,Canada,1,0.0,Suite,88.33,Offline Agent,Canceled,2022,7,Jul,2022-07,6,529.98,1
BKG103481,Resort Hotel,2023-12-16,2024-06-09,2024-06-10,176,Canada,1,0.0,Family,260.18,Corporate,Canceled,2023,12,Dec,2023-12,1,260.18,1
BKG103482,Resort Hotel,2022-08-06,2022-09-19,2022-09-24,44,Singapore,3,2.0,Family,129.15,Online Travel Agent,Check-Out,2022,8,Aug,2022-08,5,645.75,0
BKG103483,Resort Hotel,2022-03-16,2022-06-04,2022-06-09,80,USA,4,0.0,Family,186.26,Online Travel Agent,Canceled,2022,3,Mar,2022-03,5,931.3,1
BKG103484,Resort Hotel,2023-12-08,2024-04-27,2024-05-05,141,India,1,0.0,Suite,199.96,Online Travel Agent,Check-Out,2023,12,Dec,2023-12,8,1599.68,0
BKG103485,Resort Hotel,2022-09-01,2023-02-16,2023-02-25,168,France,1,2.0,Standard,330.6,Direct,Canceled,2022,9,Sep,2022-09,9,2975.4,1
BKG103486,Resort Hotel,2022-06-21,2022-07-19,2022-07-26,28,UK,1,0.0,Suite,168.65,Online Travel Agent,Check-Out,2022,6,Jun,2022-06,7,1180.55,0
BKG103487,City Hotel,2022-05-23,2022-11-13,2022-11-19,174,Australia,2,1.0,Standard,171.47,Direct,Check-Out,2022,5,May,2022-05,6,1028.82,0
BKG103488,City Hotel,2022-04-25,2022-05-20,2022-05-27,25,UK,4,2.0,Deluxe,160.43,Direct,Canceled,2022,4,Apr,2022-04,7,1123.01,1
BKG103489,Resort Hotel,2023-05-21,2023-11-10,2023-11-11,173,USA,1,0.0,Family,176.26,Offline Agent,Canceled,2023,5,May,2023-05,1,176.26,1
BKG103490,City Hotel,2024-01-30,2024-06-15,2024-06-22,137,Australia,2,2.0,Suite,62.05,Direct,Check-Out,2024,1,Jan,2024-01,7,434.34999999999997,0
BKG103491,Resort Hotel,2024-06-14,2024-08-18,2024-08-21,65,UK,4,1.0,Deluxe,127.82,Online Travel Agent,Check-Out,2024,6,Jun,2024-06,3,383.46,0
BKG103492,Resort Hotel,2022-11-03,2022-11-24,2022-12-02,21,France,3,0.0,Standard,245.81,Corporate,Canceled,2022,11,Nov,2022-11,8,1966.48,1
BKG103493,City Hotel,2022-03-21,2022-08-23,2022-09-01,155,India,3,0.0,Family,77.59,Corporate,Canceled,2022,3,Mar,2022-03,9,698.3100000000001,1
BKG103494,City Hotel,2022-01-03,2022-05-18,2022-05-23,135,Canada,3,0.0,Family,218.85,Online Travel Agent,Check-Out,2022,1,Jan,2022-01,5,1094.25,0
BKG103495,Resort Hotel,2023-05-24,2023-09-30,2023-10-05,129,India,4,1.0,Deluxe,236.89,Online Travel Agent,Check-Out,2023,5,May,2023-05,5,1184.4499999999998,0
BKG103496,Resort Hotel,2023-02-07,2023-04-17,2023-04-22,69,UAE,1,0.0,Suite,330.79,Online Travel Agent,Check-Out,2023,2,Feb,2023-02,5,1653.95,0
BKG103497,Resort Hotel,2022-06-17,2022-10-08,2022-10-11,113,UK,4,2.0,Deluxe,344.75,Online Travel Agent,Check-Out,2022,6,Jun,2022-06,3,1034.25,0
BKG103498,Resort Hotel,2023-12-08,2024-04-26,2024-04-30,140,UK,2,0.0,Standard,164.69,Direct,Check-Out,2023,12,Dec,2023-12,4,658.76,0
BKG103499,Resort Hotel,2023-03-14,2023-05-03,2023-05-10,50,UAE,1,0.0,Standard,316.88,Direct,Check-Out,2023,3,Mar,2023-03,7,2218.16,0
BKG103500,City Hotel,2023-02-15,2023-05-06,2023-05-08,80,Canada,1,1.0,Standard,245.03,Online Travel Agent,Check-Out,2023,2,Feb,2023-02,2,490.06,0
BKG103501,City Hotel,2023-11-16,2024-02-24,2024-02-29,100,Germany,3,1.0,Standard,224.35,Online Travel Agent,Canceled,2023,11,Nov,2023-11,5,1121.75,1
BKG103502,City Hotel,2024-03-15,2024-05-19,2024-05-20,65,Singapore,4,2.0,Standard,67.32,Direct,Check-Out,2024,3,Mar,2024-03,1,67.32,0
BKG103503,City Hotel,2023-11-05,2024-03-17,2024-03-19,133,Australia,1,0.0,Family,88.94,Online Travel Agent,Canceled,2023,11,Nov,2023-11,2,177.88,1
BKG103504,City Hotel,2023-02-16,2023-06-14,2023-06-22,118,UK,4,0.0,Suite,229.5,Offline Agent,Canceled,2023,2,Feb,2023-02,8,1836.0,1
BKG103505,City Hotel,2022-04-09,2022-08-10,2022-08-11,123,UAE,2,0.0,Standard,190.46,Offline Agent,Canceled,2022,4,Apr,2022-04,1,190.46,1
BKG103506,City Hotel,2023-04-23,2023-05-03,2023-05-06,10,UAE,2,0.0,Deluxe,220.98,Corporate,Check-Out,2023,4,Apr,2023-04,3,662.9399999999999,0
BKG103507,Resort Hotel,2024-06-13,2024-07-24,2024-08-01,41,UK,4,0.0,Standard,153.55,Corporate,Check-Out,2024,6,Jun,2024-06,8,1228.4,0
BKG103508,City Hotel,2023-10-22,2024-04-15,2024-04-18,176,Germany,3,2.0,Suite,223.57,Offline Agent,Check-Out,2023,10,Oct,2023-10,3,670.71,0
BKG103509,City Hotel,2023-04-15,2023-05-28,2023-06-07,43,Canada,2,0.0,Standard,242.3,Direct,Canceled,2023,4,Apr,2023-04,10,2423.0,1
BKG103510,City Hotel,2022-09-19,2022-09-26,2022-10-06,7,Germany,2,2.0,Suite,205.88,Offline Agent,Check-Out,2022,9,Sep,2022-09,10,2058.8,0
BKG103511,Resort Hotel,2022-10-20,2022-12-27,2022-12-30,68,UAE,4,0.0,Family,229.81,Corporate,Check-Out,2022,10,Oct,2022-10,3,689.4300000000001,0
BKG103512,Resort Hotel,2022-09-03,2023-02-04,2023-02-06,154,Canada,4,1.0,Deluxe,177.53,Corporate,No-Show,2022,9,Sep,2022-09,2,355.06,0
BKG103513,Resort Hotel,2024-06-06,2024-08-02,2024-08-06,57,India,3,0.0,Standard,332.33,Offline Agent,Check-Out,2024,6,Jun,2024-06,4,1329.32,0
BKG103514,Resort Hotel,2022-09-09,2022-11-17,2022-11-18,69,USA,1,0.0,Suite,260.44,Offline Agent,Check-Out,2022,9,Sep,2022-09,1,260.44,0
BKG103515,Resort Hotel,2022-09-19,2023-03-14,2023-03-20,176,Singapore,2,1.0,Family,121.42,Direct,Canceled,2022,9,Sep,2022-09,6,728.52,1
BKG103516,City Hotel,2022-07-19,2022-10-20,2022-10-28,93,UAE,1,0.0,Family,140.02,Corporate,Check-Out,2022,7,Jul,2022-07,8,1120.16,0
BKG103517,City Hotel,2024-06-11,2024-08-24,2024-08-27,74,France,1,0.0,Suite,90.52,Corporate,No-Show,2024,6,Jun,2024-06,3,271.56,0
BKG103518,City Hotel,2022-12-07,2023-04-08,2023-04-13,122,UK,2,0.0,Suite,243.22,Offline Agent,Check-Out,2022,12,Dec,2022-12,5,1216.1,0
BKG103519,City Hotel,2022-04-23,2022-07-25,2022-07-27,93,France,2,2.0,Family,92.26,Direct,Canceled,2022,4,Apr,2022-04,2,184.52,1
BKG103520,City Hotel,2023-11-08,2024-02-15,2024-02-20,99,UK,2,2.0,Suite,232.91,Offline Agent,Canceled,2023,11,Nov,2023-11,5,1164.55,1
BKG103521,Resort Hotel,2022-11-27,2023-01-20,2023-01-30,54,UAE,4,0.0,Deluxe,281.76,Online Travel Agent,Check-Out,2022,11,Nov,2022-11,10,2817.6,0
BKG103522,Resort Hotel,2022-11-20,2022-12-20,2022-12-25,30,France,3,0.0,Family,291.11,Direct,Canceled,2022,11,Nov,2022-11,5,1455.5500000000002,1
BKG103523,City Hotel,2022-08-29,2022-09-10,2022-09-16,12,Germany,4,2.0,Standard,109.74,Online Travel Agent,Canceled,2022,8,Aug,2022-08,6,658.4399999999999,1
BKG103524,Resort Hotel,2022-04-04,2022-05-09,2022-05-14,35,Canada,4,0.0,Family,322.19,Direct,Check-Out,2022,4,Apr,2022-04,5,1610.95,0
BKG103525,City Hotel,2024-02-02,2024-02-14,2024-02-16,12,Brazil,3,0.0,Family,63.84,Online Travel Agent,Canceled,2024,2,Feb,2024-02,2,127.68,1
BKG103526,Resort Hotel,2023-01-22,2023-06-23,2023-06-30,152,Australia,2,1.0,Family,324.81,Offline Agent,Check-Out,2023,1,Jan,2023-01,7,2273.67,0
BKG103527,Resort Hotel,2023-12-18,2024-05-26,2024-05-27,160,France,4,0.0,Family,62.6,Online Travel Agent,Check-Out,2023,12,Dec,2023-12,1,62.6,0
BKG103528,Resort Hotel,2022-01-10,2022-02-05,2022-02-07,26,USA,2,0.0,Family,60.65,Online Travel Agent,Check-Out,2022,1,Jan,2022-01,2,121.3,0
BKG103529,City Hotel,2022-09-18,2022-10-01,2022-10-04,13,Singapore,4,0.0,Deluxe,221.8,Direct,Check-Out,2022,9,Sep,2022-09,3,665.4000000000001,0
BKG103530,City Hotel,2022-06-26,2022-07-11,2022-07-20,15,UK,4,0.0,Suite,136.64,Online Travel Agent,Canceled,2022,6,Jun,2022-06,9,1229.7599999999998,1
BKG103531,Resort Hotel,2023-09-26,2024-01-05,2024-01-12,101,India,4,2.0,Standard,313.78,Online Travel Agent,Check-Out,2023,9,Sep,2023-09,7,2196.46,0
BKG103532,City Hotel,2022-10-12,2022-12-20,2022-12-23,69,Germany,3,1.0,Family,64.01,Direct,Check-Out,2022,10,Oct,2022-10,3,192.03000000000003,0
BKG103533,Resort Hotel,2024-05-14,2024-09-27,2024-10-04,136,Australia,1,0.0,Suite,227.86,Corporate,Check-Out,2024,5,May,2024-05,7,1595.02,0
BKG103534,City Hotel,2022-11-28,2023-05-15,2023-05-23,168,Brazil,4,0.0,Deluxe,319.66,Direct,Check-Out,2022,11,Nov,2022-11,8,2557.28,0
BKG103535,Resort Hotel,2022-11-18,2023-03-25,2023-04-02,127,Australia,4,2.0,Family,245.98,Offline Agent,Check-Out,2022,11,Nov,2022-11,8,1967.84,0
BKG103536,City Hotel,2022-11-16,2023-04-25,2023-04-27,160,Singapore,1,0.0,Standard,230.12,Corporate,Check-Out,2022,11,Nov,2022-11,2,460.24,0
BKG103537,City Hotel,2022-10-15,2022-12-12,2022-12-22,58,India,1,0.0,Deluxe,158.89,Corporate,Canceled,2022,10,Oct,2022-10,10,1588.8999999999999,1
BKG103538,City Hotel,2023-10-10,2024-01-22,2024-02-01,104,Germany,4,0.0,Suite,267.84,Corporate,Check-Out,2023,10,Oct,2023-10,10,2678.3999999999996,0
BKG103539,Resort Hotel,2023-02-07,2023-02-11,2023-02-19,4,India,3,0.0,Standard,291.19,Corporate,Check-Out,2023,2,Feb,2023-02,8,2329.52,0
BKG103540,City Hotel,2022-06-19,2022-12-05,2022-12-08,169,USA,4,0.0,Standard,303.15,Direct,Canceled,2022,6,Jun,2022-06,3,909.4499999999999,1
BKG103541,Resort Hotel,2022-12-20,2023-05-18,2023-05-23,149,UAE,1,2.0,Family,161.22,Corporate,Check-Out,2022,12,Dec,2022-12,5,806.1,0
BKG103542,City Hotel,2022-06-11,2022-08-20,2022-08-24,70,India,4,1.0,Family,281.5,Offline Agent,Canceled,2022,6,Jun,2022-06,4,1126.0,1
BKG103543,City Hotel,2023-01-07,2023-03-30,2023-04-07,82,Australia,2,1.0,Family,313.89,Online Travel Agent,Check-Out,2023,1,Jan,2023-01,8,2511.12,0
BKG103544,Resort Hotel,2022-06-24,2022-08-06,2022-08-12,43,USA,3,1.0,Family,192.81,Corporate,Canceled,2022,6,Jun,2022-06,6,1156.8600000000001,1
BKG103545,City Hotel,2024-05-22,2024-07-01,2024-07-09,40,UAE,2,2.0,Deluxe,139.39,Direct,Canceled,2024,5,May,2024-05,8,1115.12,1
BKG103546,Resort Hotel,2023-02-11,2023-06-18,2023-06-23,127,Singapore,1,0.0,Suite,77.46,Corporate,Check-Out,2023,2,Feb,2023-02,5,387.29999999999995,0
BKG103547,Resort Hotel,2022-01-01,2022-01-16,2022-01-25,15,UK,3,0.0,Suite,159.32,Direct,Check-Out,2022,1,Jan,2022-01,9,1433.8799999999999,0
BKG103548,City Hotel,2024-01-28,2024-04-18,2024-04-26,81,USA,3,0.0,Deluxe,302.78,Offline Agent,Check-Out,2024,1,Jan,2024-01,8,2422.24,0
BKG103549,Resort Hotel,2022-09-11,2022-12-05,2022-12-08,85,Australia,3,1.0,Deluxe,80.39,Online Travel Agent,Check-Out,2022,9,Sep,2022-09,3,241.17000000000002,0
BKG103550,Resort Hotel,2023-06-08,2023-09-06,2023-09-09,90,France,1,1.0,Family,289.28,Online Travel Agent,Check-Out,2023,6,Jun,2023-06,3,867.8399999999999,0
BKG103551,Resort Hotel,2023-09-06,2024-01-11,2024-01-20,127,Australia,4,0.0,Suite,190.16,Online Travel Agent,Check-Out,2023,9,Sep,2023-09,9,1711.44,0
BKG103552,Resort Hotel,2023-12-10,2024-04-17,2024-04-18,129,Canada,3,0.0,Family,266.45,Offline Agent,Check-Out,2023,12,Dec,2023-12,1,266.45,0
BKG103553,City Hotel,2022-09-09,2022-10-30,2022-11-03,51,France,1,2.0,Standard,296.41,Corporate,Check-Out,2022,9,Sep,2022-09,4,1185.64,0
BKG103554,Resort Hotel,2023-10-31,2024-02-18,2024-02-19,110,USA,2,0.0,Deluxe,242.83,Offline Agent,Canceled,2023,10,Oct,2023-10,1,242.83,1
BKG103555,City Hotel,2023-07-08,2023-07-20,2023-07-23,12,Canada,1,0.0,Family,228.3,Offline Agent,Canceled,2023,7,Jul,2023-07,3,684.9000000000001,1
BKG103556,City Hotel,2024-03-12,2024-07-08,2024-07-16,118,Australia,2,1.0,Suite,159.2,Corporate,Check-Out,2024,3,Mar,2024-03,8,1273.6,0
BKG103557,Resort Hotel,2022-12-05,2023-05-12,2023-05-13,158,Brazil,2,0.0,Suite,320.86,Corporate,Check-Out,2022,12,Dec,2022-12,1,320.86,0
BKG103558,Resort Hotel,2024-03-01,2024-03-29,2024-03-31,28,Brazil,1,0.0,Suite,170.73,Corporate,Check-Out,2024,3,Mar,2024-03,2,341.46,0
BKG103559,Resort Hotel,2024-04-22,2024-05-04,2024-05-13,12,USA,2,0.0,Deluxe,260.43,Corporate,Check-Out,2024,4,Apr,2024-04,9,2343.87,0
BKG103560,Resort Hotel,2022-03-13,2022-05-31,2022-06-09,79,Canada,3,0.0,Standard,276.55,Direct,Check-Out,2022,3,Mar,2022-03,9,2488.9500000000003,0
BKG103561,City Hotel,2022-01-18,2022-05-08,2022-05-11,110,USA,4,0.0,Suite,171.8,Online Travel Agent,Canceled,2022,1,Jan,2022-01,3,515.4000000000001,1
BKG103562,City Hotel,2022-11-01,2023-01-18,2023-01-27,78,France,4,1.0,Deluxe,105.58,Corporate,Check-Out,2022,11,Nov,2022-11,9,950.22,0
BKG103563,City Hotel,2023-04-10,2023-10-05,2023-10-15,178,India,4,0.0,Family,75.81,Corporate,Canceled,2023,4,Apr,2023-04,10,758.1,1
BKG103564,City Hotel,2022-06-22,2022-09-18,2022-09-21,88,Singapore,1,0.0,Deluxe,126.38,Offline Agent,Check-Out,2022,6,Jun,2022-06,3,379.14,0
BKG103565,Resort Hotel,2022-04-25,2022-06-05,2022-06-11,41,Brazil,2,2.0,Suite,136.7,Corporate,No-Show,2022,4,Apr,2022-04,6,820.1999999999999,0
BKG103566,City Hotel,2023-01-29,2023-07-21,2023-07-27,173,France,1,0.0,Suite,140.13,Offline Agent,Check-Out,2023,1,Jan,2023-01,6,840.78,0
BKG103567,City Hotel,2022-11-26,2023-01-01,2023-01-05,36,UK,1,0.0,Suite,134.77,Direct,No-Show,2022,11,Nov,2022-11,4,539.08,0
BKG103568,City Hotel,2024-06-18,2024-10-30,2024-11-06,134,Canada,4,2.0,Standard,165.99,Online Travel Agent,Check-Out,2024,6,Jun,2024-06,7,1161.93,0
BKG103569,City Hotel,2023-04-27,2023-08-29,2023-09-08,124,Australia,3,0.0,Family,96.23,Online Travel Agent,Canceled,2023,4,Apr,2023-04,10,962.3000000000001,1
BKG103570,City Hotel,2023-09-23,2024-03-14,2024-03-18,173,India,4,1.0,Deluxe,101.54,Online Travel Agent,Check-Out,2023,9,Sep,2023-09,4,406.16,0
BKG103571,Resort Hotel,2023-12-09,2024-02-26,2024-02-28,79,Canada,4,1.0,Deluxe,321.09,Corporate,Canceled,2023,12,Dec,2023-12,2,642.18,1
BKG103572,City Hotel,2023-03-10,2023-03-20,2023-03-24,10,India,1,1.0,Family,88.35,Direct,Canceled,2023,3,Mar,2023-03,4,353.4,1
BKG103573,Resort Hotel,2024-02-03,2024-02-25,2024-03-03,22,Canada,3,0.0,Suite,199.62,Corporate,Check-Out,2024,2,Feb,2024-02,7,1397.3400000000001,0
BKG103574,City Hotel,2024-01-05,2024-05-12,2024-05-16,128,Singapore,2,2.0,Suite,278.79,Online Travel Agent,No-Show,2024,1,Jan,2024-01,4,1115.16,0
BKG103575,Resort Hotel,2023-11-28,2023-12-11,2023-12-18,13,UAE,4,2.0,Suite,331.31,Offline Agent,Check-Out,2023,11,Nov,2023-11,7,2319.17,0
BKG103576,City Hotel,2022-11-29,2023-03-02,2023-03-09,93,Singapore,4,0.0,Suite,309.29,Online Travel Agent,Check-Out,2022,11,Nov,2022-11,7,2165.03,0
BKG103577,City Hotel,2023-03-07,2023-05-07,2023-05-14,61,Brazil,3,1.0,Suite,245.38,Corporate,Check-Out,2023,3,Mar,2023-03,7,1717.6599999999999,0
BKG103578,City Hotel,2023-02-28,2023-03-29,2023-03-31,29,Germany,2,0.0,Deluxe,230.23,Direct,Check-Out,2023,2,Feb,2023-02,2,460.46,0
BKG103579,City Hotel,2023-01-16,2023-02-04,2023-02-13,19,USA,2,0.0,Deluxe,174.53,Online Travel Agent,Canceled,2023,1,Jan,2023-01,9,1570.77,1
BKG103580,City Hotel,2023-10-19,2024-02-05,2024-02-15,109,Brazil,4,0.0,Family,221.83,Corporate,Check-Out,2023,10,Oct,2023-10,10,2218.3,0
BKG103581,City Hotel,2023-08-08,2023-12-15,2023-12-25,129,Germany,4,0.0,Standard,84.73,Corporate,Check-Out,2023,8,Aug,2023-08,10,847.3000000000001,0
BKG103582,Resort Hotel,2023-10-05,2023-10-18,2023-10-23,13,UK,2,1.0,Suite,225.5,Online Travel Agent,Check-Out,2023,10,Oct,2023-10,5,1127.5,0
BKG103583,City Hotel,2022-05-17,2022-07-16,2022-07-17,60,Brazil,1,0.0,Standard,199.98,Online Travel Agent,Check-Out,2022,5,May,2022-05,1,199.98,0
BKG103584,City Hotel,2022-07-28,2022-08-24,2022-09-03,27,Germany,1,2.0,Family,299.39,Online Travel Agent,Canceled,2022,7,Jul,2022-07,10,2993.8999999999996,1
BKG103585,Resort Hotel,2023-01-07,2023-06-26,2023-07-02,170,Australia,2,1.0,Deluxe,61.28,Online Travel Agent,Check-Out,2023,1,Jan,2023-01,6,367.68,0
BKG103586,City Hotel,2022-12-23,2023-04-08,2023-04-16,106,Australia,2,0.0,Suite,202.2,Direct,Canceled,2022,12,Dec,2022-12,8,1617.6,1
BKG103587,Resort Hotel,2023-06-18,2023-09-05,2023-09-07,79,Germany,1,0.0,Deluxe,315.16,Offline Agent,Check-Out,2023,6,Jun,2023-06,2,630.32,0
BKG103588,City Hotel,2022-08-12,2022-09-13,2022-09-18,32,Germany,2,1.0,Suite,148.34,Direct,Check-Out,2022,8,Aug,2022-08,5,741.7,0
BKG103589,Resort Hotel,2022-08-23,2022-11-18,2022-11-25,87,India,1,0.0,Deluxe,221.47,Online Travel Agent,Check-Out,2022,8,Aug,2022-08,7,1550.29,0
BKG103590,City Hotel,2023-03-16,2023-09-04,2023-09-14,172,UK,3,2.0,Standard,253.2,Corporate,Check-Out,2023,3,Mar,2023-03,10,2532.0,0
BKG103591,Resort Hotel,2023-10-28,2024-04-15,2024-04-17,170,Singapore,1,0.0,Standard,250.2,Offline Agent,Check-Out,2023,10,Oct,2023-10,2,500.4,0
BKG103592,Resort Hotel,2023-09-10,2023-09-17,2023-09-21,7,Australia,4,1.0,Suite,171.63,Offline Agent,Check-Out,2023,9,Sep,2023-09,4,686.52,0
BKG103593,City Hotel,2022-03-17,2022-08-30,2022-09-03,166,Brazil,2,1.0,Suite,335.98,Corporate,Check-Out,2022,3,Mar,2022-03,4,1343.92,0
BKG103594,City Hotel,2022-07-25,2023-01-16,2023-01-24,175,India,1,0.0,Deluxe,253.67,Offline Agent,Check-Out,2022,7,Jul,2022-07,8,2029.36,0
BKG103595,City Hotel,2022-12-20,2023-05-31,2023-06-04,162,UAE,1,0.0,Deluxe,105.04,Offline Agent,No-Show,2022,12,Dec,2022-12,4,420.16,0
BKG103596,Resort Hotel,2022-12-04,2023-03-20,2023-03-28,106,Germany,1,0.0,Standard,243.09,Corporate,Check-Out,2022,12,Dec,2022-12,8,1944.72,0
BKG103597,City Hotel,2023-04-11,2023-08-31,2023-09-01,142,UAE,4,0.0,Deluxe,96.48,Corporate,Canceled,2023,4,Apr,2023-04,1,96.48,1
BKG103598,Resort Hotel,2023-09-30,2023-12-13,2023-12-22,74,Singapore,1,2.0,Deluxe,163.11,Online Travel Agent,Canceled,2023,9,Sep,2023-09,9,1467.9900000000002,1
BKG103599,City Hotel,2022-03-17,2022-06-08,2022-06-10,83,Australia,3,2.0,Suite,195.37,Online Travel Agent,Check-Out,2022,3,Mar,2022-03,2,390.74,0
BKG103600,City Hotel,2024-01-14,2024-02-04,2024-02-11,21,UK,3,1.0,Deluxe,180.04,Direct,Canceled,2024,1,Jan,2024-01,7,1260.28,1
BKG103601,Resort Hotel,2024-04-04,2024-07-12,2024-07-14,99,UK,3,0.0,Suite,265.45,Corporate,Check-Out,2024,4,Apr,2024-04,2,530.9,0
BKG103602,City Hotel,2022-10-31,2022-12-18,2022-12-23,48,Australia,3,1.0,Standard,199.27,Direct,Canceled,2022,10,Oct,2022-10,5,996.35,1
BKG103603,Resort Hotel,2023-07-03,2023-10-22,2023-10-28,111,Brazil,3,0.0,Standard,285.31,Corporate,Check-Out,2023,7,Jul,2023-07,6,1711.8600000000001,0
BKG103604,City Hotel,2024-01-08,2024-04-19,2024-04-27,102,Brazil,2,0.0,Deluxe,334.37,Offline Agent,Canceled,2024,1,Jan,2024-01,8,2674.96,1
BKG103605,Resort Hotel,2022-04-30,2022-09-25,2022-09-30,148,Australia,1,0.0,Family,244.76,Online Travel Agent,Check-Out,2022,4,Apr,2022-04,5,1223.8,0
BKG103606,City Hotel,2022-12-02,2023-05-22,2023-05-26,171,Singapore,4,0.0,Standard,264.59,Offline Agent,Check-Out,2022,12,Dec,2022-12,4,1058.36,0
BKG103607,Resort Hotel,2023-11-16,2023-12-21,2023-12-22,35,USA,2,0.0,Deluxe,219.67,Online Travel Agent,Canceled,2023,11,Nov,2023-11,1,219.67,1
BKG103608,Resort Hotel,2023-08-15,2024-01-20,2024-01-27,158,Canada,4,1.0,Deluxe,184.3,Online Travel Agent,Check-Out,2023,8,Aug,2023-08,7,1290.1000000000001,0
BKG103609,City Hotel,2023-03-31,2023-05-27,2023-06-01,57,Australia,3,2.0,Family,124.9,Offline Agent,Check-Out,2023,3,Mar,2023-03,5,624.5,0
BKG103610,City Hotel,2023-10-18,2023-11-12,2023-11-22,25,Canada,1,0.0,Suite,177.63,Direct,Check-Out,2023,10,Oct,2023-10,10,1776.3,0
BKG103611,City Hotel,2023-05-16,2023-09-15,2023-09-16,122,Germany,3,0.0,Deluxe,173.42,Online Travel Agent,Check-Out,2023,5,May,2023-05,1,173.42,0
BKG103612,City Hotel,2024-01-14,2024-06-14,2024-06-15,152,Germany,3,0.0,Standard,346.44,Corporate,Check-Out,2024,1,Jan,2024-01,1,346.44,0
BKG103613,City Hotel,2023-05-30,2023-09-16,2023-09-25,109,Australia,1,0.0,Standard,306.45,Direct,No-Show,2023,5,May,2023-05,9,2758.0499999999997,0
BKG103614,City Hotel,2024-03-31,2024-05-15,2024-05-22,45,Singapore,4,0.0,Standard,151.71,Online Travel Agent,Check-Out,2024,3,Mar,2024-03,7,1061.97,0
BKG103615,City Hotel,2023-06-13,2023-06-26,2023-07-01,13,USA,1,0.0,Suite,286.08,Offline Agent,Canceled,2023,6,Jun,2023-06,5,1430.3999999999999,1
BKG103616,Resort Hotel,2022-01-14,2022-01-24,2022-01-25,10,Canada,1,2.0,Deluxe,254.74,Corporate,Check-Out,2022,1,Jan,2022-01,1,254.74,0
BKG103617,City Hotel,2023-03-28,2023-05-26,2023-05-31,59,Brazil,4,0.0,Deluxe,130.76,Online Travel Agent,Check-Out,2023,3,Mar,2023-03,5,653.8,0
BKG103618,City Hotel,2022-10-10,2022-11-05,2022-11-09,26,Canada,1,2.0,Standard,214.03,Direct,Check-Out,2022,10,Oct,2022-10,4,856.12,0
BKG103619,City Hotel,2022-07-25,2022-07-28,2022-08-03,3,UK,3,0.0,Suite,330.43,Online Travel Agent,Check-Out,2022,7,Jul,2022-07,6,1982.58,0
BKG103620,Resort Hotel,2023-08-20,2024-02-03,2024-02-04,167,Brazil,2,0.0,Suite,234.34,Direct,Check-Out,2023,8,Aug,2023-08,1,234.34,0
BKG103621,Resort Hotel,2022-10-17,2022-11-02,2022-11-05,16,Germany,3,2.0,Deluxe,190.06,Direct,Check-Out,2022,10,Oct,2022-10,3,570.1800000000001,0
BKG103622,Resort Hotel,2023-12-28,2024-04-20,2024-04-27,114,Australia,4,1.0,Deluxe,307.25,Online Travel Agent,Canceled,2023,12,Dec,2023-12,7,2150.75,1
BKG103623,City Hotel,2024-05-07,2024-05-25,2024-05-29,18,Singapore,3,0.0,Deluxe,247.82,Offline Agent,Check-Out,2024,5,May,2024-05,4,991.28,0
BKG103624,Resort Hotel,2023-11-17,2024-05-14,2024-05-18,179,Australia,1,2.0,Deluxe,88.98,Online Travel Agent,Check-Out,2023,11,Nov,2023-11,4,355.92,0
BKG103625,City Hotel,2023-08-06,2024-01-23,2024-01-27,170,Germany,4,0.0,Deluxe,112.3,Online Travel Agent,Check-Out,2023,8,Aug,2023-08,4,449.2,0
BKG103626,Resort Hotel,2022-12-23,2023-03-12,2023-03-21,79,Germany,1,0.0,Standard,154.45,Online Travel Agent,Canceled,2022,12,Dec,2022-12,9,1390.05,1
BKG103627,City Hotel,2023-06-06,2023-09-20,2023-09-21,106,Canada,3,1.0,Family,300.47,Online Travel Agent,Check-Out,2023,6,Jun,2023-06,1,300.47,0
BKG103628,Resort Hotel,2023-12-23,2024-06-10,2024-06-19,170,UK,2,0.0,Family,313.63,Corporate,Canceled,2023,12,Dec,2023-12,9,2822.67,1
BKG103629,Resort Hotel,2022-10-04,2022-10-12,2022-10-18,8,Germany,2,0.0,Family,257.08,Online Travel Agent,Check-Out,2022,10,Oct,2022-10,6,1542.48,0
BKG103630,Resort Hotel,2023-05-16,2023-09-28,2023-10-06,135,France,1,0.0,Family,312.85,Direct,Check-Out,2023,5,May,2023-05,8,2502.8,0
BKG103631,City Hotel,2022-12-16,2023-04-14,2023-04-16,119,Canada,2,1.0,Suite,141.72,Corporate,Check-Out,2022,12,Dec,2022-12,2,283.44,0
BKG103632,Resort Hotel,2024-02-02,2024-04-21,2024-04-27,79,UAE,2,1.0,Family,163.36,Corporate,No-Show,2024,2,Feb,2024-02,6,980.1600000000001,0
BKG103633,City Hotel,2022-11-01,2023-04-23,2023-05-02,173,Brazil,2,0.0,Standard,100.45,Online Travel Agent,Canceled,2022,11,Nov,2022-11,9,904.0500000000001,1
BKG103634,City Hotel,2023-01-10,2023-02-05,2023-02-07,26,Germany,1,0.0,Deluxe,273.39,Corporate,Check-Out,2023,1,Jan,2023-01,2,546.78,0
BKG103635,City Hotel,2023-04-16,2023-08-03,2023-08-08,109,India,4,1.0,Family,348.02,Online Travel Agent,No-Show,2023,4,Apr,2023-04,5,1740.1,0
BKG103636,Resort Hotel,2023-07-12,2023-09-01,2023-09-10,51,France,2,0.0,Family,309.25,Corporate,Canceled,2023,7,Jul,2023-07,9,2783.25,1
BKG103637,City Hotel,2022-07-01,2022-11-02,2022-11-08,124,UAE,4,0.0,Family,132.1,Direct,Check-Out,2022,7,Jul,2022-07,6,792.5999999999999,0
BKG103638,City Hotel,2024-05-24,2024-07-15,2024-07-24,52,UK,2,0.0,Suite,147.19,Corporate,Check-Out,2024,5,May,2024-05,9,1324.71,0
BKG103639,Resort Hotel,2022-12-14,2023-01-02,2023-01-08,19,Australia,3,1.0,Deluxe,307.44,Online Travel Agent,Canceled,2022,12,Dec,2022-12,6,1844.6399999999999,1
BKG103640,Resort Hotel,2022-07-27,2022-09-07,2022-09-12,42,Singapore,2,1.0,Family,85.72,Direct,Canceled,2022,7,Jul,2022-07,5,428.6,1
BKG103641,Resort Hotel,2023-12-06,2024-04-14,2024-04-21,130,Germany,4,0.0,Family,199.61,Online Travel Agent,Check-Out,2023,12,Dec,2023-12,7,1397.27,0
BKG103642,Resort Hotel,2023-07-24,2023-10-20,2023-10-25,88,Australia,4,2.0,Standard,279.65,Direct,Canceled,2023,7,Jul,2023-07,5,1398.25,1
BKG103643,Resort Hotel,2024-03-26,2024-08-29,2024-09-01,156,UK,2,2.0,Deluxe,335.91,Direct,Check-Out,2024,3,Mar,2024-03,3,1007.73,0
BKG103644,City Hotel,2023-12-15,2023-12-15,2023-12-22,0,USA,2,0.0,Suite,129.79,Corporate,Check-Out,2023,12,Dec,2023-12,7,908.53,0
BKG103645,Resort Hotel,2022-10-12,2022-10-28,2022-11-06,16,Australia,2,0.0,Suite,216.24,Online Travel Agent,Check-Out,2022,10,Oct,2022-10,9,1946.16,0
BKG103646,Resort Hotel,2022-08-26,2022-11-22,2022-11-29,88,Singapore,2,0.0,Deluxe,118.88,Offline Agent,Check-Out,2022,8,Aug,2022-08,7,832.16,0
BKG103647,City Hotel,2022-12-01,2023-05-20,2023-05-25,170,UAE,1,0.0,Family,345.32,Online Travel Agent,Check-Out,2022,12,Dec,2022-12,5,1726.6,0
BKG103648,Resort Hotel,2024-03-23,2024-07-29,2024-08-08,128,UAE,4,0.0,Standard,86.79,Online Travel Agent,Check-Out,2024,3,Mar,2024-03,10,867.9000000000001,0
BKG103649,Resort Hotel,2023-07-07,2023-10-19,2023-10-28,104,France,3,1.0,Family,144.73,Offline Agent,Check-Out,2023,7,Jul,2023-07,9,1302.57,0
BKG103650,Resort Hotel,2023-11-28,2024-04-10,2024-04-19,134,UAE,2,0.0,Family,65.88,Direct,Check-Out,2023,11,Nov,2023-11,9,592.92,0
BKG103651,Resort Hotel,2024-03-21,2024-09-03,2024-09-08,166,Australia,4,1.0,Deluxe,330.54,Online Travel Agent,Check-Out,2024,3,Mar,2024-03,5,1652.7,0
BKG103652,City Hotel,2022-09-07,2022-09-11,2022-09-20,4,UK,3,1.0,Family,72.15,Direct,Check-Out,2022,9,Sep,2022-09,9,649.35,0
BKG103653,City Hotel,2022-01-15,2022-03-16,2022-03-20,60,Australia,4,0.0,Suite,236.51,Online Travel Agent,Check-Out,2022,1,Jan,2022-01,4,946.04,0
BKG103654,Resort Hotel,2023-03-20,2023-05-20,2023-05-25,61,India,2,0.0,Standard,126.33,Offline Agent,Check-Out,2023,3,Mar,2023-03,5,631.65,0
BKG103655,City Hotel,2024-02-27,2024-06-02,2024-06-09,96,UAE,2,0.0,Suite,212.01,Online Travel Agent,Check-Out,2024,2,Feb,2024-02,7,1484.07,0
BKG103656,City Hotel,2022-01-03,2022-05-19,2022-05-25,136,UK,4,2.0,Deluxe,325.0,Corporate,Check-Out,2022,1,Jan,2022-01,6,1950.0,0
BKG103657,Resort Hotel,2024-05-07,2024-06-02,2024-06-03,26,Australia,3,2.0,Family,183.83,Online Travel Agent,Canceled,2024,5,May,2024-05,1,183.83,1
BKG103658,Resort Hotel,2024-03-20,2024-04-04,2024-04-07,15,USA,4,0.0,Family,145.9,Online Travel Agent,Check-Out,2024,3,Mar,2024-03,3,437.70000000000005,0
BKG103659,Resort Hotel,2022-12-10,2023-01-30,2023-02-08,51,France,1,1.0,Suite,318.45,Online Travel Agent,No-Show,2022,12,Dec,2022-12,9,2866.0499999999997,0
BKG103660,Resort Hotel,2023-03-03,2023-06-10,2023-06-18,99,UK,3,0.0,Standard,346.16,Offline Agent,Check-Out,2023,3,Mar,2023-03,8,2769.28,0
BKG103661,Resort Hotel,2024-06-14,2024-07-29,2024-08-03,45,UAE,2,0.0,Suite,284.51,Corporate,Canceled,2024,6,Jun,2024-06,5,1422.55,1
BKG103662,Resort Hotel,2022-01-15,2022-05-12,2022-05-14,117,Brazil,1,0.0,Suite,259.23,Online Travel Agent,Check-Out,2022,1,Jan,2022-01,2,518.46,0
BKG103663,City Hotel,2023-11-09,2024-04-25,2024-04-26,168,Canada,3,0.0,Standard,303.75,Corporate,Check-Out,2023,11,Nov,2023-11,1,303.75,0
BKG103664,City Hotel,2022-08-28,2022-10-23,2022-10-27,56,Canada,1,1.0,Suite,281.55,Corporate,Check-Out,2022,8,Aug,2022-08,4,1126.2,0
BKG103665,Resort Hotel,2024-04-09,2024-04-25,2024-04-28,16,UK,2,0.0,Standard,278.59,Direct,Check-Out,2024,4,Apr,2024-04,3,835.77,0
BKG103666,City Hotel,2023-11-19,2024-04-07,2024-04-09,140,UK,3,0.0,Standard,73.79,Offline Agent,Canceled,2023,11,Nov,2023-11,2,147.58,1
BKG103667,Resort Hotel,2023-07-15,2023-07-15,2023-07-17,0,UAE,2,1.0,Standard,236.11,Corporate,Canceled,2023,7,Jul,2023-07,2,472.22,1
BKG103668,City Hotel,2023-05-04,2023-07-01,2023-07-04,58,Germany,3,2.0,Standard,78.37,Direct,Canceled,2023,5,May,2023-05,3,235.11,1
BKG103669,City Hotel,2023-12-06,2024-01-18,2024-01-24,43,Australia,1,0.0,Deluxe,201.04,Direct,Check-Out,2023,12,Dec,2023-12,6,1206.24,0
BKG103670,City Hotel,2022-10-16,2022-12-30,2022-12-31,75,France,2,1.0,Deluxe,246.28,Corporate,Check-Out,2022,10,Oct,2022-10,1,246.28,0
BKG103671,Resort Hotel,2024-01-19,2024-06-10,2024-06-16,143,Singapore,1,0.0,Family,125.18,Corporate,Canceled,2024,1,Jan,2024-01,6,751.08,1
BKG103672,Resort Hotel,2022-10-22,2023-03-13,2023-03-20,142,Singapore,2,0.0,Suite,231.33,Online Travel Agent,Check-Out,2022,10,Oct,2022-10,7,1619.3100000000002,0
BKG103673,Resort Hotel,2022-02-28,2022-05-08,2022-05-17,69,UAE,4,0.0,Standard,157.03,Direct,Canceled,2022,2,Feb,2022-02,9,1413.27,1
BKG103674,City Hotel,2023-04-23,2023-08-25,2023-08-28,124,France,1,0.0,Suite,238.14,Corporate,Check-Out,2023,4,Apr,2023-04,3,714.42,0
BKG103675,City Hotel,2023-12-09,2024-02-06,2024-02-16,59,France,1,0.0,Standard,196.78,Online Travel Agent,Check-Out,2023,12,Dec,2023-12,10,1967.8,0
BKG103676,City Hotel,2022-09-20,2022-12-20,2022-12-27,91,Germany,3,2.0,Family,174.88,Corporate,Canceled,2022,9,Sep,2022-09,7,1224.1599999999999,1
BKG103677,Resort Hotel,2023-09-06,2023-12-11,2023-12-18,96,Australia,4,0.0,Family,188.32,Online Travel Agent,Canceled,2023,9,Sep,2023-09,7,1318.24,1
BKG103678,Resort Hotel,2024-05-21,2024-09-18,2024-09-23,120,Singapore,1,0.0,Standard,61.94,Direct,Check-Out,2024,5,May,2024-05,5,309.7,0
BKG103679,Resort Hotel,2023-09-01,2023-10-24,2023-11-02,53,Singapore,2,0.0,Suite,303.66,Online Travel Agent,Check-Out,2023,9,Sep,2023-09,9,2732.94,0
BKG103680,City Hotel,2023-08-18,2023-10-20,2023-10-26,63,Brazil,1,1.0,Suite,65.28,Offline Agent,No-Show,2023,8,Aug,2023-08,6,391.68,0
BKG103681,Resort Hotel,2023-01-18,2023-02-20,2023-02-27,33,Germany,4,2.0,Standard,144.0,Offline Agent,Check-Out,2023,1,Jan,2023-01,7,1008.0,0
BKG103682,Resort Hotel,2023-04-27,2023-09-07,2023-09-09,133,Germany,4,0.0,Suite,103.35,Direct,Check-Out,2023,4,Apr,2023-04,2,206.7,0
BKG103683,Resort Hotel,2022-10-02,2022-11-11,2022-11-21,40,Brazil,2,2.0,Suite,123.86,Direct,Check-Out,2022,10,Oct,2022-10,10,1238.6,0
BKG103684,City Hotel,2022-05-19,2022-11-13,2022-11-20,178,Germany,1,2.0,Deluxe,249.5,Offline Agent,Canceled,2022,5,May,2022-05,7,1746.5,1
BKG103685,City Hotel,2022-10-25,2023-04-23,2023-04-24,180,France,1,0.0,Family,133.65,Corporate,Check-Out,2022,10,Oct,2022-10,1,133.65,0
BKG103686,Resort Hotel,2023-05-17,2023-07-07,2023-07-15,51,Brazil,4,0.0,Family,139.88,Offline Agent,Check-Out,2023,5,May,2023-05,8,1119.04,0
BKG103687,City Hotel,2023-09-10,2023-11-28,2023-12-04,79,Germany,4,0.0,Family,226.74,Online Travel Agent,Canceled,2023,9,Sep,2023-09,6,1360.44,1
BKG103688,Resort Hotel,2022-02-02,2022-07-21,2022-07-25,169,Australia,3,0.0,Standard,159.51,Online Travel Agent,Check-Out,2022,2,Feb,2022-02,4,638.04,0
BKG103689,City Hotel,2024-02-03,2024-02-08,2024-02-13,5,Australia,1,1.0,Suite,340.25,Direct,Check-Out,2024,2,Feb,2024-02,5,1701.25,0
BKG103690,City Hotel,2024-05-26,2024-07-06,2024-07-08,41,Brazil,4,1.0,Standard,292.54,Offline Agent,Check-Out,2024,5,May,2024-05,2,585.08,0
BKG103691,Resort Hotel,2023-04-19,2023-06-04,2023-06-08,46,USA,4,0.0,Standard,149.38,Corporate,Check-Out,2023,4,Apr,2023-04,4,597.52,0
BKG103692,Resort Hotel,2022-12-06,2023-03-28,2023-04-06,112,UK,4,1.0,Family,330.58,Online Travel Agent,Canceled,2022,12,Dec,2022-12,9,2975.22,1
BKG103693,Resort Hotel,2023-12-12,2024-01-21,2024-01-30,40,UK,1,2.0,Family,340.95,Corporate,Canceled,2023,12,Dec,2023-12,9,3068.5499999999997,1
BKG103694,Resort Hotel,2022-06-18,2022-08-23,2022-09-02,66,Singapore,1,2.0,Suite,314.96,Online Travel Agent,Canceled,2022,6,Jun,2022-06,10,3149.6,1
BKG103695,Resort Hotel,2022-12-23,2023-06-14,2023-06-23,173,India,3,0.0,Suite,116.06,Direct,Check-Out,2022,12,Dec,2022-12,9,1044.54,0
BKG103696,City Hotel,2023-03-03,2023-04-24,2023-04-26,52,India,3,0.0,Family,223.99,Online Travel Agent,Check-Out,2023,3,Mar,2023-03,2,447.98,0
BKG103697,Resort Hotel,2023-09-30,2023-12-04,2023-12-09,65,India,1,0.0,Standard,277.42,Corporate,Check-Out,2023,9,Sep,2023-09,5,1387.1000000000001,0
BKG103698,Resort Hotel,2023-04-01,2023-07-04,2023-07-11,94,India,1,0.0,Family,129.15,Corporate,No-Show,2023,4,Apr,2023-04,7,904.0500000000001,0
BKG103699,Resort Hotel,2022-02-11,2022-06-04,2022-06-14,113,UK,4,0.0,Suite,229.45,Corporate,Check-Out,2022,2,Feb,2022-02,10,2294.5,0
BKG103700,Resort Hotel,2022-07-31,2022-10-07,2022-10-12,68,UAE,4,2.0,Standard,298.62,Offline Agent,Check-Out,2022,7,Jul,2022-07,5,1493.1,0
BKG103701,City Hotel,2024-04-11,2024-07-25,2024-08-01,105,Singapore,3,0.0,Family,189.15,Direct,No-Show,2024,4,Apr,2024-04,7,1324.05,0
BKG103702,Resort Hotel,2023-05-11,2023-05-28,2023-05-29,17,Australia,3,0.0,Standard,342.44,Offline Agent,Check-Out,2023,5,May,2023-05,1,342.44,0
BKG103703,Resort Hotel,2023-05-23,2023-09-17,2023-09-19,117,USA,3,0.0,Family,267.27,Corporate,Canceled,2023,5,May,2023-05,2,534.54,1
BKG103704,Resort Hotel,2023-12-19,2023-12-24,2023-12-29,5,India,1,0.0,Suite,161.56,Online Travel Agent,Check-Out,2023,12,Dec,2023-12,5,807.8,0
BKG103705,City Hotel,2022-04-12,2022-07-25,2022-08-01,104,India,4,1.0,Family,162.12,Online Travel Agent,No-Show,2022,4,Apr,2022-04,7,1134.8400000000001,0
BKG103706,City Hotel,2023-04-04,2023-08-29,2023-09-06,147,India,1,1.0,Family,184.69,Corporate,Check-Out,2023,4,Apr,2023-04,8,1477.52,0
BKG103707,Resort Hotel,2023-12-15,2024-04-10,2024-04-13,117,Canada,1,0.0,Family,121.09,Offline Agent,Check-Out,2023,12,Dec,2023-12,3,363.27,0
BKG103708,City Hotel,2024-06-04,2024-07-16,2024-07-24,42,Germany,1,0.0,Standard,274.09,Offline Agent,Check-Out,2024,6,Jun,2024-06,8,2192.72,0
BKG103709,City Hotel,2022-08-26,2023-01-20,2023-01-22,147,France,3,2.0,Family,149.6,Direct,Check-Out,2022,8,Aug,2022-08,2,299.2,0
BKG103710,Resort Hotel,2022-02-25,2022-05-08,2022-05-15,72,Germany,4,2.0,Family,105.7,Online Travel Agent,Check-Out,2022,2,Feb,2022-02,7,739.9,0
BKG103711,Resort Hotel,2022-04-21,2022-07-11,2022-07-17,81,Germany,1,0.0,Suite,173.93,Online Travel Agent,Canceled,2022,4,Apr,2022-04,6,1043.58,1
BKG103712,Resort Hotel,2024-06-10,2024-10-08,2024-10-12,120,Australia,1,0.0,Family,104.87,Offline Agent,Check-Out,2024,6,Jun,2024-06,4,419.48,0
BKG103713,Resort Hotel,2022-11-27,2023-02-08,2023-02-09,73,France,3,0.0,Deluxe,273.41,Online Travel Agent,Check-Out,2022,11,Nov,2022-11,1,273.41,0
BKG103714,Resort Hotel,2023-02-26,2023-07-20,2023-07-25,144,Singapore,2,0.0,Family,124.86,Online Travel Agent,Check-Out,2023,2,Feb,2023-02,5,624.3,0
BKG103715,Resort Hotel,2023-11-13,2023-11-16,2023-11-22,3,UAE,1,0.0,Family,343.04,Direct,Check-Out,2023,11,Nov,2023-11,6,2058.2400000000002,0
BKG103716,City Hotel,2022-08-17,2022-11-21,2022-11-29,96,UK,4,0.0,Family,163.5,Online Travel Agent,Check-Out,2022,8,Aug,2022-08,8,1308.0,0
BKG103717,Resort Hotel,2022-01-31,2022-05-23,2022-05-24,112,UAE,3,0.0,Deluxe,344.72,Corporate,Check-Out,2022,1,Jan,2022-01,1,344.72,0
BKG103718,Resort Hotel,2023-02-13,2023-06-29,2023-07-07,136,UAE,3,0.0,Family,86.86,Direct,Canceled,2023,2,Feb,2023-02,8,694.88,1
BKG103719,City Hotel,2022-11-22,2023-04-14,2023-04-21,143,India,2,1.0,Standard,131.49,Online Travel Agent,Check-Out,2022,11,Nov,2022-11,7,920.4300000000001,0
BKG103720,City Hotel,2022-12-09,2023-05-28,2023-06-03,170,UAE,1,0.0,Standard,85.34,Direct,Check-Out,2022,12,Dec,2022-12,6,512.04,0
BKG103721,Resort Hotel,2023-06-18,2023-08-21,2023-08-31,64,Canada,3,0.0,Deluxe,79.41,Online Travel Agent,Canceled,2023,6,Jun,2023-06,10,794.0999999999999,1
BKG103722,City Hotel,2022-09-15,2022-12-09,2022-12-18,85,Australia,1,0.0,Deluxe,241.08,Online Travel Agent,Check-Out,2022,9,Sep,2022-09,9,2169.7200000000003,0
BKG103723,Resort Hotel,2022-10-03,2023-01-17,2023-01-19,106,UAE,4,0.0,Deluxe,258.14,Offline Agent,Canceled,2022,10,Oct,2022-10,2,516.28,1
BKG103724,City Hotel,2022-09-12,2022-10-20,2022-10-23,38,India,2,0.0,Standard,321.85,Online Travel Agent,Check-Out,2022,9,Sep,2022-09,3,965.5500000000001,0
BKG103725,Resort Hotel,2023-06-25,2023-12-18,2023-12-20,176,Brazil,2,2.0,Suite,268.96,Online Travel Agent,Canceled,2023,6,Jun,2023-06,2,537.92,1
BKG103726,City Hotel,2023-07-23,2023-12-23,2023-12-28,153,Australia,2,1.0,Standard,282.74,Direct,Canceled,2023,7,Jul,2023-07,5,1413.7,1
BKG103727,Resort Hotel,2023-06-12,2023-07-10,2023-07-18,28,UAE,2,0.0,Family,271.07,Corporate,Canceled,2023,6,Jun,2023-06,8,2168.56,1
BKG103728,Resort Hotel,2023-06-05,2023-06-15,2023-06-24,10,France,1,0.0,Family,64.66,Corporate,No-Show,2023,6,Jun,2023-06,9,581.9399999999999,0
BKG103729,Resort Hotel,2023-07-21,2023-08-18,2023-08-19,28,UAE,3,1.0,Family,344.47,Online Travel Agent,Check-Out,2023,7,Jul,2023-07,1,344.47,0
BKG103730,City Hotel,2022-04-19,2022-06-18,2022-06-20,60,Australia,1,0.0,Standard,263.48,Direct,No-Show,2022,4,Apr,2022-04,2,526.96,0
BKG103731,City Hotel,2022-03-18,2022-04-28,2022-05-03,41,UK,4,1.0,Standard,300.54,Direct,Canceled,2022,3,Mar,2022-03,5,1502.7,1
BKG103732,Resort Hotel,2024-01-12,2024-04-09,2024-04-19,88,Canada,2,1.0,Suite,285.42,Corporate,Check-Out,2024,1,Jan,2024-01,10,2854.2000000000003,0
BKG103733,Resort Hotel,2023-12-08,2024-02-28,2024-03-09,82,India,1,0.0,Deluxe,172.75,Direct,Check-Out,2023,12,Dec,2023-12,10,1727.5,0
BKG103734,City Hotel,2024-05-13,2024-07-18,2024-07-25,66,Canada,3,0.0,Standard,340.9,Offline Agent,Check-Out,2024,5,May,2024-05,7,2386.2999999999997,0
BKG103735,City Hotel,2023-05-18,2023-09-26,2023-09-28,131,India,2,0.0,Family,142.77,Direct,Canceled,2023,5,May,2023-05,2,285.54,1
BKG103736,City Hotel,2023-08-07,2024-01-26,2024-02-02,172,India,3,0.0,Family,175.4,Direct,Canceled,2023,8,Aug,2023-08,7,1227.8,1
BKG103737,Resort Hotel,2023-12-25,2024-05-17,2024-05-23,144,India,2,0.0,Family,282.97,Direct,No-Show,2023,12,Dec,2023-12,6,1697.8200000000002,0
BKG103738,Resort Hotel,2024-01-15,2024-06-04,2024-06-12,141,Australia,4,0.0,Standard,87.27,Direct,Check-Out,2024,1,Jan,2024-01,8,698.16,0
BKG103739,City Hotel,2023-08-06,2023-11-07,2023-11-13,93,USA,4,0.0,Standard,152.97,Corporate,Canceled,2023,8,Aug,2023-08,6,917.8199999999999,1
BKG103740,City Hotel,2022-07-24,2022-12-18,2022-12-22,147,Australia,3,0.0,Suite,210.24,Direct,Check-Out,2022,7,Jul,2022-07,4,840.96,0
BKG103741,Resort Hotel,2023-05-01,2023-09-09,2023-09-18,131,Brazil,3,2.0,Deluxe,218.26,Online Travel Agent,Check-Out,2023,5,May,2023-05,9,1964.34,0
BKG103742,City Hotel,2023-01-28,2023-05-03,2023-05-10,95,UK,2,0.0,Family,167.43,Offline Agent,Check-Out,2023,1,Jan,2023-01,7,1172.01,0
BKG103743,City Hotel,2022-05-23,2022-07-23,2022-07-30,61,UAE,2,0.0,Deluxe,293.8,Corporate,Check-Out,2022,5,May,2022-05,7,2056.6,0
BKG103744,City Hotel,2022-07-30,2023-01-02,2023-01-12,156,Singapore,3,0.0,Standard,244.09,Direct,Canceled,2022,7,Jul,2022-07,10,2440.9,1
BKG103745,City Hotel,2024-03-13,2024-04-16,2024-04-25,34,USA,1,0.0,Standard,309.66,Offline Agent,Check-Out,2024,3,Mar,2024-03,9,2786.94,0
BKG103746,City Hotel,2022-10-31,2023-01-31,2023-02-01,92,France,2,0.0,Family,251.56,Direct,Canceled,2022,10,Oct,2022-10,1,251.56,1
BKG103747,Resort Hotel,2023-11-14,2024-01-07,2024-01-12,54,India,1,0.0,Deluxe,261.99,Direct,Canceled,2023,11,Nov,2023-11,5,1309.95,1
BKG103748,Resort Hotel,2024-01-24,2024-07-21,2024-07-23,179,Australia,4,1.0,Family,340.24,Offline Agent,No-Show,2024,1,Jan,2024-01,2,680.48,0
BKG103749,Resort Hotel,2022-09-21,2023-01-19,2023-01-27,120,USA,2,0.0,Standard,266.6,Corporate,Check-Out,2022,9,Sep,2022-09,8,2132.8,0
BKG103750,Resort Hotel,2022-08-24,2023-01-01,2023-01-06,130,Australia,2,1.0,Standard,305.39,Online Travel Agent,Check-Out,2022,8,Aug,2022-08,5,1526.9499999999998,0
BKG103751,City Hotel,2023-04-03,2023-08-01,2023-08-09,120,UK,3,0.0,Deluxe,114.63,Corporate,Check-Out,2023,4,Apr,2023-04,8,917.04,0
BKG103752,City Hotel,2022-08-20,2023-01-24,2023-01-27,157,Canada,2,0.0,Family,97.16,Direct,Check-Out,2022,8,Aug,2022-08,3,291.48,0
BKG103753,Resort Hotel,2022-09-16,2022-12-17,2022-12-25,92,Singapore,3,0.0,Family,107.81,Direct,Check-Out,2022,9,Sep,2022-09,8,862.48,0
BKG103754,City Hotel,2022-10-16,2023-02-27,2023-03-04,134,Germany,4,0.0,Deluxe,125.91,Offline Agent,Canceled,2022,10,Oct,2022-10,5,629.55,1
BKG103755,Resort Hotel,2023-07-02,2023-11-04,2023-11-13,125,France,3,0.0,Family,295.29,Corporate,Canceled,2023,7,Jul,2023-07,9,2657.61,1
BKG103756,City Hotel,2023-10-03,2024-03-28,2024-04-07,177,Canada,2,0.0,Family,252.38,Online Travel Agent,Canceled,2023,10,Oct,2023-10,10,2523.8,1
BKG103757,Resort Hotel,2023-08-14,2024-02-09,2024-02-13,179,Australia,2,2.0,Deluxe,158.7,Corporate,Check-Out,2023,8,Aug,2023-08,4,634.8,0
BKG103758,City Hotel,2022-03-25,2022-07-10,2022-07-18,107,Canada,3,1.0,Standard,276.38,Offline Agent,Check-Out,2022,3,Mar,2022-03,8,2211.04,0
BKG103759,City Hotel,2023-03-01,2023-03-21,2023-03-25,20,Brazil,3,2.0,Deluxe,268.41,Online Travel Agent,Check-Out,2023,3,Mar,2023-03,4,1073.64,0
BKG103760,City Hotel,2023-07-28,2023-10-21,2023-10-29,85,India,2,0.0,Standard,336.33,Corporate,Check-Out,2023,7,Jul,2023-07,8,2690.64,0
BKG103761,Resort Hotel,2023-05-22,2023-09-23,2023-10-03,124,Singapore,4,0.0,Family,176.3,Corporate,Check-Out,2023,5,May,2023-05,10,1763.0,0
BKG103762,City Hotel,2023-07-31,2024-01-06,2024-01-14,159,Singapore,4,0.0,Deluxe,84.91,Direct,Check-Out,2023,7,Jul,2023-07,8,679.28,0
BKG103763,City Hotel,2023-07-18,2023-12-30,2024-01-01,165,UK,1,0.0,Family,88.25,Offline Agent,Check-Out,2023,7,Jul,2023-07,2,176.5,0
BKG103764,City Hotel,2023-02-09,2023-03-27,2023-04-02,46,USA,1,0.0,Suite,201.65,Online Travel Agent,Check-Out,2023,2,Feb,2023-02,6,1209.9,0
BKG103765,City Hotel,2023-02-12,2023-06-05,2023-06-07,113,UAE,1,0.0,Family,62.3,Direct,Check-Out,2023,2,Feb,2023-02,2,124.6,0
BKG103766,City Hotel,2023-11-06,2023-12-20,2023-12-28,44,UAE,3,0.0,Family,338.0,Corporate,Canceled,2023,11,Nov,2023-11,8,2704.0,1
BKG103767,City Hotel,2022-07-23,2022-08-03,2022-08-09,11,UK,1,1.0,Suite,96.05,Online Travel Agent,Check-Out,2022,7,Jul,2022-07,6,576.3,0
BKG103768,City Hotel,2022-08-11,2022-10-15,2022-10-19,65,Canada,2,0.0,Suite,127.28,Offline Agent,Check-Out,2022,8,Aug,2022-08,4,509.12,0
BKG103769,City Hotel,2023-05-25,2023-09-15,2023-09-19,113,Australia,3,0.0,Family,172.52,Corporate,Check-Out,2023,5,May,2023-05,4,690.08,0
BKG103770,Resort Hotel,2023-11-13,2023-11-30,2023-12-01,17,France,3,2.0,Standard,186.9,Offline Agent,Canceled,2023,11,Nov,2023-11,1,186.9,1
BKG103771,Resort Hotel,2022-03-18,2022-08-26,2022-08-29,161,Canada,1,1.0,Suite,84.75,Offline Agent,Check-Out,2022,3,Mar,2022-03,3,254.25,0
BKG103772,Resort Hotel,2023-12-26,2024-04-09,2024-04-19,105,Canada,4,0.0,Standard,197.62,Direct,Check-Out,2023,12,Dec,2023-12,10,1976.2,0
BKG103773,Resort Hotel,2022-08-24,2022-11-26,2022-12-03,94,Australia,4,2.0,Deluxe,250.37,Direct,Check-Out,2022,8,Aug,2022-08,7,1752.5900000000001,0
BKG103774,City Hotel,2022-07-21,2022-10-28,2022-11-07,99,Singapore,3,0.0,Family,316.24,Offline Agent,Check-Out,2022,7,Jul,2022-07,10,3162.4,0
BKG103775,Resort Hotel,2022-11-24,2022-11-26,2022-12-04,2,Singapore,1,0.0,Deluxe,251.74,Corporate,Canceled,2022,11,Nov,2022-11,8,2013.92,1
BKG103776,City Hotel,2024-05-11,2024-08-17,2024-08-22,98,Australia,4,0.0,Suite,113.19,Direct,Check-Out,2024,5,May,2024-05,5,565.95,0
BKG103777,City Hotel,2023-11-18,2024-01-17,2024-01-19,60,UAE,4,0.0,Family,309.58,Corporate,Check-Out,2023,11,Nov,2023-11,2,619.16,0
BKG103778,City Hotel,2023-08-18,2023-08-27,2023-09-06,9,Australia,3,0.0,Family,242.57,Direct,No-Show,2023,8,Aug,2023-08,10,2425.7,0
BKG103779,Resort Hotel,2022-03-05,2022-08-18,2022-08-25,166,India,2,1.0,Suite,102.08,Online Travel Agent,Check-Out,2022,3,Mar,2022-03,7,714.56,0
BKG103780,Resort Hotel,2022-02-27,2022-06-21,2022-06-30,114,USA,4,0.0,Deluxe,312.62,Corporate,Canceled,2022,2,Feb,2022-02,9,2813.58,1
BKG103781,Resort Hotel,2024-02-11,2024-04-01,2024-04-09,50,Canada,2,2.0,Deluxe,180.53,Corporate,Check-Out,2024,2,Feb,2024-02,8,1444.24,0
BKG103782,City Hotel,2023-07-12,2023-10-20,2023-10-28,100,UAE,4,1.0,Suite,262.12,Online Travel Agent,Check-Out,2023,7,Jul,2023-07,8,2096.96,0
BKG103783,Resort Hotel,2022-07-06,2022-12-30,2023-01-09,177,UAE,4,2.0,Suite,282.02,Direct,No-Show,2022,7,Jul,2022-07,10,2820.2,0
BKG103784,Resort Hotel,2023-05-05,2023-05-07,2023-05-08,2,Germany,2,2.0,Deluxe,131.71,Offline Agent,Check-Out,2023,5,May,2023-05,1,131.71,0
BKG103785,Resort Hotel,2022-07-19,2022-11-16,2022-11-21,120,Australia,4,0.0,Suite,105.42,Online Travel Agent,Check-Out,2022,7,Jul,2022-07,5,527.1,0
BKG103786,City Hotel,2023-05-09,2023-05-30,2023-06-02,21,USA,1,2.0,Suite,137.11,Offline Agent,Canceled,2023,5,May,2023-05,3,411.33000000000004,1
BKG103787,Resort Hotel,2023-04-30,2023-08-19,2023-08-25,111,Australia,3,2.0,Suite,234.01,Corporate,Canceled,2023,4,Apr,2023-04,6,1404.06,1
BKG103788,City Hotel,2023-12-09,2024-04-26,2024-05-02,139,Germany,4,0.0,Standard,312.19,Direct,Canceled,2023,12,Dec,2023-12,6,1873.1399999999999,1
BKG103789,Resort Hotel,2023-07-15,2023-08-29,2023-09-08,45,Singapore,2,0.0,Family,163.48,Offline Agent,Check-Out,2023,7,Jul,2023-07,10,1634.8,0
BKG103790,Resort Hotel,2024-01-14,2024-03-03,2024-03-09,49,Australia,4,0.0,Suite,200.48,Offline Agent,Check-Out,2024,1,Jan,2024-01,6,1202.8799999999999,0
BKG103791,Resort Hotel,2022-10-11,2023-04-02,2023-04-08,173,Singapore,3,0.0,Deluxe,191.91,Online Travel Agent,Canceled,2022,10,Oct,2022-10,6,1151.46,1
BKG103792,City Hotel,2022-05-06,2022-09-23,2022-09-29,140,UAE,1,0.0,Family,218.44,Corporate,Canceled,2022,5,May,2022-05,6,1310.6399999999999,1
BKG103793,Resort Hotel,2022-12-26,2023-01-01,2023-01-07,6,Australia,1,0.0,Standard,152.82,Offline Agent,Check-Out,2022,12,Dec,2022-12,6,916.92,0
BKG103794,Resort Hotel,2023-05-19,2023-07-24,2023-07-29,66,Canada,4,1.0,Family,83.02,Offline Agent,Check-Out,2023,5,May,2023-05,5,415.09999999999997,0
BKG103795,Resort Hotel,2023-01-29,2023-07-10,2023-07-15,162,Germany,4,0.0,Suite,130.25,Offline Agent,Check-Out,2023,1,Jan,2023-01,5,651.25,0
BKG103796,Resort Hotel,2024-02-01,2024-06-26,2024-07-03,146,UK,2,0.0,Family,336.28,Direct,Check-Out,2024,2,Feb,2024-02,7,2353.96,0
BKG103797,City Hotel,2023-09-23,2023-10-12,2023-10-18,19,Germany,1,0.0,Family,123.39,Direct,Check-Out,2023,9,Sep,2023-09,6,740.34,0
BKG103798,Resort Hotel,2022-11-17,2022-11-29,2022-12-05,12,UAE,2,0.0,Standard,234.08,Corporate,Check-Out,2022,11,Nov,2022-11,6,1404.48,0
BKG103799,Resort Hotel,2024-02-09,2024-05-25,2024-05-26,106,France,4,2.0,Suite,183.85,Offline Agent,Check-Out,2024,2,Feb,2024-02,1,183.85,0
BKG103800,Resort Hotel,2023-02-24,2023-05-31,2023-06-01,96,Canada,3,2.0,Suite,93.31,Offline Agent,No-Show,2023,2,Feb,2023-02,1,93.31,0
BKG103801,City Hotel,2022-08-26,2022-12-03,2022-12-10,99,Singapore,3,0.0,Family,238.06,Corporate,Check-Out,2022,8,Aug,2022-08,7,1666.42,0
BKG103802,Resort Hotel,2023-09-02,2024-02-23,2024-02-29,174,Brazil,3,1.0,Suite,93.78,Corporate,Check-Out,2023,9,Sep,2023-09,6,562.6800000000001,0
BKG103803,City Hotel,2024-03-22,2024-08-22,2024-08-29,153,UK,1,1.0,Suite,130.52,Offline Agent,Check-Out,2024,3,Mar,2024-03,7,913.6400000000001,0
BKG103804,Resort Hotel,2023-05-04,2023-09-04,2023-09-09,123,UK,2,1.0,Deluxe,245.66,Corporate,Check-Out,2023,5,May,2023-05,5,1228.3,0
BKG103805,City Hotel,2023-04-01,2023-07-04,2023-07-11,94,UAE,1,2.0,Suite,83.6,Offline Agent,Check-Out,2023,4,Apr,2023-04,7,585.1999999999999,0
BKG103806,Resort Hotel,2023-11-16,2024-04-01,2024-04-05,137,India,2,0.0,Standard,296.05,Corporate,Check-Out,2023,11,Nov,2023-11,4,1184.2,0
BKG103807,City Hotel,2022-11-24,2023-02-05,2023-02-11,73,Australia,1,1.0,Suite,126.73,Corporate,Check-Out,2022,11,Nov,2022-11,6,760.38,0
BKG103808,Resort Hotel,2024-01-17,2024-06-10,2024-06-12,145,France,2,0.0,Family,147.85,Direct,Canceled,2024,1,Jan,2024-01,2,295.7,1
BKG103809,Resort Hotel,2024-01-28,2024-05-27,2024-05-29,120,India,2,0.0,Family,236.92,Corporate,Check-Out,2024,1,Jan,2024-01,2,473.84,0
BKG103810,Resort Hotel,2023-01-16,2023-03-06,2023-03-12,49,Brazil,4,0.0,Family,330.48,Direct,Check-Out,2023,1,Jan,2023-01,6,1982.88,0
BKG103811,City Hotel,2024-01-18,2024-07-16,2024-07-18,180,UAE,4,0.0,Family,212.35,Direct,Canceled,2024,1,Jan,2024-01,2,424.7,1
BKG103812,City Hotel,2024-03-16,2024-07-15,2024-07-19,121,Canada,4,1.0,Deluxe,131.79,Direct,Canceled,2024,3,Mar,2024-03,4,527.16,1
BKG103813,City Hotel,2024-05-15,2024-08-21,2024-08-28,98,Australia,1,2.0,Suite,204.86,Online Travel Agent,No-Show,2024,5,May,2024-05,7,1434.02,0
BKG103814,City Hotel,2024-03-20,2024-04-03,2024-04-08,14,Australia,3,0.0,Family,251.91,Direct,Canceled,2024,3,Mar,2024-03,5,1259.55,1
BKG103815,Resort Hotel,2024-01-17,2024-01-23,2024-01-25,6,UK,1,0.0,Family,237.52,Corporate,Check-Out,2024,1,Jan,2024-01,2,475.04,0
BKG103816,City Hotel,2023-06-14,2023-07-24,2023-07-30,40,Brazil,3,1.0,Suite,128.9,Online Travel Agent,Canceled,2023,6,Jun,2023-06,6,773.4000000000001,1
BKG103817,Resort Hotel,2023-03-12,2023-07-17,2023-07-19,127,Brazil,1,1.0,Family,188.2,Direct,Check-Out,2023,3,Mar,2023-03,2,376.4,0
BKG103818,City Hotel,2023-10-15,2024-01-03,2024-01-12,80,India,1,2.0,Suite,288.09,Online Travel Agent,Check-Out,2023,10,Oct,2023-10,9,2592.81,0
BKG103819,City Hotel,2023-12-30,2024-03-19,2024-03-23,80,UAE,1,0.0,Family,116.78,Direct,Check-Out,2023,12,Dec,2023-12,4,467.12,0
BKG103820,Resort Hotel,2022-08-11,2023-01-16,2023-01-22,158,UAE,1,0.0,Standard,274.82,Direct,Canceled,2022,8,Aug,2022-08,6,1648.92,1
BKG103821,Resort Hotel,2023-02-23,2023-07-28,2023-08-04,155,Singapore,4,0.0,Standard,78.8,Corporate,Check-Out,2023,2,Feb,2023-02,7,551.6,0
BKG103822,City Hotel,2022-09-06,2023-01-25,2023-02-02,141,Germany,1,0.0,Family,200.22,Direct,Check-Out,2022,9,Sep,2022-09,8,1601.76,0
BKG103823,Resort Hotel,2024-01-13,2024-06-07,2024-06-10,146,Canada,3,0.0,Family,124.58,Online Travel Agent,Canceled,2024,1,Jan,2024-01,3,373.74,1
BKG103824,Resort Hotel,2023-03-13,2023-09-05,2023-09-09,176,India,1,2.0,Family,167.87,Corporate,Check-Out,2023,3,Mar,2023-03,4,671.48,0
BKG103825,Resort Hotel,2023-05-29,2023-07-20,2023-07-27,52,Singapore,1,1.0,Family,188.48,Offline Agent,Check-Out,2023,5,May,2023-05,7,1319.36,0
BKG103826,City Hotel,2023-02-28,2023-03-11,2023-03-18,11,Brazil,4,1.0,Suite,167.7,Offline Agent,Canceled,2023,2,Feb,2023-02,7,1173.8999999999999,1
BKG103827,City Hotel,2024-01-23,2024-04-15,2024-04-20,83,Canada,1,0.0,Deluxe,152.35,Online Travel Agent,No-Show,2024,1,Jan,2024-01,5,761.75,0
BKG103828,Resort Hotel,2022-10-28,2022-11-07,2022-11-10,10,India,3,0.0,Suite,248.79,Corporate,Check-Out,2022,10,Oct,2022-10,3,746.37,0
BKG103829,City Hotel,2022-06-04,2022-07-28,2022-08-03,54,Canada,4,2.0,Deluxe,144.67,Online Travel Agent,Check-Out,2022,6,Jun,2022-06,6,868.02,0
BKG103830,Resort Hotel,2022-06-06,2022-08-18,2022-08-20,73,Canada,1,0.0,Suite,84.84,Direct,Check-Out,2022,6,Jun,2022-06,2,169.68,0
BKG103831,Resort Hotel,2023-01-24,2023-01-27,2023-02-05,3,USA,1,1.0,Suite,282.29,Corporate,Check-Out,2023,1,Jan,2023-01,9,2540.61,0
BKG103832,City Hotel,2023-03-24,2023-04-15,2023-04-19,22,UAE,3,0.0,Family,264.34,Online Travel Agent,Check-Out,2023,3,Mar,2023-03,4,1057.36,0
BKG103833,Resort Hotel,2024-04-29,2024-07-17,2024-07-23,79,UK,3,0.0,Family,335.2,Online Travel Agent,Check-Out,2024,4,Apr,2024-04,6,2011.1999999999998,0
BKG103834,City Hotel,2023-08-08,2024-01-14,2024-01-15,159,Brazil,4,0.0,Deluxe,236.02,Corporate,Check-Out,2023,8,Aug,2023-08,1,236.02,0
BKG103835,City Hotel,2022-12-23,2023-06-19,2023-06-28,178,Germany,1,0.0,Deluxe,288.67,Offline Agent,Check-Out,2022,12,Dec,2022-12,9,2598.03,0
BKG103836,Resort Hotel,2022-05-24,2022-07-05,2022-07-10,42,Canada,3,0.0,Standard,283.65,Direct,Check-Out,2022,5,May,2022-05,5,1418.25,0
BKG103837,City Hotel,2022-03-08,2022-05-22,2022-05-25,75,Australia,3,0.0,Deluxe,247.6,Online Travel Agent,Canceled,2022,3,Mar,2022-03,3,742.8,1
BKG103838,Resort Hotel,2024-01-18,2024-01-26,2024-01-31,8,France,3,0.0,Family,231.59,Offline Agent,Check-Out,2024,1,Jan,2024-01,5,1157.95,0
BKG103839,City Hotel,2024-05-12,2024-07-31,2024-08-02,80,USA,3,0.0,Family,259.35,Online Travel Agent,Check-Out,2024,5,May,2024-05,2,518.7,0
BKG103840,Resort Hotel,2023-05-30,2023-09-21,2023-09-25,114,Australia,1,1.0,Family,299.14,Online Travel Agent,Check-Out,2023,5,May,2023-05,4,1196.56,0
BKG103841,Resort Hotel,2022-01-19,2022-03-18,2022-03-27,58,Singapore,3,1.0,Standard,234.79,Corporate,Check-Out,2022,1,Jan,2022-01,9,2113.11,0
BKG103842,Resort Hotel,2023-01-26,2023-03-31,2023-04-06,64,Australia,3,0.0,Family,171.67,Direct,Check-Out,2023,1,Jan,2023-01,6,1030.02,0
BKG103843,City Hotel,2024-06-05,2024-09-02,2024-09-06,89,Australia,4,0.0,Family,96.9,Offline Agent,Check-Out,2024,6,Jun,2024-06,4,387.6,0
BKG103844,City Hotel,2024-06-06,2024-07-17,2024-07-27,41,Canada,3,1.0,Suite,289.62,Corporate,Check-Out,2024,6,Jun,2024-06,10,2896.2,0
BKG103845,Resort Hotel,2022-03-03,2022-08-11,2022-08-21,161,Germany,4,0.0,Standard,195.21,Corporate,Canceled,2022,3,Mar,2022-03,10,1952.1000000000001,1
BKG103846,Resort Hotel,2022-04-07,2022-07-24,2022-07-25,108,France,3,0.0,Suite,170.97,Offline Agent,Check-Out,2022,4,Apr,2022-04,1,170.97,0
BKG103847,City Hotel,2023-03-04,2023-05-28,2023-05-29,85,UK,3,0.0,Family,282.16,Corporate,Check-Out,2023,3,Mar,2023-03,1,282.16,0
BKG103848,City Hotel,2022-12-20,2023-06-12,2023-06-21,174,Brazil,2,0.0,Suite,321.85,Corporate,Check-Out,2022,12,Dec,2022-12,9,2896.65,0
BKG103849,City Hotel,2023-11-07,2024-04-27,2024-05-07,172,Singapore,1,0.0,Standard,330.29,Online Travel Agent,Check-Out,2023,11,Nov,2023-11,10,3302.9,0
BKG103850,Resort Hotel,2023-05-12,2023-08-29,2023-09-01,109,Canada,1,2.0,Deluxe,114.91,Offline Agent,Canceled,2023,5,May,2023-05,3,344.73,1
BKG103851,Resort Hotel,2024-01-24,2024-03-06,2024-03-11,42,Canada,2,1.0,Suite,254.33,Online Travel Agent,Check-Out,2024,1,Jan,2024-01,5,1271.65,0
BKG103852,Resort Hotel,2022-09-25,2022-12-03,2022-12-04,69,UAE,2,1.0,Deluxe,261.2,Corporate,Check-Out,2022,9,Sep,2022-09,1,261.2,0
BKG103853,City Hotel,2022-12-28,2023-03-25,2023-04-01,87,UK,1,2.0,Standard,117.26,Direct,Check-Out,2022,12,Dec,2022-12,7,820.82,0
BKG103854,City Hotel,2022-05-06,2022-10-29,2022-11-04,176,France,3,0.0,Deluxe,304.32,Corporate,Canceled,2022,5,May,2022-05,6,1825.92,1
BKG103855,Resort Hotel,2024-06-06,2024-10-07,2024-10-13,123,Singapore,1,0.0,Suite,176.57,Direct,Check-Out,2024,6,Jun,2024-06,6,1059.42,0
BKG103856,Resort Hotel,2023-03-26,2023-05-05,2023-05-13,40,France,1,0.0,Standard,173.47,Direct,Check-Out,2023,3,Mar,2023-03,8,1387.76,0
BKG103857,City Hotel,2022-08-05,2022-12-08,2022-12-17,125,UK,1,0.0,Family,103.92,Direct,Check-Out,2022,8,Aug,2022-08,9,935.28,0
BKG103858,City Hotel,2024-06-18,2024-09-30,2024-10-03,104,Canada,4,1.0,Suite,325.61,Offline Agent,Canceled,2024,6,Jun,2024-06,3,976.83,1
BKG103859,City Hotel,2022-12-10,2023-04-18,2023-04-27,129,Australia,1,2.0,Family,244.02,Online Travel Agent,Canceled,2022,12,Dec,2022-12,9,2196.1800000000003,1
BKG103860,Resort Hotel,2023-08-21,2024-02-12,2024-02-15,175,USA,3,0.0,Deluxe,236.06,Offline Agent,Check-Out,2023,8,Aug,2023-08,3,708.1800000000001,0
BKG103861,Resort Hotel,2023-10-15,2024-02-18,2024-02-21,126,UAE,4,1.0,Deluxe,206.34,Offline Agent,Check-Out,2023,10,Oct,2023-10,3,619.02,0
BKG103862,Resort Hotel,2023-03-26,2023-09-07,2023-09-16,165,Australia,2,0.0,Family,69.21,Direct,Canceled,2023,3,Mar,2023-03,9,622.89,1
BKG103863,Resort Hotel,2023-05-11,2023-09-03,2023-09-13,115,Germany,1,0.0,Family,130.56,Direct,Check-Out,2023,5,May,2023-05,10,1305.6,0
BKG103864,City Hotel,2023-11-01,2024-01-21,2024-01-23,81,Singapore,1,0.0,Family,175.42,Direct,Check-Out,2023,11,Nov,2023-11,2,350.84,0
BKG103865,City Hotel,2022-05-19,2022-10-03,2022-10-04,137,Germany,1,2.0,Standard,124.4,Online Travel Agent,Check-Out,2022,5,May,2022-05,1,124.4,0
BKG103866,City Hotel,2024-03-04,2024-08-22,2024-08-26,171,Canada,4,2.0,Deluxe,323.64,Corporate,Canceled,2024,3,Mar,2024-03,4,1294.56,1
BKG103867,City Hotel,2024-05-30,2024-08-19,2024-08-29,81,India,1,0.0,Family,255.39,Direct,Check-Out,2024,5,May,2024-05,10,2553.8999999999996,0
BKG103868,Resort Hotel,2023-01-25,2023-04-25,2023-04-26,90,Australia,3,1.0,Deluxe,70.98,Direct,Check-Out,2023,1,Jan,2023-01,1,70.98,0
BKG103869,City Hotel,2023-05-22,2023-10-10,2023-10-20,141,USA,2,0.0,Deluxe,330.6,Offline Agent,No-Show,2023,5,May,2023-05,10,3306.0,0
BKG103870,Resort Hotel,2022-04-12,2022-06-13,2022-06-19,62,Singapore,1,0.0,Suite,96.36,Online Travel Agent,Check-Out,2022,4,Apr,2022-04,6,578.16,0
BKG103871,Resort Hotel,2024-06-06,2024-10-06,2024-10-16,122,India,4,0.0,Family,174.46,Corporate,Check-Out,2024,6,Jun,2024-06,10,1744.6000000000001,0
BKG103872,Resort Hotel,2023-03-09,2023-07-22,2023-07-29,135,Australia,4,0.0,Family,74.39,Offline Agent,Check-Out,2023,3,Mar,2023-03,7,520.73,0
BKG103873,Resort Hotel,2024-04-08,2024-09-27,2024-09-30,172,Canada,1,0.0,Deluxe,72.17,Online Travel Agent,Check-Out,2024,4,Apr,2024-04,3,216.51,0
BKG103874,Resort Hotel,2023-04-10,2023-05-01,2023-05-06,21,Brazil,2,2.0,Deluxe,65.19,Online Travel Agent,Canceled,2023,4,Apr,2023-04,5,325.95,1
BKG103875,City Hotel,2022-12-16,2023-06-04,2023-06-11,170,India,2,1.0,Deluxe,290.87,Corporate,Check-Out,2022,12,Dec,2022-12,7,2036.0900000000001,0
BKG103876,City Hotel,2023-06-10,2023-09-01,2023-09-09,83,Germany,2,0.0,Standard,127.0,Online Travel Agent,Canceled,2023,6,Jun,2023-06,8,1016.0,1
BKG103877,Resort Hotel,2022-06-06,2022-11-05,2022-11-09,152,Australia,2,0.0,Suite,226.72,Online Travel Agent,Check-Out,2022,6,Jun,2022-06,4,906.88,0
BKG103878,City Hotel,2023-08-30,2024-02-17,2024-02-21,171,France,3,1.0,Deluxe,283.55,Online Travel Agent,Check-Out,2023,8,Aug,2023-08,4,1134.2,0
BKG103879,Resort Hotel,2023-02-16,2023-05-06,2023-05-12,79,Canada,3,1.0,Deluxe,218.36,Corporate,Canceled,2023,2,Feb,2023-02,6,1310.16,1
BKG103880,City Hotel,2022-08-10,2022-11-20,2022-11-27,102,UAE,2,1.0,Standard,304.26,Corporate,Canceled,2022,8,Aug,2022-08,7,2129.8199999999997,1
BKG103881,City Hotel,2022-12-11,2023-04-29,2023-05-03,139,Canada,4,0.0,Standard,71.22,Online Travel Agent,Canceled,2022,12,Dec,2022-12,4,284.88,1
BKG103882,City Hotel,2022-04-29,2022-08-20,2022-08-23,113,Brazil,1,0.0,Standard,290.14,Corporate,Check-Out,2022,4,Apr,2022-04,3,870.42,0
BKG103883,Resort Hotel,2022-08-31,2022-09-28,2022-10-04,28,USA,4,2.0,Standard,181.95,Online Travel Agent,Check-Out,2022,8,Aug,2022-08,6,1091.6999999999998,0
BKG103884,Resort Hotel,2022-02-01,2022-02-24,2022-03-06,23,Australia,2,0.0,Deluxe,154.79,Direct,Canceled,2022,2,Feb,2022-02,10,1547.8999999999999,1
BKG103885,City Hotel,2023-01-28,2023-02-10,2023-02-20,13,UK,2,0.0,Family,347.01,Online Travel Agent,Canceled,2023,1,Jan,2023-01,10,3470.1,1
BKG103886,Resort Hotel,2022-08-21,2022-10-19,2022-10-21,59,Germany,4,0.0,Standard,144.92,Online Travel Agent,Check-Out,2022,8,Aug,2022-08,2,289.84,0
BKG103887,City Hotel,2022-03-29,2022-09-21,2022-09-29,176,UAE,1,2.0,Family,290.25,Corporate,Check-Out,2022,3,Mar,2022-03,8,2322.0,0
BKG103888,Resort Hotel,2024-02-20,2024-03-19,2024-03-29,28,India,3,0.0,Suite,220.68,Offline Agent,Canceled,2024,2,Feb,2024-02,10,2206.8,1
BKG103889,City Hotel,2024-03-28,2024-05-26,2024-06-01,59,Australia,2,1.0,Suite,349.35,Online Travel Agent,Check-Out,2024,3,Mar,2024-03,6,2096.1000000000004,0
BKG103890,Resort Hotel,2023-03-19,2023-05-19,2023-05-25,61,UK,2,0.0,Deluxe,91.73,Offline Agent,Check-Out,2023,3,Mar,2023-03,6,550.38,0
BKG103891,Resort Hotel,2022-04-11,2022-04-24,2022-05-01,13,UK,4,0.0,Suite,275.32,Direct,No-Show,2022,4,Apr,2022-04,7,1927.24,0
BKG103892,City Hotel,2023-01-11,2023-05-05,2023-05-13,114,Brazil,4,0.0,Standard,83.53,Corporate,Check-Out,2023,1,Jan,2023-01,8,668.24,0
BKG103893,City Hotel,2023-05-26,2023-08-20,2023-08-24,86,UAE,2,0.0,Family,266.87,Offline Agent,No-Show,2023,5,May,2023-05,4,1067.48,0
BKG103894,Resort Hotel,2022-11-20,2023-04-03,2023-04-11,134,USA,1,1.0,Family,296.54,Online Travel Agent,Check-Out,2022,11,Nov,2022-11,8,2372.32,0
BKG103895,Resort Hotel,2022-04-27,2022-05-20,2022-05-22,23,UK,3,0.0,Suite,269.76,Corporate,No-Show,2022,4,Apr,2022-04,2,539.52,0
BKG103896,Resort Hotel,2022-11-09,2023-02-23,2023-03-03,106,Canada,2,0.0,Standard,325.44,Online Travel Agent,Canceled,2022,11,Nov,2022-11,8,2603.52,1
BKG103897,City Hotel,2024-01-02,2024-03-09,2024-03-11,67,France,1,1.0,Suite,176.66,Online Travel Agent,Check-Out,2024,1,Jan,2024-01,2,353.32,0
BKG103898,Resort Hotel,2023-05-03,2023-05-04,2023-05-08,1,Canada,3,0.0,Family,318.91,Online Travel Agent,Check-Out,2023,5,May,2023-05,4,1275.64,0
BKG103899,Resort Hotel,2023-02-01,2023-02-27,2023-03-03,26,Canada,1,0.0,Deluxe,90.02,Direct,Canceled,2023,2,Feb,2023-02,4,360.08,1
BKG103900,Resort Hotel,2023-11-12,2024-03-24,2024-03-26,133,UAE,4,0.0,Family,68.59,Offline Agent,Check-Out,2023,11,Nov,2023-11,2,137.18,0
BKG103901,Resort Hotel,2024-05-08,2024-08-24,2024-08-29,108,UAE,1,0.0,Suite,78.46,Direct,Canceled,2024,5,May,2024-05,5,392.29999999999995,1
BKG103902,City Hotel,2024-01-11,2024-01-25,2024-02-02,14,France,2,0.0,Deluxe,81.78,Corporate,Canceled,2024,1,Jan,2024-01,8,654.24,1
BKG103903,City Hotel,2022-06-26,2022-09-11,2022-09-13,77,UAE,1,0.0,Suite,314.77,Offline Agent,Canceled,2022,6,Jun,2022-06,2,629.54,1
BKG103904,Resort Hotel,2022-05-28,2022-08-06,2022-08-15,70,Australia,2,0.0,Suite,126.36,Direct,Canceled,2022,5,May,2022-05,9,1137.24,1
BKG103905,City Hotel,2024-03-26,2024-04-15,2024-04-22,20,USA,3,1.0,Suite,75.9,Online Travel Agent,Check-Out,2024,3,Mar,2024-03,7,531.3000000000001,0
BKG103906,City Hotel,2023-12-07,2024-03-24,2024-03-31,108,France,3,0.0,Family,78.74,Corporate,Check-Out,2023,12,Dec,2023-12,7,551.18,0
BKG103907,City Hotel,2024-02-19,2024-04-18,2024-04-20,59,India,4,0.0,Family,228.34,Online Travel Agent,Canceled,2024,2,Feb,2024-02,2,456.68,1
BKG103908,Resort Hotel,2023-10-24,2024-01-05,2024-01-07,73,Germany,1,0.0,Suite,197.98,Offline Agent,Canceled,2023,10,Oct,2023-10,2,395.96,1
BKG103909,Resort Hotel,2024-03-19,2024-05-19,2024-05-21,61,Canada,1,1.0,Family,217.56,Corporate,Check-Out,2024,3,Mar,2024-03,2,435.12,0
BKG103910,City Hotel,2023-01-20,2023-02-02,2023-02-04,13,France,2,0.0,Suite,139.54,Offline Agent,Check-Out,2023,1,Jan,2023-01,2,279.08,0
BKG103911,City Hotel,2023-05-26,2023-07-26,2023-07-30,61,Germany,3,0.0,Family,167.62,Offline Agent,Check-Out,2023,5,May,2023-05,4,670.48,0
BKG103912,City Hotel,2023-11-12,2024-02-29,2024-03-09,109,Germany,3,0.0,Standard,302.47,Offline Agent,Canceled,2023,11,Nov,2023-11,9,2722.2300000000005,1
BKG103913,Resort Hotel,2022-11-24,2022-12-06,2022-12-11,12,USA,1,2.0,Standard,122.14,Corporate,Check-Out,2022,11,Nov,2022-11,5,610.7,0
BKG103914,City Hotel,2023-07-25,2023-12-18,2023-12-26,146,UK,3,0.0,Standard,273.95,Corporate,Canceled,2023,7,Jul,2023-07,8,2191.6,1
BKG103915,Resort Hotel,2023-11-04,2024-02-02,2024-02-03,90,Singapore,3,1.0,Standard,327.29,Corporate,Check-Out,2023,11,Nov,2023-11,1,327.29,0
BKG103916,Resort Hotel,2022-06-06,2022-09-13,2022-09-20,99,France,1,1.0,Standard,334.43,Offline Agent,Canceled,2022,6,Jun,2022-06,7,2341.01,1
BKG103917,City Hotel,2022-04-08,2022-05-01,2022-05-11,23,Australia,3,0.0,Family,70.22,Online Travel Agent,Check-Out,2022,4,Apr,2022-04,10,702.2,0
BKG103918,Resort Hotel,2023-06-30,2023-12-14,2023-12-15,167,USA,4,2.0,Deluxe,291.73,Online Travel Agent,Check-Out,2023,6,Jun,2023-06,1,291.73,0
BKG103919,Resort Hotel,2023-08-20,2023-11-13,2023-11-23,85,Australia,2,2.0,Deluxe,103.07,Online Travel Agent,Check-Out,2023,8,Aug,2023-08,10,1030.6999999999998,0
BKG103920,Resort Hotel,2023-02-04,2023-06-08,2023-06-16,124,Singapore,2,0.0,Suite,60.67,Offline Agent,Check-Out,2023,2,Feb,2023-02,8,485.36,0
BKG103921,City Hotel,2022-06-29,2022-12-22,2022-12-30,176,UK,1,0.0,Family,86.66,Offline Agent,Check-Out,2022,6,Jun,2022-06,8,693.28,0
BKG103922,Resort Hotel,2022-07-26,2022-10-14,2022-10-22,80,USA,2,1.0,Suite,310.25,Direct,Check-Out,2022,7,Jul,2022-07,8,2482.0,0
BKG103923,City Hotel,2022-09-16,2022-11-02,2022-11-03,47,France,4,2.0,Standard,129.15,Corporate,Check-Out,2022,9,Sep,2022-09,1,129.15,0
BKG103924,City Hotel,2023-04-12,2023-04-28,2023-05-08,16,Brazil,3,0.0,Deluxe,159.29,Corporate,Check-Out,2023,4,Apr,2023-04,10,1592.8999999999999,0
BKG103925,City Hotel,2024-06-09,2024-11-20,2024-11-21,164,Canada,3,0.0,Deluxe,259.84,Offline Agent,Check-Out,2024,6,Jun,2024-06,1,259.84,0
BKG103926,City Hotel,2024-03-13,2024-04-28,2024-05-06,46,UK,2,1.0,Deluxe,229.64,Online Travel Agent,Check-Out,2024,3,Mar,2024-03,8,1837.12,0
BKG103927,Resort Hotel,2023-11-29,2023-12-17,2023-12-20,18,USA,2,0.0,Standard,129.41,Direct,Check-Out,2023,11,Nov,2023-11,3,388.23,0
BKG103928,Resort Hotel,2022-02-21,2022-03-20,2022-03-21,27,UK,4,0.0,Suite,114.44,Offline Agent,No-Show,2022,2,Feb,2022-02,1,114.44,0
BKG103929,Resort Hotel,2022-10-13,2023-02-24,2023-03-01,134,UK,1,0.0,Deluxe,121.23,Online Travel Agent,Canceled,2022,10,Oct,2022-10,5,606.15,1
BKG103930,City Hotel,2023-07-26,2023-11-26,2023-11-30,123,Australia,3,1.0,Standard,77.18,Direct,Check-Out,2023,7,Jul,2023-07,4,308.72,0
BKG103931,Resort Hotel,2023-06-24,2023-09-22,2023-10-01,90,USA,4,2.0,Deluxe,119.48,Online Travel Agent,Check-Out,2023,6,Jun,2023-06,9,1075.32,0
BKG103932,Resort Hotel,2024-01-29,2024-06-18,2024-06-21,141,Brazil,2,1.0,Family,248.36,Offline Agent,Check-Out,2024,1,Jan,2024-01,3,745.08,0
BKG103933,City Hotel,2022-04-20,2022-09-26,2022-09-30,159,France,1,1.0,Deluxe,304.31,Online Travel Agent,Check-Out,2022,4,Apr,2022-04,4,1217.24,0
BKG103934,Resort Hotel,2023-10-16,2023-12-26,2024-01-03,71,Germany,2,2.0,Family,95.76,Online Travel Agent,Check-Out,2023,10,Oct,2023-10,8,766.08,0
BKG103935,City Hotel,2023-08-12,2023-10-19,2023-10-26,68,France,2,0.0,Standard,304.27,Offline Agent,Canceled,2023,8,Aug,2023-08,7,2129.89,1
BKG103936,Resort Hotel,2022-01-16,2022-01-19,2022-01-25,3,Germany,2,0.0,Suite,153.35,Online Travel Agent,Check-Out,2022,1,Jan,2022-01,6,920.0999999999999,0
BKG103937,Resort Hotel,2024-03-08,2024-07-16,2024-07-17,130,Singapore,2,2.0,Suite,249.05,Online Travel Agent,Canceled,2024,3,Mar,2024-03,1,249.05,1
BKG103938,Resort Hotel,2022-05-20,2022-10-03,2022-10-08,136,UAE,4,1.0,Family,231.55,Corporate,Check-Out,2022,5,May,2022-05,5,1157.75,0
BKG103939,Resort Hotel,2022-03-13,2022-06-16,2022-06-23,95,Germany,3,0.0,Standard,153.13,Offline Agent,Canceled,2022,3,Mar,2022-03,7,1071.9099999999999,1
BKG103940,City Hotel,2023-01-26,2023-05-11,2023-05-18,105,Germany,4,0.0,Deluxe,246.94,Online Travel Agent,Check-Out,2023,1,Jan,2023-01,7,1728.58,0
BKG103941,City Hotel,2024-03-18,2024-04-04,2024-04-11,17,UAE,1,0.0,Deluxe,346.87,Online Travel Agent,Check-Out,2024,3,Mar,2024-03,7,2428.09,0
BKG103942,Resort Hotel,2023-05-17,2023-07-08,2023-07-10,52,Canada,2,0.0,Family,258.7,Online Travel Agent,No-Show,2023,5,May,2023-05,2,517.4,0
BKG103943,Resort Hotel,2022-01-09,2022-03-05,2022-03-13,55,India,2,0.0,Family,180.11,Corporate,No-Show,2022,1,Jan,2022-01,8,1440.88,0
BKG103944,Resort Hotel,2023-01-15,2023-05-27,2023-05-30,132,Australia,1,1.0,Deluxe,101.73,Corporate,Check-Out,2023,1,Jan,2023-01,3,305.19,0
BKG103945,City Hotel,2023-12-11,2024-02-25,2024-02-28,76,Germany,3,1.0,Deluxe,222.08,Corporate,Canceled,2023,12,Dec,2023-12,3,666.24,1
BKG103946,Resort Hotel,2022-11-25,2022-12-10,2022-12-17,15,UAE,3,0.0,Deluxe,226.9,Offline Agent,Canceled,2022,11,Nov,2022-11,7,1588.3,1
BKG103947,Resort Hotel,2023-03-28,2023-09-03,2023-09-05,159,India,2,0.0,Suite,296.19,Offline Agent,Check-Out,2023,3,Mar,2023-03,2,592.38,0
BKG103948,City Hotel,2023-11-09,2024-04-11,2024-04-12,154,India,2,0.0,Standard,261.64,Offline Agent,Check-Out,2023,11,Nov,2023-11,1,261.64,0
BKG103949,City Hotel,2024-03-30,2024-06-05,2024-06-10,67,Singapore,3,1.0,Standard,154.73,Offline Agent,Check-Out,2024,3,Mar,2024-03,5,773.65,0
BKG103950,City Hotel,2022-07-09,2022-07-17,2022-07-23,8,USA,3,0.0,Family,328.7,Online Travel Agent,Check-Out,2022,7,Jul,2022-07,6,1972.1999999999998,0
BKG103951,City Hotel,2024-03-27,2024-06-06,2024-06-07,71,Canada,2,0.0,Suite,93.94,Online Travel Agent,Check-Out,2024,3,Mar,2024-03,1,93.94,0
BKG103952,Resort Hotel,2022-01-25,2022-02-12,2022-02-16,18,UAE,3,0.0,Standard,147.93,Offline Agent,Check-Out,2022,1,Jan,2022-01,4,591.72,0
BKG103953,City Hotel,2022-01-20,2022-06-15,2022-06-17,146,France,3,0.0,Suite,336.5,Online Travel Agent,No-Show,2022,1,Jan,2022-01,2,673.0,0
BKG103954,City Hotel,2022-01-14,2022-01-24,2022-01-29,10,France,1,0.0,Suite,144.94,Corporate,Check-Out,2022,1,Jan,2022-01,5,724.7,0
BKG103955,City Hotel,2023-01-30,2023-06-14,2023-06-18,135,UK,3,2.0,Suite,294.82,Offline Agent,Check-Out,2023,1,Jan,2023-01,4,1179.28,0
BKG103956,Resort Hotel,2023-07-19,2023-12-14,2023-12-24,148,UAE,2,0.0,Family,174.93,Offline Agent,Check-Out,2023,7,Jul,2023-07,10,1749.3000000000002,0
BKG103957,Resort Hotel,2022-07-17,2022-11-29,2022-11-30,135,USA,4,2.0,Standard,156.11,Direct,Check-Out,2022,7,Jul,2022-07,1,156.11,0
BKG103958,Resort Hotel,2022-04-20,2022-07-27,2022-08-02,98,UAE,2,0.0,Suite,77.36,Online Travel Agent,Check-Out,2022,4,Apr,2022-04,6,464.15999999999997,0
BKG103959,City Hotel,2022-04-22,2022-07-17,2022-07-18,86,USA,4,0.0,Family,285.01,Corporate,Check-Out,2022,4,Apr,2022-04,1,285.01,0
BKG103960,Resort Hotel,2024-04-03,2024-08-04,2024-08-11,123,UK,2,0.0,Deluxe,241.49,Online Travel Agent,Check-Out,2024,4,Apr,2024-04,7,1690.43,0
BKG103961,City Hotel,2023-02-16,2023-06-16,2023-06-17,120,USA,2,0.0,Family,149.11,Corporate,Canceled,2023,2,Feb,2023-02,1,149.11,1
BKG103962,Resort Hotel,2022-10-12,2023-01-17,2023-01-27,97,France,4,0.0,Suite,165.99,Online Travel Agent,Canceled,2022,10,Oct,2022-10,10,1659.9,1
BKG103963,Resort Hotel,2023-07-10,2023-09-06,2023-09-09,58,Canada,1,0.0,Deluxe,308.29,Corporate,Canceled,2023,7,Jul,2023-07,3,924.8700000000001,1
BKG103964,Resort Hotel,2023-12-01,2024-05-23,2024-05-28,174,Brazil,4,2.0,Family,296.94,Corporate,No-Show,2023,12,Dec,2023-12,5,1484.7,0
BKG103965,City Hotel,2022-04-05,2022-06-12,2022-06-17,68,Australia,3,0.0,Suite,317.83,Corporate,Canceled,2022,4,Apr,2022-04,5,1589.1499999999999,1
BKG103966,City Hotel,2022-08-29,2023-01-24,2023-01-27,148,Singapore,3,2.0,Standard,275.02,Offline Agent,Canceled,2022,8,Aug,2022-08,3,825.06,1
BKG103967,City Hotel,2023-05-05,2023-08-14,2023-08-22,101,Germany,4,0.0,Family,307.57,Online Travel Agent,Check-Out,2023,5,May,2023-05,8,2460.56,0
BKG103968,City Hotel,2022-10-08,2022-11-14,2022-11-20,37,USA,1,2.0,Family,88.89,Direct,Canceled,2022,10,Oct,2022-10,6,533.34,1
BKG103969,City Hotel,2023-08-09,2023-12-01,2023-12-06,114,Australia,4,1.0,Family,293.95,Online Travel Agent,Check-Out,2023,8,Aug,2023-08,5,1469.75,0
BKG103970,City Hotel,2022-03-25,2022-08-22,2022-08-24,150,UK,2,0.0,Suite,107.47,Direct,Check-Out,2022,3,Mar,2022-03,2,214.94,0
BKG103971,City Hotel,2023-03-22,2023-08-17,2023-08-25,148,Canada,1,2.0,Suite,290.13,Online Travel Agent,Check-Out,2023,3,Mar,2023-03,8,2321.04,0
BKG103972,City Hotel,2023-01-19,2023-07-05,2023-07-12,167,Canada,2,2.0,Standard,249.11,Corporate,Canceled,2023,1,Jan,2023-01,7,1743.77,1
BKG103973,City Hotel,2024-03-14,2024-07-06,2024-07-14,114,Canada,4,0.0,Family,138.79,Online Travel Agent,Check-Out,2024,3,Mar,2024-03,8,1110.32,0
BKG103974,City Hotel,2023-01-09,2023-01-13,2023-01-15,4,Brazil,3,0.0,Suite,339.19,Online Travel Agent,Check-Out,2023,1,Jan,2023-01,2,678.38,0
BKG103975,Resort Hotel,2024-03-14,2024-08-19,2024-08-29,158,UAE,3,1.0,Family,295.55,Direct,Check-Out,2024,3,Mar,2024-03,10,2955.5,0
BKG103976,City Hotel,2022-10-01,2023-02-18,2023-02-23,140,Australia,3,0.0,Family,272.44,Direct,Check-Out,2022,10,Oct,2022-10,5,1362.2,0
BKG103977,City Hotel,2022-12-13,2023-06-07,2023-06-12,176,Australia,2,0.0,Suite,265.49,Direct,Canceled,2022,12,Dec,2022-12,5,1327.45,1
BKG103978,Resort Hotel,2023-12-04,2024-03-28,2024-03-31,115,Canada,4,1.0,Family,97.91,Corporate,Check-Out,2023,12,Dec,2023-12,3,293.73,0
BKG103979,City Hotel,2023-07-24,2023-11-28,2023-11-29,127,Australia,3,0.0,Family,273.26,Direct,Check-Out,2023,7,Jul,2023-07,1,273.26,0
BKG103980,City Hotel,2023-03-10,2023-08-13,2023-08-22,156,France,1,0.0,Suite,285.58,Direct,Check-Out,2023,3,Mar,2023-03,9,2570.22,0
BKG103981,City Hotel,2024-02-28,2024-07-30,2024-08-04,153,Australia,2,0.0,Family,73.39,Online Travel Agent,Check-Out,2024,2,Feb,2024-02,5,366.95,0
BKG103982,City Hotel,2022-08-18,2022-12-18,2022-12-26,122,Canada,4,2.0,Standard,134.25,Offline Agent,No-Show,2022,8,Aug,2022-08,8,1074.0,0
BKG103983,City Hotel,2023-08-01,2023-08-17,2023-08-27,16,Brazil,1,1.0,Suite,115.98,Online Travel Agent,Canceled,2023,8,Aug,2023-08,10,1159.8,1
BKG103984,Resort Hotel,2023-12-05,2024-04-03,2024-04-06,120,USA,3,2.0,Family,111.02,Online Travel Agent,Check-Out,2023,12,Dec,2023-12,3,333.06,0
BKG103985,Resort Hotel,2023-09-20,2024-01-19,2024-01-28,121,Germany,1,1.0,Standard,241.22,Offline Agent,Check-Out,2023,9,Sep,2023-09,9,2170.98,0
BKG103986,City Hotel,2022-01-22,2022-06-05,2022-06-07,134,Brazil,2,0.0,Standard,278.72,Direct,Check-Out,2022,1,Jan,2022-01,2,557.44,0
BKG103987,City Hotel,2024-02-29,2024-06-30,2024-07-05,122,Australia,2,0.0,Deluxe,301.05,Corporate,Check-Out,2024,2,Feb,2024-02,5,1505.25,0
BKG103988,City Hotel,2022-04-11,2022-08-30,2022-08-31,141,Brazil,1,1.0,Standard,255.09,Online Travel Agent,Check-Out,2022,4,Apr,2022-04,1,255.09,0
BKG103989,Resort Hotel,2022-06-28,2022-11-21,2022-11-26,146,USA,4,0.0,Deluxe,71.43,Offline Agent,No-Show,2022,6,Jun,2022-06,5,357.15000000000003,0
BKG103990,Resort Hotel,2022-04-07,2022-06-13,2022-06-20,67,UK,3,2.0,Standard,161.17,Online Travel Agent,Canceled,2022,4,Apr,2022-04,7,1128.1899999999998,1
BKG103991,City Hotel,2023-07-31,2023-08-15,2023-08-21,15,UK,4,0.0,Deluxe,257.19,Corporate,Canceled,2023,7,Jul,2023-07,6,1543.1399999999999,1
BKG103992,City Hotel,2023-07-26,2024-01-14,2024-01-18,172,UK,4,0.0,Suite,315.35,Online Travel Agent,Check-Out,2023,7,Jul,2023-07,4,1261.4,0
BKG103993,City Hotel,2024-01-07,2024-05-08,2024-05-12,122,India,3,2.0,Deluxe,242.68,Online Travel Agent,Canceled,2024,1,Jan,2024-01,4,970.72,1
BKG103994,Resort Hotel,2024-01-19,2024-03-04,2024-03-12,45,Canada,4,0.0,Family,258.3,Online Travel Agent,Check-Out,2024,1,Jan,2024-01,8,2066.4,0
BKG103995,City Hotel,2023-01-02,2023-01-13,2023-01-19,11,Brazil,3,0.0,Family,105.8,Corporate,Canceled,2023,1,Jan,2023-01,6,634.8,1
BKG103996,City Hotel,2023-11-02,2024-04-12,2024-04-17,162,Canada,2,0.0,Family,101.64,Corporate,Canceled,2023,11,Nov,2023-11,5,508.2,1
BKG103997,City Hotel,2022-03-23,2022-05-05,2022-05-14,43,Canada,4,1.0,Suite,108.07,Offline Agent,Canceled,2022,3,Mar,2022-03,9,972.6299999999999,1
BKG103998,City Hotel,2023-01-28,2023-07-04,2023-07-06,157,UK,1,0.0,Family,65.22,Offline Agent,Check-Out,2023,1,Jan,2023-01,2,130.44,0
BKG103999,Resort Hotel,2024-05-04,2024-07-15,2024-07-17,72,UK,3,1.0,Standard,123.92,Corporate,Check-Out,2024,5,May,2024-05,2,247.84,0
BKG104000,Resort Hotel,2022-03-21,2022-09-17,2022-09-18,180,Brazil,4,0.0,Suite,224.37,Direct,Canceled,2022,3,Mar,2022-03,1,224.37,1
BKG104001,Resort Hotel,2022-09-12,2023-01-06,2023-01-07,116,France,2,1.0,Family,165.68,Direct,Canceled,2022,9,Sep,2022-09,1,165.68,1
BKG104002,Resort Hotel,2022-11-22,2022-11-29,2022-12-01,7,USA,2,0.0,Standard,120.62,Online Travel Agent,Canceled,2022,11,Nov,2022-11,2,241.24,1
BKG104003,Resort Hotel,2023-06-08,2023-08-24,2023-08-30,77,Germany,4,1.0,Family,304.57,Online Travel Agent,Check-Out,2023,6,Jun,2023-06,6,1827.42,0
BKG104004,Resort Hotel,2024-01-12,2024-07-08,2024-07-10,178,Canada,4,0.0,Suite,224.5,Offline Agent,No-Show,2024,1,Jan,2024-01,2,449.0,0
BKG104005,City Hotel,2024-04-01,2024-08-06,2024-08-10,127,Germany,1,0.0,Family,333.68,Direct,Check-Out,2024,4,Apr,2024-04,4,1334.72,0
BKG104006,City Hotel,2023-09-02,2024-01-03,2024-01-04,123,Brazil,1,0.0,Deluxe,88.33,Offline Agent,Check-Out,2023,9,Sep,2023-09,1,88.33,0
BKG104007,City Hotel,2024-04-26,2024-09-14,2024-09-24,141,India,2,0.0,Family,335.3,Offline Agent,Check-Out,2024,4,Apr,2024-04,10,3353.0,0
BKG104008,City Hotel,2023-06-21,2023-09-26,2023-10-02,97,India,3,2.0,Family,183.64,Corporate,Canceled,2023,6,Jun,2023-06,6,1101.84,1
BKG104009,Resort Hotel,2022-10-05,2022-12-07,2022-12-13,63,Australia,1,0.0,Standard,300.31,Online Travel Agent,No-Show,2022,10,Oct,2022-10,6,1801.8600000000001,0
BKG104010,Resort Hotel,2022-12-14,2022-12-27,2022-12-29,13,Brazil,3,0.0,Family,327.59,Offline Agent,Check-Out,2022,12,Dec,2022-12,2,655.18,0
BKG104011,City Hotel,2022-06-04,2022-10-05,2022-10-12,123,Canada,2,0.0,Family,291.04,Offline Agent,Check-Out,2022,6,Jun,2022-06,7,2037.2800000000002,0
BKG104012,City Hotel,2022-12-02,2023-02-05,2023-02-14,65,Australia,3,1.0,Standard,103.4,Online Travel Agent,Check-Out,2022,12,Dec,2022-12,9,930.6,0
BKG104013,City Hotel,2022-11-14,2023-02-24,2023-03-01,102,Singapore,1,1.0,Family,231.29,Online Travel Agent,Canceled,2022,11,Nov,2022-11,5,1156.45,1
BKG104014,Resort Hotel,2024-02-18,2024-06-22,2024-06-28,125,Canada,3,0.0,Family,274.23,Online Travel Agent,Canceled,2024,2,Feb,2024-02,6,1645.38,1
BKG104015,Resort Hotel,2022-11-04,2023-03-27,2023-04-05,143,USA,1,1.0,Family,76.1,Corporate,Check-Out,2022,11,Nov,2022-11,9,684.9,0
BKG104016,City Hotel,2023-05-17,2023-05-27,2023-06-05,10,UAE,2,0.0,Standard,202.65,Corporate,Check-Out,2023,5,May,2023-05,9,1823.8500000000001,0
BKG104017,City Hotel,2022-10-24,2022-11-16,2022-11-21,23,UK,3,0.0,Family,241.0,Offline Agent,Canceled,2022,10,Oct,2022-10,5,1205.0,1
BKG104018,Resort Hotel,2022-01-20,2022-06-04,2022-06-13,135,UAE,1,0.0,Standard,305.93,Direct,Check-Out,2022,1,Jan,2022-01,9,2753.37,0
BKG104019,City Hotel,2023-06-09,2023-11-24,2023-12-01,168,India,2,1.0,Suite,207.86,Direct,Check-Out,2023,6,Jun,2023-06,7,1455.02,0
BKG104020,Resort Hotel,2023-02-25,2023-07-19,2023-07-28,144,Canada,1,0.0,Family,103.46,Online Travel Agent,Check-Out,2023,2,Feb,2023-02,9,931.14,0
BKG104021,City Hotel,2022-01-11,2022-01-22,2022-01-29,11,Brazil,1,0.0,Family,123.79,Direct,Check-Out,2022,1,Jan,2022-01,7,866.5300000000001,0
BKG104022,Resort Hotel,2022-08-20,2023-01-19,2023-01-27,152,UAE,4,1.0,Suite,273.79,Online Travel Agent,Canceled,2022,8,Aug,2022-08,8,2190.32,1
BKG104023,City Hotel,2024-03-13,2024-04-03,2024-04-09,21,India,1,0.0,Standard,290.99,Offline Agent,Check-Out,2024,3,Mar,2024-03,6,1745.94,0
BKG104024,City Hotel,2022-04-24,2022-09-08,2022-09-09,137,UK,1,1.0,Suite,324.65,Corporate,Check-Out,2022,4,Apr,2022-04,1,324.65,0
BKG104025,Resort Hotel,2023-03-24,2023-04-19,2023-04-28,26,Australia,4,0.0,Family,199.84,Offline Agent,Check-Out,2023,3,Mar,2023-03,9,1798.56,0
BKG104026,City Hotel,2022-04-05,2022-09-06,2022-09-09,154,Brazil,2,2.0,Standard,280.32,Online Travel Agent,Check-Out,2022,4,Apr,2022-04,3,840.96,0
BKG104027,Resort Hotel,2023-10-13,2024-03-12,2024-03-15,151,UAE,1,0.0,Family,105.95,Direct,Check-Out,2023,10,Oct,2023-10,3,317.85,0
BKG104028,Resort Hotel,2024-04-28,2024-08-24,2024-08-29,118,UK,1,2.0,Standard,256.58,Corporate,Check-Out,2024,4,Apr,2024-04,5,1282.8999999999999,0
BKG104029,Resort Hotel,2024-04-07,2024-06-14,2024-06-19,68,USA,4,1.0,Deluxe,231.36,Direct,Check-Out,2024,4,Apr,2024-04,5,1156.8000000000002,0
BKG104030,Resort Hotel,2023-02-19,2023-03-24,2023-03-25,33,Singapore,2,1.0,Standard,87.85,Direct,Check-Out,2023,2,Feb,2023-02,1,87.85,0
BKG104031,Resort Hotel,2024-04-23,2024-10-08,2024-10-09,168,India,1,1.0,Family,313.75,Online Travel Agent,Check-Out,2024,4,Apr,2024-04,1,313.75,0
BKG104032,Resort Hotel,2022-08-20,2022-11-23,2022-11-29,95,Australia,3,2.0,Family,90.63,Offline Agent,Canceled,2022,8,Aug,2022-08,6,543.78,1
BKG104033,City Hotel,2023-03-23,2023-09-19,2023-09-26,180,Singapore,2,2.0,Family,177.7,Direct,Check-Out,2023,3,Mar,2023-03,7,1243.8999999999999,0
BKG104034,Resort Hotel,2022-02-25,2022-03-30,2022-04-05,33,UK,2,1.0,Standard,208.9,Direct,Check-Out,2022,2,Feb,2022-02,6,1253.4,0
BKG104035,Resort Hotel,2024-06-13,2024-08-22,2024-08-28,70,Australia,1,2.0,Suite,348.31,Online Travel Agent,Check-Out,2024,6,Jun,2024-06,6,2089.86,0
BKG104036,Resort Hotel,2023-07-27,2023-11-22,2023-11-26,118,France,4,0.0,Standard,296.99,Online Travel Agent,No-Show,2023,7,Jul,2023-07,4,1187.96,0
BKG104037,City Hotel,2023-10-18,2023-10-19,2023-10-26,1,Germany,4,0.0,Deluxe,216.57,Online Travel Agent,Canceled,2023,10,Oct,2023-10,7,1515.99,1
BKG104038,City Hotel,2022-10-11,2023-01-29,2023-01-30,110,India,2,0.0,Family,302.6,Online Travel Agent,Check-Out,2022,10,Oct,2022-10,1,302.6,0
BKG104039,Resort Hotel,2023-08-02,2024-01-23,2024-01-27,174,France,4,0.0,Suite,240.91,Offline Agent,Canceled,2023,8,Aug,2023-08,4,963.64,1
BKG104040,Resort Hotel,2022-02-22,2022-08-03,2022-08-09,162,UK,2,0.0,Family,136.21,Online Travel Agent,Check-Out,2022,2,Feb,2022-02,6,817.26,0
BKG104041,Resort Hotel,2023-04-12,2023-07-29,2023-08-03,108,India,3,0.0,Suite,349.36,Online Travel Agent,Canceled,2023,4,Apr,2023-04,5,1746.8000000000002,1
BKG104042,City Hotel,2022-05-02,2022-10-08,2022-10-17,159,Germany,3,1.0,Standard,155.24,Corporate,Check-Out,2022,5,May,2022-05,9,1397.16,0
BKG104043,City Hotel,2022-11-11,2022-11-17,2022-11-24,6,India,2,0.0,Family,107.74,Direct,Check-Out,2022,11,Nov,2022-11,7,754.18,0
BKG104044,City Hotel,2022-08-18,2022-10-04,2022-10-05,47,USA,3,0.0,Suite,339.0,Corporate,Canceled,2022,8,Aug,2022-08,1,339.0,1
BKG104045,Resort Hotel,2022-04-30,2022-06-17,2022-06-23,48,Canada,2,0.0,Family,195.75,Corporate,Check-Out,2022,4,Apr,2022-04,6,1174.5,0
BKG104046,Resort Hotel,2023-01-06,2023-02-06,2023-02-10,31,Australia,1,2.0,Standard,244.18,Corporate,Canceled,2023,1,Jan,2023-01,4,976.72,1
BKG104047,Resort Hotel,2024-04-21,2024-07-04,2024-07-06,74,Canada,2,0.0,Family,340.65,Online Travel Agent,No-Show,2024,4,Apr,2024-04,2,681.3,0
BKG104048,Resort Hotel,2024-01-23,2024-04-27,2024-04-29,95,Germany,3,1.0,Deluxe,228.34,Online Travel Agent,Check-Out,2024,1,Jan,2024-01,2,456.68,0
BKG104049,City Hotel,2023-10-02,2023-11-08,2023-11-15,37,Brazil,3,1.0,Deluxe,125.58,Online Travel Agent,Check-Out,2023,10,Oct,2023-10,7,879.06,0
BKG104050,City Hotel,2022-06-04,2022-11-23,2022-11-29,172,India,2,0.0,Suite,234.79,Offline Agent,Check-Out,2022,6,Jun,2022-06,6,1408.74,0
BKG104051,Resort Hotel,2024-04-10,2024-04-21,2024-04-29,11,Germany,1,0.0,Family,147.48,Direct,Check-Out,2024,4,Apr,2024-04,8,1179.84,0
BKG104052,Resort Hotel,2022-11-01,2023-04-07,2023-04-09,157,Brazil,2,0.0,Deluxe,215.21,Offline Agent,Check-Out,2022,11,Nov,2022-11,2,430.42,0
BKG104053,City Hotel,2022-10-22,2022-12-09,2022-12-16,48,Germany,3,0.0,Standard,340.7,Corporate,Canceled,2022,10,Oct,2022-10,7,2384.9,1
BKG104054,Resort Hotel,2022-11-19,2023-05-15,2023-05-25,177,UAE,3,0.0,Standard,336.17,Corporate,No-Show,2022,11,Nov,2022-11,10,3361.7000000000003,0
BKG104055,City Hotel,2022-10-28,2023-02-02,2023-02-06,97,Australia,1,2.0,Deluxe,189.85,Direct,No-Show,2022,10,Oct,2022-10,4,759.4,0
BKG104056,Resort Hotel,2024-02-17,2024-02-28,2024-03-02,11,Germany,2,0.0,Deluxe,141.55,Direct,Check-Out,2024,2,Feb,2024-02,3,424.65000000000003,0
BKG104057,Resort Hotel,2023-08-07,2023-11-13,2023-11-14,98,Canada,2,0.0,Standard,67.86,Corporate,Check-Out,2023,8,Aug,2023-08,1,67.86,0
BKG104058,City Hotel,2024-03-07,2024-05-25,2024-05-29,79,Canada,4,1.0,Standard,184.33,Offline Agent,Check-Out,2024,3,Mar,2024-03,4,737.32,0
BKG104059,City Hotel,2023-02-03,2023-02-13,2023-02-16,10,Australia,4,0.0,Deluxe,198.22,Offline Agent,Check-Out,2023,2,Feb,2023-02,3,594.66,0
BKG104060,Resort Hotel,2023-01-01,2023-02-22,2023-03-02,52,Germany,2,2.0,Deluxe,76.79,Online Travel Agent,Check-Out,2023,1,Jan,2023-01,8,614.32,0
BKG104061,Resort Hotel,2022-01-31,2022-02-23,2022-03-05,23,Canada,2,0.0,Suite,194.6,Online Travel Agent,Check-Out,2022,1,Jan,2022-01,10,1946.0,0
BKG104062,City Hotel,2023-02-10,2023-03-17,2023-03-19,35,Germany,1,2.0,Family,207.03,Offline Agent,Check-Out,2023,2,Feb,2023-02,2,414.06,0
BKG104063,City Hotel,2023-12-04,2024-01-17,2024-01-26,44,India,1,1.0,Standard,217.89,Offline Agent,Canceled,2023,12,Dec,2023-12,9,1961.0099999999998,1
BKG104064,Resort Hotel,2023-02-13,2023-06-22,2023-07-01,129,France,1,0.0,Deluxe,201.04,Corporate,Check-Out,2023,2,Feb,2023-02,9,1809.36,0
BKG104065,City Hotel,2023-11-20,2024-01-27,2024-02-03,68,Australia,3,2.0,Standard,329.38,Offline Agent,Check-Out,2023,11,Nov,2023-11,7,2305.66,0
BKG104066,City Hotel,2022-06-10,2022-11-18,2022-11-23,161,Brazil,1,2.0,Family,236.8,Online Travel Agent,Check-Out,2022,6,Jun,2022-06,5,1184.0,0
BKG104067,Resort Hotel,2022-02-12,2022-07-04,2022-07-05,142,Brazil,2,0.0,Suite,222.04,Corporate,Check-Out,2022,2,Feb,2022-02,1,222.04,0
BKG104068,Resort Hotel,2023-06-28,2023-10-22,2023-10-31,116,Germany,1,0.0,Suite,320.24,Offline Agent,Canceled,2023,6,Jun,2023-06,9,2882.16,1
BKG104069,Resort Hotel,2022-11-22,2023-04-09,2023-04-16,138,USA,4,0.0,Deluxe,172.2,Online Travel Agent,Check-Out,2022,11,Nov,2022-11,7,1205.3999999999999,0
BKG104070,City Hotel,2023-06-01,2023-11-24,2023-11-25,176,France,4,1.0,Standard,276.83,Corporate,Canceled,2023,6,Jun,2023-06,1,276.83,1
BKG104071,City Hotel,2023-09-13,2024-02-07,2024-02-15,147,Singapore,3,0.0,Standard,245.7,Direct,Check-Out,2023,9,Sep,2023-09,8,1965.6,0
BKG104072,City Hotel,2022-06-27,2022-12-08,2022-12-14,164,Singapore,2,1.0,Family,91.01,Online Travel Agent,Check-Out,2022,6,Jun,2022-06,6,546.0600000000001,0
BKG104073,Resort Hotel,2022-03-24,2022-06-17,2022-06-23,85,Australia,4,2.0,Family,335.63,Online Travel Agent,Canceled,2022,3,Mar,2022-03,6,2013.78,1
BKG104074,Resort Hotel,2022-10-18,2022-11-29,2022-12-01,42,France,4,0.0,Family,172.43,Corporate,No-Show,2022,10,Oct,2022-10,2,344.86,0
BKG104075,Resort Hotel,2022-09-16,2022-11-18,2022-11-22,63,Canada,1,1.0,Deluxe,343.05,Online Travel Agent,Check-Out,2022,9,Sep,2022-09,4,1372.2,0
BKG104076,City Hotel,2024-06-03,2024-11-07,2024-11-15,157,India,4,1.0,Family,99.11,Corporate,Canceled,2024,6,Jun,2024-06,8,792.88,1
BKG104077,City Hotel,2023-02-15,2023-04-20,2023-04-21,64,Australia,1,0.0,Family,188.24,Direct,Check-Out,2023,2,Feb,2023-02,1,188.24,0
BKG104078,Resort Hotel,2023-09-22,2024-03-18,2024-03-26,178,UAE,3,1.0,Suite,159.45,Corporate,Check-Out,2023,9,Sep,2023-09,8,1275.6,0
BKG104079,Resort Hotel,2022-12-09,2023-05-01,2023-05-08,143,Brazil,4,0.0,Standard,110.61,Offline Agent,Check-Out,2022,12,Dec,2022-12,7,774.27,0
BKG104080,Resort Hotel,2024-01-06,2024-04-22,2024-04-30,107,USA,3,0.0,Suite,185.7,Corporate,Check-Out,2024,1,Jan,2024-01,8,1485.6,0
BKG104081,Resort Hotel,2023-06-14,2023-07-25,2023-08-02,41,Germany,2,2.0,Deluxe,178.07,Direct,Canceled,2023,6,Jun,2023-06,8,1424.56,1
BKG104082,City Hotel,2023-11-14,2024-04-17,2024-04-26,155,Australia,4,0.0,Family,104.99,Direct,Check-Out,2023,11,Nov,2023-11,9,944.91,0
BKG104083,City Hotel,2023-03-18,2023-04-09,2023-04-10,22,France,2,0.0,Standard,176.42,Corporate,Check-Out,2023,3,Mar,2023-03,1,176.42,0
BKG104084,Resort Hotel,2023-10-30,2023-11-19,2023-11-24,20,UAE,2,1.0,Standard,102.24,Offline Agent,Check-Out,2023,10,Oct,2023-10,5,511.2,0
BKG104085,City Hotel,2024-01-18,2024-02-06,2024-02-09,19,India,4,1.0,Family,309.91,Online Travel Agent,Check-Out,2024,1,Jan,2024-01,3,929.73,0
BKG104086,Resort Hotel,2024-03-12,2024-03-21,2024-03-31,9,Australia,1,0.0,Family,73.62,Corporate,Canceled,2024,3,Mar,2024-03,10,736.2,1
BKG104087,Resort Hotel,2023-08-31,2023-11-21,2023-11-26,82,India,3,0.0,Standard,331.29,Online Travel Agent,Check-Out,2023,8,Aug,2023-08,5,1656.45,0
BKG104088,Resort Hotel,2023-06-16,2023-08-23,2023-08-30,68,India,2,1.0,Suite,270.88,Direct,Canceled,2023,6,Jun,2023-06,7,1896.1599999999999,1
BKG104089,Resort Hotel,2022-05-14,2022-08-09,2022-08-18,87,UK,4,0.0,Standard,76.38,Offline Agent,No-Show,2022,5,May,2022-05,9,687.42,0
BKG104090,Resort Hotel,2023-01-18,2023-04-30,2023-05-10,102,Singapore,1,0.0,Family,277.35,Online Travel Agent,Canceled,2023,1,Jan,2023-01,10,2773.5,1
BKG104091,Resort Hotel,2024-04-13,2024-08-17,2024-08-19,126,UAE,2,0.0,Standard,60.27,Online Travel Agent,Check-Out,2024,4,Apr,2024-04,2,120.54,0
BKG104092,City Hotel,2022-06-30,2022-08-06,2022-08-14,37,Australia,4,0.0,Family,131.11,Direct,Canceled,2022,6,Jun,2022-06,8,1048.88,1
BKG104093,City Hotel,2023-11-21,2024-05-14,2024-05-20,175,Canada,1,0.0,Family,342.21,Corporate,Check-Out,2023,11,Nov,2023-11,6,2053.2599999999998,0
BKG104094,Resort Hotel,2023-02-26,2023-03-01,2023-03-04,3,Singapore,3,0.0,Family,314.39,Corporate,Check-Out,2023,2,Feb,2023-02,3,943.17,0
BKG104095,Resort Hotel,2023-10-17,2024-03-08,2024-03-16,143,India,3,2.0,Suite,330.28,Online Travel Agent,Check-Out,2023,10,Oct,2023-10,8,2642.24,0
BKG104096,Resort Hotel,2022-11-27,2023-01-07,2023-01-16,41,Australia,2,0.0,Suite,74.42,Direct,Check-Out,2022,11,Nov,2022-11,9,669.78,0
BKG104097,City Hotel,2023-11-06,2024-01-08,2024-01-11,63,Australia,4,1.0,Deluxe,264.42,Direct,Canceled,2023,11,Nov,2023-11,3,793.26,1
BKG104098,City Hotel,2022-05-29,2022-10-27,2022-11-01,151,France,3,1.0,Standard,212.34,Corporate,No-Show,2022,5,May,2022-05,5,1061.7,0
BKG104099,City Hotel,2023-04-29,2023-08-23,2023-08-26,116,UK,3,1.0,Deluxe,268.62,Corporate,Check-Out,2023,4,Apr,2023-04,3,805.86,0
BKG104100,City Hotel,2024-03-25,2024-03-27,2024-04-03,2,Singapore,4,0.0,Suite,66.32,Corporate,No-Show,2024,3,Mar,2024-03,7,464.23999999999995,0
BKG104101,City Hotel,2023-09-21,2024-01-29,2024-02-01,130,UK,2,0.0,Standard,169.99,Direct,Check-Out,2023,9,Sep,2023-09,3,509.97,0
BKG104102,Resort Hotel,2023-03-10,2023-06-09,2023-06-18,91,UK,3,2.0,Suite,196.25,Online Travel Agent,Check-Out,2023,3,Mar,2023-03,9,1766.25,0
BKG104103,City Hotel,2023-10-21,2024-01-22,2024-01-30,93,Germany,1,0.0,Suite,282.44,Corporate,Canceled,2023,10,Oct,2023-10,8,2259.52,1
BKG104104,City Hotel,2022-12-25,2023-01-23,2023-01-26,29,France,2,0.0,Standard,119.33,Offline Agent,Check-Out,2022,12,Dec,2022-12,3,357.99,0
BKG104105,Resort Hotel,2023-06-11,2023-06-16,2023-06-23,5,Brazil,2,0.0,Suite,332.6,Corporate,Check-Out,2023,6,Jun,2023-06,7,2328.2000000000003,0
BKG104106,City Hotel,2023-04-06,2023-08-22,2023-08-27,138,Germany,3,2.0,Standard,65.96,Direct,Check-Out,2023,4,Apr,2023-04,5,329.79999999999995,0
BKG104107,Resort Hotel,2022-03-17,2022-08-27,2022-08-29,163,USA,1,0.0,Standard,174.1,Corporate,Check-Out,2022,3,Mar,2022-03,2,348.2,0
BKG104108,City Hotel,2024-02-26,2024-07-01,2024-07-10,126,India,2,1.0,Family,244.34,Online Travel Agent,Check-Out,2024,2,Feb,2024-02,9,2199.06,0
BKG104109,Resort Hotel,2022-01-29,2022-05-22,2022-05-23,113,Australia,3,0.0,Deluxe,245.15,Direct,Check-Out,2022,1,Jan,2022-01,1,245.15,0
BKG104110,Resort Hotel,2022-07-03,2022-09-06,2022-09-10,65,India,2,0.0,Family,157.07,Online Travel Agent,Check-Out,2022,7,Jul,2022-07,4,628.28,0
BKG104111,City Hotel,2023-05-18,2023-05-28,2023-06-05,10,Canada,2,1.0,Suite,235.24,Online Travel Agent,Canceled,2023,5,May,2023-05,8,1881.92,1
BKG104112,Resort Hotel,2023-10-30,2023-12-17,2023-12-27,48,Australia,4,0.0,Suite,172.75,Corporate,Check-Out,2023,10,Oct,2023-10,10,1727.5,0
BKG104113,City Hotel,2022-04-21,2022-10-11,2022-10-21,173,Brazil,2,2.0,Deluxe,325.2,Direct,Check-Out,2022,4,Apr,2022-04,10,3252.0,0
BKG104114,City Hotel,2022-05-31,2022-11-01,2022-11-02,154,Australia,1,1.0,Suite,292.95,Online Travel Agent,Check-Out,2022,5,May,2022-05,1,292.95,0
BKG104115,City Hotel,2022-10-18,2023-02-09,2023-02-18,114,Germany,4,0.0,Deluxe,164.72,Direct,Check-Out,2022,10,Oct,2022-10,9,1482.48,0
BKG104116,Resort Hotel,2023-10-26,2024-02-17,2024-02-27,114,France,2,0.0,Family,289.96,Corporate,Canceled,2023,10,Oct,2023-10,10,2899.6,1
BKG104117,City Hotel,2024-06-19,2024-07-05,2024-07-15,16,UAE,4,0.0,Standard,309.22,Direct,Check-Out,2024,6,Jun,2024-06,10,3092.2000000000003,0
BKG104118,City Hotel,2022-01-21,2022-01-26,2022-01-27,5,Brazil,2,1.0,Suite,213.22,Offline Agent,Check-Out,2022,1,Jan,2022-01,1,213.22,0
BKG104119,Resort Hotel,2022-01-06,2022-04-05,2022-04-07,89,Australia,2,0.0,Deluxe,125.92,Online Travel Agent,Check-Out,2022,1,Jan,2022-01,2,251.84,0
BKG104120,Resort Hotel,2022-01-03,2022-03-28,2022-04-01,84,UK,4,1.0,Family,346.02,Direct,Canceled,2022,1,Jan,2022-01,4,1384.08,1
BKG104121,City Hotel,2023-05-25,2023-08-06,2023-08-13,73,UAE,2,0.0,Family,174.61,Online Travel Agent,Check-Out,2023,5,May,2023-05,7,1222.27,0
BKG104122,Resort Hotel,2022-12-23,2023-02-02,2023-02-07,41,Canada,2,0.0,Suite,202.68,Offline Agent,Check-Out,2022,12,Dec,2022-12,5,1013.4000000000001,0
BKG104123,City Hotel,2024-01-21,2024-02-14,2024-02-19,24,USA,3,0.0,Family,249.7,Online Travel Agent,Check-Out,2024,1,Jan,2024-01,5,1248.5,0
BKG104124,City Hotel,2023-11-26,2024-04-21,2024-04-28,147,India,2,0.0,Deluxe,254.05,Offline Agent,Check-Out,2023,11,Nov,2023-11,7,1778.3500000000001,0
BKG104125,City Hotel,2023-11-12,2023-12-01,2023-12-07,19,Singapore,4,0.0,Suite,253.07,Online Travel Agent,Check-Out,2023,11,Nov,2023-11,6,1518.42,0
BKG104126,Resort Hotel,2022-03-02,2022-05-23,2022-05-25,82,India,2,0.0,Deluxe,85.72,Online Travel Agent,Check-Out,2022,3,Mar,2022-03,2,171.44,0
BKG104127,Resort Hotel,2023-03-21,2023-07-14,2023-07-17,115,France,1,1.0,Suite,162.99,Corporate,Check-Out,2023,3,Mar,2023-03,3,488.97,0
BKG104128,Resort Hotel,2022-03-21,2022-08-26,2022-09-02,158,USA,4,1.0,Suite,259.03,Online Travel Agent,Canceled,2022,3,Mar,2022-03,7,1813.2099999999998,1
BKG104129,City Hotel,2022-08-29,2022-11-06,2022-11-07,69,UAE,1,0.0,Suite,346.3,Offline Agent,Check-Out,2022,8,Aug,2022-08,1,346.3,0
BKG104130,City Hotel,2022-11-08,2023-03-06,2023-03-12,118,Germany,4,0.0,Deluxe,165.2,Offline Agent,Check-Out,2022,11,Nov,2022-11,6,991.1999999999999,0
BKG104131,City Hotel,2022-11-05,2022-11-26,2022-11-27,21,Australia,3,0.0,Standard,185.63,Direct,Check-Out,2022,11,Nov,2022-11,1,185.63,0
BKG104132,City Hotel,2022-02-25,2022-07-31,2022-08-05,156,Australia,4,0.0,Family,94.01,Online Travel Agent,Canceled,2022,2,Feb,2022-02,5,470.05,1
BKG104133,Resort Hotel,2024-05-03,2024-07-27,2024-07-31,85,UAE,4,0.0,Deluxe,302.54,Corporate,Check-Out,2024,5,May,2024-05,4,1210.16,0
BKG104134,Resort Hotel,2023-09-03,2023-09-03,2023-09-11,0,India,1,1.0,Family,103.19,Online Travel Agent,Check-Out,2023,9,Sep,2023-09,8,825.52,0
BKG104135,City Hotel,2022-02-27,2022-06-29,2022-07-01,122,Brazil,1,1.0,Standard,175.44,Direct,Check-Out,2022,2,Feb,2022-02,2,350.88,0
BKG104136,Resort Hotel,2024-06-09,2024-10-04,2024-10-05,117,USA,3,2.0,Family,77.0,Offline Agent,Check-Out,2024,6,Jun,2024-06,1,77.0,0
BKG104137,City Hotel,2023-03-18,2023-09-06,2023-09-10,172,Australia,1,2.0,Family,226.82,Online Travel Agent,Check-Out,2023,3,Mar,2023-03,4,907.28,0
BKG104138,Resort Hotel,2023-09-29,2024-01-06,2024-01-07,99,UK,4,0.0,Deluxe,238.61,Direct,Check-Out,2023,9,Sep,2023-09,1,238.61,0
BKG104139,Resort Hotel,2023-11-17,2024-03-21,2024-03-30,125,France,3,1.0,Deluxe,191.17,Offline Agent,Check-Out,2023,11,Nov,2023-11,9,1720.53,0
BKG104140,City Hotel,2023-02-17,2023-07-02,2023-07-09,135,Singapore,4,0.0,Deluxe,189.63,Direct,Check-Out,2023,2,Feb,2023-02,7,1327.4099999999999,0
BKG104141,City Hotel,2024-03-09,2024-03-18,2024-03-28,9,Canada,4,0.0,Suite,320.82,Corporate,Check-Out,2024,3,Mar,2024-03,10,3208.2,0
BKG104142,Resort Hotel,2024-04-11,2024-05-30,2024-06-03,49,Australia,4,1.0,Suite,308.79,Offline Agent,Check-Out,2024,4,Apr,2024-04,4,1235.16,0
BKG104143,Resort Hotel,2024-01-20,2024-06-01,2024-06-03,133,France,3,0.0,Family,215.35,Corporate,Canceled,2024,1,Jan,2024-01,2,430.7,1
BKG104144,City Hotel,2023-10-20,2023-11-19,2023-11-23,30,India,4,0.0,Suite,181.84,Direct,Check-Out,2023,10,Oct,2023-10,4,727.36,0
BKG104145,Resort Hotel,2024-03-12,2024-05-06,2024-05-08,55,Canada,3,2.0,Standard,178.41,Online Travel Agent,Check-Out,2024,3,Mar,2024-03,2,356.82,0
BKG104146,Resort Hotel,2023-11-01,2024-04-05,2024-04-07,156,Germany,3,0.0,Family,208.67,Online Travel Agent,Check-Out,2023,11,Nov,2023-11,2,417.34,0
BKG104147,City Hotel,2023-03-27,2023-08-26,2023-08-27,152,Brazil,3,1.0,Suite,272.76,Online Travel Agent,Canceled,2023,3,Mar,2023-03,1,272.76,1
BKG104148,Resort Hotel,2023-11-30,2024-04-17,2024-04-19,139,Brazil,3,0.0,Suite,235.41,Direct,Check-Out,2023,11,Nov,2023-11,2,470.82,0
BKG104149,Resort Hotel,2023-08-02,2023-08-25,2023-08-27,23,India,2,1.0,Family,288.99,Online Travel Agent,Check-Out,2023,8,Aug,2023-08,2,577.98,0
BKG104150,City Hotel,2024-04-26,2024-09-06,2024-09-08,133,Australia,3,0.0,Family,309.44,Online Travel Agent,Check-Out,2024,4,Apr,2024-04,2,618.88,0
BKG104151,City Hotel,2024-02-17,2024-06-15,2024-06-18,119,Canada,3,0.0,Standard,341.4,Online Travel Agent,Check-Out,2024,2,Feb,2024-02,3,1024.1999999999998,0
BKG104152,Resort Hotel,2023-06-16,2023-09-12,2023-09-21,88,France,2,0.0,Family,349.69,Offline Agent,Canceled,2023,6,Jun,2023-06,9,3147.21,1
BKG104153,Resort Hotel,2023-08-27,2024-02-22,2024-02-28,179,India,4,0.0,Deluxe,142.61,Online Travel Agent,Check-Out,2023,8,Aug,2023-08,6,855.6600000000001,0
BKG104154,City Hotel,2023-01-10,2023-01-26,2023-02-04,16,Australia,4,0.0,Deluxe,189.72,Corporate,Check-Out,2023,1,Jan,2023-01,9,1707.48,0
BKG104155,City Hotel,2023-10-11,2024-02-07,2024-02-14,119,Singapore,3,0.0,Deluxe,236.91,Direct,No-Show,2023,10,Oct,2023-10,7,1658.37,0
BKG104156,City Hotel,2022-03-19,2022-08-19,2022-08-29,153,Germany,1,0.0,Deluxe,62.91,Corporate,Canceled,2022,3,Mar,2022-03,10,629.0999999999999,1
BKG104157,City Hotel,2024-05-05,2024-06-08,2024-06-11,34,India,4,1.0,Suite,262.23,Corporate,Canceled,2024,5,May,2024-05,3,786.69,1
BKG104158,City Hotel,2022-06-19,2022-10-05,2022-10-14,108,UAE,2,0.0,Suite,238.93,Direct,Check-Out,2022,6,Jun,2022-06,9,2150.37,0
BKG104159,Resort Hotel,2022-09-20,2023-02-04,2023-02-07,137,USA,1,0.0,Standard,211.55,Corporate,Check-Out,2022,9,Sep,2022-09,3,634.6500000000001,0
BKG104160,City Hotel,2022-12-14,2023-04-15,2023-04-22,122,USA,3,0.0,Deluxe,254.94,Corporate,No-Show,2022,12,Dec,2022-12,7,1784.58,0
BKG104161,Resort Hotel,2024-04-05,2024-06-07,2024-06-10,63,Brazil,2,1.0,Family,164.87,Direct,Check-Out,2024,4,Apr,2024-04,3,494.61,0
BKG104162,Resort Hotel,2022-11-24,2023-01-05,2023-01-11,42,France,2,0.0,Family,102.69,Online Travel Agent,Canceled,2022,11,Nov,2022-11,6,616.14,1
BKG104163,Resort Hotel,2023-08-06,2023-11-03,2023-11-11,89,Singapore,4,0.0,Standard,333.51,Offline Agent,Check-Out,2023,8,Aug,2023-08,8,2668.08,0
BKG104164,City Hotel,2022-08-17,2022-11-20,2022-11-21,95,UAE,1,0.0,Standard,265.74,Corporate,Canceled,2022,8,Aug,2022-08,1,265.74,1
BKG104165,Resort Hotel,2022-06-24,2022-11-27,2022-12-02,156,Singapore,1,1.0,Family,308.8,Direct,Check-Out,2022,6,Jun,2022-06,5,1544.0,0
BKG104166,City Hotel,2022-12-22,2023-05-04,2023-05-12,133,India,2,2.0,Family,114.89,Direct,Check-Out,2022,12,Dec,2022-12,8,919.12,0
BKG104167,Resort Hotel,2023-01-05,2023-05-14,2023-05-22,129,Australia,2,1.0,Suite,65.65,Direct,Canceled,2023,1,Jan,2023-01,8,525.2,1
BKG104168,City Hotel,2022-05-20,2022-09-04,2022-09-07,107,UAE,2,0.0,Standard,341.87,Online Travel Agent,Check-Out,2022,5,May,2022-05,3,1025.6100000000001,0
BKG104169,Resort Hotel,2022-07-22,2022-08-25,2022-09-02,34,France,1,0.0,Family,302.31,Offline Agent,Canceled,2022,7,Jul,2022-07,8,2418.48,1
BKG104170,Resort Hotel,2024-02-15,2024-05-22,2024-05-31,97,Germany,4,0.0,Family,273.47,Offline Agent,Check-Out,2024,2,Feb,2024-02,9,2461.2300000000005,0
BKG104171,Resort Hotel,2022-02-01,2022-07-27,2022-08-02,176,UK,2,2.0,Deluxe,113.45,Direct,No-Show,2022,2,Feb,2022-02,6,680.7,0
BKG104172,City Hotel,2024-06-08,2024-11-11,2024-11-18,156,Germany,3,1.0,Family,259.5,Offline Agent,Check-Out,2024,6,Jun,2024-06,7,1816.5,0
BKG104173,Resort Hotel,2022-10-23,2023-01-16,2023-01-18,85,UK,2,0.0,Deluxe,328.76,Online Travel Agent,Check-Out,2022,10,Oct,2022-10,2,657.52,0
BKG104174,City Hotel,2024-06-16,2024-12-01,2024-12-05,168,UK,3,1.0,Family,301.03,Online Travel Agent,Check-Out,2024,6,Jun,2024-06,4,1204.12,0
BKG104175,City Hotel,2022-02-28,2022-06-22,2022-06-24,114,Brazil,4,0.0,Deluxe,325.59,Corporate,Check-Out,2022,2,Feb,2022-02,2,651.18,0
BKG104176,Resort Hotel,2022-02-07,2022-05-16,2022-05-25,98,USA,2,2.0,Family,268.93,Direct,No-Show,2022,2,Feb,2022-02,9,2420.37,0
BKG104177,City Hotel,2023-06-13,2023-09-17,2023-09-18,96,Canada,3,0.0,Standard,200.58,Online Travel Agent,Check-Out,2023,6,Jun,2023-06,1,200.58,0
BKG104178,City Hotel,2023-10-29,2023-12-16,2023-12-17,48,UK,3,1.0,Suite,233.56,Online Travel Agent,Check-Out,2023,10,Oct,2023-10,1,233.56,0
BKG104179,Resort Hotel,2023-01-28,2023-07-04,2023-07-09,157,Singapore,1,0.0,Standard,122.13,Offline Agent,Canceled,2023,1,Jan,2023-01,5,610.65,1
BKG104180,Resort Hotel,2023-06-22,2023-07-09,2023-07-11,17,Germany,1,1.0,Family,88.84,Online Travel Agent,Check-Out,2023,6,Jun,2023-06,2,177.68,0
BKG104181,City Hotel,2023-02-28,2023-07-08,2023-07-09,130,France,3,0.0,Suite,252.08,Online Travel Agent,Canceled,2023,2,Feb,2023-02,1,252.08,1
BKG104182,City Hotel,2023-05-15,2023-06-18,2023-06-20,34,Canada,2,0.0,Family,185.14,Direct,Canceled,2023,5,May,2023-05,2,370.28,1
BKG104183,City Hotel,2024-03-11,2024-05-07,2024-05-09,57,Germany,1,2.0,Suite,75.9,Direct,Check-Out,2024,3,Mar,2024-03,2,151.8,0
BKG104184,City Hotel,2023-08-29,2023-12-27,2024-01-06,120,Singapore,4,0.0,Suite,337.98,Direct,Check-Out,2023,8,Aug,2023-08,10,3379.8,0
BKG104185,City Hotel,2022-05-05,2022-09-24,2022-09-25,142,France,1,2.0,Family,305.99,Online Travel Agent,Check-Out,2022,5,May,2022-05,1,305.99,0
BKG104186,City Hotel,2024-01-01,2024-06-26,2024-06-30,177,UAE,1,0.0,Family,106.25,Corporate,Check-Out,2024,1,Jan,2024-01,4,425.0,0
BKG104187,City Hotel,2022-08-11,2022-08-25,2022-08-28,14,Singapore,2,0.0,Standard,98.55,Offline Agent,Canceled,2022,8,Aug,2022-08,3,295.65,1
BKG104188,City Hotel,2022-01-18,2022-04-06,2022-04-09,78,Singapore,2,0.0,Standard,203.24,Online Travel Agent,Check-Out,2022,1,Jan,2022-01,3,609.72,0
BKG104189,City Hotel,2023-09-18,2023-10-30,2023-10-31,42,USA,4,0.0,Family,67.05,Corporate,Check-Out,2023,9,Sep,2023-09,1,67.05,0
BKG104190,Resort Hotel,2023-04-10,2023-05-22,2023-05-29,42,India,1,2.0,Suite,317.58,Direct,Check-Out,2023,4,Apr,2023-04,7,2223.06,0
BKG104191,Resort Hotel,2022-02-13,2022-02-17,2022-02-19,4,UAE,4,2.0,Standard,251.06,Direct,Check-Out,2022,2,Feb,2022-02,2,502.12,0
BKG104192,Resort Hotel,2023-10-15,2023-11-27,2023-11-30,43,Germany,2,2.0,Family,249.18,Online Travel Agent,Check-Out,2023,10,Oct,2023-10,3,747.54,0
BKG104193,Resort Hotel,2024-05-20,2024-10-11,2024-10-20,144,France,1,2.0,Family,150.4,Offline Agent,Check-Out,2024,5,May,2024-05,9,1353.6000000000001,0
BKG104194,City Hotel,2023-12-23,2024-02-21,2024-02-28,60,Australia,1,1.0,Standard,203.65,Corporate,Check-Out,2023,12,Dec,2023-12,7,1425.55,0
BKG104195,Resort Hotel,2023-12-14,2024-05-08,2024-05-17,146,UAE,1,1.0,Family,273.39,Direct,No-Show,2023,12,Dec,2023-12,9,2460.5099999999998,0
BKG104196,City Hotel,2023-01-07,2023-01-13,2023-01-15,6,USA,4,0.0,Standard,182.15,Corporate,Canceled,2023,1,Jan,2023-01,2,364.3,1
BKG104197,City Hotel,2023-08-14,2023-10-22,2023-10-29,69,USA,1,1.0,Family,130.83,Online Travel Agent,Check-Out,2023,8,Aug,2023-08,7,915.8100000000001,0
BKG104198,Resort Hotel,2023-11-05,2023-12-07,2023-12-08,32,France,4,1.0,Standard,118.87,Offline Agent,Check-Out,2023,11,Nov,2023-11,1,118.87,0
BKG104199,Resort Hotel,2023-10-16,2023-12-06,2023-12-12,51,Brazil,4,1.0,Standard,157.86,Direct,Canceled,2023,10,Oct,2023-10,6,947.1600000000001,1
BKG104200,Resort Hotel,2022-08-19,2023-02-04,2023-02-13,169,Brazil,3,1.0,Standard,140.61,Corporate,Canceled,2022,8,Aug,2022-08,9,1265.4900000000002,1
BKG104201,City Hotel,2022-01-20,2022-07-18,2022-07-19,179,UK,1,2.0,Family,146.55,Offline Agent,Check-Out,2022,1,Jan,2022-01,1,146.55,0
BKG104202,City Hotel,2022-04-05,2022-06-23,2022-06-30,79,India,2,0.0,Standard,137.72,Direct,Check-Out,2022,4,Apr,2022-04,7,964.04,0
BKG104203,City Hotel,2024-02-26,2024-08-06,2024-08-12,162,Australia,3,2.0,Suite,267.82,Direct,Check-Out,2024,2,Feb,2024-02,6,1606.92,0
BKG104204,Resort Hotel,2023-05-30,2023-06-26,2023-07-06,27,USA,1,0.0,Family,121.95,Corporate,Check-Out,2023,5,May,2023-05,10,1219.5,0
BKG104205,Resort Hotel,2023-06-19,2023-11-06,2023-11-16,140,Canada,1,1.0,Suite,275.8,Online Travel Agent,Check-Out,2023,6,Jun,2023-06,10,2758.0,0
BKG104206,City Hotel,2022-12-18,2023-01-17,2023-01-27,30,Canada,2,1.0,Suite,296.28,Online Travel Agent,Check-Out,2022,12,Dec,2022-12,10,2962.7999999999997,0
BKG104207,City Hotel,2022-04-07,2022-07-16,2022-07-19,100,Germany,2,2.0,Family,241.92,Corporate,Check-Out,2022,4,Apr,2022-04,3,725.76,0
BKG104208,Resort Hotel,2024-06-19,2024-11-28,2024-12-07,162,France,4,0.0,Family,62.95,Online Travel Agent,Canceled,2024,6,Jun,2024-06,9,566.5500000000001,1
BKG104209,City Hotel,2024-04-28,2024-06-25,2024-07-02,58,France,3,0.0,Family,142.45,Corporate,Check-Out,2024,4,Apr,2024-04,7,997.1499999999999,0
BKG104210,Resort Hotel,2022-05-27,2022-09-24,2022-09-26,120,France,4,0.0,Suite,157.76,Corporate,Check-Out,2022,5,May,2022-05,2,315.52,0
BKG104211,City Hotel,2023-07-28,2023-08-10,2023-08-11,13,Australia,2,2.0,Suite,320.34,Corporate,Check-Out,2023,7,Jul,2023-07,1,320.34,0
BKG104212,City Hotel,2022-11-19,2023-03-07,2023-03-12,108,Germany,2,1.0,Family,259.5,Online Travel Agent,Check-Out,2022,11,Nov,2022-11,5,1297.5,0
BKG104213,Resort Hotel,2024-03-13,2024-08-16,2024-08-17,156,France,2,0.0,Family,153.79,Online Travel Agent,Check-Out,2024,3,Mar,2024-03,1,153.79,0
BKG104214,City Hotel,2022-06-04,2022-07-24,2022-07-31,50,India,1,1.0,Family,145.72,Online Travel Agent,Check-Out,2022,6,Jun,2022-06,7,1020.04,0
BKG104215,Resort Hotel,2023-01-07,2023-02-19,2023-02-25,43,Germany,3,0.0,Suite,251.62,Online Travel Agent,Check-Out,2023,1,Jan,2023-01,6,1509.72,0
BKG104216,Resort Hotel,2022-07-10,2022-08-26,2022-09-04,47,Canada,1,2.0,Suite,160.46,Corporate,Check-Out,2022,7,Jul,2022-07,9,1444.14,0
BKG104217,City Hotel,2022-04-09,2022-07-17,2022-07-21,99,Singapore,4,0.0,Deluxe,70.49,Online Travel Agent,Check-Out,2022,4,Apr,2022-04,4,281.96,0
BKG104218,Resort Hotel,2023-09-21,2023-11-12,2023-11-16,52,India,4,2.0,Deluxe,242.87,Offline Agent,Check-Out,2023,9,Sep,2023-09,4,971.48,0
BKG104219,City Hotel,2022-12-29,2023-04-19,2023-04-21,111,France,2,0.0,Family,286.62,Corporate,Canceled,2022,12,Dec,2022-12,2,573.24,1
BKG104220,City Hotel,2024-05-06,2024-09-05,2024-09-12,122,Australia,3,1.0,Deluxe,220.95,Corporate,Canceled,2024,5,May,2024-05,7,1546.6499999999999,1
BKG104221,City Hotel,2023-07-23,2023-09-27,2023-10-03,66,Germany,1,0.0,Deluxe,248.14,Online Travel Agent,Check-Out,2023,7,Jul,2023-07,6,1488.84,0
BKG104222,Resort Hotel,2022-01-16,2022-06-13,2022-06-23,148,UK,2,0.0,Suite,185.26,Corporate,Canceled,2022,1,Jan,2022-01,10,1852.6,1
BKG104223,Resort Hotel,2022-04-20,2022-06-23,2022-06-27,64,India,2,0.0,Family,258.21,Direct,Canceled,2022,4,Apr,2022-04,4,1032.84,1
BKG104224,Resort Hotel,2023-11-20,2024-04-06,2024-04-13,138,Australia,3,2.0,Standard,94.17,Corporate,Check-Out,2023,11,Nov,2023-11,7,659.19,0
BKG104225,City Hotel,2024-05-26,2024-07-17,2024-07-27,52,Canada,1,0.0,Deluxe,116.48,Online Travel Agent,Canceled,2024,5,May,2024-05,10,1164.8,1
BKG104226,City Hotel,2023-07-09,2023-09-04,2023-09-05,57,India,2,2.0,Standard,321.36,Offline Agent,Check-Out,2023,7,Jul,2023-07,1,321.36,0
BKG104227,Resort Hotel,2023-04-21,2023-08-01,2023-08-11,102,India,2,0.0,Suite,228.69,Online Travel Agent,Canceled,2023,4,Apr,2023-04,10,2286.9,1
BKG104228,City Hotel,2022-04-14,2022-09-09,2022-09-17,148,France,1,2.0,Suite,162.66,Corporate,Canceled,2022,4,Apr,2022-04,8,1301.28,1
BKG104229,City Hotel,2022-10-12,2022-10-18,2022-10-25,6,Australia,1,0.0,Family,131.7,Direct,Check-Out,2022,10,Oct,2022-10,7,921.8999999999999,0
BKG104230,City Hotel,2022-11-09,2023-01-10,2023-01-12,62,Brazil,3,0.0,Suite,179.81,Offline Agent,Check-Out,2022,11,Nov,2022-11,2,359.62,0
BKG104231,City Hotel,2023-07-31,2023-11-04,2023-11-07,96,Germany,4,0.0,Deluxe,107.58,Corporate,Canceled,2023,7,Jul,2023-07,3,322.74,1
BKG104232,Resort Hotel,2023-05-16,2023-05-26,2023-05-30,10,UAE,1,2.0,Family,253.37,Offline Agent,Canceled,2023,5,May,2023-05,4,1013.48,1
BKG104233,Resort Hotel,2023-12-01,2023-12-28,2024-01-02,27,Australia,1,0.0,Family,149.38,Direct,Check-Out,2023,12,Dec,2023-12,5,746.9,0
BKG104234,City Hotel,2023-08-15,2023-12-22,2023-12-30,129,India,4,2.0,Suite,84.9,Online Travel Agent,Check-Out,2023,8,Aug,2023-08,8,679.2,0
BKG104235,City Hotel,2023-04-28,2023-04-29,2023-05-02,1,Germany,3,0.0,Family,311.05,Corporate,Canceled,2023,4,Apr,2023-04,3,933.1500000000001,1
BKG104236,Resort Hotel,2022-08-09,2022-12-05,2022-12-09,118,Singapore,1,0.0,Family,123.18,Direct,Check-Out,2022,8,Aug,2022-08,4,492.72,0
BKG104237,Resort Hotel,2022-07-12,2022-10-08,2022-10-16,88,Australia,1,0.0,Standard,277.39,Online Travel Agent,Check-Out,2022,7,Jul,2022-07,8,2219.12,0
BKG104238,City Hotel,2022-10-21,2023-02-16,2023-02-23,118,Canada,2,0.0,Family,189.12,Online Travel Agent,Canceled,2022,10,Oct,2022-10,7,1323.8400000000001,1
BKG104239,City Hotel,2022-11-16,2022-12-16,2022-12-21,30,France,3,0.0,Family,290.12,Direct,Check-Out,2022,11,Nov,2022-11,5,1450.6,0
BKG104240,City Hotel,2022-04-11,2022-07-21,2022-07-30,101,Germany,3,2.0,Family,111.08,Online Travel Agent,Check-Out,2022,4,Apr,2022-04,9,999.72,0
BKG104241,Resort Hotel,2024-06-08,2024-11-20,2024-11-29,165,USA,3,0.0,Suite,219.16,Corporate,Check-Out,2024,6,Jun,2024-06,9,1972.44,0
BKG104242,Resort Hotel,2024-01-24,2024-02-19,2024-02-26,26,France,3,1.0,Family,62.83,Online Travel Agent,Canceled,2024,1,Jan,2024-01,7,439.81,1
BKG104243,Resort Hotel,2023-11-19,2023-12-22,2023-12-27,33,Singapore,3,1.0,Family,293.86,Offline Agent,Check-Out,2023,11,Nov,2023-11,5,1469.3000000000002,0
BKG104244,City Hotel,2022-07-30,2022-10-05,2022-10-12,67,Germany,1,2.0,Standard,192.68,Corporate,Check-Out,2022,7,Jul,2022-07,7,1348.76,0
BKG104245,Resort Hotel,2023-12-08,2023-12-31,2024-01-09,23,UK,1,0.0,Deluxe,190.91,Online Travel Agent,Check-Out,2023,12,Dec,2023-12,9,1718.19,0
BKG104246,Resort Hotel,2022-01-07,2022-06-22,2022-06-26,166,France,1,2.0,Standard,288.26,Online Travel Agent,Check-Out,2022,1,Jan,2022-01,4,1153.04,0
BKG104247,City Hotel,2023-05-17,2023-08-30,2023-09-04,105,Singapore,2,1.0,Standard,117.3,Direct,Canceled,2023,5,May,2023-05,5,586.5,1
BKG104248,Resort Hotel,2024-01-16,2024-05-16,2024-05-19,121,Singapore,2,1.0,Standard,294.85,Corporate,Check-Out,2024,1,Jan,2024-01,3,884.5500000000001,0
BKG104249,Resort Hotel,2022-08-01,2023-01-16,2023-01-26,168,India,2,0.0,Deluxe,259.63,Online Travel Agent,Check-Out,2022,8,Aug,2022-08,10,2596.3,0
BKG104250,City Hotel,2023-05-14,2023-05-30,2023-06-06,16,USA,1,0.0,Family,130.86,Offline Agent,Check-Out,2023,5,May,2023-05,7,916.0200000000001,0
BKG104251,City Hotel,2022-06-08,2022-10-16,2022-10-24,130,UK,3,2.0,Family,348.29,Corporate,Check-Out,2022,6,Jun,2022-06,8,2786.32,0
BKG104252,City Hotel,2022-03-14,2022-03-14,2022-03-20,0,Australia,1,0.0,Standard,230.42,Direct,Check-Out,2022,3,Mar,2022-03,6,1382.52,0
BKG104253,City Hotel,2023-11-17,2024-01-18,2024-01-26,62,Brazil,2,2.0,Deluxe,247.95,Online Travel Agent,Canceled,2023,11,Nov,2023-11,8,1983.6,1
BKG104254,City Hotel,2022-06-08,2022-07-25,2022-08-02,47,Germany,1,0.0,Suite,183.45,Direct,Canceled,2022,6,Jun,2022-06,8,1467.6,1
BKG104255,Resort Hotel,2023-03-08,2023-08-06,2023-08-15,151,India,2,0.0,Family,334.46,Direct,Check-Out,2023,3,Mar,2023-03,9,3010.14,0
BKG104256,Resort Hotel,2024-04-13,2024-08-21,2024-08-28,130,Germany,1,0.0,Standard,158.79,Offline Agent,Check-Out,2024,4,Apr,2024-04,7,1111.53,0
BKG104257,Resort Hotel,2022-01-31,2022-02-16,2022-02-26,16,France,3,1.0,Standard,202.45,Direct,Check-Out,2022,1,Jan,2022-01,10,2024.5,0
BKG104258,Resort Hotel,2022-01-01,2022-03-07,2022-03-12,65,India,4,0.0,Deluxe,347.65,Offline Agent,Check-Out,2022,1,Jan,2022-01,5,1738.25,0
BKG104259,City Hotel,2023-07-16,2023-11-07,2023-11-12,114,Australia,3,1.0,Family,113.89,Online Travel Agent,Check-Out,2023,7,Jul,2023-07,5,569.45,0
BKG104260,City Hotel,2022-08-15,2022-09-17,2022-09-25,33,Germany,4,1.0,Suite,67.35,Online Travel Agent,Canceled,2022,8,Aug,2022-08,8,538.8,1
BKG104261,City Hotel,2023-02-22,2023-07-14,2023-07-24,142,France,1,1.0,Standard,164.32,Offline Agent,Check-Out,2023,2,Feb,2023-02,10,1643.1999999999998,0
BKG104262,Resort Hotel,2022-09-15,2023-02-26,2023-03-02,164,Germany,4,1.0,Family,330.13,Corporate,Check-Out,2022,9,Sep,2022-09,4,1320.52,0
BKG104263,City Hotel,2022-03-29,2022-08-05,2022-08-10,129,Canada,3,0.0,Family,159.37,Corporate,Check-Out,2022,3,Mar,2022-03,5,796.85,0
BKG104264,Resort Hotel,2023-12-06,2024-05-10,2024-05-15,156,Singapore,3,2.0,Deluxe,127.78,Offline Agent,Check-Out,2023,12,Dec,2023-12,5,638.9,0
BKG104265,City Hotel,2023-07-09,2023-11-30,2023-12-03,144,India,2,2.0,Suite,317.14,Direct,Check-Out,2023,7,Jul,2023-07,3,951.42,0
BKG104266,Resort Hotel,2022-11-29,2022-11-30,2022-12-03,1,UK,3,1.0,Standard,203.99,Offline Agent,Canceled,2022,11,Nov,2022-11,3,611.97,1
BKG104267,Resort Hotel,2022-06-27,2022-12-02,2022-12-08,158,Germany,1,1.0,Family,280.12,Offline Agent,Check-Out,2022,6,Jun,2022-06,6,1680.72,0
BKG104268,Resort Hotel,2022-06-15,2022-11-12,2022-11-17,150,France,1,0.0,Deluxe,301.87,Online Travel Agent,Check-Out,2022,6,Jun,2022-06,5,1509.35,0
BKG104269,City Hotel,2023-10-03,2023-11-12,2023-11-19,40,UAE,1,2.0,Standard,272.03,Online Travel Agent,Check-Out,2023,10,Oct,2023-10,7,1904.2099999999998,0
BKG104270,Resort Hotel,2024-03-06,2024-04-01,2024-04-11,26,Australia,4,0.0,Deluxe,311.32,Online Travel Agent,Check-Out,2024,3,Mar,2024-03,10,3113.2,0
BKG104271,City Hotel,2023-09-30,2023-12-16,2023-12-17,77,UK,2,0.0,Suite,290.36,Online Travel Agent,Check-Out,2023,9,Sep,2023-09,1,290.36,0
BKG104272,City Hotel,2023-02-18,2023-05-24,2023-06-01,95,Australia,3,0.0,Family,152.61,Direct,Check-Out,2023,2,Feb,2023-02,8,1220.88,0
BKG104273,City Hotel,2023-07-23,2023-08-10,2023-08-11,18,India,4,0.0,Suite,287.42,Corporate,Check-Out,2023,7,Jul,2023-07,1,287.42,0
BKG104274,Resort Hotel,2023-06-20,2023-11-27,2023-12-02,160,Australia,1,0.0,Family,225.95,Offline Agent,Canceled,2023,6,Jun,2023-06,5,1129.75,1
BKG104275,City Hotel,2023-02-22,2023-08-13,2023-08-15,172,Australia,3,0.0,Family,345.19,Online Travel Agent,Canceled,2023,2,Feb,2023-02,2,690.38,1
BKG104276,Resort Hotel,2022-06-18,2022-09-01,2022-09-06,75,Singapore,3,1.0,Standard,234.24,Corporate,Check-Out,2022,6,Jun,2022-06,5,1171.2,0
BKG104277,City Hotel,2024-02-17,2024-08-11,2024-08-18,176,France,4,0.0,Family,192.87,Online Travel Agent,Check-Out,2024,2,Feb,2024-02,7,1350.0900000000001,0
BKG104278,Resort Hotel,2022-07-15,2022-09-21,2022-09-24,68,Singapore,4,0.0,Deluxe,168.09,Corporate,Check-Out,2022,7,Jul,2022-07,3,504.27,0
BKG104279,Resort Hotel,2023-08-26,2023-12-15,2023-12-25,111,Singapore,4,1.0,Family,270.52,Corporate,Check-Out,2023,8,Aug,2023-08,10,2705.2,0
BKG104280,Resort Hotel,2022-02-07,2022-04-21,2022-04-23,73,France,3,0.0,Family,115.96,Corporate,Check-Out,2022,2,Feb,2022-02,2,231.92,0
BKG104281,Resort Hotel,2022-05-22,2022-08-29,2022-08-31,99,UK,2,1.0,Deluxe,237.61,Online Travel Agent,Check-Out,2022,5,May,2022-05,2,475.22,0
BKG104282,Resort Hotel,2023-12-06,2024-02-18,2024-02-23,74,Germany,2,0.0,Suite,259.09,Corporate,Check-Out,2023,12,Dec,2023-12,5,1295.4499999999998,0
BKG104283,City Hotel,2023-03-27,2023-08-29,2023-09-08,155,Australia,1,0.0,Family,197.88,Offline Agent,Check-Out,2023,3,Mar,2023-03,10,1978.8,0
BKG104284,Resort Hotel,2022-09-13,2022-09-27,2022-10-04,14,Canada,2,1.0,Standard,161.05,Corporate,Check-Out,2022,9,Sep,2022-09,7,1127.3500000000001,0
BKG104285,City Hotel,2024-03-17,2024-03-30,2024-04-04,13,Canada,1,0.0,Family,175.69,Offline Agent,Check-Out,2024,3,Mar,2024-03,5,878.45,0
BKG104286,City Hotel,2024-04-03,2024-08-29,2024-09-02,148,Canada,2,0.0,Deluxe,138.68,Offline Agent,Check-Out,2024,4,Apr,2024-04,4,554.72,0
BKG104287,Resort Hotel,2023-03-08,2023-07-06,2023-07-12,120,UK,3,1.0,Standard,228.96,Online Travel Agent,Check-Out,2023,3,Mar,2023-03,6,1373.76,0
BKG104288,Resort Hotel,2023-11-18,2023-11-24,2023-11-27,6,Australia,3,0.0,Family,118.98,Offline Agent,Check-Out,2023,11,Nov,2023-11,3,356.94,0
BKG104289,City Hotel,2022-05-04,2022-07-03,2022-07-10,60,Singapore,4,1.0,Family,138.17,Online Travel Agent,Check-Out,2022,5,May,2022-05,7,967.1899999999999,0
BKG104290,City Hotel,2023-05-06,2023-09-15,2023-09-22,132,USA,2,2.0,Deluxe,324.74,Corporate,Check-Out,2023,5,May,2023-05,7,2273.1800000000003,0
BKG104291,City Hotel,2024-02-03,2024-07-11,2024-07-16,159,Australia,1,0.0,Suite,289.09,Direct,Check-Out,2024,2,Feb,2024-02,5,1445.4499999999998,0
BKG104292,Resort Hotel,2023-04-09,2023-05-14,2023-05-20,35,Canada,3,0.0,Family,159.64,Online Travel Agent,Check-Out,2023,4,Apr,2023-04,6,957.8399999999999,0
BKG104293,Resort Hotel,2022-12-09,2023-02-11,2023-02-19,64,Canada,2,2.0,Suite,197.82,Online Travel Agent,Canceled,2022,12,Dec,2022-12,8,1582.56,1
BKG104294,Resort Hotel,2022-09-09,2023-02-12,2023-02-14,156,Canada,3,1.0,Deluxe,291.38,Online Travel Agent,Check-Out,2022,9,Sep,2022-09,2,582.76,0
BKG104295,City Hotel,2023-02-28,2023-07-11,2023-07-21,133,Singapore,1,0.0,Family,222.35,Offline Agent,Check-Out,2023,2,Feb,2023-02,10,2223.5,0
BKG104296,Resort Hotel,2024-01-07,2024-05-06,2024-05-12,120,Brazil,1,0.0,Deluxe,115.5,Corporate,Check-Out,2024,1,Jan,2024-01,6,693.0,0
BKG104297,Resort Hotel,2023-04-08,2023-09-11,2023-09-19,156,Canada,3,1.0,Family,296.2,Online Travel Agent,Check-Out,2023,4,Apr,2023-04,8,2369.6,0
BKG104298,City Hotel,2022-07-05,2022-10-17,2022-10-24,104,Germany,4,2.0,Deluxe,179.24,Offline Agent,Check-Out,2022,7,Jul,2022-07,7,1254.68,0
BKG104299,City Hotel,2023-07-01,2023-07-31,2023-08-04,30,UK,1,0.0,Suite,101.3,Offline Agent,Check-Out,2023,7,Jul,2023-07,4,405.2,0
BKG104300,City Hotel,2023-09-17,2023-11-20,2023-11-27,64,Brazil,4,0.0,Family,294.66,Offline Agent,Check-Out,2023,9,Sep,2023-09,7,2062.6200000000003,0
BKG104301,Resort Hotel,2022-11-17,2023-01-13,2023-01-20,57,France,3,0.0,Suite,339.5,Corporate,Check-Out,2022,11,Nov,2022-11,7,2376.5,0
BKG104302,Resort Hotel,2022-04-22,2022-10-06,2022-10-14,167,USA,4,0.0,Deluxe,74.04,Direct,Canceled,2022,4,Apr,2022-04,8,592.32,1
BKG104303,Resort Hotel,2023-06-04,2023-07-15,2023-07-24,41,India,1,0.0,Suite,289.06,Direct,Canceled,2023,6,Jun,2023-06,9,2601.54,1
BKG104304,City Hotel,2022-11-26,2022-12-02,2022-12-07,6,Brazil,3,0.0,Standard,212.14,Online Travel Agent,Canceled,2022,11,Nov,2022-11,5,1060.6999999999998,1
BKG104305,City Hotel,2023-09-08,2023-10-21,2023-10-25,43,UK,2,0.0,Suite,287.83,Online Travel Agent,Canceled,2023,9,Sep,2023-09,4,1151.32,1
BKG104306,Resort Hotel,2022-05-06,2022-07-25,2022-08-02,80,Canada,3,2.0,Family,259.96,Offline Agent,No-Show,2022,5,May,2022-05,8,2079.68,0
BKG104307,Resort Hotel,2022-04-06,2022-09-19,2022-09-22,166,Australia,4,1.0,Deluxe,296.11,Direct,Canceled,2022,4,Apr,2022-04,3,888.33,1
BKG104308,City Hotel,2023-03-23,2023-08-27,2023-09-01,157,France,2,0.0,Suite,87.17,Offline Agent,Check-Out,2023,3,Mar,2023-03,5,435.85,0
BKG104309,City Hotel,2023-01-23,2023-02-13,2023-02-20,21,India,2,2.0,Family,303.96,Corporate,Check-Out,2023,1,Jan,2023-01,7,2127.72,0
BKG104310,City Hotel,2022-08-07,2022-08-26,2022-09-04,19,Germany,3,0.0,Deluxe,244.53,Offline Agent,Check-Out,2022,8,Aug,2022-08,9,2200.77,0
BKG104311,City Hotel,2022-05-24,2022-07-17,2022-07-22,54,France,4,0.0,Family,263.33,Online Travel Agent,Check-Out,2022,5,May,2022-05,5,1316.6499999999999,0
BKG104312,Resort Hotel,2023-11-06,2023-11-21,2023-11-25,15,Australia,3,1.0,Family,191.94,Corporate,Check-Out,2023,11,Nov,2023-11,4,767.76,0
BKG104313,Resort Hotel,2022-03-19,2022-08-20,2022-08-29,154,France,2,2.0,Deluxe,320.47,Corporate,No-Show,2022,3,Mar,2022-03,9,2884.2300000000005,0
BKG104314,City Hotel,2022-12-14,2023-05-26,2023-05-31,163,UK,2,0.0,Family,242.58,Online Travel Agent,Check-Out,2022,12,Dec,2022-12,5,1212.9,0
BKG104315,Resort Hotel,2023-06-08,2023-06-29,2023-07-03,21,Germany,3,1.0,Suite,290.58,Online Travel Agent,Check-Out,2023,6,Jun,2023-06,4,1162.32,0
BKG104316,Resort Hotel,2022-10-07,2023-03-14,2023-03-16,158,France,3,0.0,Standard,168.55,Corporate,Check-Out,2022,10,Oct,2022-10,2,337.1,0
BKG104317,City Hotel,2022-11-19,2023-01-26,2023-02-02,68,Brazil,3,0.0,Standard,98.03,Offline Agent,Check-Out,2022,11,Nov,2022-11,7,686.21,0
BKG104318,Resort Hotel,2023-10-02,2023-12-30,2024-01-09,89,UAE,4,0.0,Deluxe,245.36,Online Travel Agent,Check-Out,2023,10,Oct,2023-10,10,2453.6000000000004,0
BKG104319,City Hotel,2022-11-20,2023-04-05,2023-04-10,136,France,4,0.0,Deluxe,126.09,Online Travel Agent,Check-Out,2022,11,Nov,2022-11,5,630.45,0
BKG104320,Resort Hotel,2022-09-18,2023-03-09,2023-03-10,172,USA,1,0.0,Suite,347.05,Online Travel Agent,No-Show,2022,9,Sep,2022-09,1,347.05,0
BKG104321,Resort Hotel,2023-07-28,2023-12-02,2023-12-06,127,India,1,0.0,Deluxe,258.52,Corporate,Check-Out,2023,7,Jul,2023-07,4,1034.08,0
BKG104322,City Hotel,2024-02-21,2024-07-31,2024-08-04,161,Australia,2,2.0,Standard,106.13,Corporate,Check-Out,2024,2,Feb,2024-02,4,424.52,0
BKG104323,City Hotel,2024-02-27,2024-05-31,2024-06-06,94,Brazil,4,0.0,Family,317.55,Corporate,Check-Out,2024,2,Feb,2024-02,6,1905.3000000000002,0
BKG104324,City Hotel,2022-12-20,2023-04-12,2023-04-21,113,Germany,2,0.0,Standard,232.35,Online Travel Agent,Check-Out,2022,12,Dec,2022-12,9,2091.15,0
BKG104325,Resort Hotel,2022-12-26,2023-01-15,2023-01-24,20,Singapore,3,1.0,Standard,218.61,Corporate,Check-Out,2022,12,Dec,2022-12,9,1967.4900000000002,0
BKG104326,Resort Hotel,2024-01-14,2024-05-23,2024-05-27,130,Singapore,4,0.0,Family,117.59,Corporate,Check-Out,2024,1,Jan,2024-01,4,470.36,0
BKG104327,Resort Hotel,2023-08-26,2024-02-16,2024-02-25,174,Canada,3,1.0,Suite,279.2,Corporate,Canceled,2023,8,Aug,2023-08,9,2512.7999999999997,1
BKG104328,Resort Hotel,2022-06-11,2022-11-29,2022-12-05,171,UK,4,1.0,Family,61.03,Online Travel Agent,Canceled,2022,6,Jun,2022-06,6,366.18,1
BKG104329,City Hotel,2024-04-06,2024-09-16,2024-09-25,163,India,4,0.0,Standard,210.92,Online Travel Agent,Check-Out,2024,4,Apr,2024-04,9,1898.28,0
BKG104330,Resort Hotel,2022-12-16,2023-06-03,2023-06-06,169,Canada,1,0.0,Suite,176.11,Direct,Check-Out,2022,12,Dec,2022-12,3,528.33,0
BKG104331,Resort Hotel,2023-10-10,2024-01-20,2024-01-25,102,Brazil,3,1.0,Deluxe,348.73,Online Travel Agent,Check-Out,2023,10,Oct,2023-10,5,1743.65,0
BKG104332,Resort Hotel,2023-10-07,2023-12-11,2023-12-16,65,Brazil,1,1.0,Family,128.3,Online Travel Agent,Canceled,2023,10,Oct,2023-10,5,641.5,1
BKG104333,Resort Hotel,2023-10-31,2024-04-07,2024-04-08,159,Australia,1,0.0,Family,112.45,Online Travel Agent,Check-Out,2023,10,Oct,2023-10,1,112.45,0
BKG104334,Resort Hotel,2023-10-27,2023-11-14,2023-11-21,18,Australia,3,0.0,Family,319.03,Offline Agent,Check-Out,2023,10,Oct,2023-10,7,2233.21,0
BKG104335,City Hotel,2022-03-09,2022-03-16,2022-03-24,7,Australia,2,0.0,Family,113.06,Online Travel Agent,No-Show,2022,3,Mar,2022-03,8,904.48,0
BKG104336,Resort Hotel,2023-12-26,2024-01-01,2024-01-10,6,India,2,0.0,Standard,336.57,Online Travel Agent,Canceled,2023,12,Dec,2023-12,9,3029.13,1
BKG104337,Resort Hotel,2022-03-23,2022-09-01,2022-09-10,162,Brazil,2,0.0,Standard,86.27,Online Travel Agent,Canceled,2022,3,Mar,2022-03,9,776.43,1
BKG104338,City Hotel,2023-05-20,2023-08-03,2023-08-05,75,Germany,4,1.0,Standard,266.29,Offline Agent,Check-Out,2023,5,May,2023-05,2,532.58,0
BKG104339,Resort Hotel,2022-10-31,2022-12-07,2022-12-16,37,Germany,2,0.0,Deluxe,175.37,Corporate,Check-Out,2022,10,Oct,2022-10,9,1578.33,0
BKG104340,Resort Hotel,2024-01-28,2024-04-01,2024-04-06,64,Australia,4,0.0,Standard,71.06,Offline Agent,Check-Out,2024,1,Jan,2024-01,5,355.3,0
BKG104341,Resort Hotel,2023-10-22,2023-12-21,2023-12-29,60,USA,4,2.0,Suite,214.17,Online Travel Agent,Check-Out,2023,10,Oct,2023-10,8,1713.36,0
BKG104342,City Hotel,2022-02-10,2022-02-25,2022-03-05,15,Canada,2,2.0,Standard,67.37,Online Travel Agent,Check-Out,2022,2,Feb,2022-02,8,538.96,0
BKG104343,City Hotel,2023-04-13,2023-04-28,2023-05-04,15,UAE,4,0.0,Family,194.84,Offline Agent,Canceled,2023,4,Apr,2023-04,6,1169.04,1
BKG104344,City Hotel,2023-04-06,2023-09-04,2023-09-05,151,UAE,2,0.0,Suite,175.55,Offline Agent,Canceled,2023,4,Apr,2023-04,1,175.55,1
BKG104345,City Hotel,2022-03-27,2022-04-01,2022-04-11,5,UAE,2,1.0,Deluxe,213.48,Direct,Canceled,2022,3,Mar,2022-03,10,2134.7999999999997,1
BKG104346,Resort Hotel,2023-07-05,2023-07-06,2023-07-11,1,India,3,0.0,Suite,116.14,Direct,Check-Out,2023,7,Jul,2023-07,5,580.7,0
BKG104347,City Hotel,2023-04-20,2023-04-28,2023-04-29,8,UAE,1,0.0,Family,173.87,Corporate,Check-Out,2023,4,Apr,2023-04,1,173.87,0
BKG104348,Resort Hotel,2022-07-27,2022-12-31,2023-01-07,157,Singapore,3,0.0,Deluxe,335.06,Corporate,Check-Out,2022,7,Jul,2022-07,7,2345.42,0
BKG104349,City Hotel,2023-04-28,2023-06-03,2023-06-07,36,Singapore,1,0.0,Deluxe,304.38,Online Travel Agent,Check-Out,2023,4,Apr,2023-04,4,1217.52,0
BKG104350,Resort Hotel,2022-06-29,2022-10-06,2022-10-10,99,France,2,0.0,Standard,217.78,Offline Agent,Canceled,2022,6,Jun,2022-06,4,871.12,1
BKG104351,City Hotel,2022-03-22,2022-04-18,2022-04-21,27,Germany,3,2.0,Family,66.0,Offline Agent,No-Show,2022,3,Mar,2022-03,3,198.0,0
BKG104352,City Hotel,2023-11-29,2024-03-26,2024-04-03,118,USA,2,0.0,Family,88.98,Online Travel Agent,Check-Out,2023,11,Nov,2023-11,8,711.84,0
BKG104353,City Hotel,2023-06-28,2023-07-22,2023-07-30,24,UK,4,1.0,Standard,342.51,Corporate,Check-Out,2023,6,Jun,2023-06,8,2740.08,0
BKG104354,City Hotel,2023-03-05,2023-07-06,2023-07-10,123,India,4,0.0,Family,81.08,Offline Agent,Check-Out,2023,3,Mar,2023-03,4,324.32,0
BKG104355,Resort Hotel,2023-03-20,2023-05-29,2023-06-05,70,UAE,3,0.0,Suite,144.34,Offline Agent,Check-Out,2023,3,Mar,2023-03,7,1010.38,0
BKG104356,City Hotel,2022-12-10,2023-01-28,2023-02-05,49,Canada,3,0.0,Family,159.41,Offline Agent,Check-Out,2022,12,Dec,2022-12,8,1275.28,0
BKG104357,City Hotel,2024-05-04,2024-09-26,2024-10-04,145,USA,4,0.0,Family,257.35,Offline Agent,Check-Out,2024,5,May,2024-05,8,2058.8,0
BKG104358,Resort Hotel,2024-01-13,2024-02-23,2024-02-27,41,Brazil,4,0.0,Suite,88.96,Online Travel Agent,Check-Out,2024,1,Jan,2024-01,4,355.84,0
BKG104359,City Hotel,2024-03-26,2024-09-07,2024-09-09,165,Australia,3,0.0,Deluxe,240.09,Direct,Check-Out,2024,3,Mar,2024-03,2,480.18,0
BKG104360,City Hotel,2022-11-11,2023-03-15,2023-03-23,124,USA,2,0.0,Standard,268.14,Corporate,Check-Out,2022,11,Nov,2022-11,8,2145.12,0
BKG104361,City Hotel,2023-10-20,2024-03-23,2024-03-29,155,USA,2,0.0,Family,293.26,Online Travel Agent,Canceled,2023,10,Oct,2023-10,6,1759.56,1
BKG104362,Resort Hotel,2023-12-01,2024-04-27,2024-04-28,148,UAE,4,0.0,Family,218.79,Offline Agent,Check-Out,2023,12,Dec,2023-12,1,218.79,0
BKG104363,Resort Hotel,2024-04-28,2024-06-16,2024-06-17,49,Australia,1,0.0,Deluxe,333.08,Corporate,Canceled,2024,4,Apr,2024-04,1,333.08,1
BKG104364,City Hotel,2022-07-29,2022-11-10,2022-11-14,104,Canada,3,1.0,Deluxe,212.96,Corporate,Check-Out,2022,7,Jul,2022-07,4,851.84,0
BKG104365,Resort Hotel,2022-10-29,2023-04-26,2023-05-01,179,USA,1,0.0,Family,194.49,Corporate,Check-Out,2022,10,Oct,2022-10,5,972.45,0
BKG104366,Resort Hotel,2023-09-25,2024-01-07,2024-01-12,104,UK,4,0.0,Family,97.84,Direct,Canceled,2023,9,Sep,2023-09,5,489.20000000000005,1
BKG104367,Resort Hotel,2023-06-20,2023-10-21,2023-10-22,123,Australia,2,0.0,Deluxe,306.08,Online Travel Agent,Check-Out,2023,6,Jun,2023-06,1,306.08,0
BKG104368,City Hotel,2022-12-23,2023-02-28,2023-03-09,67,Germany,2,1.0,Family,100.56,Online Travel Agent,Canceled,2022,12,Dec,2022-12,9,905.04,1
BKG104369,City Hotel,2022-07-11,2022-10-05,2022-10-14,86,Australia,1,0.0,Family,254.42,Direct,Check-Out,2022,7,Jul,2022-07,9,2289.7799999999997,0
BKG104370,City Hotel,2022-09-20,2022-10-16,2022-10-26,26,Australia,4,0.0,Suite,135.76,Direct,Canceled,2022,9,Sep,2022-09,10,1357.6,1
BKG104371,Resort Hotel,2022-05-13,2022-07-29,2022-08-05,77,Australia,4,2.0,Deluxe,291.5,Online Travel Agent,Check-Out,2022,5,May,2022-05,7,2040.5,0
BKG104372,Resort Hotel,2022-03-15,2022-07-11,2022-07-13,118,Australia,2,0.0,Suite,259.43,Corporate,Check-Out,2022,3,Mar,2022-03,2,518.86,0
BKG104373,City Hotel,2023-04-11,2023-04-18,2023-04-24,7,France,1,0.0,Suite,162.79,Online Travel Agent,Check-Out,2023,4,Apr,2023-04,6,976.74,0
BKG104374,Resort Hotel,2023-03-06,2023-05-24,2023-06-02,79,Singapore,4,2.0,Deluxe,146.45,Online Travel Agent,Check-Out,2023,3,Mar,2023-03,9,1318.05,0
BKG104375,City Hotel,2023-03-23,2023-04-03,2023-04-11,11,Singapore,2,0.0,Deluxe,161.54,Direct,Canceled,2023,3,Mar,2023-03,8,1292.32,1
BKG104376,Resort Hotel,2023-01-07,2023-02-08,2023-02-13,32,UAE,1,1.0,Deluxe,313.07,Corporate,Check-Out,2023,1,Jan,2023-01,5,1565.35,0
BKG104377,City Hotel,2023-03-11,2023-09-06,2023-09-12,179,USA,3,1.0,Standard,90.92,Online Travel Agent,Check-Out,2023,3,Mar,2023-03,6,545.52,0
BKG104378,Resort Hotel,2022-04-13,2022-06-26,2022-07-04,74,UK,2,0.0,Deluxe,245.85,Corporate,Check-Out,2022,4,Apr,2022-04,8,1966.8,0
BKG104379,Resort Hotel,2022-10-16,2023-03-08,2023-03-09,143,UK,1,0.0,Family,193.02,Offline Agent,Check-Out,2022,10,Oct,2022-10,1,193.02,0
BKG104380,Resort Hotel,2022-11-26,2023-03-04,2023-03-13,98,Brazil,3,0.0,Standard,300.0,Offline Agent,Check-Out,2022,11,Nov,2022-11,9,2700.0,0
BKG104381,Resort Hotel,2023-05-15,2023-10-07,2023-10-12,145,India,1,2.0,Deluxe,60.58,Direct,Check-Out,2023,5,May,2023-05,5,302.9,0
BKG104382,City Hotel,2022-02-15,2022-05-29,2022-06-03,103,Australia,1,2.0,Suite,239.14,Online Travel Agent,Check-Out,2022,2,Feb,2022-02,5,1195.6999999999998,0
BKG104383,City Hotel,2023-08-02,2023-10-03,2023-10-11,62,UAE,4,0.0,Family,153.37,Direct,Check-Out,2023,8,Aug,2023-08,8,1226.96,0
BKG104384,City Hotel,2022-06-22,2022-08-21,2022-08-30,60,India,4,0.0,Standard,181.74,Online Travel Agent,Check-Out,2022,6,Jun,2022-06,9,1635.66,0
BKG104385,Resort Hotel,2023-07-11,2023-07-17,2023-07-19,6,India,1,0.0,Family,262.71,Direct,Check-Out,2023,7,Jul,2023-07,2,525.42,0
BKG104386,Resort Hotel,2022-06-07,2022-10-24,2022-10-31,139,India,4,0.0,Deluxe,287.93,Online Travel Agent,Check-Out,2022,6,Jun,2022-06,7,2015.51,0
BKG104387,Resort Hotel,2022-03-04,2022-07-20,2022-07-22,138,Germany,4,2.0,Family,274.0,Offline Agent,Canceled,2022,3,Mar,2022-03,2,548.0,1
BKG104388,Resort Hotel,2023-02-05,2023-03-19,2023-03-21,42,Brazil,3,0.0,Standard,80.04,Offline Agent,Check-Out,2023,2,Feb,2023-02,2,160.08,0
BKG104389,Resort Hotel,2024-03-08,2024-08-28,2024-08-31,173,Australia,4,0.0,Family,239.7,Direct,Check-Out,2024,3,Mar,2024-03,3,719.0999999999999,0
BKG104390,City Hotel,2023-02-23,2023-04-19,2023-04-25,55,Germany,2,0.0,Family,229.29,Corporate,Check-Out,2023,2,Feb,2023-02,6,1375.74,0
BKG104391,Resort Hotel,2022-12-26,2023-05-30,2023-06-01,155,Germany,1,2.0,Suite,100.83,Corporate,Canceled,2022,12,Dec,2022-12,2,201.66,1
BKG104392,City Hotel,2023-06-01,2023-08-29,2023-09-06,89,Australia,2,2.0,Deluxe,248.34,Online Travel Agent,Canceled,2023,6,Jun,2023-06,8,1986.72,1
BKG104393,City Hotel,2022-03-25,2022-09-10,2022-09-20,169,UAE,1,0.0,Deluxe,153.14,Online Travel Agent,Check-Out,2022,3,Mar,2022-03,10,1531.3999999999999,0
BKG104394,Resort Hotel,2022-06-03,2022-10-31,2022-11-07,150,Australia,1,0.0,Suite,268.68,Online Travel Agent,Check-Out,2022,6,Jun,2022-06,7,1880.76,0
BKG104395,Resort Hotel,2023-08-03,2023-10-25,2023-10-28,83,France,1,0.0,Suite,194.62,Online Travel Agent,Canceled,2023,8,Aug,2023-08,3,583.86,1
BKG104396,City Hotel,2022-03-24,2022-04-11,2022-04-20,18,UAE,1,1.0,Suite,241.64,Offline Agent,Check-Out,2022,3,Mar,2022-03,9,2174.7599999999998,0
BKG104397,City Hotel,2022-09-21,2022-10-01,2022-10-02,10,UAE,2,1.0,Standard,113.32,Offline Agent,Check-Out,2022,9,Sep,2022-09,1,113.32,0
BKG104398,Resort Hotel,2022-01-22,2022-02-05,2022-02-14,14,Australia,1,0.0,Family,192.48,Corporate,Canceled,2022,1,Jan,2022-01,9,1732.32,1
BKG104399,Resort Hotel,2024-02-20,2024-08-06,2024-08-12,168,Australia,4,0.0,Suite,258.83,Corporate,Canceled,2024,2,Feb,2024-02,6,1552.98,1
BKG104400,Resort Hotel,2023-03-08,2023-07-14,2023-07-15,128,India,3,0.0,Standard,297.21,Corporate,Check-Out,2023,3,Mar,2023-03,1,297.21,0
BKG104401,City Hotel,2023-07-30,2023-08-27,2023-08-30,28,Australia,2,1.0,Suite,308.58,Corporate,Canceled,2023,7,Jul,2023-07,3,925.74,1
BKG104402,Resort Hotel,2023-11-26,2023-12-05,2023-12-06,9,Australia,2,0.0,Family,93.67,Online Travel Agent,Check-Out,2023,11,Nov,2023-11,1,93.67,0
BKG104403,Resort Hotel,2022-10-03,2023-01-19,2023-01-20,108,France,3,1.0,Family,259.84,Offline Agent,Check-Out,2022,10,Oct,2022-10,1,259.84,0
BKG104404,Resort Hotel,2023-01-31,2023-04-03,2023-04-04,62,Australia,2,0.0,Standard,187.45,Online Travel Agent,Check-Out,2023,1,Jan,2023-01,1,187.45,0
BKG104405,Resort Hotel,2023-12-09,2024-03-24,2024-03-28,106,Singapore,3,1.0,Standard,149.14,Corporate,Canceled,2023,12,Dec,2023-12,4,596.56,1
BKG104406,City Hotel,2022-05-18,2022-05-29,2022-06-01,11,Australia,2,0.0,Family,64.47,Direct,Check-Out,2022,5,May,2022-05,3,193.41,0
BKG104407,City Hotel,2024-03-06,2024-06-24,2024-07-03,110,UAE,2,2.0,Family,306.2,Corporate,Canceled,2024,3,Mar,2024-03,9,2755.7999999999997,1
BKG104408,City Hotel,2022-12-22,2023-01-26,2023-02-01,35,Singapore,4,2.0,Suite,153.89,Online Travel Agent,Canceled,2022,12,Dec,2022-12,6,923.3399999999999,1
BKG104409,City Hotel,2023-03-13,2023-06-19,2023-06-24,98,Australia,4,2.0,Family,108.66,Online Travel Agent,Check-Out,2023,3,Mar,2023-03,5,543.3,0
BKG104410,City Hotel,2022-02-22,2022-03-07,2022-03-10,13,UAE,3,0.0,Deluxe,135.75,Direct,Check-Out,2022,2,Feb,2022-02,3,407.25,0
BKG104411,City Hotel,2023-09-29,2024-02-06,2024-02-12,130,France,2,2.0,Family,137.0,Online Travel Agent,Check-Out,2023,9,Sep,2023-09,6,822.0,0
BKG104412,City Hotel,2022-05-02,2022-10-25,2022-10-30,176,Germany,3,0.0,Deluxe,155.39,Offline Agent,Check-Out,2022,5,May,2022-05,5,776.9499999999999,0
BKG104413,City Hotel,2023-09-10,2023-12-04,2023-12-06,85,USA,1,0.0,Deluxe,90.29,Offline Agent,Canceled,2023,9,Sep,2023-09,2,180.58,1
BKG104414,Resort Hotel,2023-01-08,2023-06-24,2023-07-04,167,UK,3,0.0,Standard,223.52,Direct,Check-Out,2023,1,Jan,2023-01,10,2235.2000000000003,0
BKG104415,City Hotel,2023-10-26,2023-12-03,2023-12-08,38,Canada,1,2.0,Standard,253.64,Online Travel Agent,Check-Out,2023,10,Oct,2023-10,5,1268.1999999999998,0
BKG104416,Resort Hotel,2024-05-31,2024-06-27,2024-07-04,27,Australia,4,1.0,Standard,145.41,Corporate,Check-Out,2024,5,May,2024-05,7,1017.87,0
BKG104417,Resort Hotel,2022-01-03,2022-06-03,2022-06-12,151,Australia,3,0.0,Deluxe,105.02,Offline Agent,Check-Out,2022,1,Jan,2022-01,9,945.18,0
BKG104418,City Hotel,2022-10-05,2023-02-02,2023-02-07,120,Singapore,2,0.0,Deluxe,284.91,Offline Agent,Check-Out,2022,10,Oct,2022-10,5,1424.5500000000002,0
BKG104419,City Hotel,2023-10-10,2023-11-02,2023-11-11,23,Singapore,4,1.0,Standard,171.1,Corporate,Check-Out,2023,10,Oct,2023-10,9,1539.8999999999999,0
BKG104420,City Hotel,2024-03-19,2024-08-24,2024-08-31,158,Brazil,3,0.0,Standard,270.43,Online Travel Agent,Canceled,2024,3,Mar,2024-03,7,1893.01,1
BKG104421,City Hotel,2022-07-18,2023-01-03,2023-01-05,169,Canada,2,1.0,Suite,65.75,Online Travel Agent,Check-Out,2022,7,Jul,2022-07,2,131.5,0
BKG104422,City Hotel,2023-10-06,2024-02-19,2024-02-24,136,Australia,3,2.0,Suite,166.53,Corporate,Check-Out,2023,10,Oct,2023-10,5,832.65,0
BKG104423,Resort Hotel,2024-05-10,2024-06-03,2024-06-06,24,Canada,4,2.0,Deluxe,86.24,Offline Agent,Canceled,2024,5,May,2024-05,3,258.71999999999997,1
BKG104424,Resort Hotel,2022-04-22,2022-09-02,2022-09-06,133,UK,3,2.0,Family,326.44,Corporate,Check-Out,2022,4,Apr,2022-04,4,1305.76,0
BKG104425,Resort Hotel,2024-01-05,2024-02-18,2024-02-22,44,UK,2,0.0,Suite,260.98,Corporate,Check-Out,2024,1,Jan,2024-01,4,1043.92,0
BKG104426,City Hotel,2023-05-27,2023-06-15,2023-06-17,19,France,4,0.0,Deluxe,295.18,Corporate,Check-Out,2023,5,May,2023-05,2,590.36,0
BKG104427,Resort Hotel,2024-03-13,2024-05-24,2024-06-03,72,UK,2,2.0,Family,298.27,Online Travel Agent,Check-Out,2024,3,Mar,2024-03,10,2982.7,0
BKG104428,Resort Hotel,2022-04-13,2022-08-09,2022-08-14,118,India,1,0.0,Family,212.15,Online Travel Agent,Canceled,2022,4,Apr,2022-04,5,1060.75,1
BKG104429,Resort Hotel,2024-05-23,2024-09-24,2024-10-01,124,France,2,0.0,Family,139.4,Online Travel Agent,Check-Out,2024,5,May,2024-05,7,975.8000000000001,0
BKG104430,Resort Hotel,2024-02-05,2024-05-11,2024-05-15,96,Australia,2,0.0,Deluxe,175.44,Offline Agent,Check-Out,2024,2,Feb,2024-02,4,701.76,0
BKG104431,Resort Hotel,2022-06-25,2022-09-17,2022-09-20,84,France,1,0.0,Deluxe,269.12,Corporate,Canceled,2022,6,Jun,2022-06,3,807.36,1
BKG104432,City Hotel,2022-04-08,2022-08-07,2022-08-10,121,India,2,1.0,Suite,327.67,Online Travel Agent,Check-Out,2022,4,Apr,2022-04,3,983.01,0
BKG104433,City Hotel,2022-06-23,2022-09-30,2022-10-01,99,UK,2,0.0,Deluxe,156.8,Corporate,Check-Out,2022,6,Jun,2022-06,1,156.8,0
BKG104434,Resort Hotel,2022-11-24,2023-02-24,2023-02-28,92,Australia,1,1.0,Standard,319.51,Online Travel Agent,Check-Out,2022,11,Nov,2022-11,4,1278.04,0
BKG104435,Resort Hotel,2023-11-03,2024-03-17,2024-03-27,135,Germany,2,1.0,Suite,165.5,Online Travel Agent,Check-Out,2023,11,Nov,2023-11,10,1655.0,0
BKG104436,City Hotel,2022-02-06,2022-05-12,2022-05-19,95,Australia,2,0.0,Deluxe,157.0,Corporate,Check-Out,2022,2,Feb,2022-02,7,1099.0,0
BKG104437,City Hotel,2022-03-06,2022-07-18,2022-07-21,134,France,3,0.0,Family,237.63,Online Travel Agent,Check-Out,2022,3,Mar,2022-03,3,712.89,0
BKG104438,Resort Hotel,2022-12-20,2023-03-22,2023-03-30,92,Canada,2,0.0,Family,323.16,Offline Agent,Check-Out,2022,12,Dec,2022-12,8,2585.28,0
BKG104439,City Hotel,2022-01-01,2022-05-28,2022-06-02,147,India,1,0.0,Family,133.04,Offline Agent,Canceled,2022,1,Jan,2022-01,5,665.1999999999999,1
BKG104440,Resort Hotel,2022-01-16,2022-04-11,2022-04-18,85,Australia,4,0.0,Suite,286.71,Offline Agent,Canceled,2022,1,Jan,2022-01,7,2006.9699999999998,1
BKG104441,Resort Hotel,2023-05-24,2023-06-27,2023-06-30,34,France,2,0.0,Deluxe,143.95,Online Travel Agent,Check-Out,2023,5,May,2023-05,3,431.84999999999997,0
BKG104442,City Hotel,2022-09-02,2023-02-25,2023-02-27,176,USA,1,0.0,Deluxe,299.72,Offline Agent,Canceled,2022,9,Sep,2022-09,2,599.44,1
BKG104443,Resort Hotel,2022-12-15,2023-05-15,2023-05-17,151,India,1,0.0,Deluxe,344.79,Offline Agent,Check-Out,2022,12,Dec,2022-12,2,689.58,0
BKG104444,Resort Hotel,2024-04-15,2024-05-21,2024-05-25,36,France,2,2.0,Standard,179.24,Direct,Check-Out,2024,4,Apr,2024-04,4,716.96,0
BKG104445,Resort Hotel,2022-12-04,2023-02-18,2023-02-21,76,UK,2,0.0,Suite,274.09,Direct,Check-Out,2022,12,Dec,2022-12,3,822.27,0
BKG104446,Resort Hotel,2022-08-25,2023-02-17,2023-02-20,176,UK,1,0.0,Family,67.9,Direct,Check-Out,2022,8,Aug,2022-08,3,203.70000000000002,0
BKG104447,City Hotel,2023-11-20,2023-12-31,2024-01-05,41,Brazil,2,0.0,Standard,77.8,Direct,Check-Out,2023,11,Nov,2023-11,5,389.0,0
BKG104448,City Hotel,2024-02-17,2024-03-29,2024-04-08,41,Australia,3,1.0,Deluxe,93.81,Corporate,Canceled,2024,2,Feb,2024-02,10,938.1,1
BKG104449,City Hotel,2023-12-15,2024-04-25,2024-04-30,132,India,4,1.0,Family,291.96,Online Travel Agent,Check-Out,2023,12,Dec,2023-12,5,1459.8,0
BKG104450,Resort Hotel,2023-01-07,2023-03-03,2023-03-10,55,India,1,0.0,Family,61.01,Online Travel Agent,Check-Out,2023,1,Jan,2023-01,7,427.07,0
BKG104451,Resort Hotel,2023-02-06,2023-04-09,2023-04-13,62,USA,4,0.0,Suite,97.37,Offline Agent,Check-Out,2023,2,Feb,2023-02,4,389.48,0
BKG104452,Resort Hotel,2024-01-12,2024-02-22,2024-02-29,41,Australia,1,1.0,Deluxe,276.31,Direct,Check-Out,2024,1,Jan,2024-01,7,1934.17,0
BKG104453,Resort Hotel,2024-04-11,2024-09-11,2024-09-20,153,Singapore,4,1.0,Deluxe,310.84,Corporate,Check-Out,2024,4,Apr,2024-04,9,2797.56,0
BKG104454,Resort Hotel,2023-05-30,2023-07-08,2023-07-10,39,UK,3,1.0,Deluxe,108.19,Direct,Canceled,2023,5,May,2023-05,2,216.38,1
BKG104455,City Hotel,2024-05-24,2024-07-20,2024-07-24,57,UK,1,0.0,Deluxe,205.03,Direct,Check-Out,2024,5,May,2024-05,4,820.12,0
BKG104456,City Hotel,2022-01-29,2022-05-07,2022-05-10,98,India,4,0.0,Standard,283.71,Corporate,Check-Out,2022,1,Jan,2022-01,3,851.1299999999999,0
BKG104457,Resort Hotel,2022-06-25,2022-09-12,2022-09-18,79,France,2,0.0,Suite,231.18,Offline Agent,Check-Out,2022,6,Jun,2022-06,6,1387.08,0
BKG104458,City Hotel,2022-01-27,2022-06-09,2022-06-19,133,India,2,2.0,Suite,264.81,Offline Agent,Canceled,2022,1,Jan,2022-01,10,2648.1,1
BKG104459,City Hotel,2023-12-12,2024-05-17,2024-05-21,157,Germany,2,0.0,Suite,140.72,Direct,Check-Out,2023,12,Dec,2023-12,4,562.88,0
BKG104460,Resort Hotel,2023-06-19,2023-10-11,2023-10-20,114,UAE,3,2.0,Deluxe,83.11,Online Travel Agent,Check-Out,2023,6,Jun,2023-06,9,747.99,0
BKG104461,Resort Hotel,2024-02-02,2024-04-10,2024-04-16,68,Singapore,4,0.0,Family,225.41,Corporate,Canceled,2024,2,Feb,2024-02,6,1352.46,1
BKG104462,City Hotel,2023-05-04,2023-06-06,2023-06-10,33,India,2,0.0,Family,64.06,Online Travel Agent,Check-Out,2023,5,May,2023-05,4,256.24,0
BKG104463,City Hotel,2023-09-10,2023-11-26,2023-12-05,77,Canada,3,1.0,Suite,257.57,Direct,Canceled,2023,9,Sep,2023-09,9,2318.13,1
BKG104464,City Hotel,2022-04-11,2022-06-18,2022-06-27,68,UAE,2,0.0,Family,336.7,Offline Agent,Check-Out,2022,4,Apr,2022-04,9,3030.2999999999997,0
BKG104465,Resort Hotel,2023-11-12,2023-12-17,2023-12-25,35,UAE,1,0.0,Suite,156.55,Online Travel Agent,Canceled,2023,11,Nov,2023-11,8,1252.4,1
BKG104466,Resort Hotel,2024-02-03,2024-07-22,2024-07-23,170,France,3,0.0,Standard,274.27,Direct,Check-Out,2024,2,Feb,2024-02,1,274.27,0
BKG104467,Resort Hotel,2023-02-22,2023-06-16,2023-06-23,114,UAE,1,2.0,Family,299.95,Corporate,Check-Out,2023,2,Feb,2023-02,7,2099.65,0
BKG104468,City Hotel,2022-09-12,2022-11-02,2022-11-09,51,Germany,3,0.0,Deluxe,304.0,Online Travel Agent,Check-Out,2022,9,Sep,2022-09,7,2128.0,0
BKG104469,Resort Hotel,2022-10-05,2022-12-01,2022-12-04,57,France,4,0.0,Standard,145.53,Direct,Check-Out,2022,10,Oct,2022-10,3,436.59000000000003,0
BKG104470,Resort Hotel,2022-12-20,2023-01-27,2023-02-01,38,UAE,2,0.0,Family,72.47,Direct,Check-Out,2022,12,Dec,2022-12,5,362.35,0
BKG104471,Resort Hotel,2022-01-31,2022-07-08,2022-07-14,158,UK,2,0.0,Suite,276.76,Online Travel Agent,Canceled,2022,1,Jan,2022-01,6,1660.56,1
BKG104472,City Hotel,2024-02-29,2024-06-10,2024-06-15,102,India,4,0.0,Family,187.03,Offline Agent,Check-Out,2024,2,Feb,2024-02,5,935.15,0
BKG104473,Resort Hotel,2023-11-16,2024-02-21,2024-02-26,97,India,3,0.0,Family,206.82,Online Travel Agent,Check-Out,2023,11,Nov,2023-11,5,1034.1,0
BKG104474,City Hotel,2022-03-23,2022-04-02,2022-04-04,10,Singapore,1,0.0,Standard,99.21,Corporate,Check-Out,2022,3,Mar,2022-03,2,198.42,0
BKG104475,City Hotel,2023-10-18,2024-01-02,2024-01-05,76,France,1,0.0,Standard,274.28,Online Travel Agent,Check-Out,2023,10,Oct,2023-10,3,822.8399999999999,0
BKG104476,Resort Hotel,2023-08-22,2023-09-08,2023-09-09,17,USA,1,1.0,Suite,109.17,Direct,No-Show,2023,8,Aug,2023-08,1,109.17,0
BKG104477,City Hotel,2022-10-18,2023-03-12,2023-03-22,145,Australia,2,0.0,Standard,266.75,Corporate,Check-Out,2022,10,Oct,2022-10,10,2667.5,0
BKG104478,Resort Hotel,2022-03-17,2022-04-01,2022-04-09,15,USA,1,0.0,Standard,258.67,Corporate,Check-Out,2022,3,Mar,2022-03,8,2069.36,0
BKG104479,City Hotel,2022-01-10,2022-03-06,2022-03-08,55,India,3,2.0,Family,208.93,Online Travel Agent,Check-Out,2022,1,Jan,2022-01,2,417.86,0
BKG104480,Resort Hotel,2023-03-17,2023-07-08,2023-07-14,113,UAE,1,0.0,Standard,93.64,Corporate,Check-Out,2023,3,Mar,2023-03,6,561.84,0
BKG104481,City Hotel,2023-08-04,2023-11-01,2023-11-03,89,India,3,0.0,Deluxe,330.09,Online Travel Agent,Check-Out,2023,8,Aug,2023-08,2,660.18,0
BKG104482,Resort Hotel,2022-08-24,2023-01-09,2023-01-16,138,USA,1,0.0,Standard,339.74,Offline Agent,Check-Out,2022,8,Aug,2022-08,7,2378.1800000000003,0
BKG104483,Resort Hotel,2024-01-13,2024-05-12,2024-05-14,120,France,3,0.0,Family,277.91,Online Travel Agent,Check-Out,2024,1,Jan,2024-01,2,555.82,0
BKG104484,City Hotel,2023-10-25,2024-02-09,2024-02-15,107,UK,1,0.0,Family,336.6,Corporate,Check-Out,2023,10,Oct,2023-10,6,2019.6000000000001,0
BKG104485,Resort Hotel,2024-05-19,2024-11-13,2024-11-14,178,UK,4,0.0,Deluxe,204.79,Online Travel Agent,Check-Out,2024,5,May,2024-05,1,204.79,0
BKG104486,Resort Hotel,2022-11-26,2022-12-04,2022-12-13,8,France,3,0.0,Standard,295.97,Offline Agent,Canceled,2022,11,Nov,2022-11,9,2663.7300000000005,1
BKG104487,Resort Hotel,2022-02-05,2022-07-11,2022-07-18,156,Germany,2,0.0,Family,282.07,Online Travel Agent,Check-Out,2022,2,Feb,2022-02,7,1974.49,0
BKG104488,Resort Hotel,2022-01-16,2022-06-14,2022-06-24,149,France,2,0.0,Standard,301.61,Online Travel Agent,Canceled,2022,1,Jan,2022-01,10,3016.1000000000004,1
BKG104489,City Hotel,2023-09-18,2024-03-10,2024-03-19,174,USA,1,0.0,Deluxe,302.04,Online Travel Agent,Check-Out,2023,9,Sep,2023-09,9,2718.36,0
BKG104490,City Hotel,2023-04-04,2023-06-21,2023-06-23,78,Brazil,3,2.0,Family,310.43,Corporate,Check-Out,2023,4,Apr,2023-04,2,620.86,0
BKG104491,City Hotel,2022-07-16,2022-09-30,2022-10-06,76,UK,1,0.0,Family,177.5,Direct,Check-Out,2022,7,Jul,2022-07,6,1065.0,0
BKG104492,Resort Hotel,2023-12-28,2024-04-16,2024-04-26,110,USA,4,1.0,Standard,319.33,Corporate,Check-Out,2023,12,Dec,2023-12,10,3193.2999999999997,0
BKG104493,City Hotel,2024-02-24,2024-04-07,2024-04-17,43,Germany,2,1.0,Standard,103.04,Offline Agent,Check-Out,2024,2,Feb,2024-02,10,1030.4,0
BKG104494,Resort Hotel,2023-05-25,2023-10-30,2023-11-08,158,Australia,2,1.0,Family,192.1,Online Travel Agent,Check-Out,2023,5,May,2023-05,9,1728.8999999999999,0
BKG104495,Resort Hotel,2022-05-18,2022-07-21,2022-07-22,64,Germany,2,0.0,Standard,84.14,Corporate,Check-Out,2022,5,May,2022-05,1,84.14,0
BKG104496,City Hotel,2022-07-02,2022-07-16,2022-07-25,14,USA,2,0.0,Family,289.52,Direct,Check-Out,2022,7,Jul,2022-07,9,2605.68,0
BKG104497,City Hotel,2023-04-02,2023-05-10,2023-05-20,38,Australia,3,0.0,Standard,256.97,Offline Agent,No-Show,2023,4,Apr,2023-04,10,2569.7000000000003,0
BKG104498,Resort Hotel,2023-03-10,2023-04-07,2023-04-09,28,Brazil,1,2.0,Standard,138.55,Direct,Check-Out,2023,3,Mar,2023-03,2,277.1,0
BKG104499,Resort Hotel,2023-11-19,2024-03-20,2024-03-27,122,Singapore,4,0.0,Family,279.65,Direct,Canceled,2023,11,Nov,2023-11,7,1957.5499999999997,1
BKG104500,City Hotel,2022-07-31,2022-09-24,2022-10-04,55,Canada,3,0.0,Family,173.43,Online Travel Agent,Canceled,2022,7,Jul,2022-07,10,1734.3000000000002,1
BKG104501,Resort Hotel,2022-12-15,2023-03-15,2023-03-16,90,Brazil,1,0.0,Standard,158.53,Direct,Check-Out,2022,12,Dec,2022-12,1,158.53,0
BKG104502,Resort Hotel,2023-10-03,2024-03-10,2024-03-13,159,UAE,3,0.0,Suite,260.63,Offline Agent,Canceled,2023,10,Oct,2023-10,3,781.89,1
BKG104503,City Hotel,2022-11-16,2022-12-05,2022-12-15,19,Germany,3,0.0,Family,304.82,Online Travel Agent,Check-Out,2022,11,Nov,2022-11,10,3048.2,0
BKG104504,Resort Hotel,2023-01-16,2023-01-19,2023-01-22,3,Singapore,1,1.0,Standard,175.69,Corporate,Check-Out,2023,1,Jan,2023-01,3,527.0699999999999,0
BKG104505,Resort Hotel,2023-07-04,2023-08-26,2023-09-02,53,Germany,4,2.0,Deluxe,136.42,Online Travel Agent,Check-Out,2023,7,Jul,2023-07,7,954.9399999999999,0
BKG104506,City Hotel,2022-10-13,2023-03-06,2023-03-08,144,UAE,1,1.0,Standard,186.28,Online Travel Agent,Check-Out,2022,10,Oct,2022-10,2,372.56,0
BKG104507,City Hotel,2024-04-25,2024-08-29,2024-09-04,126,UAE,2,0.0,Deluxe,156.4,Direct,Check-Out,2024,4,Apr,2024-04,6,938.4000000000001,0
BKG104508,Resort Hotel,2022-02-23,2022-07-10,2022-07-14,137,Germany,4,0.0,Family,323.09,Online Travel Agent,Check-Out,2022,2,Feb,2022-02,4,1292.36,0
BKG104509,Resort Hotel,2023-03-16,2023-07-07,2023-07-13,113,UAE,4,1.0,Standard,335.94,Corporate,Check-Out,2023,3,Mar,2023-03,6,2015.6399999999999,0
BKG104510,Resort Hotel,2023-11-09,2024-05-05,2024-05-13,178,Canada,3,0.0,Standard,233.55,Online Travel Agent,Check-Out,2023,11,Nov,2023-11,8,1868.4,0
BKG104511,Resort Hotel,2023-04-15,2023-09-01,2023-09-02,139,India,1,0.0,Standard,202.85,Online Travel Agent,Check-Out,2023,4,Apr,2023-04,1,202.85,0
BKG104512,Resort Hotel,2022-05-27,2022-05-28,2022-06-06,1,Australia,2,0.0,Standard,134.55,Online Travel Agent,Check-Out,2022,5,May,2022-05,9,1210.95,0
BKG104513,City Hotel,2022-12-22,2023-04-26,2023-05-05,125,USA,3,0.0,Standard,317.12,Offline Agent,Canceled,2022,12,Dec,2022-12,9,2854.08,1
BKG104514,City Hotel,2022-09-24,2022-12-12,2022-12-17,79,Australia,1,0.0,Standard,124.78,Offline Agent,No-Show,2022,9,Sep,2022-09,5,623.9,0
BKG104515,Resort Hotel,2022-05-25,2022-06-26,2022-06-29,32,India,4,1.0,Suite,98.35,Corporate,Canceled,2022,5,May,2022-05,3,295.04999999999995,1
BKG104516,Resort Hotel,2024-03-21,2024-03-30,2024-04-02,9,Singapore,4,0.0,Suite,276.24,Offline Agent,Check-Out,2024,3,Mar,2024-03,3,828.72,0
BKG104517,City Hotel,2022-12-06,2023-05-04,2023-05-07,149,Singapore,1,2.0,Family,230.45,Corporate,Canceled,2022,12,Dec,2022-12,3,691.3499999999999,1
BKG104518,City Hotel,2023-10-02,2024-02-26,2024-03-01,147,UAE,2,2.0,Deluxe,190.44,Online Travel Agent,Check-Out,2023,10,Oct,2023-10,4,761.76,0
BKG104519,Resort Hotel,2022-06-30,2022-08-28,2022-09-06,59,France,3,2.0,Suite,187.86,Corporate,Check-Out,2022,6,Jun,2022-06,9,1690.7400000000002,0
BKG104520,Resort Hotel,2024-01-04,2024-03-01,2024-03-09,57,Brazil,2,1.0,Standard,283.63,Corporate,Check-Out,2024,1,Jan,2024-01,8,2269.04,0
BKG104521,Resort Hotel,2022-08-17,2022-12-14,2022-12-24,119,USA,3,1.0,Deluxe,173.78,Corporate,Check-Out,2022,8,Aug,2022-08,10,1737.8,0
BKG104522,Resort Hotel,2023-08-10,2023-08-14,2023-08-15,4,Canada,2,0.0,Suite,330.42,Direct,Canceled,2023,8,Aug,2023-08,1,330.42,1
BKG104523,Resort Hotel,2022-10-30,2023-02-09,2023-02-11,102,USA,3,0.0,Family,288.95,Offline Agent,Check-Out,2022,10,Oct,2022-10,2,577.9,0
BKG104524,City Hotel,2022-01-05,2022-05-18,2022-05-28,133,Australia,4,0.0,Suite,85.7,Offline Agent,Check-Out,2022,1,Jan,2022-01,10,857.0,0
BKG104525,City Hotel,2022-06-13,2022-12-10,2022-12-15,180,Singapore,2,0.0,Deluxe,305.78,Direct,Check-Out,2022,6,Jun,2022-06,5,1528.8999999999999,0
BKG104526,Resort Hotel,2022-12-04,2023-02-06,2023-02-07,64,Germany,3,0.0,Family,241.54,Direct,Check-Out,2022,12,Dec,2022-12,1,241.54,0
BKG104527,Resort Hotel,2022-07-23,2022-09-25,2022-10-02,64,France,4,2.0,Family,279.09,Offline Agent,No-Show,2022,7,Jul,2022-07,7,1953.6299999999999,0
BKG104528,Resort Hotel,2022-05-21,2022-10-22,2022-10-29,154,USA,3,0.0,Suite,113.16,Direct,Check-Out,2022,5,May,2022-05,7,792.12,0
BKG104529,City Hotel,2022-01-18,2022-05-17,2022-05-27,119,Singapore,1,2.0,Family,72.31,Offline Agent,Canceled,2022,1,Jan,2022-01,10,723.1,1
BKG104530,City Hotel,2022-03-19,2022-06-18,2022-06-19,91,UAE,2,0.0,Standard,329.67,Direct,Check-Out,2022,3,Mar,2022-03,1,329.67,0
BKG104531,Resort Hotel,2022-06-02,2022-11-03,2022-11-08,154,Germany,3,0.0,Family,278.54,Online Travel Agent,Check-Out,2022,6,Jun,2022-06,5,1392.7,0
BKG104532,City Hotel,2023-05-19,2023-08-05,2023-08-08,78,Germany,3,0.0,Deluxe,192.78,Online Travel Agent,Canceled,2023,5,May,2023-05,3,578.34,1
BKG104533,City Hotel,2023-09-02,2023-12-02,2023-12-03,91,Canada,1,1.0,Suite,207.43,Corporate,Check-Out,2023,9,Sep,2023-09,1,207.43,0
BKG104534,City Hotel,2024-03-06,2024-05-27,2024-05-31,82,India,3,1.0,Deluxe,290.67,Offline Agent,Canceled,2024,3,Mar,2024-03,4,1162.68,1
BKG104535,City Hotel,2022-08-02,2022-09-26,2022-10-03,55,Canada,1,0.0,Suite,112.42,Online Travel Agent,No-Show,2022,8,Aug,2022-08,7,786.94,0
BKG104536,City Hotel,2024-02-22,2024-03-16,2024-03-23,23,Australia,2,0.0,Standard,238.59,Corporate,Check-Out,2024,2,Feb,2024-02,7,1670.13,0
BKG104537,City Hotel,2024-02-27,2024-08-21,2024-08-24,176,USA,3,0.0,Family,180.81,Direct,Check-Out,2024,2,Feb,2024-02,3,542.4300000000001,0
BKG104538,City Hotel,2023-11-29,2024-02-29,2024-03-08,92,USA,4,0.0,Suite,77.45,Offline Agent,Check-Out,2023,11,Nov,2023-11,8,619.6,0
BKG104539,Resort Hotel,2023-05-20,2023-11-07,2023-11-12,171,India,1,2.0,Standard,169.58,Direct,Check-Out,2023,5,May,2023-05,5,847.9000000000001,0
BKG104540,City Hotel,2023-11-24,2024-04-02,2024-04-06,130,UK,3,2.0,Family,249.88,Direct,Check-Out,2023,11,Nov,2023-11,4,999.52,0
BKG104541,Resort Hotel,2023-07-25,2023-11-23,2023-12-01,121,Australia,4,1.0,Deluxe,155.26,Corporate,Canceled,2023,7,Jul,2023-07,8,1242.08,1
BKG104542,City Hotel,2023-04-28,2023-05-29,2023-06-03,31,France,3,0.0,Standard,316.92,Direct,Check-Out,2023,4,Apr,2023-04,5,1584.6000000000001,0
BKG104543,Resort Hotel,2024-03-11,2024-04-21,2024-04-28,41,Brazil,3,1.0,Deluxe,339.59,Offline Agent,Check-Out,2024,3,Mar,2024-03,7,2377.1299999999997,0
BKG104544,City Hotel,2023-02-02,2023-03-19,2023-03-27,45,India,3,0.0,Deluxe,158.9,Corporate,Check-Out,2023,2,Feb,2023-02,8,1271.2,0
BKG104545,City Hotel,2023-06-07,2023-10-31,2023-11-04,146,Germany,4,0.0,Family,239.85,Corporate,Check-Out,2023,6,Jun,2023-06,4,959.4,0
BKG104546,City Hotel,2022-06-23,2022-08-08,2022-08-09,46,France,3,1.0,Family,69.75,Offline Agent,Check-Out,2022,6,Jun,2022-06,1,69.75,0
BKG104547,City Hotel,2024-06-16,2024-12-11,2024-12-15,178,Australia,1,0.0,Deluxe,334.01,Offline Agent,Check-Out,2024,6,Jun,2024-06,4,1336.04,0
BKG104548,City Hotel,2024-05-28,2024-07-28,2024-08-06,61,USA,3,0.0,Suite,311.18,Direct,Check-Out,2024,5,May,2024-05,9,2800.62,0
BKG104549,City Hotel,2023-10-27,2024-01-03,2024-01-07,68,Germany,1,0.0,Family,298.66,Corporate,Check-Out,2023,10,Oct,2023-10,4,1194.64,0
BKG104550,City Hotel,2024-05-17,2024-07-01,2024-07-06,45,Singapore,1,0.0,Standard,238.43,Corporate,Check-Out,2024,5,May,2024-05,5,1192.15,0
BKG104551,City Hotel,2023-06-12,2023-10-24,2023-10-31,134,Germany,1,2.0,Family,266.53,Direct,Check-Out,2023,6,Jun,2023-06,7,1865.7099999999998,0
BKG104552,City Hotel,2022-11-11,2023-03-03,2023-03-11,112,Germany,1,0.0,Family,161.78,Online Travel Agent,Check-Out,2022,11,Nov,2022-11,8,1294.24,0
BKG104553,Resort Hotel,2023-02-21,2023-03-24,2023-03-31,31,Australia,2,0.0,Family,274.76,Online Travel Agent,Check-Out,2023,2,Feb,2023-02,7,1923.32,0
BKG104554,Resort Hotel,2023-06-25,2023-10-29,2023-11-02,126,USA,1,0.0,Standard,65.82,Offline Agent,Check-Out,2023,6,Jun,2023-06,4,263.28,0
BKG104555,City Hotel,2024-06-06,2024-07-06,2024-07-13,30,Brazil,2,0.0,Family,276.55,Offline Agent,Canceled,2024,6,Jun,2024-06,7,1935.8500000000001,1
BKG104556,Resort Hotel,2023-02-07,2023-03-23,2023-03-25,44,UK,2,0.0,Suite,150.49,Offline Agent,Check-Out,2023,2,Feb,2023-02,2,300.98,0
BKG104557,City Hotel,2023-07-20,2023-11-05,2023-11-13,108,USA,1,1.0,Suite,89.73,Corporate,Check-Out,2023,7,Jul,2023-07,8,717.84,0
BKG104558,City Hotel,2022-05-25,2022-08-18,2022-08-26,85,UK,3,0.0,Standard,115.76,Online Travel Agent,Canceled,2022,5,May,2022-05,8,926.08,1
BKG104559,City Hotel,2022-07-13,2022-09-25,2022-09-27,74,Australia,2,1.0,Deluxe,129.36,Corporate,Check-Out,2022,7,Jul,2022-07,2,258.72,0
BKG104560,Resort Hotel,2024-06-11,2024-07-05,2024-07-07,24,Australia,3,0.0,Standard,210.19,Online Travel Agent,Canceled,2024,6,Jun,2024-06,2,420.38,1
BKG104561,City Hotel,2022-12-08,2022-12-29,2023-01-06,21,India,1,2.0,Family,340.71,Offline Agent,Check-Out,2022,12,Dec,2022-12,8,2725.68,0
BKG104562,City Hotel,2023-03-14,2023-08-31,2023-09-10,170,France,2,0.0,Suite,120.76,Direct,Check-Out,2023,3,Mar,2023-03,10,1207.6000000000001,0
BKG104563,Resort Hotel,2022-07-17,2022-10-27,2022-11-01,102,Germany,2,0.0,Suite,153.49,Direct,Check-Out,2022,7,Jul,2022-07,5,767.45,0
BKG104564,City Hotel,2024-01-26,2024-03-10,2024-03-12,44,Australia,1,0.0,Family,106.54,Corporate,Canceled,2024,1,Jan,2024-01,2,213.08,1
BKG104565,City Hotel,2023-09-03,2023-09-20,2023-09-25,17,Canada,3,2.0,Standard,281.26,Direct,Check-Out,2023,9,Sep,2023-09,5,1406.3,0
BKG104566,Resort Hotel,2024-04-04,2024-08-04,2024-08-05,122,UAE,3,1.0,Deluxe,214.53,Direct,Check-Out,2024,4,Apr,2024-04,1,214.53,0
BKG104567,Resort Hotel,2022-09-30,2022-11-24,2022-11-30,55,Australia,3,0.0,Family,172.62,Direct,Check-Out,2022,9,Sep,2022-09,6,1035.72,0
BKG104568,Resort Hotel,2023-03-20,2023-05-19,2023-05-26,60,India,3,0.0,Family,268.61,Direct,Canceled,2023,3,Mar,2023-03,7,1880.27,1
BKG104569,Resort Hotel,2024-03-13,2024-06-26,2024-07-04,105,Australia,2,2.0,Standard,100.49,Corporate,Check-Out,2024,3,Mar,2024-03,8,803.92,0
BKG104570,Resort Hotel,2023-08-18,2023-11-01,2023-11-04,75,France,2,0.0,Family,85.98,Corporate,No-Show,2023,8,Aug,2023-08,3,257.94,0
BKG104571,City Hotel,2023-10-20,2024-03-29,2024-04-04,161,Singapore,1,0.0,Deluxe,234.59,Online Travel Agent,Check-Out,2023,10,Oct,2023-10,6,1407.54,0
BKG104572,Resort Hotel,2024-01-26,2024-03-19,2024-03-28,53,UK,4,0.0,Family,313.71,Direct,Check-Out,2024,1,Jan,2024-01,9,2823.39,0
BKG104573,Resort Hotel,2024-01-11,2024-06-10,2024-06-20,151,USA,2,2.0,Suite,279.44,Online Travel Agent,Canceled,2024,1,Jan,2024-01,10,2794.4,1
BKG104574,City Hotel,2024-03-10,2024-08-30,2024-09-05,173,USA,3,0.0,Family,202.12,Online Travel Agent,Canceled,2024,3,Mar,2024-03,6,1212.72,1
BKG104575,Resort Hotel,2023-02-02,2023-06-13,2023-06-14,131,India,2,0.0,Suite,150.0,Corporate,Canceled,2023,2,Feb,2023-02,1,150.0,1
BKG104576,City Hotel,2023-06-18,2023-06-22,2023-06-24,4,Germany,2,0.0,Deluxe,297.83,Online Travel Agent,Check-Out,2023,6,Jun,2023-06,2,595.66,0
BKG104577,Resort Hotel,2023-01-02,2023-05-08,2023-05-13,126,USA,2,0.0,Suite,89.68,Corporate,Check-Out,2023,1,Jan,2023-01,5,448.40000000000003,0
BKG104578,City Hotel,2023-09-27,2024-03-06,2024-03-16,161,Australia,2,2.0,Standard,83.78,Offline Agent,Canceled,2023,9,Sep,2023-09,10,837.8,1
BKG104579,Resort Hotel,2023-09-29,2024-03-15,2024-03-16,168,Canada,1,0.0,Family,169.99,Corporate,No-Show,2023,9,Sep,2023-09,1,169.99,0
BKG104580,Resort Hotel,2023-08-06,2023-09-07,2023-09-08,32,Australia,3,2.0,Standard,147.76,Online Travel Agent,Canceled,2023,8,Aug,2023-08,1,147.76,1
BKG104581,City Hotel,2022-03-18,2022-07-03,2022-07-12,107,Germany,1,0.0,Family,279.33,Online Travel Agent,Check-Out,2022,3,Mar,2022-03,9,2513.97,0
BKG104582,Resort Hotel,2022-10-26,2022-12-18,2022-12-28,53,France,3,0.0,Family,243.18,Direct,Check-Out,2022,10,Oct,2022-10,10,2431.8,0
BKG104583,City Hotel,2022-01-04,2022-06-02,2022-06-09,149,Germany,1,0.0,Standard,167.77,Corporate,Check-Out,2022,1,Jan,2022-01,7,1174.39,0
BKG104584,Resort Hotel,2024-03-24,2024-06-20,2024-06-27,88,France,2,0.0,Family,256.38,Online Travel Agent,Check-Out,2024,3,Mar,2024-03,7,1794.6599999999999,0
BKG104585,Resort Hotel,2022-10-10,2023-02-28,2023-03-06,141,Australia,3,0.0,Deluxe,344.66,Direct,Canceled,2022,10,Oct,2022-10,6,2067.96,1
BKG104586,Resort Hotel,2022-02-02,2022-04-28,2022-05-06,85,UAE,3,0.0,Deluxe,83.36,Online Travel Agent,Check-Out,2022,2,Feb,2022-02,8,666.88,0
BKG104587,City Hotel,2022-08-29,2023-01-07,2023-01-17,131,Canada,1,0.0,Family,296.15,Online Travel Agent,Check-Out,2022,8,Aug,2022-08,10,2961.5,0
BKG104588,City Hotel,2023-11-26,2024-02-26,2024-02-29,92,Singapore,1,2.0,Family,325.02,Online Travel Agent,Check-Out,2023,11,Nov,2023-11,3,975.06,0
BKG104589,Resort Hotel,2022-07-13,2022-12-15,2022-12-20,155,UAE,2,2.0,Family,64.06,Offline Agent,Check-Out,2022,7,Jul,2022-07,5,320.3,0
BKG104590,Resort Hotel,2022-07-24,2022-12-26,2023-01-04,155,Canada,1,0.0,Family,198.69,Online Travel Agent,Canceled,2022,7,Jul,2022-07,9,1788.21,1
BKG104591,City Hotel,2022-06-07,2022-06-20,2022-06-26,13,Singapore,4,2.0,Suite,246.31,Direct,Check-Out,2022,6,Jun,2022-06,6,1477.8600000000001,0
BKG104592,Resort Hotel,2023-04-13,2023-06-16,2023-06-25,64,France,4,2.0,Standard,82.52,Corporate,Check-Out,2023,4,Apr,2023-04,9,742.68,0
BKG104593,Resort Hotel,2022-05-01,2022-07-10,2022-07-11,70,Germany,3,0.0,Family,275.65,Online Travel Agent,Check-Out,2022,5,May,2022-05,1,275.65,0
BKG104594,City Hotel,2022-02-04,2022-02-04,2022-02-05,0,USA,3,2.0,Deluxe,297.73,Direct,Check-Out,2022,2,Feb,2022-02,1,297.73,0
BKG104595,City Hotel,2023-06-03,2023-06-29,2023-06-30,26,Germany,3,0.0,Family,107.97,Direct,Check-Out,2023,6,Jun,2023-06,1,107.97,0
BKG104596,Resort Hotel,2023-01-05,2023-04-25,2023-04-27,110,Brazil,3,0.0,Family,89.33,Online Travel Agent,Check-Out,2023,1,Jan,2023-01,2,178.66,0
BKG104597,Resort Hotel,2024-05-10,2024-05-24,2024-06-03,14,Australia,2,0.0,Suite,95.14,Online Travel Agent,Check-Out,2024,5,May,2024-05,10,951.4,0
BKG104598,Resort Hotel,2023-03-18,2023-04-15,2023-04-17,28,Australia,1,0.0,Suite,209.38,Online Travel Agent,Check-Out,2023,3,Mar,2023-03,2,418.76,0
BKG104599,City Hotel,2024-02-07,2024-05-04,2024-05-07,87,Australia,4,0.0,Suite,98.2,Online Travel Agent,Canceled,2024,2,Feb,2024-02,3,294.6,1
BKG104600,Resort Hotel,2024-05-15,2024-10-25,2024-10-26,163,Germany,1,0.0,Standard,78.64,Online Travel Agent,Check-Out,2024,5,May,2024-05,1,78.64,0
BKG104601,Resort Hotel,2023-08-17,2023-11-22,2023-11-28,97,UK,3,0.0,Deluxe,248.66,Direct,Check-Out,2023,8,Aug,2023-08,6,1491.96,0
BKG104602,Resort Hotel,2022-11-11,2022-12-06,2022-12-11,25,UK,2,0.0,Standard,141.65,Offline Agent,Check-Out,2022,11,Nov,2022-11,5,708.25,0
BKG104603,Resort Hotel,2023-09-10,2024-02-21,2024-02-22,164,UAE,3,0.0,Suite,208.61,Online Travel Agent,Check-Out,2023,9,Sep,2023-09,1,208.61,0
BKG104604,City Hotel,2024-01-17,2024-03-26,2024-03-29,69,UK,1,1.0,Suite,217.59,Offline Agent,Check-Out,2024,1,Jan,2024-01,3,652.77,0
BKG104605,Resort Hotel,2022-03-29,2022-04-04,2022-04-13,6,India,4,0.0,Suite,195.39,Online Travel Agent,Canceled,2022,3,Mar,2022-03,9,1758.5099999999998,1
BKG104606,Resort Hotel,2022-12-25,2023-04-21,2023-05-01,117,Singapore,1,0.0,Suite,158.48,Corporate,Canceled,2022,12,Dec,2022-12,10,1584.8,1
BKG104607,City Hotel,2024-03-20,2024-06-22,2024-06-25,94,UK,4,0.0,Deluxe,131.58,Online Travel Agent,Check-Out,2024,3,Mar,2024-03,3,394.74,0
BKG104608,City Hotel,2022-05-12,2022-09-30,2022-10-05,141,UK,2,0.0,Standard,285.3,Direct,Check-Out,2022,5,May,2022-05,5,1426.5,0
BKG104609,Resort Hotel,2022-06-08,2022-11-13,2022-11-15,158,Germany,4,0.0,Suite,171.35,Direct,Check-Out,2022,6,Jun,2022-06,2,342.7,0
BKG104610,City Hotel,2023-10-03,2023-12-27,2024-01-04,85,Australia,1,0.0,Deluxe,90.94,Corporate,Check-Out,2023,10,Oct,2023-10,8,727.52,0
BKG104611,Resort Hotel,2022-08-12,2022-08-27,2022-08-30,15,USA,3,0.0,Standard,123.69,Direct,Check-Out,2022,8,Aug,2022-08,3,371.07,0
BKG104612,City Hotel,2023-03-11,2023-05-27,2023-06-01,77,Canada,2,0.0,Family,141.78,Corporate,Check-Out,2023,3,Mar,2023-03,5,708.9,0
BKG104613,Resort Hotel,2023-09-24,2023-10-29,2023-11-01,35,Australia,4,1.0,Standard,66.83,Corporate,Check-Out,2023,9,Sep,2023-09,3,200.49,0
BKG104614,City Hotel,2023-02-14,2023-07-23,2023-07-31,159,France,4,0.0,Standard,161.95,Online Travel Agent,Check-Out,2023,2,Feb,2023-02,8,1295.6,0
BKG104615,City Hotel,2022-01-16,2022-05-10,2022-05-17,114,UK,3,2.0,Family,240.54,Offline Agent,Check-Out,2022,1,Jan,2022-01,7,1683.78,0
BKG104616,Resort Hotel,2023-08-02,2023-11-15,2023-11-24,105,Australia,1,0.0,Suite,188.44,Offline Agent,Check-Out,2023,8,Aug,2023-08,9,1695.96,0
BKG104617,Resort Hotel,2023-11-05,2024-02-04,2024-02-07,91,Canada,2,0.0,Standard,87.59,Corporate,Check-Out,2023,11,Nov,2023-11,3,262.77,0
BKG104618,Resort Hotel,2023-12-18,2024-03-21,2024-03-31,94,Germany,2,0.0,Standard,248.19,Corporate,Check-Out,2023,12,Dec,2023-12,10,2481.9,0
BKG104619,City Hotel,2022-04-25,2022-08-07,2022-08-09,104,France,4,1.0,Suite,274.21,Offline Agent,Check-Out,2022,4,Apr,2022-04,2,548.42,0
BKG104620,City Hotel,2022-02-10,2022-06-14,2022-06-16,124,USA,1,2.0,Standard,348.84,Online Travel Agent,Check-Out,2022,2,Feb,2022-02,2,697.68,0
BKG104621,Resort Hotel,2023-07-13,2023-11-06,2023-11-09,116,Canada,2,2.0,Standard,77.41,Corporate,Check-Out,2023,7,Jul,2023-07,3,232.23,0
BKG104622,Resort Hotel,2023-06-13,2023-09-23,2023-09-24,102,Australia,2,1.0,Deluxe,147.41,Online Travel Agent,Check-Out,2023,6,Jun,2023-06,1,147.41,0
BKG104623,City Hotel,2023-06-06,2023-10-21,2023-10-26,137,USA,4,2.0,Suite,306.7,Offline Agent,Check-Out,2023,6,Jun,2023-06,5,1533.5,0
BKG104624,City Hotel,2023-05-24,2023-08-20,2023-08-21,88,USA,1,0.0,Standard,247.38,Offline Agent,Check-Out,2023,5,May,2023-05,1,247.38,0
BKG104625,City Hotel,2023-10-10,2023-12-27,2024-01-01,78,France,1,0.0,Suite,105.28,Direct,Check-Out,2023,10,Oct,2023-10,5,526.4,0
BKG104626,Resort Hotel,2022-08-25,2022-12-16,2022-12-26,113,France,2,0.0,Suite,173.02,Offline Agent,Canceled,2022,8,Aug,2022-08,10,1730.2,1
BKG104627,City Hotel,2024-01-23,2024-05-19,2024-05-21,117,USA,1,2.0,Deluxe,211.97,Offline Agent,Canceled,2024,1,Jan,2024-01,2,423.94,1
BKG104628,City Hotel,2023-10-23,2023-12-18,2023-12-23,56,Canada,4,1.0,Family,143.58,Corporate,Canceled,2023,10,Oct,2023-10,5,717.9000000000001,1
BKG104629,Resort Hotel,2023-04-19,2023-06-18,2023-06-22,60,UAE,1,2.0,Family,300.56,Offline Agent,Check-Out,2023,4,Apr,2023-04,4,1202.24,0
BKG104630,City Hotel,2022-10-19,2022-11-18,2022-11-22,30,UAE,3,0.0,Family,242.08,Offline Agent,Check-Out,2022,10,Oct,2022-10,4,968.32,0
BKG104631,Resort Hotel,2022-01-31,2022-05-28,2022-06-07,117,France,1,1.0,Suite,319.1,Corporate,No-Show,2022,1,Jan,2022-01,10,3191.0,0
BKG104632,City Hotel,2022-01-28,2022-02-02,2022-02-04,5,USA,4,0.0,Deluxe,90.13,Offline Agent,Check-Out,2022,1,Jan,2022-01,2,180.26,0
BKG104633,City Hotel,2022-12-26,2023-05-25,2023-05-28,150,Australia,1,0.0,Family,226.66,Direct,Check-Out,2022,12,Dec,2022-12,3,679.98,0
BKG104634,Resort Hotel,2023-01-11,2023-04-14,2023-04-20,93,Canada,2,0.0,Family,306.87,Corporate,Check-Out,2023,1,Jan,2023-01,6,1841.22,0
BKG104635,Resort Hotel,2022-12-30,2023-04-19,2023-04-25,110,France,2,1.0,Deluxe,149.33,Offline Agent,Check-Out,2022,12,Dec,2022-12,6,895.98,0
BKG104636,City Hotel,2023-06-02,2023-07-06,2023-07-09,34,Australia,1,0.0,Standard,96.88,Offline Agent,Check-Out,2023,6,Jun,2023-06,3,290.64,0
BKG104637,Resort Hotel,2023-08-08,2023-11-19,2023-11-20,103,India,4,0.0,Standard,169.04,Corporate,Check-Out,2023,8,Aug,2023-08,1,169.04,0
BKG104638,City Hotel,2023-03-06,2023-03-18,2023-03-28,12,UK,4,1.0,Suite,335.67,Online Travel Agent,Check-Out,2023,3,Mar,2023-03,10,3356.7000000000003,0
BKG104639,Resort Hotel,2022-09-02,2022-10-13,2022-10-15,41,UK,3,1.0,Family,268.99,Corporate,Canceled,2022,9,Sep,2022-09,2,537.98,1
BKG104640,Resort Hotel,2023-03-09,2023-06-05,2023-06-06,88,UAE,4,2.0,Suite,172.6,Corporate,Check-Out,2023,3,Mar,2023-03,1,172.6,0
BKG104641,Resort Hotel,2022-05-10,2022-07-04,2022-07-11,55,USA,3,2.0,Family,323.02,Online Travel Agent,Canceled,2022,5,May,2022-05,7,2261.14,1
BKG104642,Resort Hotel,2023-11-25,2024-01-07,2024-01-08,43,France,4,1.0,Standard,177.13,Offline Agent,Check-Out,2023,11,Nov,2023-11,1,177.13,0
BKG104643,City Hotel,2022-07-10,2022-08-03,2022-08-09,24,Australia,1,1.0,Deluxe,151.36,Offline Agent,Check-Out,2022,7,Jul,2022-07,6,908.1600000000001,0
BKG104644,Resort Hotel,2023-06-20,2023-10-08,2023-10-14,110,France,2,0.0,Deluxe,335.3,Direct,Check-Out,2023,6,Jun,2023-06,6,2011.8000000000002,0
BKG104645,Resort Hotel,2024-04-26,2024-05-07,2024-05-12,11,Canada,2,0.0,Family,289.11,Direct,Check-Out,2024,4,Apr,2024-04,5,1445.5500000000002,0
BKG104646,City Hotel,2023-07-29,2023-11-25,2023-11-30,119,Canada,3,2.0,Suite,224.26,Direct,Check-Out,2023,7,Jul,2023-07,5,1121.3,0
BKG104647,City Hotel,2023-02-12,2023-02-20,2023-02-22,8,Singapore,4,1.0,Family,345.5,Direct,Canceled,2023,2,Feb,2023-02,2,691.0,1
BKG104648,Resort Hotel,2024-02-21,2024-07-02,2024-07-03,132,India,1,0.0,Family,78.48,Direct,Check-Out,2024,2,Feb,2024-02,1,78.48,0
BKG104649,Resort Hotel,2023-08-18,2023-09-25,2023-09-29,38,UK,2,0.0,Deluxe,327.91,Offline Agent,Check-Out,2023,8,Aug,2023-08,4,1311.64,0
BKG104650,Resort Hotel,2022-02-15,2022-04-25,2022-04-30,69,France,1,0.0,Suite,249.37,Offline Agent,Check-Out,2022,2,Feb,2022-02,5,1246.85,0
BKG104651,City Hotel,2023-02-24,2023-03-04,2023-03-09,8,UAE,1,0.0,Suite,181.26,Corporate,Check-Out,2023,2,Feb,2023-02,5,906.3,0
BKG104652,City Hotel,2023-08-23,2023-10-25,2023-10-29,63,Australia,4,0.0,Standard,98.36,Offline Agent,Check-Out,2023,8,Aug,2023-08,4,393.44,0
BKG104653,Resort Hotel,2024-02-02,2024-02-10,2024-02-15,8,Brazil,4,1.0,Family,81.13,Corporate,Check-Out,2024,2,Feb,2024-02,5,405.65,0
BKG104654,Resort Hotel,2022-03-26,2022-08-23,2022-08-24,150,Australia,3,0.0,Family,201.89,Offline Agent,Canceled,2022,3,Mar,2022-03,1,201.89,1
BKG104655,Resort Hotel,2022-02-03,2022-04-28,2022-04-29,84,Germany,2,0.0,Family,179.93,Direct,No-Show,2022,2,Feb,2022-02,1,179.93,0
BKG104656,City Hotel,2022-10-08,2023-01-17,2023-01-22,101,USA,3,1.0,Standard,62.79,Online Travel Agent,Canceled,2022,10,Oct,2022-10,5,313.95,1
BKG104657,City Hotel,2022-11-24,2023-03-04,2023-03-08,100,Brazil,2,0.0,Standard,255.25,Online Travel Agent,Check-Out,2022,11,Nov,2022-11,4,1021.0,0
BKG104658,Resort Hotel,2023-05-19,2023-09-26,2023-10-02,130,Canada,1,0.0,Deluxe,160.82,Online Travel Agent,Check-Out,2023,5,May,2023-05,6,964.92,0
BKG104659,City Hotel,2022-10-26,2022-11-30,2022-12-03,35,Germany,2,2.0,Suite,101.19,Online Travel Agent,Check-Out,2022,10,Oct,2022-10,3,303.57,0
BKG104660,City Hotel,2022-12-05,2023-04-06,2023-04-13,122,UK,1,1.0,Deluxe,177.51,Online Travel Agent,Canceled,2022,12,Dec,2022-12,7,1242.57,1
BKG104661,City Hotel,2023-01-08,2023-05-21,2023-05-30,133,Brazil,2,1.0,Deluxe,185.54,Direct,No-Show,2023,1,Jan,2023-01,9,1669.86,0
BKG104662,Resort Hotel,2022-10-17,2022-10-29,2022-11-07,12,Australia,2,0.0,Standard,196.85,Online Travel Agent,Canceled,2022,10,Oct,2022-10,9,1771.6499999999999,1
BKG104663,Resort Hotel,2023-08-14,2023-09-29,2023-10-06,46,Singapore,4,2.0,Standard,177.69,Offline Agent,Check-Out,2023,8,Aug,2023-08,7,1243.83,0
BKG104664,Resort Hotel,2023-03-04,2023-05-28,2023-06-01,85,Canada,1,0.0,Suite,74.34,Online Travel Agent,Check-Out,2023,3,Mar,2023-03,4,297.36,0
BKG104665,Resort Hotel,2023-12-10,2024-03-23,2024-03-24,104,Singapore,3,1.0,Family,313.38,Direct,Canceled,2023,12,Dec,2023-12,1,313.38,1
BKG104666,City Hotel,2023-04-09,2023-05-01,2023-05-06,22,France,2,0.0,Family,122.62,Direct,Check-Out,2023,4,Apr,2023-04,5,613.1,0
BKG104667,City Hotel,2023-08-06,2023-10-03,2023-10-13,58,Brazil,2,0.0,Family,258.72,Corporate,Check-Out,2023,8,Aug,2023-08,10,2587.2000000000003,0
BKG104668,Resort Hotel,2024-04-22,2024-08-06,2024-08-09,106,UK,2,0.0,Suite,332.57,Online Travel Agent,Check-Out,2024,4,Apr,2024-04,3,997.71,0
BKG104669,City Hotel,2022-06-28,2022-11-06,2022-11-08,131,Australia,3,2.0,Standard,205.68,Online Travel Agent,Check-Out,2022,6,Jun,2022-06,2,411.36,0
BKG104670,City Hotel,2023-07-29,2023-08-13,2023-08-18,15,UK,1,2.0,Family,120.28,Direct,No-Show,2023,7,Jul,2023-07,5,601.4,0
BKG104671,City Hotel,2024-03-07,2024-05-23,2024-05-29,77,UK,2,0.0,Family,200.33,Offline Agent,Check-Out,2024,3,Mar,2024-03,6,1201.98,0
BKG104672,Resort Hotel,2022-05-18,2022-11-10,2022-11-18,176,UAE,2,0.0,Suite,319.74,Direct,Check-Out,2022,5,May,2022-05,8,2557.92,0
BKG104673,City Hotel,2022-02-21,2022-03-17,2022-03-24,24,France,2,0.0,Suite,224.34,Online Travel Agent,Check-Out,2022,2,Feb,2022-02,7,1570.38,0
BKG104674,City Hotel,2023-11-13,2024-02-22,2024-02-28,101,UK,1,1.0,Suite,61.22,Online Travel Agent,Canceled,2023,11,Nov,2023-11,6,367.32,1
BKG104675,Resort Hotel,2022-08-19,2022-10-09,2022-10-19,51,UAE,4,1.0,Family,295.87,Corporate,Canceled,2022,8,Aug,2022-08,10,2958.7,1
BKG104676,City Hotel,2023-10-19,2024-03-14,2024-03-21,147,USA,4,0.0,Standard,322.96,Online Travel Agent,Check-Out,2023,10,Oct,2023-10,7,2260.72,0
BKG104677,Resort Hotel,2022-05-18,2022-11-02,2022-11-03,168,Australia,4,0.0,Standard,116.06,Corporate,No-Show,2022,5,May,2022-05,1,116.06,0
BKG104678,City Hotel,2022-12-04,2023-03-07,2023-03-08,93,USA,4,0.0,Family,185.46,Offline Agent,Canceled,2022,12,Dec,2022-12,1,185.46,1
BKG104679,Resort Hotel,2024-06-09,2024-09-24,2024-09-30,107,Brazil,3,2.0,Family,239.41,Offline Agent,Check-Out,2024,6,Jun,2024-06,6,1436.46,0
BKG104680,City Hotel,2023-02-20,2023-03-07,2023-03-10,15,Brazil,2,0.0,Family,169.69,Online Travel Agent,Canceled,2023,2,Feb,2023-02,3,509.07,1
BKG104681,City Hotel,2022-08-29,2022-12-22,2022-12-23,115,UK,3,0.0,Suite,317.34,Online Travel Agent,Canceled,2022,8,Aug,2022-08,1,317.34,1
BKG104682,City Hotel,2022-06-09,2022-09-27,2022-10-01,110,France,1,1.0,Deluxe,195.7,Direct,Check-Out,2022,6,Jun,2022-06,4,782.8,0
BKG104683,City Hotel,2024-05-28,2024-07-14,2024-07-19,47,Germany,2,0.0,Standard,294.92,Online Travel Agent,Canceled,2024,5,May,2024-05,5,1474.6000000000001,1
BKG104684,Resort Hotel,2022-09-21,2023-01-12,2023-01-16,113,UK,1,1.0,Suite,154.73,Direct,Canceled,2022,9,Sep,2022-09,4,618.92,1
BKG104685,Resort Hotel,2022-12-01,2022-12-04,2022-12-13,3,India,2,0.0,Suite,108.8,Corporate,Check-Out,2022,12,Dec,2022-12,9,979.1999999999999,0
BKG104686,City Hotel,2022-11-27,2022-12-19,2022-12-23,22,Germany,3,0.0,Standard,272.24,Offline Agent,No-Show,2022,11,Nov,2022-11,4,1088.96,0
BKG104687,Resort Hotel,2023-09-12,2024-03-02,2024-03-04,172,UAE,4,0.0,Suite,329.63,Offline Agent,Check-Out,2023,9,Sep,2023-09,2,659.26,0
BKG104688,Resort Hotel,2023-12-20,2024-03-20,2024-03-25,91,UAE,2,0.0,Suite,331.67,Online Travel Agent,Check-Out,2023,12,Dec,2023-12,5,1658.3500000000001,0
BKG104689,Resort Hotel,2023-02-25,2023-07-14,2023-07-24,139,Brazil,2,0.0,Family,69.46,Online Travel Agent,Canceled,2023,2,Feb,2023-02,10,694.5999999999999,1
BKG104690,City Hotel,2023-12-06,2023-12-16,2023-12-19,10,Brazil,3,0.0,Standard,193.65,Online Travel Agent,Check-Out,2023,12,Dec,2023-12,3,580.95,0
BKG104691,City Hotel,2022-06-30,2022-10-02,2022-10-07,94,Germany,2,0.0,Family,326.88,Corporate,Check-Out,2022,6,Jun,2022-06,5,1634.4,0
BKG104692,City Hotel,2022-08-11,2022-12-21,2022-12-28,132,Australia,1,0.0,Standard,180.14,Offline Agent,Check-Out,2022,8,Aug,2022-08,7,1260.98,0
BKG104693,Resort Hotel,2024-04-25,2024-04-27,2024-05-03,2,Canada,3,0.0,Deluxe,125.69,Offline Agent,Check-Out,2024,4,Apr,2024-04,6,754.14,0
BKG104694,City Hotel,2022-05-11,2022-09-15,2022-09-20,127,Germany,4,0.0,Family,181.11,Direct,Check-Out,2022,5,May,2022-05,5,905.5500000000001,0
BKG104695,City Hotel,2024-03-19,2024-08-01,2024-08-11,135,Brazil,3,0.0,Family,252.28,Direct,No-Show,2024,3,Mar,2024-03,10,2522.8,0
BKG104696,City Hotel,2023-03-13,2023-07-05,2023-07-08,114,UK,1,0.0,Deluxe,85.83,Online Travel Agent,Check-Out,2023,3,Mar,2023-03,3,257.49,0
BKG104697,City Hotel,2022-04-19,2022-10-01,2022-10-08,165,UAE,4,2.0,Family,328.43,Corporate,Check-Out,2022,4,Apr,2022-04,7,2299.01,0
BKG104698,Resort Hotel,2022-09-22,2022-09-25,2022-09-27,3,Canada,2,0.0,Suite,159.91,Corporate,Canceled,2022,9,Sep,2022-09,2,319.82,1
BKG104699,Resort Hotel,2022-09-24,2023-01-02,2023-01-04,100,Singapore,4,0.0,Suite,145.54,Online Travel Agent,Check-Out,2022,9,Sep,2022-09,2,291.08,0
BKG104700,City Hotel,2024-06-12,2024-10-09,2024-10-12,119,Canada,4,1.0,Family,157.53,Online Travel Agent,Check-Out,2024,6,Jun,2024-06,3,472.59000000000003,0
BKG104701,City Hotel,2022-04-02,2022-06-07,2022-06-10,66,Germany,3,0.0,Family,238.79,Online Travel Agent,Check-Out,2022,4,Apr,2022-04,3,716.37,0
BKG104702,Resort Hotel,2022-12-05,2023-05-19,2023-05-25,165,Germany,2,2.0,Standard,279.16,Direct,Check-Out,2022,12,Dec,2022-12,6,1674.96,0
BKG104703,City Hotel,2023-09-27,2024-01-14,2024-01-22,109,Singapore,2,0.0,Suite,118.78,Online Travel Agent,Canceled,2023,9,Sep,2023-09,8,950.24,1
BKG104704,City Hotel,2023-04-20,2023-08-17,2023-08-24,119,Brazil,2,2.0,Deluxe,164.97,Direct,Check-Out,2023,4,Apr,2023-04,7,1154.79,0
BKG104705,Resort Hotel,2023-10-25,2024-04-20,2024-04-25,178,Australia,2,1.0,Family,260.77,Direct,Check-Out,2023,10,Oct,2023-10,5,1303.85,0
BKG104706,Resort Hotel,2022-04-10,2022-04-29,2022-05-07,19,UAE,1,1.0,Suite,167.57,Corporate,No-Show,2022,4,Apr,2022-04,8,1340.56,0
BKG104707,City Hotel,2023-09-13,2023-11-20,2023-11-26,68,Singapore,1,0.0,Deluxe,252.99,Corporate,Check-Out,2023,9,Sep,2023-09,6,1517.94,0
BKG104708,City Hotel,2022-08-30,2022-09-14,2022-09-24,15,Australia,4,0.0,Family,210.95,Offline Agent,Check-Out,2022,8,Aug,2022-08,10,2109.5,0
BKG104709,Resort Hotel,2023-12-19,2024-05-24,2024-05-29,157,France,2,0.0,Deluxe,150.55,Online Travel Agent,Check-Out,2023,12,Dec,2023-12,5,752.75,0
BKG104710,Resort Hotel,2022-11-14,2022-11-22,2022-12-02,8,France,4,1.0,Deluxe,304.36,Corporate,Check-Out,2022,11,Nov,2022-11,10,3043.6000000000004,0
BKG104711,City Hotel,2022-02-03,2022-04-23,2022-04-24,79,Canada,3,0.0,Standard,275.93,Direct,Check-Out,2022,2,Feb,2022-02,1,275.93,0
BKG104712,City Hotel,2023-04-18,2023-08-06,2023-08-13,110,Brazil,2,0.0,Family,339.77,Corporate,Check-Out,2023,4,Apr,2023-04,7,2378.39,0
BKG104713,City Hotel,2023-10-23,2023-10-23,2023-11-02,0,USA,1,1.0,Suite,264.16,Online Travel Agent,Check-Out,2023,10,Oct,2023-10,10,2641.6000000000004,0
BKG104714,Resort Hotel,2024-04-26,2024-06-23,2024-06-28,58,France,4,0.0,Standard,165.14,Online Travel Agent,Check-Out,2024,4,Apr,2024-04,5,825.6999999999999,0
BKG104715,Resort Hotel,2023-06-10,2023-07-19,2023-07-29,39,UAE,2,0.0,Standard,75.27,Direct,Check-Out,2023,6,Jun,2023-06,10,752.6999999999999,0
BKG104716,Resort Hotel,2022-01-05,2022-02-19,2022-03-01,45,France,3,0.0,Family,78.57,Corporate,Canceled,2022,1,Jan,2022-01,10,785.6999999999999,1
BKG104717,City Hotel,2024-04-28,2024-08-20,2024-08-23,114,UK,1,0.0,Deluxe,349.77,Offline Agent,Check-Out,2024,4,Apr,2024-04,3,1049.31,0
BKG104718,City Hotel,2023-12-12,2024-05-18,2024-05-19,158,UAE,3,2.0,Family,338.45,Corporate,Check-Out,2023,12,Dec,2023-12,1,338.45,0
BKG104719,Resort Hotel,2023-07-12,2023-09-22,2023-09-27,72,Germany,2,1.0,Suite,127.25,Offline Agent,Check-Out,2023,7,Jul,2023-07,5,636.25,0
BKG104720,Resort Hotel,2023-08-08,2023-08-18,2023-08-22,10,Singapore,3,2.0,Deluxe,117.95,Corporate,Check-Out,2023,8,Aug,2023-08,4,471.8,0
BKG104721,City Hotel,2022-02-12,2022-03-14,2022-03-21,30,France,1,1.0,Standard,251.93,Direct,Check-Out,2022,2,Feb,2022-02,7,1763.51,0
BKG104722,City Hotel,2024-02-02,2024-06-25,2024-06-29,144,Germany,3,0.0,Family,339.91,Corporate,Canceled,2024,2,Feb,2024-02,4,1359.64,1
BKG104723,Resort Hotel,2023-10-30,2023-12-28,2023-12-29,59,USA,4,0.0,Deluxe,218.64,Online Travel Agent,Canceled,2023,10,Oct,2023-10,1,218.64,1
BKG104724,Resort Hotel,2023-11-18,2023-11-22,2023-11-29,4,USA,2,2.0,Family,107.84,Offline Agent,No-Show,2023,11,Nov,2023-11,7,754.88,0
BKG104725,Resort Hotel,2023-11-13,2024-03-25,2024-03-27,133,UK,1,0.0,Deluxe,217.77,Direct,Canceled,2023,11,Nov,2023-11,2,435.54,1
BKG104726,City Hotel,2023-08-15,2024-02-05,2024-02-13,174,Canada,1,0.0,Suite,291.35,Direct,Canceled,2023,8,Aug,2023-08,8,2330.8,1
BKG104727,Resort Hotel,2023-03-10,2023-05-28,2023-06-02,79,UAE,1,0.0,Suite,235.66,Offline Agent,Check-Out,2023,3,Mar,2023-03,5,1178.3,0
BKG104728,Resort Hotel,2023-06-20,2023-09-28,2023-10-02,100,UK,4,0.0,Deluxe,148.79,Corporate,No-Show,2023,6,Jun,2023-06,4,595.16,0
BKG104729,Resort Hotel,2022-05-28,2022-06-11,2022-06-15,14,France,1,1.0,Suite,243.77,Online Travel Agent,Check-Out,2022,5,May,2022-05,4,975.08,0
BKG104730,City Hotel,2023-09-08,2024-02-19,2024-02-20,164,UK,2,2.0,Family,255.72,Direct,Check-Out,2023,9,Sep,2023-09,1,255.72,0
BKG104731,City Hotel,2022-08-30,2023-01-24,2023-01-26,147,Germany,1,1.0,Deluxe,306.54,Direct,Canceled,2022,8,Aug,2022-08,2,613.08,1
BKG104732,City Hotel,2022-07-08,2022-10-29,2022-11-05,113,Singapore,3,0.0,Standard,334.93,Direct,Check-Out,2022,7,Jul,2022-07,7,2344.51,0
BKG104733,City Hotel,2023-08-14,2023-11-21,2023-11-28,99,Singapore,2,0.0,Suite,339.23,Corporate,Canceled,2023,8,Aug,2023-08,7,2374.61,1
BKG104734,City Hotel,2022-01-28,2022-02-15,2022-02-16,18,France,1,0.0,Suite,256.78,Offline Agent,Check-Out,2022,1,Jan,2022-01,1,256.78,0
BKG104735,City Hotel,2022-01-05,2022-04-29,2022-05-04,114,India,1,0.0,Deluxe,90.41,Direct,Check-Out,2022,1,Jan,2022-01,5,452.04999999999995,0
BKG104736,Resort Hotel,2024-01-10,2024-06-24,2024-07-02,166,UK,4,0.0,Suite,238.45,Corporate,Canceled,2024,1,Jan,2024-01,8,1907.6,1
BKG104737,Resort Hotel,2023-10-05,2024-03-05,2024-03-14,152,UK,2,2.0,Standard,81.59,Corporate,Check-Out,2023,10,Oct,2023-10,9,734.3100000000001,0
BKG104738,Resort Hotel,2022-02-23,2022-04-22,2022-04-30,58,UK,2,2.0,Family,280.96,Direct,Check-Out,2022,2,Feb,2022-02,8,2247.68,0
BKG104739,Resort Hotel,2024-04-17,2024-08-09,2024-08-15,114,Canada,3,0.0,Standard,105.17,Online Travel Agent,Check-Out,2024,4,Apr,2024-04,6,631.02,0
BKG104740,Resort Hotel,2023-09-14,2024-01-01,2024-01-05,109,UAE,2,0.0,Standard,291.06,Offline Agent,Check-Out,2023,9,Sep,2023-09,4,1164.24,0
BKG104741,City Hotel,2023-03-24,2023-08-07,2023-08-17,136,France,2,0.0,Family,322.77,Direct,Check-Out,2023,3,Mar,2023-03,10,3227.7,0
BKG104742,City Hotel,2022-08-01,2022-09-24,2022-09-29,54,Singapore,3,2.0,Deluxe,318.26,Corporate,No-Show,2022,8,Aug,2022-08,5,1591.3,0
BKG104743,City Hotel,2022-12-25,2023-04-05,2023-04-08,101,Brazil,1,2.0,Standard,336.77,Corporate,Canceled,2022,12,Dec,2022-12,3,1010.31,1
BKG104744,City Hotel,2022-03-18,2022-06-02,2022-06-10,76,Germany,3,0.0,Family,280.69,Direct,Check-Out,2022,3,Mar,2022-03,8,2245.52,0
BKG104745,City Hotel,2023-03-04,2023-05-17,2023-05-26,74,Canada,3,2.0,Family,184.24,Offline Agent,Check-Out,2023,3,Mar,2023-03,9,1658.16,0
BKG104746,City Hotel,2023-11-11,2024-02-01,2024-02-09,82,UAE,4,0.0,Standard,153.25,Offline Agent,Check-Out,2023,11,Nov,2023-11,8,1226.0,0
BKG104747,City Hotel,2024-01-18,2024-06-14,2024-06-21,148,Brazil,3,0.0,Standard,79.32,Corporate,Check-Out,2024,1,Jan,2024-01,7,555.24,0
BKG104748,Resort Hotel,2024-06-13,2024-09-05,2024-09-12,84,Australia,4,0.0,Suite,150.02,Offline Agent,No-Show,2024,6,Jun,2024-06,7,1050.14,0
BKG104749,City Hotel,2023-05-27,2023-11-01,2023-11-07,158,Australia,1,2.0,Family,73.66,Online Travel Agent,Check-Out,2023,5,May,2023-05,6,441.96,0
BKG104750,City Hotel,2023-10-06,2024-01-13,2024-01-17,99,USA,2,2.0,Family,167.67,Direct,Canceled,2023,10,Oct,2023-10,4,670.68,1
BKG104751,City Hotel,2022-12-05,2022-12-05,2022-12-08,0,UK,1,2.0,Standard,105.79,Online Travel Agent,Canceled,2022,12,Dec,2022-12,3,317.37,1
BKG104752,City Hotel,2024-04-12,2024-06-08,2024-06-17,57,France,1,0.0,Family,228.45,Direct,Canceled,2024,4,Apr,2024-04,9,2056.0499999999997,1
BKG104753,City Hotel,2023-01-23,2023-03-26,2023-04-01,62,Brazil,1,0.0,Family,208.33,Online Travel Agent,Check-Out,2023,1,Jan,2023-01,6,1249.98,0
BKG104754,Resort Hotel,2022-04-10,2022-05-13,2022-05-23,33,Singapore,3,0.0,Suite,167.21,Direct,Canceled,2022,4,Apr,2022-04,10,1672.1000000000001,1
BKG104755,Resort Hotel,2024-06-05,2024-08-02,2024-08-08,58,Australia,3,2.0,Family,236.64,Direct,Canceled,2024,6,Jun,2024-06,6,1419.84,1
BKG104756,City Hotel,2024-02-20,2024-08-03,2024-08-13,165,UAE,3,0.0,Standard,98.71,Direct,No-Show,2024,2,Feb,2024-02,10,987.0999999999999,0
BKG104757,City Hotel,2023-08-09,2024-02-02,2024-02-03,177,Brazil,1,2.0,Family,86.05,Direct,Canceled,2023,8,Aug,2023-08,1,86.05,1
BKG104758,Resort Hotel,2022-05-06,2022-05-26,2022-05-31,20,Brazil,4,0.0,Standard,120.89,Online Travel Agent,Check-Out,2022,5,May,2022-05,5,604.45,0
BKG104759,City Hotel,2022-01-03,2022-03-16,2022-03-22,72,France,4,0.0,Standard,239.35,Online Travel Agent,Canceled,2022,1,Jan,2022-01,6,1436.1,1
BKG104760,City Hotel,2023-01-06,2023-06-12,2023-06-20,157,Australia,3,2.0,Suite,120.3,Direct,Check-Out,2023,1,Jan,2023-01,8,962.4,0
BKG104761,Resort Hotel,2024-01-04,2024-03-20,2024-03-23,76,Singapore,1,2.0,Deluxe,322.4,Offline Agent,Check-Out,2024,1,Jan,2024-01,3,967.1999999999999,0
BKG104762,Resort Hotel,2023-08-07,2023-08-16,2023-08-24,9,Australia,4,0.0,Suite,154.09,Online Travel Agent,Check-Out,2023,8,Aug,2023-08,8,1232.72,0
BKG104763,City Hotel,2022-05-04,2022-10-06,2022-10-07,155,Canada,2,1.0,Standard,167.2,Offline Agent,Canceled,2022,5,May,2022-05,1,167.2,1
BKG104764,City Hotel,2023-08-17,2023-11-22,2023-11-23,97,Australia,4,0.0,Suite,323.37,Online Travel Agent,Check-Out,2023,8,Aug,2023-08,1,323.37,0
BKG104765,City Hotel,2023-01-09,2023-02-03,2023-02-06,25,UAE,3,2.0,Suite,119.44,Direct,Check-Out,2023,1,Jan,2023-01,3,358.32,0
BKG104766,Resort Hotel,2024-01-25,2024-02-09,2024-02-16,15,UAE,2,0.0,Family,180.6,Corporate,Check-Out,2024,1,Jan,2024-01,7,1264.2,0
BKG104767,Resort Hotel,2023-03-22,2023-03-27,2023-04-05,5,India,2,1.0,Deluxe,183.17,Direct,Check-Out,2023,3,Mar,2023-03,9,1648.53,0
BKG104768,City Hotel,2022-03-20,2022-09-04,2022-09-07,168,UAE,1,2.0,Family,281.21,Online Travel Agent,Check-Out,2022,3,Mar,2022-03,3,843.6299999999999,0
BKG104769,Resort Hotel,2024-03-10,2024-07-08,2024-07-12,120,Singapore,3,2.0,Suite,135.79,Offline Agent,Check-Out,2024,3,Mar,2024-03,4,543.16,0
BKG104770,Resort Hotel,2023-05-04,2023-08-03,2023-08-13,91,Singapore,3,2.0,Family,260.89,Offline Agent,Canceled,2023,5,May,2023-05,10,2608.8999999999996,1
BKG104771,Resort Hotel,2022-04-26,2022-09-16,2022-09-25,143,Germany,1,0.0,Family,94.8,Corporate,Canceled,2022,4,Apr,2022-04,9,853.1999999999999,1
BKG104772,City Hotel,2022-06-13,2022-08-05,2022-08-09,53,USA,1,0.0,Family,128.19,Online Travel Agent,Check-Out,2022,6,Jun,2022-06,4,512.76,0
BKG104773,City Hotel,2024-06-18,2024-07-13,2024-07-16,25,Germany,4,2.0,Deluxe,200.7,Offline Agent,Canceled,2024,6,Jun,2024-06,3,602.0999999999999,1
BKG104774,Resort Hotel,2023-09-24,2024-03-07,2024-03-08,165,UK,1,0.0,Standard,255.77,Direct,Check-Out,2023,9,Sep,2023-09,1,255.77,0
BKG104775,Resort Hotel,2022-02-25,2022-05-14,2022-05-19,78,Brazil,3,0.0,Family,309.84,Online Travel Agent,Check-Out,2022,2,Feb,2022-02,5,1549.1999999999998,0
BKG104776,Resort Hotel,2022-09-19,2023-02-16,2023-02-22,150,France,4,0.0,Deluxe,292.91,Online Travel Agent,No-Show,2022,9,Sep,2022-09,6,1757.46,0
BKG104777,Resort Hotel,2023-08-29,2023-09-02,2023-09-03,4,France,2,2.0,Standard,145.45,Online Travel Agent,Check-Out,2023,8,Aug,2023-08,1,145.45,0
BKG104778,City Hotel,2022-05-08,2022-09-23,2022-09-27,138,Germany,1,0.0,Suite,203.38,Online Travel Agent,Check-Out,2022,5,May,2022-05,4,813.52,0
BKG104779,Resort Hotel,2022-03-02,2022-05-28,2022-06-05,87,Canada,2,0.0,Deluxe,265.09,Direct,Check-Out,2022,3,Mar,2022-03,8,2120.72,0
BKG104780,Resort Hotel,2022-12-22,2023-05-04,2023-05-06,133,India,2,1.0,Standard,205.24,Online Travel Agent,Canceled,2022,12,Dec,2022-12,2,410.48,1
BKG104781,City Hotel,2023-09-20,2024-03-14,2024-03-22,176,Australia,4,2.0,Deluxe,166.73,Online Travel Agent,Check-Out,2023,9,Sep,2023-09,8,1333.84,0
BKG104782,Resort Hotel,2023-04-08,2023-04-10,2023-04-11,2,USA,4,0.0,Deluxe,72.63,Corporate,Check-Out,2023,4,Apr,2023-04,1,72.63,0
BKG104783,City Hotel,2024-05-09,2024-10-24,2024-10-31,168,Germany,4,0.0,Family,268.52,Direct,Canceled,2024,5,May,2024-05,7,1879.6399999999999,1
BKG104784,Resort Hotel,2022-05-11,2022-06-09,2022-06-13,29,USA,3,0.0,Deluxe,243.57,Corporate,Check-Out,2022,5,May,2022-05,4,974.28,0
BKG104785,Resort Hotel,2023-09-13,2023-12-18,2023-12-27,96,Singapore,3,0.0,Suite,231.07,Corporate,Check-Out,2023,9,Sep,2023-09,9,2079.63,0
BKG104786,City Hotel,2023-11-16,2024-04-13,2024-04-18,149,UK,4,0.0,Standard,162.02,Corporate,Check-Out,2023,11,Nov,2023-11,5,810.1,0
BKG104787,City Hotel,2024-03-16,2024-06-02,2024-06-05,78,Australia,1,1.0,Suite,302.62,Online Travel Agent,Canceled,2024,3,Mar,2024-03,3,907.86,1
BKG104788,City Hotel,2024-04-12,2024-07-19,2024-07-25,98,Australia,1,0.0,Suite,147.31,Offline Agent,Check-Out,2024,4,Apr,2024-04,6,883.86,0
BKG104789,City Hotel,2022-03-11,2022-05-24,2022-05-30,74,France,2,0.0,Family,99.04,Corporate,Canceled,2022,3,Mar,2022-03,6,594.24,1
BKG104790,Resort Hotel,2023-07-28,2023-12-31,2024-01-04,156,Canada,1,0.0,Suite,129.09,Direct,Check-Out,2023,7,Jul,2023-07,4,516.36,0
BKG104791,City Hotel,2023-09-03,2023-09-28,2023-10-02,25,UAE,4,2.0,Suite,239.06,Direct,Check-Out,2023,9,Sep,2023-09,4,956.24,0
BKG104792,City Hotel,2023-05-15,2023-09-16,2023-09-24,124,France,2,1.0,Deluxe,273.97,Direct,Check-Out,2023,5,May,2023-05,8,2191.76,0
BKG104793,City Hotel,2022-06-18,2022-09-07,2022-09-08,81,USA,2,2.0,Family,256.45,Corporate,Check-Out,2022,6,Jun,2022-06,1,256.45,0
BKG104794,Resort Hotel,2022-07-04,2022-08-31,2022-09-08,58,Brazil,2,0.0,Family,188.92,Corporate,Check-Out,2022,7,Jul,2022-07,8,1511.36,0
BKG104795,City Hotel,2023-05-04,2023-05-16,2023-05-17,12,Canada,4,0.0,Deluxe,106.75,Direct,No-Show,2023,5,May,2023-05,1,106.75,0
BKG104796,City Hotel,2022-06-13,2022-07-07,2022-07-08,24,Australia,3,2.0,Suite,114.87,Direct,No-Show,2022,6,Jun,2022-06,1,114.87,0
BKG104797,Resort Hotel,2022-08-20,2022-09-29,2022-10-01,40,Singapore,3,0.0,Suite,314.92,Online Travel Agent,Check-Out,2022,8,Aug,2022-08,2,629.84,0
BKG104798,City Hotel,2022-04-13,2022-09-14,2022-09-24,154,Singapore,3,0.0,Family,222.79,Corporate,Check-Out,2022,4,Apr,2022-04,10,2227.9,0
BKG104799,City Hotel,2023-10-20,2023-10-20,2023-10-27,0,UAE,3,0.0,Deluxe,118.14,Corporate,Check-Out,2023,10,Oct,2023-10,7,826.98,0
BKG104800,Resort Hotel,2022-10-18,2023-03-11,2023-03-19,144,France,1,2.0,Standard,189.0,Direct,Check-Out,2022,10,Oct,2022-10,8,1512.0,0
BKG104801,Resort Hotel,2022-06-01,2022-08-10,2022-08-14,70,Canada,1,0.0,Deluxe,237.74,Online Travel Agent,Check-Out,2022,6,Jun,2022-06,4,950.96,0
BKG104802,City Hotel,2022-08-15,2022-09-18,2022-09-23,34,UK,2,0.0,Suite,250.72,Corporate,Check-Out,2022,8,Aug,2022-08,5,1253.6,0
BKG104803,Resort Hotel,2022-09-02,2023-01-26,2023-01-27,146,UK,4,0.0,Suite,319.72,Offline Agent,Check-Out,2022,9,Sep,2022-09,1,319.72,0
BKG104804,Resort Hotel,2023-07-07,2023-12-04,2023-12-11,150,Brazil,1,0.0,Deluxe,102.48,Offline Agent,Canceled,2023,7,Jul,2023-07,7,717.36,1
BKG104805,City Hotel,2022-10-15,2022-12-28,2023-01-07,74,Australia,3,0.0,Standard,349.88,Corporate,Check-Out,2022,10,Oct,2022-10,10,3498.8,0
BKG104806,City Hotel,2023-07-08,2023-08-30,2023-09-01,53,USA,1,2.0,Family,194.42,Offline Agent,Check-Out,2023,7,Jul,2023-07,2,388.84,0
BKG104807,City Hotel,2022-02-27,2022-03-26,2022-04-04,27,Australia,1,0.0,Deluxe,168.01,Offline Agent,Check-Out,2022,2,Feb,2022-02,9,1512.09,0
BKG104808,City Hotel,2022-03-02,2022-03-31,2022-04-03,29,Canada,2,0.0,Suite,172.8,Online Travel Agent,Check-Out,2022,3,Mar,2022-03,3,518.4000000000001,0
BKG104809,City Hotel,2022-02-04,2022-02-08,2022-02-12,4,Canada,4,1.0,Suite,277.62,Direct,Check-Out,2022,2,Feb,2022-02,4,1110.48,0
BKG104810,Resort Hotel,2023-05-02,2023-10-13,2023-10-17,164,Singapore,3,1.0,Suite,341.74,Online Travel Agent,Check-Out,2023,5,May,2023-05,4,1366.96,0
BKG104811,Resort Hotel,2024-06-05,2024-09-12,2024-09-16,99,Singapore,1,0.0,Deluxe,91.07,Direct,Check-Out,2024,6,Jun,2024-06,4,364.28,0
BKG104812,Resort Hotel,2024-05-23,2024-09-21,2024-09-24,121,Germany,3,0.0,Standard,87.08,Online Travel Agent,Check-Out,2024,5,May,2024-05,3,261.24,0
BKG104813,City Hotel,2022-06-06,2022-08-04,2022-08-12,59,France,1,0.0,Deluxe,70.75,Corporate,Check-Out,2022,6,Jun,2022-06,8,566.0,0
BKG104814,City Hotel,2022-06-06,2022-10-31,2022-11-03,147,UAE,3,0.0,Suite,306.17,Offline Agent,Check-Out,2022,6,Jun,2022-06,3,918.51,0
BKG104815,Resort Hotel,2024-04-11,2024-04-30,2024-05-07,19,Germany,1,0.0,Family,167.47,Corporate,Check-Out,2024,4,Apr,2024-04,7,1172.29,0
BKG104816,City Hotel,2024-02-05,2024-04-17,2024-04-20,72,Australia,2,1.0,Family,106.17,Offline Agent,Canceled,2024,2,Feb,2024-02,3,318.51,1
BKG104817,City Hotel,2024-02-03,2024-03-06,2024-03-09,32,France,4,1.0,Family,173.05,Online Travel Agent,Check-Out,2024,2,Feb,2024-02,3,519.1500000000001,0
BKG104818,Resort Hotel,2022-12-31,2023-03-26,2023-03-29,85,India,2,0.0,Suite,269.98,Online Travel Agent,Check-Out,2022,12,Dec,2022-12,3,809.94,0
BKG104819,City Hotel,2022-05-31,2022-09-01,2022-09-06,93,Germany,4,2.0,Family,75.25,Online Travel Agent,Check-Out,2022,5,May,2022-05,5,376.25,0
BKG104820,City Hotel,2023-11-02,2024-02-11,2024-02-12,101,Germany,2,0.0,Standard,306.64,Online Travel Agent,Check-Out,2023,11,Nov,2023-11,1,306.64,0
BKG104821,City Hotel,2022-05-06,2022-08-03,2022-08-10,89,UK,3,0.0,Standard,317.52,Online Travel Agent,Canceled,2022,5,May,2022-05,7,2222.64,1
BKG104822,Resort Hotel,2023-10-17,2024-04-08,2024-04-14,174,UAE,3,0.0,Standard,133.97,Corporate,Check-Out,2023,10,Oct,2023-10,6,803.8199999999999,0
BKG104823,Resort Hotel,2023-10-17,2024-02-13,2024-02-23,119,Singapore,1,0.0,Deluxe,180.61,Corporate,Check-Out,2023,10,Oct,2023-10,10,1806.1000000000001,0
BKG104824,City Hotel,2024-02-06,2024-05-10,2024-05-16,94,Singapore,2,1.0,Family,135.65,Corporate,Canceled,2024,2,Feb,2024-02,6,813.9000000000001,1
BKG104825,City Hotel,2023-04-05,2023-08-30,2023-09-09,147,UK,4,0.0,Family,98.57,Corporate,Check-Out,2023,4,Apr,2023-04,10,985.6999999999999,0
BKG104826,City Hotel,2023-06-27,2023-08-08,2023-08-16,42,Singapore,3,1.0,Suite,209.39,Online Travel Agent,Canceled,2023,6,Jun,2023-06,8,1675.12,1
BKG104827,Resort Hotel,2023-04-09,2023-08-20,2023-08-27,133,India,4,0.0,Standard,281.26,Corporate,Check-Out,2023,4,Apr,2023-04,7,1968.82,0
BKG104828,Resort Hotel,2023-07-11,2023-10-22,2023-10-30,103,Australia,3,0.0,Suite,91.41,Offline Agent,Check-Out,2023,7,Jul,2023-07,8,731.28,0
BKG104829,Resort Hotel,2023-10-24,2024-04-05,2024-04-15,164,Canada,2,1.0,Standard,157.5,Online Travel Agent,Canceled,2023,10,Oct,2023-10,10,1575.0,1
BKG104830,Resort Hotel,2024-01-12,2024-02-18,2024-02-28,37,UAE,3,2.0,Family,245.78,Offline Agent,Check-Out,2024,1,Jan,2024-01,10,2457.8,0
BKG104831,Resort Hotel,2022-02-26,2022-05-30,2022-06-03,93,Australia,2,0.0,Standard,223.19,Direct,Check-Out,2022,2,Feb,2022-02,4,892.76,0
BKG104832,Resort Hotel,2022-01-21,2022-02-06,2022-02-11,16,Brazil,3,1.0,Family,139.34,Direct,Canceled,2022,1,Jan,2022-01,5,696.7,1
BKG104833,City Hotel,2024-05-01,2024-10-16,2024-10-21,168,UAE,1,0.0,Standard,121.28,Offline Agent,Check-Out,2024,5,May,2024-05,5,606.4,0
BKG104834,Resort Hotel,2024-01-08,2024-03-04,2024-03-07,56,Canada,3,0.0,Standard,80.55,Direct,Canceled,2024,1,Jan,2024-01,3,241.64999999999998,1
BKG104835,City Hotel,2024-02-08,2024-04-11,2024-04-19,63,Australia,1,0.0,Family,193.37,Online Travel Agent,Check-Out,2024,2,Feb,2024-02,8,1546.96,0
BKG104836,Resort Hotel,2023-05-03,2023-10-28,2023-11-01,178,Australia,4,0.0,Deluxe,341.62,Offline Agent,Check-Out,2023,5,May,2023-05,4,1366.48,0
BKG104837,Resort Hotel,2022-06-23,2022-10-26,2022-10-31,125,Australia,4,0.0,Family,84.46,Offline Agent,Check-Out,2022,6,Jun,2022-06,5,422.29999999999995,0
BKG104838,Resort Hotel,2022-01-02,2022-06-03,2022-06-11,152,UAE,1,0.0,Family,208.95,Offline Agent,Canceled,2022,1,Jan,2022-01,8,1671.6,1
BKG104839,City Hotel,2022-03-15,2022-08-01,2022-08-02,139,Germany,4,0.0,Family,60.94,Online Travel Agent,Check-Out,2022,3,Mar,2022-03,1,60.94,0
BKG104840,Resort Hotel,2022-03-05,2022-03-10,2022-03-12,5,USA,1,0.0,Family,277.59,Offline Agent,Check-Out,2022,3,Mar,2022-03,2,555.18,0
BKG104841,Resort Hotel,2022-08-12,2023-01-16,2023-01-17,157,USA,3,0.0,Standard,305.01,Online Travel Agent,Canceled,2022,8,Aug,2022-08,1,305.01,1
BKG104842,City Hotel,2023-08-03,2023-09-22,2023-09-27,50,Australia,1,0.0,Family,287.04,Online Travel Agent,Check-Out,2023,8,Aug,2023-08,5,1435.2,0
BKG104843,City Hotel,2022-04-23,2022-07-04,2022-07-14,72,Germany,3,0.0,Deluxe,83.65,Direct,Canceled,2022,4,Apr,2022-04,10,836.5,1
BKG104844,City Hotel,2023-01-07,2023-02-04,2023-02-14,28,Singapore,4,0.0,Family,284.17,Online Travel Agent,Check-Out,2023,1,Jan,2023-01,10,2841.7000000000003,0
BKG104845,Resort Hotel,2022-05-30,2022-06-26,2022-06-28,27,UAE,4,0.0,Suite,311.61,Corporate,Canceled,2022,5,May,2022-05,2,623.22,1
BKG104846,City Hotel,2023-09-02,2023-12-10,2023-12-16,99,Australia,3,0.0,Standard,341.9,Direct,Canceled,2023,9,Sep,2023-09,6,2051.3999999999996,1
BKG104847,City Hotel,2024-05-03,2024-07-09,2024-07-18,67,Australia,1,0.0,Suite,261.64,Online Travel Agent,No-Show,2024,5,May,2024-05,9,2354.7599999999998,0
BKG104848,Resort Hotel,2022-06-24,2022-09-07,2022-09-10,75,UAE,3,0.0,Deluxe,181.49,Direct,Check-Out,2022,6,Jun,2022-06,3,544.47,0
BKG104849,Resort Hotel,2023-04-20,2023-09-28,2023-10-04,161,Germany,3,2.0,Family,188.36,Online Travel Agent,Check-Out,2023,4,Apr,2023-04,6,1130.16,0
BKG104850,City Hotel,2023-02-15,2023-03-10,2023-03-14,23,Canada,2,0.0,Family,128.18,Offline Agent,Check-Out,2023,2,Feb,2023-02,4,512.72,0
BKG104851,Resort Hotel,2023-06-15,2023-07-27,2023-07-30,42,Brazil,4,2.0,Standard,63.15,Online Travel Agent,Canceled,2023,6,Jun,2023-06,3,189.45,1
BKG104852,City Hotel,2022-11-03,2023-04-08,2023-04-15,156,Australia,2,0.0,Family,262.41,Offline Agent,Canceled,2022,11,Nov,2022-11,7,1836.8700000000001,1
BKG104853,City Hotel,2023-03-24,2023-05-07,2023-05-17,44,France,4,0.0,Standard,243.5,Online Travel Agent,Check-Out,2023,3,Mar,2023-03,10,2435.0,0
BKG104854,City Hotel,2024-01-02,2024-05-07,2024-05-09,126,Australia,4,0.0,Suite,298.3,Corporate,Canceled,2024,1,Jan,2024-01,2,596.6,1
BKG104855,City Hotel,2023-02-21,2023-05-20,2023-05-28,88,USA,4,0.0,Suite,131.08,Direct,Check-Out,2023,2,Feb,2023-02,8,1048.64,0
BKG104856,City Hotel,2023-04-22,2023-08-28,2023-09-07,128,Germany,2,0.0,Deluxe,211.13,Direct,Canceled,2023,4,Apr,2023-04,10,2111.3,1
BKG104857,City Hotel,2024-02-25,2024-05-31,2024-06-07,96,UK,3,0.0,Family,279.29,Corporate,Canceled,2024,2,Feb,2024-02,7,1955.0300000000002,1
BKG104858,Resort Hotel,2024-02-28,2024-05-12,2024-05-19,74,Germany,3,0.0,Standard,242.12,Online Travel Agent,Check-Out,2024,2,Feb,2024-02,7,1694.8400000000001,0
BKG104859,City Hotel,2022-04-13,2022-06-28,2022-07-02,76,UAE,4,0.0,Family,154.64,Direct,No-Show,2022,4,Apr,2022-04,4,618.56,0
BKG104860,Resort Hotel,2022-08-09,2022-09-12,2022-09-16,34,UAE,3,0.0,Family,269.74,Offline Agent,Check-Out,2022,8,Aug,2022-08,4,1078.96,0
BKG104861,City Hotel,2022-06-15,2022-07-18,2022-07-27,33,France,4,0.0,Deluxe,283.41,Online Travel Agent,No-Show,2022,6,Jun,2022-06,9,2550.69,0
BKG104862,City Hotel,2022-08-15,2023-02-10,2023-02-20,179,Australia,1,0.0,Family,118.53,Online Travel Agent,Canceled,2022,8,Aug,2022-08,10,1185.3,1
BKG104863,Resort Hotel,2023-11-20,2024-03-15,2024-03-23,116,USA,1,0.0,Standard,325.13,Online Travel Agent,Canceled,2023,11,Nov,2023-11,8,2601.04,1
BKG104864,Resort Hotel,2023-06-26,2023-07-23,2023-07-30,27,Brazil,2,0.0,Suite,80.05,Direct,Check-Out,2023,6,Jun,2023-06,7,560.35,0
BKG104865,Resort Hotel,2022-04-26,2022-07-26,2022-08-04,91,Australia,4,1.0,Deluxe,157.98,Offline Agent,Canceled,2022,4,Apr,2022-04,9,1421.82,1
BKG104866,Resort Hotel,2023-01-09,2023-01-14,2023-01-20,5,USA,4,2.0,Suite,278.43,Online Travel Agent,Check-Out,2023,1,Jan,2023-01,6,1670.58,0
BKG104867,City Hotel,2023-09-11,2024-01-31,2024-02-02,142,France,1,0.0,Deluxe,246.89,Online Travel Agent,Check-Out,2023,9,Sep,2023-09,2,493.78,0
BKG104868,City Hotel,2023-04-16,2023-08-18,2023-08-22,124,Australia,2,0.0,Family,256.43,Direct,Check-Out,2023,4,Apr,2023-04,4,1025.72,0
BKG104869,Resort Hotel,2023-02-27,2023-08-06,2023-08-10,160,UK,1,0.0,Family,110.21,Offline Agent,Check-Out,2023,2,Feb,2023-02,4,440.84,0
BKG104870,Resort Hotel,2022-08-20,2023-02-13,2023-02-15,177,Australia,1,0.0,Suite,131.48,Direct,Canceled,2022,8,Aug,2022-08,2,262.96,1
BKG104871,Resort Hotel,2023-05-31,2023-09-29,2023-10-01,121,Australia,3,0.0,Family,137.18,Direct,Check-Out,2023,5,May,2023-05,2,274.36,0
BKG104872,Resort Hotel,2022-02-01,2022-05-08,2022-05-13,96,Singapore,4,0.0,Deluxe,141.57,Online Travel Agent,Check-Out,2022,2,Feb,2022-02,5,707.8499999999999,0
BKG104873,City Hotel,2022-11-04,2022-12-08,2022-12-17,34,Singapore,3,0.0,Suite,312.9,Offline Agent,Check-Out,2022,11,Nov,2022-11,9,2816.1,0
BKG104874,City Hotel,2023-07-26,2023-12-22,2023-12-27,149,UK,4,0.0,Suite,98.74,Corporate,Canceled,2023,7,Jul,2023-07,5,493.7,1
BKG104875,City Hotel,2023-04-15,2023-09-06,2023-09-15,144,UAE,2,0.0,Suite,328.47,Corporate,Check-Out,2023,4,Apr,2023-04,9,2956.2300000000005,0
BKG104876,City Hotel,2023-10-29,2024-01-08,2024-01-11,71,Brazil,1,0.0,Family,62.73,Online Travel Agent,Check-Out,2023,10,Oct,2023-10,3,188.19,0
BKG104877,Resort Hotel,2024-04-29,2024-08-28,2024-09-05,121,UAE,3,0.0,Family,167.81,Offline Agent,Check-Out,2024,4,Apr,2024-04,8,1342.48,0
BKG104878,City Hotel,2022-05-12,2022-08-30,2022-09-09,110,Germany,2,0.0,Standard,128.71,Online Travel Agent,Canceled,2022,5,May,2022-05,10,1287.1000000000001,1
BKG104879,Resort Hotel,2023-10-06,2023-11-07,2023-11-13,32,UAE,3,0.0,Family,232.51,Direct,Check-Out,2023,10,Oct,2023-10,6,1395.06,0
BKG104880,Resort Hotel,2024-04-22,2024-08-24,2024-08-28,124,France,1,0.0,Suite,296.97,Offline Agent,Canceled,2024,4,Apr,2024-04,4,1187.88,1
BKG104881,Resort Hotel,2022-05-06,2022-07-01,2022-07-03,56,Canada,1,0.0,Deluxe,189.02,Direct,Check-Out,2022,5,May,2022-05,2,378.04,0
BKG104882,Resort Hotel,2022-07-20,2022-11-02,2022-11-05,105,UAE,3,2.0,Standard,243.27,Corporate,Check-Out,2022,7,Jul,2022-07,3,729.8100000000001,0
BKG104883,City Hotel,2022-11-13,2023-01-31,2023-02-04,79,USA,4,2.0,Deluxe,197.92,Corporate,No-Show,2022,11,Nov,2022-11,4,791.68,0
BKG104884,City Hotel,2023-09-16,2023-11-10,2023-11-16,55,Singapore,1,0.0,Deluxe,325.05,Corporate,Check-Out,2023,9,Sep,2023-09,6,1950.3000000000002,0
BKG104885,Resort Hotel,2024-01-09,2024-05-11,2024-05-15,123,USA,4,0.0,Family,117.74,Online Travel Agent,Canceled,2024,1,Jan,2024-01,4,470.96,1
BKG104886,City Hotel,2022-01-01,2022-06-14,2022-06-24,164,Singapore,2,2.0,Suite,182.0,Direct,Check-Out,2022,1,Jan,2022-01,10,1820.0,0
BKG104887,City Hotel,2023-04-29,2023-08-30,2023-09-05,123,UK,1,0.0,Standard,124.45,Offline Agent,Canceled,2023,4,Apr,2023-04,6,746.7,1
BKG104888,Resort Hotel,2024-02-06,2024-05-06,2024-05-07,90,UK,4,1.0,Suite,238.63,Offline Agent,Check-Out,2024,2,Feb,2024-02,1,238.63,0
BKG104889,Resort Hotel,2023-08-02,2023-10-11,2023-10-16,70,Germany,1,1.0,Standard,142.83,Online Travel Agent,Check-Out,2023,8,Aug,2023-08,5,714.1500000000001,0
BKG104890,Resort Hotel,2023-01-26,2023-07-08,2023-07-17,163,Australia,3,0.0,Deluxe,339.65,Online Travel Agent,Check-Out,2023,1,Jan,2023-01,9,3056.85,0
BKG104891,Resort Hotel,2023-02-07,2023-08-03,2023-08-04,177,UAE,2,1.0,Standard,132.45,Corporate,Canceled,2023,2,Feb,2023-02,1,132.45,1
BKG104892,Resort Hotel,2022-05-29,2022-10-28,2022-10-30,152,India,4,0.0,Family,175.7,Direct,Canceled,2022,5,May,2022-05,2,351.4,1
BKG104893,City Hotel,2023-06-12,2023-10-02,2023-10-04,112,France,3,0.0,Suite,143.85,Direct,Check-Out,2023,6,Jun,2023-06,2,287.7,0
BKG104894,City Hotel,2023-04-21,2023-10-03,2023-10-08,165,France,3,0.0,Standard,274.05,Corporate,Canceled,2023,4,Apr,2023-04,5,1370.25,1
BKG104895,Resort Hotel,2024-04-21,2024-07-18,2024-07-20,88,UK,2,0.0,Suite,176.4,Direct,Canceled,2024,4,Apr,2024-04,2,352.8,1
BKG104896,City Hotel,2022-09-06,2023-03-05,2023-03-12,180,Canada,2,0.0,Family,156.43,Offline Agent,Canceled,2022,9,Sep,2022-09,7,1095.01,1
BKG104897,City Hotel,2023-04-10,2023-04-24,2023-04-27,14,Australia,3,0.0,Family,192.38,Online Travel Agent,Canceled,2023,4,Apr,2023-04,3,577.14,1
BKG104898,Resort Hotel,2023-08-13,2024-01-24,2024-01-30,164,Australia,1,2.0,Standard,331.58,Online Travel Agent,Check-Out,2023,8,Aug,2023-08,6,1989.48,0
BKG104899,City Hotel,2023-09-24,2024-01-06,2024-01-12,104,Canada,3,0.0,Suite,99.42,Online Travel Agent,Check-Out,2023,9,Sep,2023-09,6,596.52,0
BKG104900,City Hotel,2022-09-23,2022-10-09,2022-10-12,16,Germany,3,0.0,Family,255.57,Online Travel Agent,Check-Out,2022,9,Sep,2022-09,3,766.71,0
BKG104901,Resort Hotel,2022-08-04,2022-10-24,2022-11-03,81,Singapore,4,0.0,Deluxe,62.07,Online Travel Agent,Canceled,2022,8,Aug,2022-08,10,620.7,1
BKG104902,Resort Hotel,2023-05-15,2023-06-11,2023-06-18,27,Brazil,2,2.0,Deluxe,317.34,Direct,Check-Out,2023,5,May,2023-05,7,2221.3799999999997,0
BKG104903,Resort Hotel,2023-08-03,2023-08-27,2023-09-05,24,Brazil,2,2.0,Family,303.89,Direct,Check-Out,2023,8,Aug,2023-08,9,2735.0099999999998,0
BKG104904,City Hotel,2022-12-07,2022-12-07,2022-12-09,0,Australia,1,1.0,Standard,273.74,Online Travel Agent,Check-Out,2022,12,Dec,2022-12,2,547.48,0
BKG104905,Resort Hotel,2023-06-17,2023-10-05,2023-10-13,110,Australia,3,0.0,Standard,96.58,Corporate,Check-Out,2023,6,Jun,2023-06,8,772.64,0
BKG104906,City Hotel,2023-06-15,2023-11-19,2023-11-23,157,Australia,2,2.0,Suite,91.13,Online Travel Agent,Check-Out,2023,6,Jun,2023-06,4,364.52,0
BKG104907,City Hotel,2023-05-16,2023-07-06,2023-07-08,51,France,2,0.0,Deluxe,305.27,Online Travel Agent,Check-Out,2023,5,May,2023-05,2,610.54,0
BKG104908,Resort Hotel,2022-05-21,2022-09-23,2022-09-30,125,Canada,2,0.0,Family,159.38,Corporate,Check-Out,2022,5,May,2022-05,7,1115.6599999999999,0
BKG104909,City Hotel,2024-06-01,2024-10-11,2024-10-14,132,UAE,3,1.0,Standard,278.5,Offline Agent,Check-Out,2024,6,Jun,2024-06,3,835.5,0
BKG104910,City Hotel,2022-04-23,2022-08-17,2022-08-20,116,Singapore,4,0.0,Deluxe,282.51,Offline Agent,Check-Out,2022,4,Apr,2022-04,3,847.53,0
BKG104911,Resort Hotel,2022-04-06,2022-05-25,2022-05-30,49,Germany,1,0.0,Deluxe,287.42,Corporate,Check-Out,2022,4,Apr,2022-04,5,1437.1000000000001,0
BKG104912,City Hotel,2024-01-01,2024-05-01,2024-05-06,121,France,4,0.0,Suite,187.88,Offline Agent,Check-Out,2024,1,Jan,2024-01,5,939.4,0
BKG104913,City Hotel,2022-11-08,2023-01-11,2023-01-20,64,Germany,2,0.0,Deluxe,209.43,Online Travel Agent,Canceled,2022,11,Nov,2022-11,9,1884.8700000000001,1
BKG104914,Resort Hotel,2022-12-04,2023-02-25,2023-03-06,83,UAE,4,1.0,Standard,141.05,Direct,Canceled,2022,12,Dec,2022-12,9,1269.45,1
BKG104915,City Hotel,2022-12-15,2022-12-31,2023-01-04,16,Australia,3,1.0,Family,168.29,Offline Agent,Check-Out,2022,12,Dec,2022-12,4,673.16,0
BKG104916,City Hotel,2022-08-13,2022-12-30,2023-01-07,139,USA,3,0.0,Deluxe,199.0,Corporate,Check-Out,2022,8,Aug,2022-08,8,1592.0,0
BKG104917,Resort Hotel,2022-12-14,2023-02-13,2023-02-22,61,India,2,0.0,Family,310.54,Corporate,Canceled,2022,12,Dec,2022-12,9,2794.86,1
BKG104918,City Hotel,2024-04-26,2024-05-30,2024-06-09,34,Australia,4,1.0,Deluxe,303.27,Online Travel Agent,Canceled,2024,4,Apr,2024-04,10,3032.7,1
BKG104919,City Hotel,2024-04-17,2024-08-22,2024-08-23,127,Canada,2,2.0,Family,127.6,Offline Agent,Check-Out,2024,4,Apr,2024-04,1,127.6,0
BKG104920,Resort Hotel,2024-05-17,2024-06-10,2024-06-11,24,USA,3,0.0,Deluxe,229.77,Online Travel Agent,Canceled,2024,5,May,2024-05,1,229.77,1
BKG104921,City Hotel,2022-08-12,2023-01-30,2023-02-04,171,Singapore,1,2.0,Deluxe,273.36,Offline Agent,Canceled,2022,8,Aug,2022-08,5,1366.8000000000002,1
BKG104922,Resort Hotel,2022-04-27,2022-08-29,2022-09-02,124,Australia,2,0.0,Family,121.24,Offline Agent,Check-Out,2022,4,Apr,2022-04,4,484.96,0
BKG104923,City Hotel,2023-03-23,2023-09-18,2023-09-24,179,Singapore,1,2.0,Family,330.31,Offline Agent,Check-Out,2023,3,Mar,2023-03,6,1981.8600000000001,0
BKG104924,City Hotel,2023-06-09,2023-08-25,2023-08-31,77,Australia,4,2.0,Family,272.41,Online Travel Agent,Check-Out,2023,6,Jun,2023-06,6,1634.46,0
BKG104925,City Hotel,2024-06-13,2024-11-13,2024-11-15,153,USA,4,0.0,Standard,304.36,Online Travel Agent,Check-Out,2024,6,Jun,2024-06,2,608.72,0
BKG104926,Resort Hotel,2022-07-01,2022-08-27,2022-09-06,57,UK,3,0.0,Family,66.02,Offline Agent,Check-Out,2022,7,Jul,2022-07,10,660.1999999999999,0
BKG104927,Resort Hotel,2024-05-27,2024-09-12,2024-09-21,108,UK,3,0.0,Family,65.14,Corporate,Check-Out,2024,5,May,2024-05,9,586.26,0
BKG104928,City Hotel,2022-08-22,2022-09-03,2022-09-09,12,UK,2,0.0,Standard,87.2,Offline Agent,No-Show,2022,8,Aug,2022-08,6,523.2,0
BKG104929,City Hotel,2023-01-18,2023-02-11,2023-02-15,24,Australia,2,0.0,Suite,111.56,Offline Agent,Check-Out,2023,1,Jan,2023-01,4,446.24,0
BKG104930,City Hotel,2022-09-12,2023-02-20,2023-03-02,161,Brazil,4,0.0,Deluxe,348.21,Online Travel Agent,Check-Out,2022,9,Sep,2022-09,10,3482.1,0
BKG104931,Resort Hotel,2024-03-02,2024-05-22,2024-05-26,81,UK,4,2.0,Family,188.82,Offline Agent,Check-Out,2024,3,Mar,2024-03,4,755.28,0
BKG104932,City Hotel,2022-06-05,2022-07-04,2022-07-08,29,USA,3,0.0,Suite,243.0,Direct,No-Show,2022,6,Jun,2022-06,4,972.0,0
BKG104933,City Hotel,2022-05-04,2022-07-31,2022-08-04,88,Germany,2,0.0,Standard,221.96,Direct,Canceled,2022,5,May,2022-05,4,887.84,1
BKG104934,City Hotel,2022-02-21,2022-03-01,2022-03-10,8,India,3,2.0,Standard,327.56,Direct,Check-Out,2022,2,Feb,2022-02,9,2948.04,0
BKG104935,Resort Hotel,2023-11-25,2024-03-19,2024-03-20,115,Germany,2,1.0,Family,267.75,Direct,Check-Out,2023,11,Nov,2023-11,1,267.75,0
BKG104936,City Hotel,2022-07-29,2022-10-13,2022-10-16,76,USA,3,0.0,Family,144.78,Offline Agent,Check-Out,2022,7,Jul,2022-07,3,434.34000000000003,0
BKG104937,Resort Hotel,2022-03-18,2022-07-18,2022-07-26,122,USA,3,0.0,Family,338.93,Online Travel Agent,Check-Out,2022,3,Mar,2022-03,8,2711.44,0
BKG104938,Resort Hotel,2023-05-23,2023-07-30,2023-08-08,68,Canada,2,0.0,Suite,265.48,Online Travel Agent,Canceled,2023,5,May,2023-05,9,2389.32,1
BKG104939,Resort Hotel,2023-05-18,2023-11-09,2023-11-19,175,France,4,0.0,Standard,83.25,Corporate,Check-Out,2023,5,May,2023-05,10,832.5,0
BKG104940,City Hotel,2024-04-16,2024-05-06,2024-05-16,20,Australia,4,0.0,Deluxe,86.7,Offline Agent,Check-Out,2024,4,Apr,2024-04,10,867.0,0
BKG104941,City Hotel,2022-12-26,2023-04-28,2023-04-29,123,Singapore,4,0.0,Family,328.54,Direct,Canceled,2022,12,Dec,2022-12,1,328.54,1
BKG104942,City Hotel,2024-05-17,2024-07-10,2024-07-18,54,Australia,3,1.0,Deluxe,194.12,Online Travel Agent,Check-Out,2024,5,May,2024-05,8,1552.96,0
BKG104943,City Hotel,2023-08-08,2023-09-26,2023-10-06,49,India,1,1.0,Family,170.11,Online Travel Agent,Check-Out,2023,8,Aug,2023-08,10,1701.1000000000001,0
BKG104944,City Hotel,2022-06-25,2022-12-07,2022-12-15,165,UAE,4,0.0,Deluxe,273.6,Offline Agent,Check-Out,2022,6,Jun,2022-06,8,2188.8,0
BKG104945,City Hotel,2024-05-18,2024-07-31,2024-08-04,74,Australia,1,0.0,Standard,123.63,Offline Agent,No-Show,2024,5,May,2024-05,4,494.52,0
BKG104946,City Hotel,2022-10-21,2023-02-06,2023-02-12,108,Singapore,3,2.0,Suite,85.43,Offline Agent,Check-Out,2022,10,Oct,2022-10,6,512.58,0
BKG104947,Resort Hotel,2023-09-09,2023-10-28,2023-10-31,49,UK,1,0.0,Family,269.29,Offline Agent,Check-Out,2023,9,Sep,2023-09,3,807.8700000000001,0
BKG104948,City Hotel,2022-01-27,2022-07-11,2022-07-15,165,Singapore,4,0.0,Suite,167.93,Corporate,Check-Out,2022,1,Jan,2022-01,4,671.72,0
BKG104949,Resort Hotel,2023-12-24,2024-06-18,2024-06-25,177,France,3,0.0,Family,61.23,Corporate,Check-Out,2023,12,Dec,2023-12,7,428.60999999999996,0
BKG104950,City Hotel,2023-06-02,2023-06-30,2023-07-04,28,Australia,2,0.0,Standard,110.26,Corporate,Check-Out,2023,6,Jun,2023-06,4,441.04,0
BKG104951,City Hotel,2022-06-17,2022-10-02,2022-10-09,107,India,3,0.0,Suite,260.74,Corporate,Check-Out,2022,6,Jun,2022-06,7,1825.18,0
BKG104952,Resort Hotel,2024-01-27,2024-07-10,2024-07-18,165,Australia,2,0.0,Family,143.08,Direct,Check-Out,2024,1,Jan,2024-01,8,1144.64,0
BKG104953,Resort Hotel,2023-11-05,2024-01-08,2024-01-16,64,Singapore,4,1.0,Standard,60.71,Offline Agent,No-Show,2023,11,Nov,2023-11,8,485.68,0
BKG104954,City Hotel,2022-03-04,2022-03-16,2022-03-19,12,France,3,0.0,Standard,212.43,Offline Agent,Check-Out,2022,3,Mar,2022-03,3,637.29,0
BKG104955,Resort Hotel,2022-09-03,2023-02-03,2023-02-13,153,Germany,4,2.0,Deluxe,198.72,Direct,Check-Out,2022,9,Sep,2022-09,10,1987.2,0
BKG104956,Resort Hotel,2024-01-12,2024-03-02,2024-03-11,50,Singapore,4,1.0,Family,220.64,Online Travel Agent,Check-Out,2024,1,Jan,2024-01,9,1985.7599999999998,0
BKG104957,City Hotel,2022-05-06,2022-08-28,2022-09-01,114,Australia,4,2.0,Deluxe,89.72,Direct,Check-Out,2022,5,May,2022-05,4,358.88,0
BKG104958,City Hotel,2022-02-08,2022-06-13,2022-06-23,125,Germany,2,1.0,Suite,217.59,Direct,Check-Out,2022,2,Feb,2022-02,10,2175.9,0
BKG104959,City Hotel,2023-09-11,2024-01-22,2024-01-23,133,India,4,2.0,Deluxe,134.14,Direct,Canceled,2023,9,Sep,2023-09,1,134.14,1
BKG104960,City Hotel,2022-06-30,2022-11-29,2022-12-09,152,UK,3,0.0,Family,216.94,Offline Agent,Check-Out,2022,6,Jun,2022-06,10,2169.4,0
BKG104961,City Hotel,2023-03-21,2023-05-07,2023-05-16,47,Canada,1,0.0,Family,190.36,Offline Agent,No-Show,2023,3,Mar,2023-03,9,1713.2400000000002,0
BKG104962,Resort Hotel,2023-11-18,2024-01-15,2024-01-25,58,Australia,4,0.0,Standard,214.5,Corporate,Check-Out,2023,11,Nov,2023-11,10,2145.0,0
BKG104963,Resort Hotel,2023-03-25,2023-05-31,2023-06-07,67,Canada,2,0.0,Suite,69.57,Online Travel Agent,Check-Out,2023,3,Mar,2023-03,7,486.98999999999995,0
BKG104964,Resort Hotel,2022-06-11,2022-08-15,2022-08-18,65,Australia,4,0.0,Deluxe,76.05,Corporate,No-Show,2022,6,Jun,2022-06,3,228.14999999999998,0
BKG104965,City Hotel,2023-12-11,2024-04-09,2024-04-17,120,Brazil,2,1.0,Standard,161.55,Offline Agent,Canceled,2023,12,Dec,2023-12,8,1292.4,1
BKG104966,City Hotel,2022-03-25,2022-05-18,2022-05-21,54,Australia,3,0.0,Deluxe,176.06,Corporate,Check-Out,2022,3,Mar,2022-03,3,528.1800000000001,0
BKG104967,City Hotel,2024-05-18,2024-07-09,2024-07-19,52,Singapore,3,1.0,Suite,281.99,Online Travel Agent,Check-Out,2024,5,May,2024-05,10,2819.9,0
BKG104968,City Hotel,2022-05-24,2022-10-12,2022-10-17,141,Singapore,2,2.0,Standard,248.02,Online Travel Agent,Check-Out,2022,5,May,2022-05,5,1240.1000000000001,0
BKG104969,Resort Hotel,2024-04-11,2024-09-08,2024-09-17,150,France,4,1.0,Suite,320.82,Online Travel Agent,Canceled,2024,4,Apr,2024-04,9,2887.38,1
BKG104970,City Hotel,2022-03-08,2022-05-15,2022-05-25,68,Germany,1,0.0,Suite,205.93,Offline Agent,Check-Out,2022,3,Mar,2022-03,10,2059.3,0
BKG104971,City Hotel,2022-08-20,2022-11-01,2022-11-07,73,Australia,2,1.0,Standard,303.85,Offline Agent,Check-Out,2022,8,Aug,2022-08,6,1823.1000000000001,0
BKG104972,Resort Hotel,2023-08-11,2024-01-12,2024-01-20,154,Australia,4,0.0,Suite,103.35,Offline Agent,Canceled,2023,8,Aug,2023-08,8,826.8,1
BKG104973,City Hotel,2022-03-28,2022-06-18,2022-06-22,82,India,2,0.0,Deluxe,63.04,Offline Agent,Canceled,2022,3,Mar,2022-03,4,252.16,1
BKG104974,City Hotel,2024-01-30,2024-02-14,2024-02-22,15,Brazil,4,2.0,Deluxe,196.41,Online Travel Agent,Canceled,2024,1,Jan,2024-01,8,1571.28,1
BKG104975,Resort Hotel,2022-04-21,2022-06-24,2022-06-30,64,USA,2,2.0,Family,169.43,Online Travel Agent,Check-Out,2022,4,Apr,2022-04,6,1016.58,0
BKG104976,Resort Hotel,2022-02-08,2022-06-15,2022-06-21,127,UAE,1,0.0,Suite,67.34,Online Travel Agent,Canceled,2022,2,Feb,2022-02,6,404.04,1
BKG104977,City Hotel,2022-08-13,2023-01-09,2023-01-12,149,Australia,2,0.0,Family,134.28,Direct,Check-Out,2022,8,Aug,2022-08,3,402.84000000000003,0
BKG104978,Resort Hotel,2022-05-11,2022-06-04,2022-06-09,24,Brazil,3,0.0,Suite,282.37,Online Travel Agent,Canceled,2022,5,May,2022-05,5,1411.85,1
BKG104979,Resort Hotel,2023-02-16,2023-07-10,2023-07-20,144,Singapore,2,0.0,Family,331.95,Corporate,Check-Out,2023,2,Feb,2023-02,10,3319.5,0
BKG104980,City Hotel,2022-12-01,2023-04-30,2023-05-01,150,Brazil,4,0.0,Suite,161.28,Online Travel Agent,Check-Out,2022,12,Dec,2022-12,1,161.28,0
BKG104981,City Hotel,2023-03-18,2023-05-10,2023-05-17,53,France,1,0.0,Standard,294.27,Online Travel Agent,Check-Out,2023,3,Mar,2023-03,7,2059.89,0
BKG104982,Resort Hotel,2024-04-27,2024-06-14,2024-06-15,48,Singapore,4,2.0,Deluxe,290.5,Online Travel Agent,Check-Out,2024,4,Apr,2024-04,1,290.5,0
BKG104983,Resort Hotel,2022-05-16,2022-10-02,2022-10-10,139,Australia,4,0.0,Deluxe,206.54,Corporate,Check-Out,2022,5,May,2022-05,8,1652.32,0
BKG104984,Resort Hotel,2022-05-28,2022-06-16,2022-06-25,19,Singapore,3,0.0,Deluxe,152.92,Online Travel Agent,Check-Out,2022,5,May,2022-05,9,1376.28,0
BKG104985,City Hotel,2022-06-03,2022-11-17,2022-11-24,167,Singapore,1,0.0,Family,263.49,Online Travel Agent,Check-Out,2022,6,Jun,2022-06,7,1844.43,0
BKG104986,Resort Hotel,2023-07-19,2023-08-05,2023-08-14,17,Singapore,3,0.0,Family,338.79,Online Travel Agent,No-Show,2023,7,Jul,2023-07,9,3049.11,0
BKG104987,Resort Hotel,2023-04-16,2023-05-03,2023-05-13,17,UAE,2,1.0,Suite,246.03,Offline Agent,Check-Out,2023,4,Apr,2023-04,10,2460.3,0
BKG104988,Resort Hotel,2023-04-29,2023-05-08,2023-05-14,9,India,4,1.0,Suite,104.42,Offline Agent,No-Show,2023,4,Apr,2023-04,6,626.52,0
BKG104989,City Hotel,2023-08-22,2024-02-04,2024-02-09,166,India,3,1.0,Standard,312.77,Online Travel Agent,Canceled,2023,8,Aug,2023-08,5,1563.85,1
BKG104990,City Hotel,2024-03-09,2024-08-28,2024-09-01,172,Australia,3,0.0,Family,180.94,Online Travel Agent,Canceled,2024,3,Mar,2024-03,4,723.76,1
BKG104991,City Hotel,2024-04-29,2024-07-30,2024-07-31,92,UAE,3,2.0,Family,66.04,Offline Agent,Check-Out,2024,4,Apr,2024-04,1,66.04,0
BKG104992,Resort Hotel,2023-07-05,2023-11-29,2023-12-03,147,Brazil,4,2.0,Standard,262.87,Corporate,Check-Out,2023,7,Jul,2023-07,4,1051.48,0
BKG104993,Resort Hotel,2022-08-20,2022-12-16,2022-12-19,118,USA,1,0.0,Family,154.43,Online Travel Agent,Check-Out,2022,8,Aug,2022-08,3,463.29,0
BKG104994,City Hotel,2022-01-28,2022-03-04,2022-03-12,35,UK,4,0.0,Suite,204.16,Direct,Check-Out,2022,1,Jan,2022-01,8,1633.28,0
BKG104995,City Hotel,2022-04-14,2022-05-03,2022-05-13,19,UK,1,0.0,Deluxe,186.69,Offline Agent,Check-Out,2022,4,Apr,2022-04,10,1866.9,0
BKG104996,Resort Hotel,2023-10-10,2024-02-28,2024-03-01,141,Australia,2,0.0,Suite,62.16,Corporate,No-Show,2023,10,Oct,2023-10,2,124.32,0
BKG104997,Resort Hotel,2022-09-13,2023-01-16,2023-01-25,125,Germany,1,0.0,Deluxe,149.52,Online Travel Agent,Check-Out,2022,9,Sep,2022-09,9,1345.68,0
BKG104998,City Hotel,2022-06-07,2022-09-08,2022-09-15,93,Australia,3,1.0,Standard,339.68,Online Travel Agent,Canceled,2022,6,Jun,2022-06,7,2377.76,1
BKG104999,City Hotel,2022-02-11,2022-02-19,2022-02-20,8,Germany,3,2.0,Standard,226.97,Corporate,Check-Out,2022,2,Feb,2022-02,1,226.97,0
BKG105000,City Hotel,2023-01-17,2023-01-30,2023-02-01,13,Canada,3,0.0,Standard,124.05,Online Travel Agent,No-Show,2023,1,Jan,2023-01,2,248.1,0
BKG105001,Resort Hotel,2023-04-10,2023-09-15,2023-09-20,158,Australia,1,0.0,Standard,315.17,Online Travel Agent,Check-Out,2023,4,Apr,2023-04,5,1575.8500000000001,0
BKG105002,Resort Hotel,2023-02-21,2023-03-16,2023-03-26,23,Australia,3,0.0,Standard,92.05,Offline Agent,Canceled,2023,2,Feb,2023-02,10,920.5,1
BKG105003,City Hotel,2023-03-01,2023-04-06,2023-04-13,36,France,4,1.0,Suite,215.54,Corporate,Check-Out,2023,3,Mar,2023-03,7,1508.78,0
BKG105004,City Hotel,2024-06-13,2024-11-22,2024-11-29,162,Australia,2,1.0,Family,330.04,Corporate,Check-Out,2024,6,Jun,2024-06,7,2310.28,0
BKG105005,City Hotel,2022-12-27,2023-06-03,2023-06-13,158,France,1,0.0,Deluxe,252.18,Direct,Canceled,2022,12,Dec,2022-12,10,2521.8,1
BKG105006,City Hotel,2023-07-29,2023-08-24,2023-08-31,26,Singapore,2,0.0,Suite,170.55,Online Travel Agent,Check-Out,2023,7,Jul,2023-07,7,1193.8500000000001,0
BKG105007,Resort Hotel,2023-02-06,2023-03-02,2023-03-07,24,Australia,4,0.0,Deluxe,219.11,Corporate,Check-Out,2023,2,Feb,2023-02,5,1095.5500000000002,0
BKG105008,City Hotel,2022-03-03,2022-08-18,2022-08-24,168,USA,2,0.0,Deluxe,85.14,Online Travel Agent,Check-Out,2022,3,Mar,2022-03,6,510.84000000000003,0
BKG105009,Resort Hotel,2022-07-21,2022-10-17,2022-10-24,88,UK,1,0.0,Family,334.41,Corporate,Check-Out,2022,7,Jul,2022-07,7,2340.8700000000003,0
BKG105010,Resort Hotel,2022-11-01,2023-01-18,2023-01-26,78,Australia,2,1.0,Standard,109.54,Offline Agent,Canceled,2022,11,Nov,2022-11,8,876.32,1
BKG105011,City Hotel,2022-03-19,2022-08-22,2022-08-29,156,Singapore,2,0.0,Suite,160.41,Direct,Check-Out,2022,3,Mar,2022-03,7,1122.87,0
BKG105012,City Hotel,2023-10-12,2024-04-09,2024-04-15,180,France,4,0.0,Family,64.38,Corporate,Check-Out,2023,10,Oct,2023-10,6,386.28,0
BKG105013,City Hotel,2023-04-08,2023-05-27,2023-06-06,49,USA,4,0.0,Family,226.66,Corporate,Check-Out,2023,4,Apr,2023-04,10,2266.6,0
BKG105014,Resort Hotel,2023-03-26,2023-07-28,2023-08-07,124,France,1,1.0,Suite,96.16,Direct,Check-Out,2023,3,Mar,2023-03,10,961.5999999999999,0
BKG105015,Resort Hotel,2022-03-30,2022-08-06,2022-08-07,129,Brazil,3,0.0,Family,156.79,Online Travel Agent,Check-Out,2022,3,Mar,2022-03,1,156.79,0
BKG105016,Resort Hotel,2022-05-13,2022-09-21,2022-09-28,131,USA,2,0.0,Family,218.67,Online Travel Agent,Check-Out,2022,5,May,2022-05,7,1530.6899999999998,0
BKG105017,City Hotel,2022-02-19,2022-08-04,2022-08-11,166,Australia,3,2.0,Suite,323.94,Direct,No-Show,2022,2,Feb,2022-02,7,2267.58,0
BKG105018,City Hotel,2023-05-20,2023-11-12,2023-11-18,176,Australia,2,0.0,Standard,87.95,Corporate,Check-Out,2023,5,May,2023-05,6,527.7,0
BKG105019,City Hotel,2023-11-21,2023-12-18,2023-12-25,27,Germany,3,0.0,Deluxe,161.7,Offline Agent,Check-Out,2023,11,Nov,2023-11,7,1131.8999999999999,0
BKG105020,City Hotel,2023-06-15,2023-08-23,2023-08-24,69,Singapore,1,0.0,Standard,137.47,Online Travel Agent,Check-Out,2023,6,Jun,2023-06,1,137.47,0
BKG105021,City Hotel,2023-05-14,2023-06-11,2023-06-21,28,UAE,3,1.0,Standard,246.28,Corporate,Check-Out,2023,5,May,2023-05,10,2462.8,0
BKG105022,Resort Hotel,2022-04-12,2022-06-22,2022-07-02,71,Singapore,3,0.0,Family,214.34,Direct,Check-Out,2022,4,Apr,2022-04,10,2143.4,0
BKG105023,Resort Hotel,2022-02-07,2022-06-06,2022-06-09,119,Singapore,4,1.0,Suite,270.68,Direct,Canceled,2022,2,Feb,2022-02,3,812.04,1
BKG105024,City Hotel,2023-06-16,2023-07-03,2023-07-10,17,UK,3,2.0,Deluxe,100.58,Online Travel Agent,Canceled,2023,6,Jun,2023-06,7,704.06,1
BKG105025,City Hotel,2023-09-11,2023-09-19,2023-09-27,8,France,1,0.0,Suite,269.8,Corporate,Check-Out,2023,9,Sep,2023-09,8,2158.4,0
BKG105026,Resort Hotel,2022-01-23,2022-07-11,2022-07-12,169,Brazil,4,0.0,Standard,135.9,Online Travel Agent,Canceled,2022,1,Jan,2022-01,1,135.9,1
BKG105027,City Hotel,2023-05-06,2023-07-04,2023-07-08,59,Germany,1,0.0,Deluxe,111.43,Offline Agent,Check-Out,2023,5,May,2023-05,4,445.72,0
BKG105028,Resort Hotel,2022-07-31,2022-12-05,2022-12-09,127,Australia,4,2.0,Deluxe,308.56,Direct,Canceled,2022,7,Jul,2022-07,4,1234.24,1
BKG105029,City Hotel,2023-01-31,2023-02-11,2023-02-17,11,Germany,1,0.0,Suite,194.65,Direct,Check-Out,2023,1,Jan,2023-01,6,1167.9,0
BKG105030,City Hotel,2024-02-15,2024-08-01,2024-08-07,168,Germany,3,2.0,Family,119.75,Direct,Canceled,2024,2,Feb,2024-02,6,718.5,1
BKG105031,City Hotel,2024-05-13,2024-08-15,2024-08-17,94,France,2,0.0,Deluxe,294.71,Offline Agent,Check-Out,2024,5,May,2024-05,2,589.42,0
BKG105032,Resort Hotel,2023-01-24,2023-02-08,2023-02-09,15,UAE,4,0.0,Standard,195.45,Corporate,Check-Out,2023,1,Jan,2023-01,1,195.45,0
BKG105033,Resort Hotel,2022-09-06,2022-10-05,2022-10-12,29,Germany,3,0.0,Family,289.43,Corporate,Check-Out,2022,9,Sep,2022-09,7,2026.01,0
BKG105034,Resort Hotel,2024-01-05,2024-01-17,2024-01-20,12,Australia,3,0.0,Family,316.71,Online Travel Agent,Check-Out,2024,1,Jan,2024-01,3,950.1299999999999,0
BKG105035,City Hotel,2023-07-07,2023-12-19,2023-12-29,165,Germany,2,0.0,Suite,114.91,Offline Agent,Check-Out,2023,7,Jul,2023-07,10,1149.1,0
BKG105036,Resort Hotel,2023-09-23,2023-11-10,2023-11-19,48,Australia,3,0.0,Suite,147.18,Online Travel Agent,Check-Out,2023,9,Sep,2023-09,9,1324.6200000000001,0
BKG105037,City Hotel,2022-10-13,2023-02-14,2023-02-20,124,Australia,2,2.0,Suite,138.53,Offline Agent,Check-Out,2022,10,Oct,2022-10,6,831.1800000000001,0
BKG105038,Resort Hotel,2022-04-15,2022-05-26,2022-06-04,41,Australia,3,1.0,Family,118.54,Offline Agent,Check-Out,2022,4,Apr,2022-04,9,1066.8600000000001,0
BKG105039,Resort Hotel,2024-03-02,2024-06-26,2024-06-27,116,UK,2,0.0,Deluxe,273.21,Online Travel Agent,Check-Out,2024,3,Mar,2024-03,1,273.21,0
BKG105040,City Hotel,2023-10-22,2024-04-18,2024-04-27,179,UK,4,0.0,Standard,287.95,Online Travel Agent,Check-Out,2023,10,Oct,2023-10,9,2591.5499999999997,0
BKG105041,City Hotel,2023-06-08,2023-08-01,2023-08-07,54,France,3,0.0,Deluxe,278.81,Offline Agent,Canceled,2023,6,Jun,2023-06,6,1672.8600000000001,1
BKG105042,City Hotel,2022-07-25,2022-12-15,2022-12-18,143,Germany,3,0.0,Standard,167.78,Direct,Canceled,2022,7,Jul,2022-07,3,503.34000000000003,1
BKG105043,City Hotel,2023-12-07,2024-02-08,2024-02-14,63,Germany,2,0.0,Suite,162.07,Offline Agent,Check-Out,2023,12,Dec,2023-12,6,972.42,0
BKG105044,City Hotel,2024-05-20,2024-05-25,2024-06-01,5,Canada,2,0.0,Suite,196.36,Offline Agent,Canceled,2024,5,May,2024-05,7,1374.52,1
BKG105045,Resort Hotel,2022-01-18,2022-06-06,2022-06-07,139,UK,1,0.0,Deluxe,292.24,Online Travel Agent,Canceled,2022,1,Jan,2022-01,1,292.24,1
BKG105046,City Hotel,2022-08-03,2022-12-30,2023-01-05,149,Brazil,3,0.0,Deluxe,111.87,Direct,Check-Out,2022,8,Aug,2022-08,6,671.22,0
BKG105047,Resort Hotel,2023-07-23,2023-10-21,2023-10-26,90,Australia,1,0.0,Deluxe,343.09,Direct,Check-Out,2023,7,Jul,2023-07,5,1715.4499999999998,0
BKG105048,City Hotel,2024-02-04,2024-03-07,2024-03-09,32,USA,3,0.0,Family,152.63,Online Travel Agent,Check-Out,2024,2,Feb,2024-02,2,305.26,0
BKG105049,City Hotel,2022-05-08,2022-10-13,2022-10-20,158,Singapore,4,2.0,Standard,309.94,Online Travel Agent,Check-Out,2022,5,May,2022-05,7,2169.58,0
BKG105050,City Hotel,2023-10-17,2024-01-15,2024-01-25,90,UK,1,0.0,Deluxe,111.8,Direct,Canceled,2023,10,Oct,2023-10,10,1118.0,1
BKG105051,Resort Hotel,2023-02-07,2023-03-27,2023-04-02,48,Germany,3,0.0,Deluxe,180.21,Offline Agent,Canceled,2023,2,Feb,2023-02,6,1081.26,1
BKG105052,City Hotel,2023-07-31,2024-01-27,2024-01-31,180,Canada,1,0.0,Standard,314.15,Offline Agent,Check-Out,2023,7,Jul,2023-07,4,1256.6,0
BKG105053,City Hotel,2022-07-25,2023-01-21,2023-01-30,180,UK,1,0.0,Family,145.05,Offline Agent,Check-Out,2022,7,Jul,2022-07,9,1305.45,0
BKG105054,City Hotel,2024-03-07,2024-04-17,2024-04-24,41,Australia,1,0.0,Suite,314.86,Online Travel Agent,No-Show,2024,3,Mar,2024-03,7,2204.02,0
BKG105055,Resort Hotel,2023-08-21,2023-10-19,2023-10-20,59,Brazil,4,0.0,Family,236.04,Online Travel Agent,Check-Out,2023,8,Aug,2023-08,1,236.04,0
BKG105056,Resort Hotel,2023-07-29,2023-11-17,2023-11-25,111,Singapore,4,2.0,Family,225.72,Online Travel Agent,Canceled,2023,7,Jul,2023-07,8,1805.76,1
BKG105057,Resort Hotel,2023-10-05,2024-02-27,2024-03-03,145,Germany,4,0.0,Standard,172.75,Online Travel Agent,Check-Out,2023,10,Oct,2023-10,5,863.75,0
BKG105058,City Hotel,2022-10-24,2022-11-16,2022-11-22,23,Singapore,3,0.0,Family,203.39,Online Travel Agent,Canceled,2022,10,Oct,2022-10,6,1220.34,1
BKG105059,City Hotel,2023-04-09,2023-06-01,2023-06-07,53,India,2,0.0,Deluxe,108.09,Offline Agent,Check-Out,2023,4,Apr,2023-04,6,648.54,0
BKG105060,City Hotel,2023-03-21,2023-07-27,2023-08-03,128,Germany,3,2.0,Standard,301.67,Online Travel Agent,Check-Out,2023,3,Mar,2023-03,7,2111.69,0
BKG105061,City Hotel,2022-03-10,2022-03-25,2022-04-01,15,Canada,3,0.0,Deluxe,148.36,Offline Agent,Canceled,2022,3,Mar,2022-03,7,1038.52,1
BKG105062,City Hotel,2023-12-02,2024-02-14,2024-02-18,74,Canada,1,0.0,Standard,158.57,Online Travel Agent,Canceled,2023,12,Dec,2023-12,4,634.28,1
BKG105063,Resort Hotel,2023-11-28,2023-12-12,2023-12-15,14,Singapore,4,0.0,Suite,226.25,Offline Agent,Check-Out,2023,11,Nov,2023-11,3,678.75,0
BKG105064,Resort Hotel,2023-09-15,2023-11-02,2023-11-08,48,Germany,3,0.0,Standard,134.2,Corporate,Check-Out,2023,9,Sep,2023-09,6,805.1999999999999,0
BKG105065,City Hotel,2024-02-27,2024-05-22,2024-05-25,85,India,1,0.0,Family,160.23,Direct,Check-Out,2024,2,Feb,2024-02,3,480.68999999999994,0
BKG105066,City Hotel,2024-02-19,2024-02-20,2024-03-01,1,India,1,2.0,Standard,72.91,Corporate,Check-Out,2024,2,Feb,2024-02,10,729.0999999999999,0
BKG105067,City Hotel,2022-11-06,2022-12-02,2022-12-07,26,India,1,0.0,Standard,288.39,Direct,Check-Out,2022,11,Nov,2022-11,5,1441.9499999999998,0
BKG105068,Resort Hotel,2023-05-06,2023-10-14,2023-10-19,161,Australia,2,2.0,Suite,259.53,Online Travel Agent,Canceled,2023,5,May,2023-05,5,1297.6499999999999,1
BKG105069,City Hotel,2022-06-25,2022-10-08,2022-10-13,105,Germany,4,0.0,Deluxe,152.88,Corporate,Check-Out,2022,6,Jun,2022-06,5,764.4,0
BKG105070,Resort Hotel,2023-09-07,2023-12-17,2023-12-18,101,Australia,3,0.0,Suite,133.52,Online Travel Agent,Check-Out,2023,9,Sep,2023-09,1,133.52,0
BKG105071,Resort Hotel,2023-11-20,2024-01-19,2024-01-29,60,Canada,4,2.0,Family,248.89,Direct,Check-Out,2023,11,Nov,2023-11,10,2488.8999999999996,0
BKG105072,City Hotel,2022-04-11,2022-08-29,2022-09-07,140,Australia,1,0.0,Standard,104.2,Online Travel Agent,Canceled,2022,4,Apr,2022-04,9,937.8000000000001,1
BKG105073,City Hotel,2024-03-09,2024-07-24,2024-07-25,137,Brazil,4,0.0,Family,106.81,Offline Agent,Check-Out,2024,3,Mar,2024-03,1,106.81,0
BKG105074,Resort Hotel,2023-01-02,2023-01-27,2023-02-02,25,Germany,1,0.0,Standard,196.06,Offline Agent,Check-Out,2023,1,Jan,2023-01,6,1176.3600000000001,0
BKG105075,Resort Hotel,2023-11-18,2024-02-15,2024-02-19,89,Singapore,2,1.0,Family,233.58,Online Travel Agent,Check-Out,2023,11,Nov,2023-11,4,934.32,0
BKG105076,Resort Hotel,2023-10-25,2023-12-24,2024-01-01,60,UAE,4,0.0,Deluxe,219.6,Online Travel Agent,Check-Out,2023,10,Oct,2023-10,8,1756.8,0
BKG105077,Resort Hotel,2022-05-22,2022-05-31,2022-06-02,9,India,3,0.0,Deluxe,129.64,Direct,Check-Out,2022,5,May,2022-05,2,259.28,0
BKG105078,Resort Hotel,2023-01-27,2023-06-23,2023-06-30,147,Germany,3,1.0,Deluxe,281.41,Online Travel Agent,Canceled,2023,1,Jan,2023-01,7,1969.8700000000001,1
BKG105079,City Hotel,2023-01-01,2023-01-24,2023-02-03,23,Australia,4,0.0,Family,125.77,Direct,Check-Out,2023,1,Jan,2023-01,10,1257.7,0
BKG105080,Resort Hotel,2023-11-03,2024-02-21,2024-02-25,110,India,1,0.0,Standard,147.76,Direct,Check-Out,2023,11,Nov,2023-11,4,591.04,0
BKG105081,City Hotel,2023-10-31,2024-01-18,2024-01-28,79,UAE,1,0.0,Deluxe,82.06,Offline Agent,Check-Out,2023,10,Oct,2023-10,10,820.6,0
BKG105082,Resort Hotel,2022-04-01,2022-05-24,2022-05-31,53,UAE,3,1.0,Standard,315.68,Corporate,Check-Out,2022,4,Apr,2022-04,7,2209.76,0
BKG105083,Resort Hotel,2022-07-08,2022-11-16,2022-11-19,131,France,2,0.0,Suite,315.59,Direct,Canceled,2022,7,Jul,2022-07,3,946.77,1
BKG105084,City Hotel,2023-09-02,2023-12-25,2024-01-04,114,UAE,2,0.0,Family,232.87,Online Travel Agent,Check-Out,2023,9,Sep,2023-09,10,2328.7,0
BKG105085,City Hotel,2022-09-03,2023-02-14,2023-02-18,164,India,3,0.0,Family,94.59,Corporate,Check-Out,2022,9,Sep,2022-09,4,378.36,0
BKG105086,Resort Hotel,2023-03-20,2023-06-01,2023-06-03,73,UAE,2,0.0,Suite,329.59,Online Travel Agent,Check-Out,2023,3,Mar,2023-03,2,659.18,0
BKG105087,City Hotel,2022-09-25,2023-01-20,2023-01-29,117,UAE,2,0.0,Standard,316.22,Online Travel Agent,Check-Out,2022,9,Sep,2022-09,9,2845.9800000000005,0
BKG105088,City Hotel,2022-05-26,2022-09-30,2022-10-01,127,USA,2,0.0,Standard,225.63,Corporate,Check-Out,2022,5,May,2022-05,1,225.63,0
BKG105089,Resort Hotel,2023-09-12,2024-02-19,2024-02-26,160,Canada,2,1.0,Deluxe,330.96,Online Travel Agent,Check-Out,2023,9,Sep,2023-09,7,2316.72,0
BKG105090,City Hotel,2024-06-13,2024-09-24,2024-09-29,103,Australia,3,0.0,Family,118.78,Offline Agent,Check-Out,2024,6,Jun,2024-06,5,593.9,0
BKG105091,City Hotel,2022-11-10,2023-02-17,2023-02-25,99,Germany,2,1.0,Standard,232.8,Online Travel Agent,Check-Out,2022,11,Nov,2022-11,8,1862.4,0
BKG105092,Resort Hotel,2022-07-31,2022-09-25,2022-09-28,56,USA,4,2.0,Family,284.72,Online Travel Agent,Check-Out,2022,7,Jul,2022-07,3,854.1600000000001,0
BKG105093,Resort Hotel,2023-03-04,2023-08-21,2023-08-29,170,France,1,2.0,Suite,224.34,Online Travel Agent,Canceled,2023,3,Mar,2023-03,8,1794.72,1
BKG105094,Resort Hotel,2022-12-27,2023-01-26,2023-01-31,30,Australia,4,0.0,Standard,182.52,Direct,Check-Out,2022,12,Dec,2022-12,5,912.6,0
BKG105095,Resort Hotel,2023-08-21,2023-11-12,2023-11-15,83,Australia,4,0.0,Family,297.55,Corporate,Canceled,2023,8,Aug,2023-08,3,892.6500000000001,1
BKG105096,City Hotel,2022-03-15,2022-06-01,2022-06-03,78,USA,1,2.0,Suite,324.94,Direct,Check-Out,2022,3,Mar,2022-03,2,649.88,0
BKG105097,City Hotel,2022-07-14,2022-08-23,2022-08-29,40,India,4,2.0,Family,233.74,Online Travel Agent,Check-Out,2022,7,Jul,2022-07,6,1402.44,0
BKG105098,Resort Hotel,2024-04-13,2024-10-10,2024-10-14,180,USA,3,1.0,Deluxe,273.65,Online Travel Agent,Check-Out,2024,4,Apr,2024-04,4,1094.6,0
BKG105099,City Hotel,2022-08-06,2022-08-12,2022-08-15,6,Brazil,2,2.0,Family,241.34,Online Travel Agent,Check-Out,2022,8,Aug,2022-08,3,724.02,0
BKG105100,Resort Hotel,2022-05-23,2022-10-21,2022-10-24,151,India,1,1.0,Deluxe,104.21,Direct,Check-Out,2022,5,May,2022-05,3,312.63,0
BKG105101,City Hotel,2023-07-21,2023-08-28,2023-09-01,38,USA,2,2.0,Standard,216.87,Online Travel Agent,No-Show,2023,7,Jul,2023-07,4,867.48,0
BKG105102,Resort Hotel,2023-10-04,2024-03-10,2024-03-20,158,Singapore,4,0.0,Family,326.61,Direct,Check-Out,2023,10,Oct,2023-10,10,3266.1000000000004,0
BKG105103,City Hotel,2023-04-25,2023-08-02,2023-08-10,99,UK,2,0.0,Deluxe,173.54,Offline Agent,Canceled,2023,4,Apr,2023-04,8,1388.32,1
BKG105104,City Hotel,2024-02-16,2024-05-30,2024-06-05,104,Singapore,1,0.0,Family,134.16,Corporate,Check-Out,2024,2,Feb,2024-02,6,804.96,0
BKG105105,Resort Hotel,2022-07-22,2022-07-28,2022-08-04,6,France,2,0.0,Suite,170.82,Online Travel Agent,Check-Out,2022,7,Jul,2022-07,7,1195.74,0
BKG105106,Resort Hotel,2023-12-21,2024-04-11,2024-04-14,112,USA,1,0.0,Deluxe,304.46,Online Travel Agent,Canceled,2023,12,Dec,2023-12,3,913.3799999999999,1
BKG105107,City Hotel,2023-06-15,2023-08-23,2023-08-27,69,USA,2,2.0,Standard,94.7,Online Travel Agent,Canceled,2023,6,Jun,2023-06,4,378.8,1
BKG105108,Resort Hotel,2023-10-11,2024-01-31,2024-02-10,112,UAE,4,0.0,Standard,318.92,Offline Agent,Canceled,2023,10,Oct,2023-10,10,3189.2000000000003,1
BKG105109,Resort Hotel,2022-10-14,2023-03-09,2023-03-15,146,Canada,1,0.0,Standard,142.03,Direct,Check-Out,2022,10,Oct,2022-10,6,852.1800000000001,0
BKG105110,Resort Hotel,2023-10-28,2023-10-29,2023-11-01,1,Australia,3,0.0,Family,281.03,Offline Agent,Check-Out,2023,10,Oct,2023-10,3,843.0899999999999,0
BKG105111,City Hotel,2023-12-02,2024-03-15,2024-03-18,104,USA,3,0.0,Family,210.69,Direct,Check-Out,2023,12,Dec,2023-12,3,632.0699999999999,0
BKG105112,City Hotel,2023-06-03,2023-06-29,2023-07-03,26,Canada,4,0.0,Suite,343.89,Online Travel Agent,Check-Out,2023,6,Jun,2023-06,4,1375.56,0
BKG105113,City Hotel,2023-05-03,2023-08-16,2023-08-19,105,Brazil,2,1.0,Suite,307.38,Online Travel Agent,Canceled,2023,5,May,2023-05,3,922.14,1
BKG105114,City Hotel,2022-05-12,2022-08-12,2022-08-21,92,Germany,2,2.0,Suite,161.48,Offline Agent,Check-Out,2022,5,May,2022-05,9,1453.32,0
BKG105115,City Hotel,2024-03-29,2024-04-28,2024-05-05,30,Australia,3,0.0,Suite,267.22,Offline Agent,Check-Out,2024,3,Mar,2024-03,7,1870.5400000000002,0
BKG105116,Resort Hotel,2022-07-14,2022-08-26,2022-09-05,43,Brazil,1,0.0,Standard,285.05,Corporate,Check-Out,2022,7,Jul,2022-07,10,2850.5,0
BKG105117,Resort Hotel,2024-05-29,2024-11-17,2024-11-23,172,USA,1,0.0,Standard,219.76,Online Travel Agent,Check-Out,2024,5,May,2024-05,6,1318.56,0
BKG105118,City Hotel,2022-02-16,2022-03-21,2022-03-25,33,Singapore,3,0.0,Deluxe,318.1,Online Travel Agent,Check-Out,2022,2,Feb,2022-02,4,1272.4,0
BKG105119,City Hotel,2022-10-05,2022-10-17,2022-10-26,12,Australia,1,0.0,Deluxe,261.04,Online Travel Agent,Check-Out,2022,10,Oct,2022-10,9,2349.36,0
BKG105120,City Hotel,2024-04-16,2024-07-22,2024-07-29,97,Singapore,1,0.0,Deluxe,191.37,Offline Agent,Check-Out,2024,4,Apr,2024-04,7,1339.5900000000001,0
BKG105121,City Hotel,2023-10-11,2024-03-01,2024-03-10,142,USA,3,1.0,Standard,208.65,Direct,Canceled,2023,10,Oct,2023-10,9,1877.8500000000001,1
BKG105122,City Hotel,2023-06-29,2023-08-26,2023-08-31,58,USA,4,1.0,Standard,276.68,Corporate,Check-Out,2023,6,Jun,2023-06,5,1383.4,0
BKG105123,Resort Hotel,2022-01-02,2022-06-11,2022-06-20,160,USA,1,0.0,Deluxe,349.38,Online Travel Agent,Canceled,2022,1,Jan,2022-01,9,3144.42,1
BKG105124,Resort Hotel,2023-12-15,2024-02-29,2024-03-09,76,France,2,0.0,Deluxe,242.43,Online Travel Agent,Check-Out,2023,12,Dec,2023-12,9,2181.87,0
BKG105125,City Hotel,2022-10-30,2023-01-17,2023-01-24,79,UK,4,2.0,Suite,241.77,Offline Agent,Check-Out,2022,10,Oct,2022-10,7,1692.39,0
BKG105126,Resort Hotel,2023-08-17,2023-08-21,2023-08-22,4,Germany,1,2.0,Suite,190.96,Corporate,Check-Out,2023,8,Aug,2023-08,1,190.96,0
BKG105127,Resort Hotel,2022-09-22,2022-10-18,2022-10-28,26,India,3,0.0,Deluxe,253.32,Online Travel Agent,Check-Out,2022,9,Sep,2022-09,10,2533.2,0
BKG105128,Resort Hotel,2023-02-03,2023-05-13,2023-05-15,99,Australia,4,0.0,Family,172.26,Corporate,Canceled,2023,2,Feb,2023-02,2,344.52,1
BKG105129,City Hotel,2022-11-15,2023-05-10,2023-05-19,176,UK,2,0.0,Suite,330.03,Online Travel Agent,Check-Out,2022,11,Nov,2022-11,9,2970.2699999999995,0
BKG105130,City Hotel,2023-07-02,2023-10-09,2023-10-19,99,France,4,2.0,Suite,100.51,Online Travel Agent,Check-Out,2023,7,Jul,2023-07,10,1005.1,0
BKG105131,Resort Hotel,2023-03-27,2023-05-02,2023-05-07,36,Brazil,4,1.0,Family,109.63,Direct,Check-Out,2023,3,Mar,2023-03,5,548.15,0
BKG105132,City Hotel,2023-02-18,2023-03-29,2023-03-30,39,Brazil,1,1.0,Suite,62.21,Online Travel Agent,Check-Out,2023,2,Feb,2023-02,1,62.21,0
BKG105133,City Hotel,2023-12-19,2024-01-28,2024-02-01,40,India,1,0.0,Family,68.29,Offline Agent,No-Show,2023,12,Dec,2023-12,4,273.16,0
BKG105134,City Hotel,2023-06-24,2023-09-28,2023-10-02,96,Australia,4,0.0,Deluxe,88.96,Corporate,Check-Out,2023,6,Jun,2023-06,4,355.84,0
BKG105135,City Hotel,2022-09-14,2023-02-28,2023-03-01,167,Canada,3,1.0,Standard,71.42,Direct,Canceled,2022,9,Sep,2022-09,1,71.42,1
BKG105136,City Hotel,2022-11-22,2023-03-01,2023-03-07,99,UAE,4,0.0,Family,89.24,Online Travel Agent,Check-Out,2022,11,Nov,2022-11,6,535.4399999999999,0
BKG105137,Resort Hotel,2022-04-08,2022-07-02,2022-07-10,85,India,1,0.0,Family,298.43,Online Travel Agent,Check-Out,2022,4,Apr,2022-04,8,2387.44,0
BKG105138,Resort Hotel,2023-12-07,2024-05-23,2024-05-24,168,UAE,3,2.0,Family,282.73,Offline Agent,Check-Out,2023,12,Dec,2023-12,1,282.73,0
BKG105139,City Hotel,2024-04-07,2024-05-24,2024-05-31,47,UK,2,0.0,Suite,269.22,Offline Agent,Check-Out,2024,4,Apr,2024-04,7,1884.5400000000002,0
BKG105140,City Hotel,2022-12-24,2022-12-31,2023-01-04,7,Singapore,2,0.0,Standard,312.81,Offline Agent,Check-Out,2022,12,Dec,2022-12,4,1251.24,0
BKG105141,Resort Hotel,2023-03-18,2023-09-06,2023-09-15,172,Australia,2,0.0,Deluxe,297.55,Direct,Check-Out,2023,3,Mar,2023-03,9,2677.9500000000003,0
BKG105142,Resort Hotel,2024-06-14,2024-12-01,2024-12-09,170,India,3,0.0,Standard,97.93,Direct,Check-Out,2024,6,Jun,2024-06,8,783.44,0
BKG105143,City Hotel,2023-08-20,2024-01-06,2024-01-16,139,India,2,0.0,Standard,223.88,Direct,Check-Out,2023,8,Aug,2023-08,10,2238.8,0
BKG105144,Resort Hotel,2024-04-12,2024-07-28,2024-08-03,107,USA,3,2.0,Suite,251.8,Online Travel Agent,Canceled,2024,4,Apr,2024-04,6,1510.8000000000002,1
BKG105145,City Hotel,2023-03-20,2023-06-13,2023-06-14,85,India,2,0.0,Standard,190.53,Corporate,Check-Out,2023,3,Mar,2023-03,1,190.53,0
BKG105146,City Hotel,2022-05-27,2022-11-17,2022-11-25,174,Brazil,1,0.0,Standard,173.36,Online Travel Agent,Check-Out,2022,5,May,2022-05,8,1386.88,0
BKG105147,Resort Hotel,2022-07-17,2022-11-27,2022-12-04,133,Australia,3,2.0,Deluxe,278.71,Offline Agent,Check-Out,2022,7,Jul,2022-07,7,1950.9699999999998,0
BKG105148,City Hotel,2023-03-01,2023-03-21,2023-03-28,20,Australia,2,1.0,Family,336.54,Offline Agent,Check-Out,2023,3,Mar,2023-03,7,2355.78,0
BKG105149,Resort Hotel,2023-09-05,2023-12-19,2023-12-29,105,UAE,3,0.0,Suite,259.79,Offline Agent,Canceled,2023,9,Sep,2023-09,10,2597.9,1
BKG105150,Resort Hotel,2023-07-12,2023-08-03,2023-08-08,22,Canada,1,0.0,Family,134.77,Online Travel Agent,Check-Out,2023,7,Jul,2023-07,5,673.85,0
BKG105151,City Hotel,2024-03-22,2024-08-05,2024-08-13,136,UK,3,0.0,Family,71.87,Corporate,Canceled,2024,3,Mar,2024-03,8,574.96,1
BKG105152,City Hotel,2023-07-02,2023-07-22,2023-07-31,20,India,4,1.0,Standard,209.81,Direct,Canceled,2023,7,Jul,2023-07,9,1888.29,1
BKG105153,City Hotel,2022-04-26,2022-09-20,2022-09-24,147,USA,4,0.0,Suite,187.09,Direct,Check-Out,2022,4,Apr,2022-04,4,748.36,0
BKG105154,Resort Hotel,2022-09-04,2022-11-13,2022-11-23,70,Singapore,3,0.0,Standard,220.11,Corporate,Check-Out,2022,9,Sep,2022-09,10,2201.1000000000004,0
BKG105155,Resort Hotel,2023-02-04,2023-03-21,2023-03-26,45,Australia,4,2.0,Family,186.86,Direct,Check-Out,2023,2,Feb,2023-02,5,934.3000000000001,0
BKG105156,Resort Hotel,2023-11-11,2023-12-22,2023-12-30,41,Germany,2,0.0,Suite,73.75,Corporate,Canceled,2023,11,Nov,2023-11,8,590.0,1
BKG105157,Resort Hotel,2022-11-14,2023-02-23,2023-03-04,101,USA,3,0.0,Standard,339.62,Corporate,Check-Out,2022,11,Nov,2022-11,9,3056.58,0
BKG105158,Resort Hotel,2023-09-08,2023-12-16,2023-12-25,99,India,4,0.0,Family,201.28,Online Travel Agent,Check-Out,2023,9,Sep,2023-09,9,1811.52,0
BKG105159,Resort Hotel,2022-03-19,2022-09-12,2022-09-22,177,Canada,3,0.0,Standard,189.32,Corporate,Check-Out,2022,3,Mar,2022-03,10,1893.1999999999998,0
BKG105160,Resort Hotel,2024-02-10,2024-02-20,2024-02-24,10,UAE,3,1.0,Family,271.43,Offline Agent,Check-Out,2024,2,Feb,2024-02,4,1085.72,0
BKG105161,City Hotel,2022-02-28,2022-08-07,2022-08-17,160,Canada,1,0.0,Family,212.74,Corporate,Check-Out,2022,2,Feb,2022-02,10,2127.4,0
BKG105162,City Hotel,2024-04-03,2024-04-17,2024-04-22,14,Australia,3,0.0,Deluxe,81.37,Online Travel Agent,Canceled,2024,4,Apr,2024-04,5,406.85,1
BKG105163,Resort Hotel,2023-01-19,2023-05-13,2023-05-16,114,India,4,0.0,Family,185.8,Online Travel Agent,Check-Out,2023,1,Jan,2023-01,3,557.4000000000001,0
BKG105164,City Hotel,2023-07-08,2023-11-30,2023-12-03,145,Germany,2,0.0,Family,263.15,Online Travel Agent,Check-Out,2023,7,Jul,2023-07,3,789.4499999999999,0
BKG105165,City Hotel,2022-08-21,2023-02-01,2023-02-09,164,UK,4,0.0,Standard,340.32,Direct,Check-Out,2022,8,Aug,2022-08,8,2722.56,0
BKG105166,City Hotel,2024-01-20,2024-03-31,2024-04-09,71,Canada,2,0.0,Suite,125.95,Offline Agent,Check-Out,2024,1,Jan,2024-01,9,1133.55,0
BKG105167,Resort Hotel,2023-09-19,2023-11-27,2023-12-04,69,France,4,2.0,Standard,154.3,Corporate,Check-Out,2023,9,Sep,2023-09,7,1080.1000000000001,0
BKG105168,City Hotel,2022-06-09,2022-09-24,2022-10-03,107,France,1,1.0,Family,187.98,Corporate,Check-Out,2022,6,Jun,2022-06,9,1691.82,0
BKG105169,City Hotel,2023-11-24,2024-03-15,2024-03-24,112,USA,3,1.0,Deluxe,298.26,Corporate,Check-Out,2023,11,Nov,2023-11,9,2684.34,0
BKG105170,City Hotel,2023-08-05,2023-10-05,2023-10-10,61,USA,4,2.0,Family,257.61,Corporate,Check-Out,2023,8,Aug,2023-08,5,1288.0500000000002,0
BKG105171,City Hotel,2023-11-15,2024-03-27,2024-04-04,133,Canada,2,0.0,Family,91.28,Direct,Check-Out,2023,11,Nov,2023-11,8,730.24,0
BKG105172,City Hotel,2023-10-05,2023-10-22,2023-10-27,17,Canada,3,2.0,Suite,321.66,Offline Agent,Canceled,2023,10,Oct,2023-10,5,1608.3000000000002,1
BKG105173,Resort Hotel,2024-03-07,2024-04-26,2024-05-06,50,Germany,4,0.0,Standard,336.67,Offline Agent,Canceled,2024,3,Mar,2024-03,10,3366.7000000000003,1
BKG105174,Resort Hotel,2024-04-20,2024-06-04,2024-06-12,45,Australia,4,2.0,Family,335.2,Online Travel Agent,Check-Out,2024,4,Apr,2024-04,8,2681.6,0
BKG105175,Resort Hotel,2024-03-12,2024-05-23,2024-05-26,72,UAE,1,0.0,Family,258.95,Corporate,Check-Out,2024,3,Mar,2024-03,3,776.8499999999999,0
BKG105176,City Hotel,2022-05-28,2022-06-14,2022-06-21,17,USA,2,0.0,Family,283.77,Corporate,Canceled,2022,5,May,2022-05,7,1986.3899999999999,1
BKG105177,Resort Hotel,2022-12-21,2023-02-18,2023-02-20,59,Australia,2,0.0,Deluxe,144.99,Online Travel Agent,Check-Out,2022,12,Dec,2022-12,2,289.98,0
BKG105178,City Hotel,2023-06-29,2023-10-17,2023-10-26,110,Australia,4,0.0,Family,288.47,Online Travel Agent,Canceled,2023,6,Jun,2023-06,9,2596.2300000000005,1
BKG105179,City Hotel,2022-04-15,2022-08-19,2022-08-20,126,Canada,3,2.0,Standard,128.71,Online Travel Agent,No-Show,2022,4,Apr,2022-04,1,128.71,0
BKG105180,City Hotel,2024-04-14,2024-10-07,2024-10-13,176,USA,3,0.0,Deluxe,113.35,Corporate,No-Show,2024,4,Apr,2024-04,6,680.0999999999999,0
BKG105181,Resort Hotel,2023-01-19,2023-04-14,2023-04-17,85,UAE,3,1.0,Standard,222.76,Offline Agent,Check-Out,2023,1,Jan,2023-01,3,668.28,0
BKG105182,Resort Hotel,2022-05-23,2022-05-24,2022-05-27,1,Germany,2,1.0,Standard,267.81,Online Travel Agent,Check-Out,2022,5,May,2022-05,3,803.4300000000001,0
BKG105183,City Hotel,2022-03-26,2022-06-05,2022-06-15,71,Canada,1,0.0,Suite,268.75,Corporate,Check-Out,2022,3,Mar,2022-03,10,2687.5,0
BKG105184,Resort Hotel,2023-12-02,2024-04-04,2024-04-08,124,Germany,3,0.0,Standard,103.41,Direct,Check-Out,2023,12,Dec,2023-12,4,413.64,0
BKG105185,City Hotel,2023-11-10,2024-05-08,2024-05-10,180,Brazil,2,1.0,Deluxe,173.17,Online Travel Agent,Check-Out,2023,11,Nov,2023-11,2,346.34,0
BKG105186,City Hotel,2023-10-19,2023-10-21,2023-10-30,2,Germany,3,1.0,Family,234.12,Offline Agent,Canceled,2023,10,Oct,2023-10,9,2107.08,1
BKG105187,Resort Hotel,2023-06-07,2023-08-15,2023-08-21,69,Canada,4,0.0,Standard,197.51,Direct,Check-Out,2023,6,Jun,2023-06,6,1185.06,0
BKG105188,Resort Hotel,2022-11-03,2023-02-11,2023-02-21,100,Brazil,3,0.0,Standard,223.55,Offline Agent,Check-Out,2022,11,Nov,2022-11,10,2235.5,0
BKG105189,Resort Hotel,2024-04-12,2024-04-19,2024-04-29,7,Australia,3,1.0,Deluxe,212.09,Offline Agent,Check-Out,2024,4,Apr,2024-04,10,2120.9,0
BKG105190,City Hotel,2024-01-08,2024-04-01,2024-04-10,84,France,4,0.0,Family,345.93,Direct,Check-Out,2024,1,Jan,2024-01,9,3113.37,0
BKG105191,Resort Hotel,2024-01-16,2024-05-30,2024-06-04,135,Canada,2,0.0,Suite,227.97,Direct,Check-Out,2024,1,Jan,2024-01,5,1139.85,0
BKG105192,Resort Hotel,2024-04-27,2024-05-08,2024-05-18,11,UK,1,0.0,Family,101.54,Corporate,Check-Out,2024,4,Apr,2024-04,10,1015.4000000000001,0
BKG105193,City Hotel,2022-05-22,2022-11-03,2022-11-12,165,Australia,3,0.0,Suite,120.96,Corporate,Canceled,2022,5,May,2022-05,9,1088.6399999999999,1
BKG105194,Resort Hotel,2024-01-03,2024-04-11,2024-04-17,99,Singapore,2,0.0,Family,201.68,Online Travel Agent,Check-Out,2024,1,Jan,2024-01,6,1210.08,0
BKG105195,City Hotel,2022-03-21,2022-08-25,2022-08-26,157,India,1,0.0,Family,111.01,Direct,Check-Out,2022,3,Mar,2022-03,1,111.01,0
BKG105196,City Hotel,2024-06-12,2024-10-08,2024-10-17,118,France,3,0.0,Family,106.62,Offline Agent,Check-Out,2024,6,Jun,2024-06,9,959.58,0
BKG105197,Resort Hotel,2023-10-14,2023-12-09,2023-12-11,56,Australia,1,0.0,Suite,100.69,Corporate,Check-Out,2023,10,Oct,2023-10,2,201.38,0
BKG105198,City Hotel,2024-01-03,2024-04-23,2024-05-01,111,Singapore,2,0.0,Deluxe,276.63,Online Travel Agent,Check-Out,2024,1,Jan,2024-01,8,2213.04,0
BKG105199,City Hotel,2024-02-01,2024-04-12,2024-04-18,71,Australia,4,2.0,Standard,103.07,Direct,Check-Out,2024,2,Feb,2024-02,6,618.42,0
BKG105200,Resort Hotel,2024-06-19,2024-07-09,2024-07-12,20,Brazil,3,0.0,Deluxe,333.2,Online Travel Agent,Check-Out,2024,6,Jun,2024-06,3,999.5999999999999,0
BKG105201,City Hotel,2023-07-11,2023-08-10,2023-08-15,30,Canada,1,0.0,Standard,327.71,Offline Agent,Check-Out,2023,7,Jul,2023-07,5,1638.55,0
BKG105202,City Hotel,2022-03-01,2022-06-26,2022-07-04,117,France,2,0.0,Family,133.56,Corporate,Check-Out,2022,3,Mar,2022-03,8,1068.48,0
BKG105203,City Hotel,2023-03-25,2023-04-11,2023-04-13,17,Singapore,2,0.0,Family,168.42,Direct,Check-Out,2023,3,Mar,2023-03,2,336.84,0
BKG105204,City Hotel,2022-02-12,2022-03-17,2022-03-22,33,Brazil,2,1.0,Family,293.25,Direct,Check-Out,2022,2,Feb,2022-02,5,1466.25,0
BKG105205,Resort Hotel,2022-10-14,2023-01-31,2023-02-09,109,India,3,0.0,Standard,208.93,Direct,Canceled,2022,10,Oct,2022-10,9,1880.3700000000001,1
BKG105206,Resort Hotel,2023-07-23,2024-01-12,2024-01-18,173,Canada,4,0.0,Family,169.62,Online Travel Agent,Canceled,2023,7,Jul,2023-07,6,1017.72,1
BKG105207,Resort Hotel,2023-05-18,2023-10-27,2023-10-29,162,India,2,1.0,Deluxe,148.65,Direct,Check-Out,2023,5,May,2023-05,2,297.3,0
BKG105208,City Hotel,2023-03-26,2023-05-06,2023-05-15,41,France,1,1.0,Family,132.33,Online Travel Agent,Check-Out,2023,3,Mar,2023-03,9,1190.97,0
BKG105209,City Hotel,2023-10-02,2023-12-21,2023-12-31,80,France,1,0.0,Deluxe,223.33,Direct,Check-Out,2023,10,Oct,2023-10,10,2233.3,0
BKG105210,Resort Hotel,2022-05-27,2022-07-14,2022-07-24,48,USA,3,0.0,Family,109.93,Online Travel Agent,Check-Out,2022,5,May,2022-05,10,1099.3000000000002,0
BKG105211,Resort Hotel,2022-01-05,2022-01-15,2022-01-24,10,UAE,2,0.0,Deluxe,97.07,Direct,Canceled,2022,1,Jan,2022-01,9,873.6299999999999,1
BKG105212,City Hotel,2022-02-13,2022-07-01,2022-07-11,138,India,2,2.0,Family,268.37,Corporate,Check-Out,2022,2,Feb,2022-02,10,2683.7,0
BKG105213,Resort Hotel,2022-03-14,2022-07-06,2022-07-08,114,France,1,0.0,Family,142.94,Corporate,Canceled,2022,3,Mar,2022-03,2,285.88,1
BKG105214,City Hotel,2023-09-21,2023-10-16,2023-10-18,25,Australia,4,0.0,Suite,224.64,Online Travel Agent,Canceled,2023,9,Sep,2023-09,2,449.28,1
BKG105215,Resort Hotel,2023-06-12,2023-10-25,2023-11-03,135,UK,3,1.0,Family,267.92,Direct,Check-Out,2023,6,Jun,2023-06,9,2411.28,0
BKG105216,City Hotel,2022-01-21,2022-03-23,2022-03-29,61,India,1,0.0,Family,259.73,Direct,Check-Out,2022,1,Jan,2022-01,6,1558.38,0
BKG105217,City Hotel,2023-04-20,2023-05-05,2023-05-11,15,Brazil,2,0.0,Suite,325.32,Corporate,Check-Out,2023,4,Apr,2023-04,6,1951.92,0
BKG105218,City Hotel,2022-11-03,2023-02-08,2023-02-17,97,Australia,4,1.0,Standard,195.37,Corporate,Check-Out,2022,11,Nov,2022-11,9,1758.33,0
BKG105219,Resort Hotel,2023-06-02,2023-08-19,2023-08-20,78,USA,1,0.0,Deluxe,331.02,Offline Agent,Check-Out,2023,6,Jun,2023-06,1,331.02,0
BKG105220,City Hotel,2023-04-04,2023-08-12,2023-08-17,130,Germany,4,0.0,Deluxe,65.0,Direct,No-Show,2023,4,Apr,2023-04,5,325.0,0
BKG105221,Resort Hotel,2022-05-31,2022-08-22,2022-08-31,83,UK,2,0.0,Deluxe,199.46,Direct,Check-Out,2022,5,May,2022-05,9,1795.14,0
BKG105222,City Hotel,2022-02-15,2022-03-16,2022-03-22,29,UAE,3,0.0,Family,196.51,Offline Agent,No-Show,2022,2,Feb,2022-02,6,1179.06,0
BKG105223,City Hotel,2023-03-24,2023-04-13,2023-04-14,20,Brazil,1,0.0,Standard,65.51,Online Travel Agent,Check-Out,2023,3,Mar,2023-03,1,65.51,0
BKG105224,Resort Hotel,2023-01-26,2023-03-08,2023-03-13,41,Germany,4,2.0,Suite,278.13,Online Travel Agent,Check-Out,2023,1,Jan,2023-01,5,1390.65,0
BKG105225,City Hotel,2022-05-12,2022-08-21,2022-08-31,101,UAE,4,0.0,Family,85.0,Online Travel Agent,Check-Out,2022,5,May,2022-05,10,850.0,0
BKG105226,Resort Hotel,2023-05-31,2023-10-01,2023-10-07,123,Germany,4,0.0,Standard,193.67,Direct,Canceled,2023,5,May,2023-05,6,1162.02,1
BKG105227,City Hotel,2023-07-19,2023-08-22,2023-08-26,34,France,4,0.0,Suite,252.94,Offline Agent,Check-Out,2023,7,Jul,2023-07,4,1011.76,0
BKG105228,Resort Hotel,2023-10-16,2024-01-05,2024-01-06,81,Germany,1,0.0,Suite,242.99,Corporate,Canceled,2023,10,Oct,2023-10,1,242.99,1
BKG105229,City Hotel,2023-07-17,2023-10-04,2023-10-07,79,UAE,2,0.0,Family,335.82,Online Travel Agent,Check-Out,2023,7,Jul,2023-07,3,1007.46,0
BKG105230,Resort Hotel,2024-06-01,2024-09-23,2024-09-27,114,India,2,1.0,Family,251.72,Corporate,Check-Out,2024,6,Jun,2024-06,4,1006.88,0
BKG105231,Resort Hotel,2022-02-15,2022-05-14,2022-05-19,88,USA,4,0.0,Standard,113.31,Direct,Canceled,2022,2,Feb,2022-02,5,566.55,1
BKG105232,Resort Hotel,2022-06-18,2022-11-30,2022-12-08,165,Australia,4,0.0,Standard,181.34,Corporate,Check-Out,2022,6,Jun,2022-06,8,1450.72,0
BKG105233,City Hotel,2023-03-21,2023-08-25,2023-09-01,157,Australia,1,2.0,Standard,341.2,Online Travel Agent,Canceled,2023,3,Mar,2023-03,7,2388.4,1
BKG105234,City Hotel,2024-05-30,2024-10-19,2024-10-22,142,UAE,2,0.0,Family,264.78,Corporate,Check-Out,2024,5,May,2024-05,3,794.3399999999999,0
BKG105235,Resort Hotel,2023-07-30,2023-09-28,2023-09-29,60,Australia,4,0.0,Deluxe,124.73,Online Travel Agent,No-Show,2023,7,Jul,2023-07,1,124.73,0
BKG105236,City Hotel,2023-08-16,2023-09-19,2023-09-28,34,USA,4,0.0,Family,87.39,Corporate,Check-Out,2023,8,Aug,2023-08,9,786.51,0
BKG105237,City Hotel,2023-07-13,2023-10-31,2023-11-04,110,France,3,0.0,Deluxe,251.28,Direct,Check-Out,2023,7,Jul,2023-07,4,1005.12,0
BKG105238,Resort Hotel,2024-04-08,2024-08-31,2024-09-10,145,India,2,0.0,Standard,284.39,Direct,Canceled,2024,4,Apr,2024-04,10,2843.8999999999996,1
BKG105239,Resort Hotel,2022-12-25,2023-05-10,2023-05-11,136,France,4,0.0,Suite,177.66,Online Travel Agent,Canceled,2022,12,Dec,2022-12,1,177.66,1
BKG105240,Resort Hotel,2024-06-01,2024-06-11,2024-06-20,10,USA,3,0.0,Deluxe,144.18,Online Travel Agent,Canceled,2024,6,Jun,2024-06,9,1297.6200000000001,1
BKG105241,Resort Hotel,2022-06-17,2022-10-10,2022-10-18,115,UK,2,0.0,Standard,73.65,Online Travel Agent,Check-Out,2022,6,Jun,2022-06,8,589.2,0
BKG105242,Resort Hotel,2023-05-01,2023-05-23,2023-05-31,22,France,4,0.0,Family,94.57,Direct,Check-Out,2023,5,May,2023-05,8,756.56,0
BKG105243,City Hotel,2023-05-19,2023-07-14,2023-07-21,56,France,1,1.0,Standard,150.16,Offline Agent,Check-Out,2023,5,May,2023-05,7,1051.12,0
BKG105244,Resort Hotel,2022-03-09,2022-07-15,2022-07-20,128,India,1,0.0,Standard,289.8,Direct,Check-Out,2022,3,Mar,2022-03,5,1449.0,0
BKG105245,Resort Hotel,2024-05-03,2024-10-25,2024-10-28,175,France,1,0.0,Standard,299.12,Online Travel Agent,Check-Out,2024,5,May,2024-05,3,897.36,0
BKG105246,Resort Hotel,2024-04-20,2024-06-22,2024-07-02,63,Brazil,2,0.0,Deluxe,163.02,Offline Agent,Canceled,2024,4,Apr,2024-04,10,1630.2,1
BKG105247,City Hotel,2022-05-31,2022-08-07,2022-08-12,68,Australia,2,1.0,Family,266.1,Online Travel Agent,Check-Out,2022,5,May,2022-05,5,1330.5,0
BKG105248,Resort Hotel,2024-01-30,2024-04-18,2024-04-25,79,Germany,1,0.0,Family,322.11,Corporate,Check-Out,2024,1,Jan,2024-01,7,2254.77,0
BKG105249,City Hotel,2023-03-30,2023-06-17,2023-06-25,79,USA,1,2.0,Deluxe,90.24,Online Travel Agent,Canceled,2023,3,Mar,2023-03,8,721.92,1
BKG105250,Resort Hotel,2024-03-18,2024-05-14,2024-05-18,57,Brazil,2,1.0,Family,160.79,Offline Agent,Check-Out,2024,3,Mar,2024-03,4,643.16,0
BKG105251,Resort Hotel,2022-03-14,2022-04-17,2022-04-24,34,Australia,4,1.0,Deluxe,258.22,Offline Agent,Canceled,2022,3,Mar,2022-03,7,1807.5400000000002,1
BKG105252,City Hotel,2023-11-22,2023-11-28,2023-12-07,6,Singapore,4,1.0,Family,162.98,Corporate,Canceled,2023,11,Nov,2023-11,9,1466.82,1
BKG105253,Resort Hotel,2023-04-06,2023-07-28,2023-08-03,113,Singapore,4,1.0,Family,185.77,Online Travel Agent,Canceled,2023,4,Apr,2023-04,6,1114.6200000000001,1
BKG105254,Resort Hotel,2022-11-22,2022-11-30,2022-12-07,8,Australia,2,0.0,Deluxe,250.14,Direct,Check-Out,2022,11,Nov,2022-11,7,1750.98,0
BKG105255,City Hotel,2022-10-13,2023-02-09,2023-02-14,119,UAE,1,0.0,Family,185.86,Online Travel Agent,Check-Out,2022,10,Oct,2022-10,5,929.3000000000001,0
BKG105256,City Hotel,2023-10-23,2024-03-10,2024-03-16,139,UK,3,1.0,Standard,60.88,Offline Agent,No-Show,2023,10,Oct,2023-10,6,365.28000000000003,0
BKG105257,City Hotel,2022-08-04,2022-09-07,2022-09-09,34,Singapore,2,0.0,Family,60.88,Direct,Canceled,2022,8,Aug,2022-08,2,121.76,1
BKG105258,City Hotel,2023-06-05,2023-10-17,2023-10-18,134,UAE,2,0.0,Family,230.64,Online Travel Agent,Check-Out,2023,6,Jun,2023-06,1,230.64,0
BKG105259,Resort Hotel,2022-08-12,2022-08-26,2022-09-04,14,Canada,2,1.0,Standard,296.12,Online Travel Agent,Check-Out,2022,8,Aug,2022-08,9,2665.08,0
BKG105260,City Hotel,2022-07-12,2023-01-03,2023-01-05,175,France,3,0.0,Standard,125.21,Offline Agent,Check-Out,2022,7,Jul,2022-07,2,250.42,0
BKG105261,City Hotel,2024-05-20,2024-09-13,2024-09-14,116,USA,3,2.0,Standard,275.34,Offline Agent,Canceled,2024,5,May,2024-05,1,275.34,1
BKG105262,City Hotel,2022-06-12,2022-08-26,2022-09-05,75,Germany,3,2.0,Family,169.37,Corporate,Canceled,2022,6,Jun,2022-06,10,1693.7,1
BKG105263,Resort Hotel,2024-01-12,2024-01-24,2024-02-03,12,Australia,3,0.0,Family,181.09,Online Travel Agent,Check-Out,2024,1,Jan,2024-01,10,1810.9,0
BKG105264,Resort Hotel,2023-06-02,2023-11-04,2023-11-11,155,USA,2,2.0,Deluxe,252.77,Direct,Canceled,2023,6,Jun,2023-06,7,1769.39,1
BKG105265,Resort Hotel,2023-01-17,2023-04-28,2023-05-05,101,Singapore,4,0.0,Family,78.28,Online Travel Agent,Check-Out,2023,1,Jan,2023-01,7,547.96,0
BKG105266,Resort Hotel,2022-01-08,2022-03-17,2022-03-23,68,Singapore,2,0.0,Standard,198.13,Direct,Check-Out,2022,1,Jan,2022-01,6,1188.78,0
BKG105267,Resort Hotel,2022-09-06,2022-10-02,2022-10-11,26,France,4,0.0,Family,150.82,Online Travel Agent,Canceled,2022,9,Sep,2022-09,9,1357.3799999999999,1
BKG105268,City Hotel,2023-10-12,2023-11-04,2023-11-12,23,France,2,0.0,Standard,86.07,Corporate,Check-Out,2023,10,Oct,2023-10,8,688.56,0
BKG105269,Resort Hotel,2022-12-20,2023-03-23,2023-03-28,93,Germany,3,0.0,Deluxe,293.91,Corporate,Check-Out,2022,12,Dec,2022-12,5,1469.5500000000002,0
BKG105270,City Hotel,2022-03-18,2022-07-02,2022-07-07,106,Germany,1,0.0,Standard,250.21,Direct,Check-Out,2022,3,Mar,2022-03,5,1251.05,0
BKG105271,Resort Hotel,2022-08-27,2023-01-05,2023-01-12,131,India,3,2.0,Family,175.89,Online Travel Agent,Check-Out,2022,8,Aug,2022-08,7,1231.23,0
BKG105272,Resort Hotel,2022-11-30,2023-01-14,2023-01-20,45,Australia,1,0.0,Family,344.96,Direct,Check-Out,2022,11,Nov,2022-11,6,2069.7599999999998,0
BKG105273,City Hotel,2023-04-18,2023-04-23,2023-04-30,5,Canada,4,2.0,Standard,183.83,Direct,Check-Out,2023,4,Apr,2023-04,7,1286.8100000000002,0
BKG105274,City Hotel,2022-11-13,2023-02-08,2023-02-11,87,France,3,0.0,Family,218.79,Corporate,Check-Out,2022,11,Nov,2022-11,3,656.37,0
BKG105275,Resort Hotel,2022-01-26,2022-06-21,2022-06-22,146,Singapore,3,0.0,Suite,339.4,Online Travel Agent,Canceled,2022,1,Jan,2022-01,1,339.4,1
BKG105276,City Hotel,2023-01-23,2023-03-17,2023-03-27,53,UAE,2,2.0,Standard,266.23,Direct,Check-Out,2023,1,Jan,2023-01,10,2662.3,0
BKG105277,Resort Hotel,2023-04-12,2023-05-03,2023-05-04,21,UK,1,0.0,Family,239.29,Corporate,No-Show,2023,4,Apr,2023-04,1,239.29,0
BKG105278,Resort Hotel,2022-08-30,2023-01-09,2023-01-14,132,Brazil,4,0.0,Deluxe,272.54,Online Travel Agent,Check-Out,2022,8,Aug,2022-08,5,1362.7,0
BKG105279,Resort Hotel,2023-09-13,2023-10-07,2023-10-14,24,Germany,2,0.0,Family,224.3,Online Travel Agent,Check-Out,2023,9,Sep,2023-09,7,1570.1000000000001,0
BKG105280,Resort Hotel,2022-08-14,2022-09-17,2022-09-26,34,USA,4,0.0,Deluxe,201.98,Corporate,No-Show,2022,8,Aug,2022-08,9,1817.82,0
BKG105281,City Hotel,2024-02-01,2024-02-28,2024-03-02,27,UK,2,0.0,Deluxe,316.3,Online Travel Agent,Check-Out,2024,2,Feb,2024-02,3,948.9000000000001,0
BKG105282,City Hotel,2023-11-03,2024-04-10,2024-04-13,159,Brazil,3,0.0,Standard,93.62,Offline Agent,Check-Out,2023,11,Nov,2023-11,3,280.86,0
BKG105283,Resort Hotel,2022-05-06,2022-10-27,2022-11-06,174,USA,4,0.0,Family,202.52,Direct,Check-Out,2022,5,May,2022-05,10,2025.2,0
BKG105284,Resort Hotel,2024-06-06,2024-07-14,2024-07-18,38,Germany,2,0.0,Suite,223.85,Direct,Check-Out,2024,6,Jun,2024-06,4,895.4,0
BKG105285,City Hotel,2023-01-18,2023-03-22,2023-03-28,63,UK,4,0.0,Suite,266.44,Corporate,Check-Out,2023,1,Jan,2023-01,6,1598.6399999999999,0
BKG105286,City Hotel,2023-10-11,2023-10-16,2023-10-21,5,Canada,1,2.0,Family,133.57,Online Travel Agent,Canceled,2023,10,Oct,2023-10,5,667.8499999999999,1
BKG105287,Resort Hotel,2023-03-16,2023-08-03,2023-08-06,140,France,2,0.0,Suite,215.49,Offline Agent,Check-Out,2023,3,Mar,2023-03,3,646.47,0
BKG105288,City Hotel,2024-04-12,2024-05-06,2024-05-13,24,India,2,1.0,Deluxe,97.75,Offline Agent,Canceled,2024,4,Apr,2024-04,7,684.25,1
BKG105289,Resort Hotel,2022-10-19,2023-04-01,2023-04-09,164,Germany,2,0.0,Deluxe,341.58,Direct,Check-Out,2022,10,Oct,2022-10,8,2732.64,0
BKG105290,City Hotel,2024-05-26,2024-09-13,2024-09-17,110,Singapore,4,2.0,Standard,270.26,Online Travel Agent,Check-Out,2024,5,May,2024-05,4,1081.04,0
BKG105291,City Hotel,2022-04-17,2022-07-01,2022-07-07,75,Canada,2,2.0,Suite,285.58,Online Travel Agent,Check-Out,2022,4,Apr,2022-04,6,1713.48,0
BKG105292,City Hotel,2023-04-22,2023-07-03,2023-07-05,72,France,4,1.0,Standard,150.53,Online Travel Agent,Check-Out,2023,4,Apr,2023-04,2,301.06,0
BKG105293,City Hotel,2023-08-24,2023-11-08,2023-11-09,76,Germany,4,0.0,Deluxe,112.93,Direct,Check-Out,2023,8,Aug,2023-08,1,112.93,0
BKG105294,Resort Hotel,2022-10-02,2022-12-17,2022-12-22,76,Brazil,2,0.0,Suite,270.79,Corporate,Canceled,2022,10,Oct,2022-10,5,1353.95,1
BKG105295,City Hotel,2024-02-11,2024-06-30,2024-07-10,140,Canada,4,1.0,Deluxe,152.26,Online Travel Agent,Canceled,2024,2,Feb,2024-02,10,1522.6,1
BKG105296,Resort Hotel,2023-11-16,2024-03-10,2024-03-11,115,USA,4,1.0,Family,111.6,Direct,Check-Out,2023,11,Nov,2023-11,1,111.6,0
BKG105297,City Hotel,2022-11-04,2022-12-23,2022-12-31,49,Australia,4,0.0,Family,135.12,Direct,Check-Out,2022,11,Nov,2022-11,8,1080.96,0
BKG105298,Resort Hotel,2022-09-14,2023-02-10,2023-02-13,149,India,4,0.0,Suite,161.06,Offline Agent,Check-Out,2022,9,Sep,2022-09,3,483.18,0
BKG105299,City Hotel,2024-01-16,2024-01-29,2024-02-07,13,Singapore,1,0.0,Standard,110.92,Online Travel Agent,Check-Out,2024,1,Jan,2024-01,9,998.28,0
BKG105300,Resort Hotel,2022-02-06,2022-07-04,2022-07-07,148,Brazil,3,0.0,Suite,241.57,Direct,Check-Out,2022,2,Feb,2022-02,3,724.71,0
BKG105301,Resort Hotel,2022-12-20,2023-06-11,2023-06-16,173,UK,4,0.0,Family,83.78,Direct,Check-Out,2022,12,Dec,2022-12,5,418.9,0
BKG105302,Resort Hotel,2023-08-18,2023-08-20,2023-08-23,2,Australia,3,0.0,Family,66.6,Direct,Canceled,2023,8,Aug,2023-08,3,199.79999999999998,1
BKG105303,City Hotel,2024-05-07,2024-09-02,2024-09-12,118,Germany,2,0.0,Deluxe,288.76,Offline Agent,Canceled,2024,5,May,2024-05,10,2887.6,1
BKG105304,City Hotel,2022-08-26,2022-10-10,2022-10-13,45,Canada,3,0.0,Standard,219.78,Online Travel Agent,Check-Out,2022,8,Aug,2022-08,3,659.34,0
BKG105305,Resort Hotel,2024-03-01,2024-07-15,2024-07-17,136,Australia,4,0.0,Suite,288.22,Direct,Check-Out,2024,3,Mar,2024-03,2,576.44,0
BKG105306,Resort Hotel,2022-01-14,2022-05-23,2022-06-01,129,Singapore,3,0.0,Suite,106.88,Online Travel Agent,Canceled,2022,1,Jan,2022-01,9,961.92,1
BKG105307,Resort Hotel,2022-03-28,2022-05-14,2022-05-17,47,Brazil,4,1.0,Family,339.08,Corporate,Check-Out,2022,3,Mar,2022-03,3,1017.24,0
BKG105308,Resort Hotel,2022-04-23,2022-05-19,2022-05-27,26,Germany,1,0.0,Family,347.8,Corporate,Canceled,2022,4,Apr,2022-04,8,2782.4,1
BKG105309,Resort Hotel,2023-05-28,2023-09-30,2023-10-04,125,USA,4,0.0,Deluxe,262.1,Corporate,Check-Out,2023,5,May,2023-05,4,1048.4,0
BKG105310,Resort Hotel,2023-03-13,2023-07-20,2023-07-25,129,Brazil,2,0.0,Family,280.42,Offline Agent,Check-Out,2023,3,Mar,2023-03,5,1402.1000000000001,0
BKG105311,City Hotel,2022-03-18,2022-06-11,2022-06-16,85,Brazil,2,2.0,Suite,260.07,Offline Agent,Check-Out,2022,3,Mar,2022-03,5,1300.35,0
BKG105312,Resort Hotel,2023-08-19,2023-11-04,2023-11-12,77,Brazil,4,0.0,Standard,72.9,Online Travel Agent,Check-Out,2023,8,Aug,2023-08,8,583.2,0
BKG105313,Resort Hotel,2022-07-13,2022-09-07,2022-09-14,56,Canada,2,0.0,Deluxe,240.98,Direct,Check-Out,2022,7,Jul,2022-07,7,1686.86,0
BKG105314,City Hotel,2022-12-13,2023-05-23,2023-05-25,161,Australia,3,0.0,Deluxe,214.59,Online Travel Agent,No-Show,2022,12,Dec,2022-12,2,429.18,0
BKG105315,Resort Hotel,2023-10-27,2024-01-04,2024-01-08,69,UAE,4,0.0,Suite,168.86,Direct,Canceled,2023,10,Oct,2023-10,4,675.44,1
BKG105316,Resort Hotel,2022-04-29,2022-05-27,2022-06-05,28,Brazil,3,2.0,Deluxe,134.47,Offline Agent,Check-Out,2022,4,Apr,2022-04,9,1210.23,0
BKG105317,City Hotel,2023-08-18,2023-11-11,2023-11-13,85,Australia,4,0.0,Suite,127.51,Online Travel Agent,Check-Out,2023,8,Aug,2023-08,2,255.02,0
BKG105318,Resort Hotel,2022-04-01,2022-05-26,2022-06-03,55,USA,3,0.0,Standard,347.45,Online Travel Agent,Canceled,2022,4,Apr,2022-04,8,2779.6,1
BKG105319,City Hotel,2022-01-05,2022-04-19,2022-04-23,104,Germany,2,0.0,Deluxe,139.37,Offline Agent,Check-Out,2022,1,Jan,2022-01,4,557.48,0
BKG105320,Resort Hotel,2022-09-29,2023-02-21,2023-02-27,145,Brazil,1,2.0,Family,236.28,Corporate,Canceled,2022,9,Sep,2022-09,6,1417.68,1
BKG105321,Resort Hotel,2022-03-08,2022-07-01,2022-07-11,115,Australia,1,0.0,Standard,142.65,Direct,Check-Out,2022,3,Mar,2022-03,10,1426.5,0
BKG105322,City Hotel,2023-09-09,2023-11-13,2023-11-22,65,Brazil,2,0.0,Suite,342.65,Online Travel Agent,Check-Out,2023,9,Sep,2023-09,9,3083.85,0
BKG105323,City Hotel,2023-09-15,2023-10-02,2023-10-03,17,Brazil,1,1.0,Standard,230.1,Direct,Check-Out,2023,9,Sep,2023-09,1,230.1,0
BKG105324,Resort Hotel,2022-07-15,2022-08-05,2022-08-12,21,Australia,4,2.0,Family,338.24,Online Travel Agent,Check-Out,2022,7,Jul,2022-07,7,2367.6800000000003,0
BKG105325,City Hotel,2024-05-06,2024-11-01,2024-11-05,179,Brazil,1,1.0,Standard,160.63,Offline Agent,Check-Out,2024,5,May,2024-05,4,642.52,0
BKG105326,Resort Hotel,2023-06-13,2023-07-12,2023-07-13,29,Canada,4,1.0,Family,91.98,Corporate,Check-Out,2023,6,Jun,2023-06,1,91.98,0
BKG105327,City Hotel,2024-04-03,2024-06-25,2024-07-05,83,Germany,2,0.0,Family,216.69,Corporate,Check-Out,2024,4,Apr,2024-04,10,2166.9,0
BKG105328,City Hotel,2022-12-29,2023-06-23,2023-06-29,176,Australia,2,2.0,Family,114.58,Corporate,Check-Out,2022,12,Dec,2022-12,6,687.48,0
BKG105329,Resort Hotel,2023-08-02,2023-10-03,2023-10-08,62,Australia,4,2.0,Standard,90.74,Online Travel Agent,Check-Out,2023,8,Aug,2023-08,5,453.7,0
BKG105330,Resort Hotel,2024-03-27,2024-09-04,2024-09-13,161,Brazil,4,0.0,Family,110.99,Online Travel Agent,Check-Out,2024,3,Mar,2024-03,9,998.91,0
BKG105331,Resort Hotel,2022-08-12,2022-08-17,2022-08-25,5,Germany,1,1.0,Deluxe,274.19,Online Travel Agent,Check-Out,2022,8,Aug,2022-08,8,2193.52,0
BKG105332,Resort Hotel,2023-06-28,2023-11-14,2023-11-16,139,Canada,1,2.0,Family,248.58,Online Travel Agent,Check-Out,2023,6,Jun,2023-06,2,497.16,0
BKG105333,City Hotel,2023-01-07,2023-01-31,2023-02-09,24,France,1,0.0,Deluxe,349.27,Corporate,Check-Out,2023,1,Jan,2023-01,9,3143.43,0
BKG105334,Resort Hotel,2023-03-22,2023-09-17,2023-09-18,179,UAE,1,0.0,Family,312.25,Offline Agent,Check-Out,2023,3,Mar,2023-03,1,312.25,0
BKG105335,City Hotel,2022-04-05,2022-05-22,2022-05-28,47,Australia,3,0.0,Suite,313.61,Online Travel Agent,Check-Out,2022,4,Apr,2022-04,6,1881.66,0
BKG105336,City Hotel,2022-03-07,2022-05-11,2022-05-21,65,India,1,0.0,Standard,346.04,Corporate,Check-Out,2022,3,Mar,2022-03,10,3460.4,0
BKG105337,City Hotel,2023-10-23,2024-01-07,2024-01-12,76,UK,4,0.0,Family,248.26,Offline Agent,Check-Out,2023,10,Oct,2023-10,5,1241.3,0
BKG105338,Resort Hotel,2023-07-19,2023-12-23,2023-12-31,157,Canada,2,2.0,Family,343.09,Offline Agent,Canceled,2023,7,Jul,2023-07,8,2744.72,1
BKG105339,Resort Hotel,2023-05-13,2023-08-12,2023-08-15,91,USA,3,0.0,Suite,112.7,Offline Agent,Check-Out,2023,5,May,2023-05,3,338.1,0
BKG105340,Resort Hotel,2023-05-21,2023-05-23,2023-05-30,2,France,3,2.0,Suite,79.05,Online Travel Agent,Canceled,2023,5,May,2023-05,7,553.35,1
BKG105341,City Hotel,2023-03-25,2023-08-12,2023-08-16,140,Singapore,4,0.0,Standard,154.92,Online Travel Agent,Check-Out,2023,3,Mar,2023-03,4,619.68,0
BKG105342,Resort Hotel,2022-05-30,2022-09-24,2022-09-26,117,UAE,4,1.0,Family,109.68,Offline Agent,Check-Out,2022,5,May,2022-05,2,219.36,0
BKG105343,Resort Hotel,2023-04-18,2023-09-26,2023-10-04,161,Germany,2,1.0,Deluxe,159.56,Online Travel Agent,Check-Out,2023,4,Apr,2023-04,8,1276.48,0
BKG105344,Resort Hotel,2022-12-10,2023-05-26,2023-05-31,167,USA,2,1.0,Deluxe,326.92,Direct,Check-Out,2022,12,Dec,2022-12,5,1634.6000000000001,0
BKG105345,Resort Hotel,2024-03-04,2024-04-06,2024-04-07,33,India,1,0.0,Suite,154.05,Offline Agent,Check-Out,2024,3,Mar,2024-03,1,154.05,0
BKG105346,City Hotel,2022-11-13,2022-11-17,2022-11-25,4,Germany,1,2.0,Deluxe,327.99,Online Travel Agent,Canceled,2022,11,Nov,2022-11,8,2623.92,1
BKG105347,Resort Hotel,2022-12-15,2023-03-28,2023-04-02,103,Singapore,2,0.0,Family,306.54,Corporate,Check-Out,2022,12,Dec,2022-12,5,1532.7,0
BKG105348,Resort Hotel,2022-04-20,2022-08-28,2022-09-02,130,USA,2,0.0,Suite,169.82,Direct,Canceled,2022,4,Apr,2022-04,5,849.0999999999999,1
BKG105349,City Hotel,2024-06-10,2024-11-07,2024-11-14,150,USA,3,0.0,Family,335.86,Offline Agent,Check-Out,2024,6,Jun,2024-06,7,2351.02,0
BKG105350,City Hotel,2023-09-19,2023-11-11,2023-11-12,53,Singapore,2,0.0,Standard,106.69,Offline Agent,Check-Out,2023,9,Sep,2023-09,1,106.69,0
BKG105351,Resort Hotel,2023-06-09,2023-07-18,2023-07-20,39,UK,3,0.0,Suite,201.91,Online Travel Agent,Check-Out,2023,6,Jun,2023-06,2,403.82,0
BKG105352,Resort Hotel,2023-07-12,2023-11-28,2023-12-02,139,Canada,2,0.0,Standard,64.41,Corporate,Check-Out,2023,7,Jul,2023-07,4,257.64,0
BKG105353,City Hotel,2023-12-16,2024-03-12,2024-03-18,87,UK,4,1.0,Suite,273.69,Direct,Check-Out,2023,12,Dec,2023-12,6,1642.1399999999999,0
BKG105354,Resort Hotel,2024-05-03,2024-05-29,2024-05-31,26,Germany,4,0.0,Suite,277.44,Corporate,Check-Out,2024,5,May,2024-05,2,554.88,0
BKG105355,City Hotel,2023-05-07,2023-10-31,2023-11-05,177,Australia,1,1.0,Deluxe,158.83,Direct,No-Show,2023,5,May,2023-05,5,794.1500000000001,0
BKG105356,City Hotel,2022-02-18,2022-03-23,2022-03-26,33,USA,3,0.0,Family,97.43,Offline Agent,Check-Out,2022,2,Feb,2022-02,3,292.29,0
BKG105357,City Hotel,2022-08-11,2023-01-27,2023-01-31,169,UK,3,0.0,Standard,295.22,Online Travel Agent,Check-Out,2022,8,Aug,2022-08,4,1180.88,0
BKG105358,Resort Hotel,2022-05-17,2022-10-21,2022-10-24,157,India,4,0.0,Family,303.15,Offline Agent,Check-Out,2022,5,May,2022-05,3,909.4499999999999,0
BKG105359,Resort Hotel,2022-09-20,2022-10-22,2022-10-23,32,Australia,1,0.0,Standard,204.61,Online Travel Agent,Check-Out,2022,9,Sep,2022-09,1,204.61,0
BKG105360,City Hotel,2024-06-08,2024-07-07,2024-07-08,29,UK,3,1.0,Standard,70.4,Corporate,Check-Out,2024,6,Jun,2024-06,1,70.4,0
BKG105361,Resort Hotel,2024-04-27,2024-08-04,2024-08-11,99,Singapore,4,0.0,Suite,85.79,Direct,Check-Out,2024,4,Apr,2024-04,7,600.5300000000001,0
BKG105362,Resort Hotel,2023-10-11,2023-11-26,2023-11-29,46,Australia,4,2.0,Standard,126.73,Direct,Check-Out,2023,10,Oct,2023-10,3,380.19,0
BKG105363,Resort Hotel,2022-08-08,2022-09-23,2022-09-28,46,Canada,3,2.0,Family,217.7,Offline Agent,Check-Out,2022,8,Aug,2022-08,5,1088.5,0
BKG105364,Resort Hotel,2023-04-30,2023-08-10,2023-08-16,102,Singapore,3,0.0,Standard,225.82,Online Travel Agent,Check-Out,2023,4,Apr,2023-04,6,1354.92,0
BKG105365,City Hotel,2024-02-20,2024-03-09,2024-03-12,18,Canada,3,0.0,Suite,258.28,Online Travel Agent,Canceled,2024,2,Feb,2024-02,3,774.8399999999999,1
BKG105366,Resort Hotel,2023-02-20,2023-02-28,2023-03-09,8,Singapore,3,1.0,Deluxe,217.8,Direct,Check-Out,2023,2,Feb,2023-02,9,1960.2,0
BKG105367,City Hotel,2023-10-21,2023-12-28,2024-01-02,68,Singapore,3,0.0,Suite,191.69,Corporate,Canceled,2023,10,Oct,2023-10,5,958.45,1
BKG105368,City Hotel,2023-02-09,2023-07-17,2023-07-22,158,UK,3,0.0,Standard,83.31,Corporate,Check-Out,2023,2,Feb,2023-02,5,416.55,0
BKG105369,Resort Hotel,2023-09-28,2024-02-25,2024-02-27,150,Australia,3,0.0,Standard,170.04,Direct,Check-Out,2023,9,Sep,2023-09,2,340.08,0
BKG105370,City Hotel,2023-08-17,2023-09-07,2023-09-12,21,France,2,2.0,Family,97.6,Online Travel Agent,Canceled,2023,8,Aug,2023-08,5,488.0,1
BKG105371,Resort Hotel,2022-05-16,2022-07-09,2022-07-19,54,UAE,3,0.0,Standard,136.54,Direct,Check-Out,2022,5,May,2022-05,10,1365.3999999999999,0
BKG105372,Resort Hotel,2024-05-08,2024-05-10,2024-05-17,2,India,4,1.0,Family,245.18,Online Travel Agent,Check-Out,2024,5,May,2024-05,7,1716.26,0
BKG105373,Resort Hotel,2023-09-19,2024-02-22,2024-02-26,156,India,3,0.0,Family,222.2,Corporate,No-Show,2023,9,Sep,2023-09,4,888.8,0
BKG105374,Resort Hotel,2022-08-06,2022-12-28,2022-12-30,144,Singapore,1,2.0,Standard,336.04,Direct,Canceled,2022,8,Aug,2022-08,2,672.08,1
BKG105375,City Hotel,2024-01-11,2024-04-02,2024-04-03,82,Australia,4,0.0,Suite,240.5,Corporate,Check-Out,2024,1,Jan,2024-01,1,240.5,0
BKG105376,Resort Hotel,2022-02-07,2022-05-18,2022-05-27,100,France,1,0.0,Family,87.24,Direct,Check-Out,2022,2,Feb,2022-02,9,785.16,0
BKG105377,City Hotel,2023-05-30,2023-08-23,2023-08-30,85,UK,4,0.0,Family,80.71,Direct,Check-Out,2023,5,May,2023-05,7,564.9699999999999,0
BKG105378,City Hotel,2024-04-17,2024-08-24,2024-08-26,129,UAE,3,0.0,Standard,312.81,Corporate,Check-Out,2024,4,Apr,2024-04,2,625.62,0
BKG105379,City Hotel,2023-04-09,2023-07-05,2023-07-09,87,Germany,1,0.0,Deluxe,145.86,Corporate,Check-Out,2023,4,Apr,2023-04,4,583.44,0
BKG105380,Resort Hotel,2022-10-18,2023-01-11,2023-01-12,85,USA,1,0.0,Suite,250.08,Online Travel Agent,Check-Out,2022,10,Oct,2022-10,1,250.08,0
BKG105381,Resort Hotel,2022-05-12,2022-05-25,2022-05-31,13,India,2,0.0,Deluxe,220.57,Direct,Check-Out,2022,5,May,2022-05,6,1323.42,0
BKG105382,City Hotel,2022-02-10,2022-03-24,2022-03-29,42,India,1,1.0,Family,183.75,Direct,Check-Out,2022,2,Feb,2022-02,5,918.75,0
BKG105383,Resort Hotel,2022-06-12,2022-10-31,2022-11-03,141,India,4,1.0,Standard,190.03,Offline Agent,Check-Out,2022,6,Jun,2022-06,3,570.09,0
BKG105384,City Hotel,2022-12-02,2023-05-27,2023-06-01,176,Brazil,4,0.0,Family,165.95,Online Travel Agent,Check-Out,2022,12,Dec,2022-12,5,829.75,0
BKG105385,City Hotel,2022-08-11,2022-11-12,2022-11-18,93,Germany,2,0.0,Suite,94.27,Direct,Check-Out,2022,8,Aug,2022-08,6,565.62,0
BKG105386,City Hotel,2022-09-22,2022-12-30,2023-01-06,99,UAE,2,1.0,Family,77.85,Corporate,Check-Out,2022,9,Sep,2022-09,7,544.9499999999999,0
BKG105387,Resort Hotel,2022-08-04,2023-01-12,2023-01-14,161,Australia,3,2.0,Suite,110.89,Corporate,No-Show,2022,8,Aug,2022-08,2,221.78,0
BKG105388,City Hotel,2024-02-12,2024-08-08,2024-08-16,178,UAE,2,0.0,Suite,318.02,Direct,Check-Out,2024,2,Feb,2024-02,8,2544.16,0
BKG105389,Resort Hotel,2023-02-11,2023-07-27,2023-08-05,166,Australia,3,0.0,Suite,151.99,Corporate,Check-Out,2023,2,Feb,2023-02,9,1367.91,0
BKG105390,City Hotel,2023-06-20,2023-08-12,2023-08-19,53,Brazil,1,1.0,Deluxe,106.1,Direct,Canceled,2023,6,Jun,2023-06,7,742.6999999999999,1
BKG105391,Resort Hotel,2024-04-26,2024-09-09,2024-09-18,136,Australia,4,1.0,Standard,206.58,Offline Agent,Check-Out,2024,4,Apr,2024-04,9,1859.22,0
BKG105392,Resort Hotel,2022-12-15,2023-01-30,2023-02-08,46,India,3,0.0,Suite,336.97,Direct,Check-Out,2022,12,Dec,2022-12,9,3032.7300000000005,0
BKG105393,Resort Hotel,2024-02-04,2024-05-22,2024-05-24,108,Canada,3,0.0,Standard,185.33,Offline Agent,Check-Out,2024,2,Feb,2024-02,2,370.66,0
BKG105394,City Hotel,2023-05-24,2023-07-29,2023-08-01,66,India,1,0.0,Deluxe,313.74,Corporate,Canceled,2023,5,May,2023-05,3,941.22,1
BKG105395,City Hotel,2022-01-05,2022-04-28,2022-05-08,113,Singapore,2,2.0,Standard,323.82,Online Travel Agent,Canceled,2022,1,Jan,2022-01,10,3238.2,1
BKG105396,Resort Hotel,2023-06-05,2023-09-07,2023-09-17,94,UAE,1,0.0,Suite,283.97,Direct,Canceled,2023,6,Jun,2023-06,10,2839.7000000000003,1
BKG105397,City Hotel,2022-10-31,2023-03-22,2023-03-30,142,Canada,3,0.0,Standard,149.41,Corporate,Check-Out,2022,10,Oct,2022-10,8,1195.28,0
BKG105398,Resort Hotel,2023-06-09,2023-10-19,2023-10-27,132,UAE,4,2.0,Family,280.23,Direct,Check-Out,2023,6,Jun,2023-06,8,2241.84,0
BKG105399,Resort Hotel,2022-04-28,2022-10-10,2022-10-14,165,Australia,4,2.0,Suite,69.82,Online Travel Agent,Check-Out,2022,4,Apr,2022-04,4,279.28,0
BKG105400,City Hotel,2023-05-05,2023-08-16,2023-08-20,103,Canada,2,0.0,Standard,286.4,Corporate,Check-Out,2023,5,May,2023-05,4,1145.6,0
BKG105401,City Hotel,2022-11-18,2023-05-04,2023-05-14,167,Australia,2,2.0,Family,147.57,Offline Agent,Check-Out,2022,11,Nov,2022-11,10,1475.6999999999998,0
BKG105402,City Hotel,2023-03-20,2023-06-14,2023-06-18,86,Canada,4,0.0,Suite,326.11,Offline Agent,Check-Out,2023,3,Mar,2023-03,4,1304.44,0
BKG105403,Resort Hotel,2023-03-30,2023-04-24,2023-05-01,25,USA,3,0.0,Family,175.15,Online Travel Agent,Check-Out,2023,3,Mar,2023-03,7,1226.05,0
BKG105404,City Hotel,2023-01-16,2023-02-20,2023-02-25,35,France,1,1.0,Family,94.12,Direct,Check-Out,2023,1,Jan,2023-01,5,470.6,0
BKG105405,Resort Hotel,2023-10-16,2023-12-18,2023-12-23,63,USA,2,0.0,Standard,154.15,Online Travel Agent,Check-Out,2023,10,Oct,2023-10,5,770.75,0
BKG105406,Resort Hotel,2024-04-03,2024-08-23,2024-09-01,142,France,2,0.0,Standard,287.63,Online Travel Agent,Check-Out,2024,4,Apr,2024-04,9,2588.67,0
BKG105407,City Hotel,2024-01-30,2024-03-03,2024-03-04,33,France,1,1.0,Standard,295.55,Corporate,Check-Out,2024,1,Jan,2024-01,1,295.55,0
BKG105408,Resort Hotel,2023-08-06,2023-11-25,2023-11-27,111,UK,3,0.0,Standard,114.76,Direct,Check-Out,2023,8,Aug,2023-08,2,229.52,0
BKG105409,City Hotel,2024-04-02,2024-09-26,2024-10-05,177,India,2,0.0,Standard,308.19,Offline Agent,Check-Out,2024,4,Apr,2024-04,9,2773.71,0
BKG105410,Resort Hotel,2022-07-04,2022-10-30,2022-11-08,118,Australia,3,1.0,Suite,138.08,Direct,Check-Out,2022,7,Jul,2022-07,9,1242.72,0
BKG105411,City Hotel,2022-07-02,2022-12-22,2022-12-27,173,Brazil,4,0.0,Standard,334.72,Corporate,Canceled,2022,7,Jul,2022-07,5,1673.6000000000001,1
BKG105412,Resort Hotel,2023-11-09,2024-01-22,2024-01-29,74,India,4,1.0,Family,235.9,Direct,Check-Out,2023,11,Nov,2023-11,7,1651.3,0
BKG105413,Resort Hotel,2022-06-02,2022-07-05,2022-07-09,33,Singapore,1,2.0,Family,247.91,Direct,Check-Out,2022,6,Jun,2022-06,4,991.64,0
BKG105414,City Hotel,2022-11-06,2023-01-15,2023-01-21,70,India,2,2.0,Deluxe,187.45,Online Travel Agent,Check-Out,2022,11,Nov,2022-11,6,1124.6999999999998,0
BKG105415,City Hotel,2023-06-10,2023-08-31,2023-09-07,82,India,1,0.0,Deluxe,221.57,Offline Agent,Check-Out,2023,6,Jun,2023-06,7,1550.99,0
BKG105416,City Hotel,2023-03-06,2023-08-30,2023-09-02,177,Brazil,4,2.0,Suite,341.17,Online Travel Agent,Check-Out,2023,3,Mar,2023-03,3,1023.51,0
BKG105417,City Hotel,2023-11-26,2024-02-09,2024-02-17,75,USA,1,0.0,Suite,143.04,Direct,Canceled,2023,11,Nov,2023-11,8,1144.32,1
BKG105418,City Hotel,2023-10-11,2024-03-14,2024-03-17,155,India,4,0.0,Deluxe,302.59,Direct,Check-Out,2023,10,Oct,2023-10,3,907.77,0
BKG105419,Resort Hotel,2022-05-31,2022-06-02,2022-06-03,2,Australia,1,0.0,Family,232.28,Direct,Check-Out,2022,5,May,2022-05,1,232.28,0
BKG105420,Resort Hotel,2023-03-09,2023-05-28,2023-06-03,80,UK,2,0.0,Deluxe,236.79,Online Travel Agent,Check-Out,2023,3,Mar,2023-03,6,1420.74,0
BKG105421,City Hotel,2023-07-15,2023-08-10,2023-08-17,26,Singapore,1,0.0,Deluxe,290.51,Online Travel Agent,Canceled,2023,7,Jul,2023-07,7,2033.57,1
BKG105422,City Hotel,2022-06-03,2022-07-31,2022-08-03,58,UK,4,0.0,Suite,125.4,Online Travel Agent,Canceled,2022,6,Jun,2022-06,3,376.20000000000005,1
BKG105423,Resort Hotel,2023-02-06,2023-02-20,2023-03-01,14,France,2,2.0,Suite,212.26,Direct,No-Show,2023,2,Feb,2023-02,9,1910.34,0
BKG105424,City Hotel,2022-06-18,2022-08-11,2022-08-15,54,Australia,2,0.0,Family,205.61,Online Travel Agent,Check-Out,2022,6,Jun,2022-06,4,822.44,0
BKG105425,City Hotel,2023-08-04,2023-11-25,2023-11-27,113,Germany,1,2.0,Deluxe,265.09,Online Travel Agent,Check-Out,2023,8,Aug,2023-08,2,530.18,0
BKG105426,City Hotel,2022-08-21,2022-12-13,2022-12-19,114,UAE,2,0.0,Suite,285.95,Corporate,Check-Out,2022,8,Aug,2022-08,6,1715.6999999999998,0
BKG105427,City Hotel,2022-06-08,2022-10-08,2022-10-09,122,France,1,0.0,Suite,347.25,Direct,Canceled,2022,6,Jun,2022-06,1,347.25,1
BKG105428,City Hotel,2023-11-05,2024-01-31,2024-02-10,87,France,4,0.0,Suite,69.23,Online Travel Agent,Check-Out,2023,11,Nov,2023-11,10,692.3000000000001,0
BKG105429,Resort Hotel,2024-03-13,2024-07-03,2024-07-08,112,Australia,2,0.0,Standard,272.92,Online Travel Agent,Check-Out,2024,3,Mar,2024-03,5,1364.6000000000001,0
BKG105430,City Hotel,2023-04-11,2023-08-13,2023-08-17,124,Singapore,4,1.0,Suite,200.07,Offline Agent,Canceled,2023,4,Apr,2023-04,4,800.28,1
BKG105431,Resort Hotel,2022-04-06,2022-06-26,2022-07-04,81,Singapore,2,0.0,Deluxe,127.46,Offline Agent,Canceled,2022,4,Apr,2022-04,8,1019.68,1
BKG105432,City Hotel,2023-08-27,2023-09-05,2023-09-08,9,India,2,2.0,Suite,269.78,Offline Agent,Check-Out,2023,8,Aug,2023-08,3,809.3399999999999,0
BKG105433,Resort Hotel,2022-10-24,2023-04-15,2023-04-23,173,Canada,4,0.0,Standard,336.06,Direct,Canceled,2022,10,Oct,2022-10,8,2688.48,1
BKG105434,Resort Hotel,2022-02-14,2022-06-12,2022-06-22,118,Brazil,4,0.0,Suite,141.16,Direct,Check-Out,2022,2,Feb,2022-02,10,1411.6,0
BKG105435,City Hotel,2023-11-04,2023-12-08,2023-12-16,34,Germany,3,1.0,Family,93.59,Direct,Check-Out,2023,11,Nov,2023-11,8,748.72,0
BKG105436,City Hotel,2023-05-03,2023-10-27,2023-10-28,177,UAE,1,0.0,Family,189.4,Offline Agent,Check-Out,2023,5,May,2023-05,1,189.4,0
BKG105437,City Hotel,2022-10-29,2023-02-28,2023-03-04,122,Canada,3,0.0,Suite,72.51,Online Travel Agent,Check-Out,2022,10,Oct,2022-10,4,290.04,0
BKG105438,City Hotel,2023-09-12,2024-02-14,2024-02-23,155,Canada,1,1.0,Family,335.27,Online Travel Agent,Check-Out,2023,9,Sep,2023-09,9,3017.43,0
BKG105439,Resort Hotel,2024-04-09,2024-05-21,2024-05-26,42,India,2,0.0,Deluxe,255.61,Direct,Check-Out,2024,4,Apr,2024-04,5,1278.0500000000002,0
BKG105440,Resort Hotel,2023-07-01,2023-10-31,2023-11-02,122,Germany,3,0.0,Deluxe,289.1,Online Travel Agent,Canceled,2023,7,Jul,2023-07,2,578.2,1
BKG105441,Resort Hotel,2022-08-24,2023-01-01,2023-01-02,130,Australia,2,0.0,Family,138.15,Online Travel Agent,Check-Out,2022,8,Aug,2022-08,1,138.15,0
BKG105442,Resort Hotel,2023-12-30,2024-05-24,2024-05-30,146,Brazil,1,0.0,Family,219.74,Corporate,Check-Out,2023,12,Dec,2023-12,6,1318.44,0
BKG105443,Resort Hotel,2023-08-03,2023-11-29,2023-12-03,118,Canada,2,0.0,Standard,246.22,Direct,Canceled,2023,8,Aug,2023-08,4,984.88,1
BKG105444,Resort Hotel,2022-08-29,2023-02-24,2023-03-06,179,India,4,0.0,Family,313.52,Online Travel Agent,Check-Out,2022,8,Aug,2022-08,10,3135.2,0
BKG105445,Resort Hotel,2023-03-16,2023-07-11,2023-07-20,117,Singapore,4,0.0,Standard,323.26,Offline Agent,Check-Out,2023,3,Mar,2023-03,9,2909.34,0
BKG105446,City Hotel,2023-08-09,2023-10-13,2023-10-22,65,Brazil,4,1.0,Family,71.33,Corporate,Check-Out,2023,8,Aug,2023-08,9,641.97,0
BKG105447,Resort Hotel,2022-10-08,2023-03-07,2023-03-09,150,USA,1,2.0,Suite,161.81,Corporate,Check-Out,2022,10,Oct,2022-10,2,323.62,0
BKG105448,Resort Hotel,2023-03-27,2023-05-10,2023-05-16,44,Singapore,3,1.0,Standard,126.28,Offline Agent,Check-Out,2023,3,Mar,2023-03,6,757.6800000000001,0
BKG105449,City Hotel,2023-05-31,2023-08-16,2023-08-19,77,UK,2,0.0,Family,98.06,Corporate,Check-Out,2023,5,May,2023-05,3,294.18,0
BKG105450,Resort Hotel,2023-12-05,2024-03-02,2024-03-05,88,France,4,0.0,Deluxe,130.0,Corporate,Check-Out,2023,12,Dec,2023-12,3,390.0,0
BKG105451,City Hotel,2023-01-31,2023-05-09,2023-05-13,98,Brazil,2,1.0,Family,193.98,Direct,Check-Out,2023,1,Jan,2023-01,4,775.92,0
BKG105452,Resort Hotel,2023-04-23,2023-05-21,2023-05-31,28,France,3,1.0,Family,67.7,Corporate,Check-Out,2023,4,Apr,2023-04,10,677.0,0
BKG105453,City Hotel,2023-03-27,2023-06-08,2023-06-09,73,Brazil,4,2.0,Family,127.36,Online Travel Agent,Check-Out,2023,3,Mar,2023-03,1,127.36,0
BKG105454,City Hotel,2022-10-25,2023-02-04,2023-02-07,102,Canada,2,0.0,Deluxe,87.07,Offline Agent,Canceled,2022,10,Oct,2022-10,3,261.21,1
BKG105455,Resort Hotel,2022-11-30,2023-01-30,2023-02-09,61,India,1,2.0,Standard,323.89,Online Travel Agent,Check-Out,2022,11,Nov,2022-11,10,3238.8999999999996,0
BKG105456,Resort Hotel,2023-12-21,2024-04-19,2024-04-28,120,Australia,2,0.0,Deluxe,347.68,Offline Agent,Check-Out,2023,12,Dec,2023-12,9,3129.12,0
BKG105457,Resort Hotel,2022-03-14,2022-08-11,2022-08-20,150,UK,4,0.0,Suite,120.26,Online Travel Agent,Canceled,2022,3,Mar,2022-03,9,1082.3400000000001,1
BKG105458,Resort Hotel,2022-04-01,2022-09-07,2022-09-11,159,Canada,2,0.0,Suite,255.48,Corporate,Canceled,2022,4,Apr,2022-04,4,1021.92,1
BKG105459,Resort Hotel,2022-09-29,2023-03-16,2023-03-22,168,Canada,3,0.0,Family,324.53,Direct,Check-Out,2022,9,Sep,2022-09,6,1947.1799999999998,0
BKG105460,City Hotel,2024-03-27,2024-07-17,2024-07-25,112,Australia,1,1.0,Family,150.43,Offline Agent,Check-Out,2024,3,Mar,2024-03,8,1203.44,0
BKG105461,City Hotel,2023-08-15,2023-10-20,2023-10-23,66,Australia,1,1.0,Deluxe,94.98,Direct,Check-Out,2023,8,Aug,2023-08,3,284.94,0
BKG105462,Resort Hotel,2022-03-29,2022-08-19,2022-08-22,143,India,3,2.0,Family,308.47,Offline Agent,Check-Out,2022,3,Mar,2022-03,3,925.4100000000001,0
BKG105463,Resort Hotel,2023-09-07,2023-09-24,2023-09-27,17,Australia,1,0.0,Deluxe,334.47,Corporate,Canceled,2023,9,Sep,2023-09,3,1003.4100000000001,1
BKG105464,Resort Hotel,2024-01-02,2024-05-23,2024-05-25,142,UK,3,1.0,Family,198.69,Direct,Check-Out,2024,1,Jan,2024-01,2,397.38,0
BKG105465,Resort Hotel,2022-11-29,2022-12-25,2023-01-04,26,Singapore,2,0.0,Suite,151.91,Corporate,Check-Out,2022,11,Nov,2022-11,10,1519.1,0
BKG105466,Resort Hotel,2023-11-20,2024-01-05,2024-01-14,46,UK,2,2.0,Suite,133.7,Direct,Check-Out,2023,11,Nov,2023-11,9,1203.3,0
BKG105467,Resort Hotel,2022-09-29,2022-11-30,2022-12-03,62,Australia,1,0.0,Standard,344.27,Direct,Check-Out,2022,9,Sep,2022-09,3,1032.81,0
BKG105468,Resort Hotel,2023-09-25,2024-01-04,2024-01-11,101,Germany,4,1.0,Standard,208.79,Offline Agent,Check-Out,2023,9,Sep,2023-09,7,1461.53,0
BKG105469,Resort Hotel,2024-02-03,2024-04-11,2024-04-12,68,Canada,2,1.0,Family,161.59,Corporate,Check-Out,2024,2,Feb,2024-02,1,161.59,0
BKG105470,Resort Hotel,2022-11-07,2023-04-23,2023-04-25,167,Singapore,4,1.0,Suite,223.37,Online Travel Agent,Check-Out,2022,11,Nov,2022-11,2,446.74,0
BKG105471,City Hotel,2022-06-07,2022-06-07,2022-06-16,0,Germany,3,2.0,Suite,277.3,Online Travel Agent,Canceled,2022,6,Jun,2022-06,9,2495.7000000000003,1
BKG105472,City Hotel,2022-09-26,2022-10-06,2022-10-12,10,Brazil,4,2.0,Family,144.11,Corporate,Check-Out,2022,9,Sep,2022-09,6,864.6600000000001,0
BKG105473,City Hotel,2024-06-19,2024-07-14,2024-07-15,25,Brazil,4,0.0,Family,310.72,Direct,Check-Out,2024,6,Jun,2024-06,1,310.72,0
BKG105474,City Hotel,2022-12-14,2023-04-13,2023-04-19,120,Brazil,1,0.0,Deluxe,323.68,Online Travel Agent,Check-Out,2022,12,Dec,2022-12,6,1942.08,0
BKG105475,City Hotel,2024-02-23,2024-04-10,2024-04-18,47,Brazil,2,0.0,Suite,138.03,Corporate,Check-Out,2024,2,Feb,2024-02,8,1104.24,0
BKG105476,Resort Hotel,2022-09-11,2023-03-04,2023-03-05,174,UAE,4,2.0,Suite,151.99,Offline Agent,Check-Out,2022,9,Sep,2022-09,1,151.99,0
BKG105477,Resort Hotel,2023-03-27,2023-05-04,2023-05-08,38,Brazil,4,1.0,Standard,253.42,Offline Agent,Check-Out,2023,3,Mar,2023-03,4,1013.68,0
BKG105478,City Hotel,2022-03-24,2022-07-06,2022-07-10,104,Canada,1,1.0,Suite,183.6,Online Travel Agent,Check-Out,2022,3,Mar,2022-03,4,734.4,0
BKG105479,Resort Hotel,2023-08-16,2023-08-25,2023-09-02,9,Brazil,2,1.0,Standard,268.87,Offline Agent,Check-Out,2023,8,Aug,2023-08,8,2150.96,0
BKG105480,City Hotel,2023-06-30,2023-07-03,2023-07-07,3,France,4,0.0,Suite,142.86,Online Travel Agent,Check-Out,2023,6,Jun,2023-06,4,571.44,0
BKG105481,City Hotel,2022-07-06,2022-12-05,2022-12-07,152,Singapore,3,1.0,Suite,156.53,Corporate,Check-Out,2022,7,Jul,2022-07,2,313.06,0
BKG105482,City Hotel,2023-10-17,2023-12-25,2024-01-04,69,Australia,2,0.0,Standard,215.95,Direct,Check-Out,2023,10,Oct,2023-10,10,2159.5,0
BKG105483,City Hotel,2023-08-31,2023-10-29,2023-11-04,59,Singapore,1,0.0,Family,252.32,Direct,Check-Out,2023,8,Aug,2023-08,6,1513.92,0
BKG105484,Resort Hotel,2022-09-06,2023-01-22,2023-01-23,138,Canada,3,0.0,Standard,133.42,Corporate,Check-Out,2022,9,Sep,2022-09,1,133.42,0
BKG105485,Resort Hotel,2023-11-18,2024-05-14,2024-05-16,178,Canada,4,0.0,Deluxe,235.81,Offline Agent,Canceled,2023,11,Nov,2023-11,2,471.62,1
BKG105486,Resort Hotel,2022-03-09,2022-03-17,2022-03-26,8,France,3,0.0,Family,175.14,Online Travel Agent,Check-Out,2022,3,Mar,2022-03,9,1576.2599999999998,0
BKG105487,City Hotel,2022-07-03,2022-10-18,2022-10-24,107,UAE,1,2.0,Family,215.27,Corporate,Check-Out,2022,7,Jul,2022-07,6,1291.6200000000001,0
BKG105488,Resort Hotel,2023-04-30,2023-09-28,2023-10-08,151,Australia,4,0.0,Family,330.61,Online Travel Agent,Check-Out,2023,4,Apr,2023-04,10,3306.1000000000004,0
BKG105489,City Hotel,2022-12-04,2022-12-23,2022-12-25,19,Germany,4,0.0,Deluxe,246.74,Online Travel Agent,Check-Out,2022,12,Dec,2022-12,2,493.48,0
BKG105490,City Hotel,2023-04-09,2023-08-17,2023-08-23,130,Canada,3,0.0,Standard,193.8,Offline Agent,Check-Out,2023,4,Apr,2023-04,6,1162.8000000000002,0
BKG105491,Resort Hotel,2024-02-28,2024-08-09,2024-08-15,163,Australia,3,2.0,Suite,269.27,Offline Agent,Check-Out,2024,2,Feb,2024-02,6,1615.62,0
BKG105492,Resort Hotel,2024-01-07,2024-03-06,2024-03-09,59,UAE,4,0.0,Family,149.37,Online Travel Agent,Check-Out,2024,1,Jan,2024-01,3,448.11,0
BKG105493,City Hotel,2023-04-10,2023-04-23,2023-04-25,13,Brazil,3,1.0,Standard,106.94,Online Travel Agent,Canceled,2023,4,Apr,2023-04,2,213.88,1
BKG105494,City Hotel,2022-05-09,2022-09-01,2022-09-11,115,Australia,2,0.0,Family,73.08,Direct,Canceled,2022,5,May,2022-05,10,730.8,1
BKG105495,City Hotel,2023-03-09,2023-05-19,2023-05-26,71,France,1,1.0,Deluxe,342.88,Direct,Check-Out,2023,3,Mar,2023-03,7,2400.16,0
BKG105496,Resort Hotel,2022-12-09,2023-03-03,2023-03-12,84,Germany,2,0.0,Standard,211.01,Corporate,Check-Out,2022,12,Dec,2022-12,9,1899.09,0
BKG105497,Resort Hotel,2023-10-29,2023-12-07,2023-12-13,39,Singapore,3,2.0,Deluxe,154.16,Online Travel Agent,Canceled,2023,10,Oct,2023-10,6,924.96,1
BKG105498,City Hotel,2024-04-06,2024-07-15,2024-07-22,100,Brazil,4,0.0,Family,120.22,Online Travel Agent,Check-Out,2024,4,Apr,2024-04,7,841.54,0
BKG105499,Resort Hotel,2022-01-22,2022-01-27,2022-01-30,5,UK,1,0.0,Family,71.38,Offline Agent,Check-Out,2022,1,Jan,2022-01,3,214.14,0
BKG105500,City Hotel,2022-04-03,2022-07-31,2022-08-09,119,France,1,2.0,Suite,268.08,Online Travel Agent,Check-Out,2022,4,Apr,2022-04,9,2412.72,0
BKG105501,City Hotel,2022-05-28,2022-10-01,2022-10-09,126,UK,4,0.0,Suite,61.02,Online Travel Agent,Canceled,2022,5,May,2022-05,8,488.16,1
BKG105502,City Hotel,2022-06-07,2022-07-11,2022-07-21,34,Germany,1,0.0,Family,337.42,Corporate,No-Show,2022,6,Jun,2022-06,10,3374.2000000000003,0
BKG105503,Resort Hotel,2022-06-10,2022-10-11,2022-10-13,123,Australia,4,1.0,Deluxe,276.14,Corporate,Check-Out,2022,6,Jun,2022-06,2,552.28,0
BKG105504,Resort Hotel,2024-02-10,2024-03-29,2024-04-02,48,Canada,1,0.0,Standard,297.85,Online Travel Agent,Check-Out,2024,2,Feb,2024-02,4,1191.4,0
BKG105505,City Hotel,2024-02-12,2024-04-27,2024-05-02,75,Singapore,4,0.0,Family,216.38,Corporate,Check-Out,2024,2,Feb,2024-02,5,1081.9,0
BKG105506,Resort Hotel,2023-05-15,2023-08-05,2023-08-06,82,USA,4,2.0,Deluxe,280.12,Direct,Check-Out,2023,5,May,2023-05,1,280.12,0
BKG105507,Resort Hotel,2024-05-27,2024-08-16,2024-08-20,81,USA,3,2.0,Family,204.61,Online Travel Agent,Check-Out,2024,5,May,2024-05,4,818.44,0
BKG105508,Resort Hotel,2022-01-31,2022-07-13,2022-07-17,163,Australia,4,0.0,Suite,90.33,Offline Agent,Check-Out,2022,1,Jan,2022-01,4,361.32,0
BKG105509,City Hotel,2023-06-25,2023-12-17,2023-12-27,175,Germany,2,0.0,Deluxe,236.77,Offline Agent,Check-Out,2023,6,Jun,2023-06,10,2367.7000000000003,0
BKG105510,City Hotel,2022-02-02,2022-03-14,2022-03-23,40,Australia,3,2.0,Suite,332.27,Corporate,Canceled,2022,2,Feb,2022-02,9,2990.43,1
BKG105511,Resort Hotel,2023-11-03,2024-04-21,2024-04-22,170,Australia,1,0.0,Suite,79.25,Direct,Check-Out,2023,11,Nov,2023-11,1,79.25,0
BKG105512,City Hotel,2022-12-11,2023-05-07,2023-05-13,147,Australia,2,0.0,Suite,84.35,Offline Agent,Check-Out,2022,12,Dec,2022-12,6,506.09999999999997,0
BKG105513,Resort Hotel,2024-03-21,2024-08-27,2024-09-01,159,France,3,0.0,Suite,256.61,Direct,Canceled,2024,3,Mar,2024-03,5,1283.0500000000002,1
BKG105514,City Hotel,2022-03-14,2022-03-15,2022-03-18,1,India,1,0.0,Family,206.27,Online Travel Agent,Check-Out,2022,3,Mar,2022-03,3,618.8100000000001,0
BKG105515,Resort Hotel,2024-02-03,2024-07-14,2024-07-21,162,UK,1,0.0,Standard,333.31,Online Travel Agent,Check-Out,2024,2,Feb,2024-02,7,2333.17,0
BKG105516,Resort Hotel,2023-02-22,2023-07-10,2023-07-18,138,India,4,0.0,Suite,101.84,Offline Agent,Check-Out,2023,2,Feb,2023-02,8,814.72,0
BKG105517,Resort Hotel,2022-06-29,2022-09-25,2022-10-01,88,UK,4,2.0,Deluxe,171.29,Online Travel Agent,No-Show,2022,6,Jun,2022-06,6,1027.74,0
BKG105518,Resort Hotel,2023-10-21,2024-01-11,2024-01-16,82,UAE,3,0.0,Family,193.4,Offline Agent,Check-Out,2023,10,Oct,2023-10,5,967.0,0
BKG105519,Resort Hotel,2024-01-20,2024-02-25,2024-03-06,36,Canada,2,0.0,Standard,278.68,Offline Agent,Check-Out,2024,1,Jan,2024-01,10,2786.8,0
BKG105520,Resort Hotel,2023-06-13,2023-11-25,2023-12-03,165,Singapore,2,0.0,Suite,156.98,Online Travel Agent,Check-Out,2023,6,Jun,2023-06,8,1255.84,0
BKG105521,Resort Hotel,2023-01-09,2023-06-20,2023-06-23,162,India,1,0.0,Suite,194.75,Direct,Check-Out,2023,1,Jan,2023-01,3,584.25,0
BKG105522,Resort Hotel,2023-12-05,2024-03-28,2024-04-04,114,UAE,2,1.0,Suite,313.84,Direct,Check-Out,2023,12,Dec,2023-12,7,2196.8799999999997,0
BKG105523,City Hotel,2023-04-17,2023-07-04,2023-07-08,78,UK,2,0.0,Deluxe,262.06,Corporate,Check-Out,2023,4,Apr,2023-04,4,1048.24,0
BKG105524,Resort Hotel,2024-06-11,2024-08-03,2024-08-08,53,Germany,2,1.0,Standard,128.33,Online Travel Agent,Check-Out,2024,6,Jun,2024-06,5,641.6500000000001,0
BKG105525,Resort Hotel,2023-02-25,2023-05-01,2023-05-08,65,Germany,4,0.0,Family,328.96,Corporate,Canceled,2023,2,Feb,2023-02,7,2302.72,1
BKG105526,City Hotel,2022-03-29,2022-08-14,2022-08-20,138,USA,2,0.0,Standard,121.51,Online Travel Agent,Check-Out,2022,3,Mar,2022-03,6,729.0600000000001,0
BKG105527,Resort Hotel,2022-01-21,2022-04-01,2022-04-06,70,Brazil,2,0.0,Standard,70.4,Online Travel Agent,Canceled,2022,1,Jan,2022-01,5,352.0,1
BKG105528,City Hotel,2022-02-12,2022-07-31,2022-08-10,169,Australia,4,0.0,Suite,75.9,Offline Agent,Check-Out,2022,2,Feb,2022-02,10,759.0,0
BKG105529,City Hotel,2023-06-18,2023-12-06,2023-12-11,171,Australia,2,0.0,Family,161.95,Corporate,Check-Out,2023,6,Jun,2023-06,5,809.75,0
BKG105530,Resort Hotel,2023-01-11,2023-07-07,2023-07-14,177,Canada,3,0.0,Family,340.98,Corporate,Check-Out,2023,1,Jan,2023-01,7,2386.86,0
BKG105531,City Hotel,2023-09-10,2023-11-02,2023-11-05,53,France,3,0.0,Suite,265.32,Direct,Canceled,2023,9,Sep,2023-09,3,795.96,1
BKG105532,City Hotel,2024-02-21,2024-04-05,2024-04-07,44,UK,4,1.0,Deluxe,76.83,Online Travel Agent,No-Show,2024,2,Feb,2024-02,2,153.66,0
BKG105533,Resort Hotel,2023-09-16,2024-02-03,2024-02-11,140,Germany,1,0.0,Suite,112.67,Offline Agent,Canceled,2023,9,Sep,2023-09,8,901.36,1
BKG105534,City Hotel,2023-04-06,2023-09-12,2023-09-16,159,Brazil,1,0.0,Deluxe,133.5,Offline Agent,Canceled,2023,4,Apr,2023-04,4,534.0,1
BKG105535,City Hotel,2022-08-07,2022-11-11,2022-11-14,96,UAE,2,0.0,Deluxe,326.76,Direct,Canceled,2022,8,Aug,2022-08,3,980.28,1
BKG105536,Resort Hotel,2022-07-24,2023-01-01,2023-01-06,161,India,4,1.0,Family,248.55,Corporate,No-Show,2022,7,Jul,2022-07,5,1242.75,0
BKG105537,City Hotel,2022-12-31,2023-05-10,2023-05-13,130,Australia,4,1.0,Standard,347.47,Corporate,Check-Out,2022,12,Dec,2022-12,3,1042.41,0
BKG105538,City Hotel,2023-07-22,2023-12-14,2023-12-22,145,Singapore,2,0.0,Suite,245.67,Online Travel Agent,Canceled,2023,7,Jul,2023-07,8,1965.36,1
BKG105539,Resort Hotel,2023-11-17,2024-05-08,2024-05-13,173,Australia,2,2.0,Family,211.96,Offline Agent,Check-Out,2023,11,Nov,2023-11,5,1059.8,0
BKG105540,Resort Hotel,2022-01-22,2022-05-19,2022-05-25,117,UAE,1,0.0,Suite,174.79,Corporate,Canceled,2022,1,Jan,2022-01,6,1048.74,1
BKG105541,City Hotel,2022-02-14,2022-06-20,2022-06-25,126,USA,1,2.0,Family,211.15,Online Travel Agent,Check-Out,2022,2,Feb,2022-02,5,1055.75,0
BKG105542,City Hotel,2023-09-15,2023-09-22,2023-09-24,7,UK,4,0.0,Family,272.86,Online Travel Agent,Canceled,2023,9,Sep,2023-09,2,545.72,1
BKG105543,City Hotel,2024-01-17,2024-03-04,2024-03-11,47,UK,2,0.0,Family,163.28,Direct,Check-Out,2024,1,Jan,2024-01,7,1142.96,0
BKG105544,City Hotel,2022-02-19,2022-05-25,2022-05-27,95,Australia,1,0.0,Standard,241.25,Corporate,Check-Out,2022,2,Feb,2022-02,2,482.5,0
BKG105545,City Hotel,2022-12-08,2023-01-15,2023-01-22,38,Canada,2,0.0,Family,235.34,Online Travel Agent,Check-Out,2022,12,Dec,2022-12,7,1647.38,0
BKG105546,City Hotel,2023-11-14,2024-01-16,2024-01-19,63,Germany,4,0.0,Deluxe,69.33,Corporate,No-Show,2023,11,Nov,2023-11,3,207.99,0
BKG105547,Resort Hotel,2023-01-10,2023-06-18,2023-06-21,159,Germany,1,0.0,Suite,129.63,Online Travel Agent,Check-Out,2023,1,Jan,2023-01,3,388.89,0
BKG105548,Resort Hotel,2023-12-31,2024-03-04,2024-03-08,64,India,1,1.0,Suite,99.93,Offline Agent,Check-Out,2023,12,Dec,2023-12,4,399.72,0
BKG105549,Resort Hotel,2024-04-12,2024-04-29,2024-05-01,17,Brazil,4,1.0,Family,312.75,Direct,Check-Out,2024,4,Apr,2024-04,2,625.5,0
BKG105550,Resort Hotel,2023-11-30,2024-02-19,2024-02-24,81,Singapore,3,0.0,Standard,239.63,Direct,No-Show,2023,11,Nov,2023-11,5,1198.15,0
BKG105551,City Hotel,2022-06-02,2022-09-01,2022-09-06,91,Australia,4,0.0,Suite,338.1,Online Travel Agent,Check-Out,2022,6,Jun,2022-06,5,1690.5,0
BKG105552,City Hotel,2023-10-29,2023-11-03,2023-11-09,5,France,3,0.0,Family,190.38,Online Travel Agent,Check-Out,2023,10,Oct,2023-10,6,1142.28,0
BKG105553,City Hotel,2024-05-06,2024-10-27,2024-11-03,174,Singapore,2,2.0,Standard,138.31,Direct,Check-Out,2024,5,May,2024-05,7,968.1700000000001,0
BKG105554,City Hotel,2024-06-17,2024-09-10,2024-09-14,85,UK,3,2.0,Standard,248.52,Offline Agent,Canceled,2024,6,Jun,2024-06,4,994.08,1
BKG105555,Resort Hotel,2024-05-20,2024-07-23,2024-07-29,64,UK,3,0.0,Deluxe,215.35,Direct,Check-Out,2024,5,May,2024-05,6,1292.1,0
BKG105556,Resort Hotel,2023-05-11,2023-08-15,2023-08-16,96,Australia,2,0.0,Family,220.66,Offline Agent,Check-Out,2023,5,May,2023-05,1,220.66,0
BKG105557,City Hotel,2022-07-01,2022-10-23,2022-11-02,114,UAE,2,0.0,Standard,133.79,Online Travel Agent,Check-Out,2022,7,Jul,2022-07,10,1337.8999999999999,0
BKG105558,Resort Hotel,2023-05-16,2023-07-31,2023-08-03,76,India,1,0.0,Family,306.71,Direct,Canceled,2023,5,May,2023-05,3,920.1299999999999,1
BKG105559,City Hotel,2022-10-30,2022-12-20,2022-12-28,51,UK,1,0.0,Suite,258.04,Offline Agent,Canceled,2022,10,Oct,2022-10,8,2064.32,1
BKG105560,City Hotel,2022-12-21,2023-02-28,2023-03-03,69,Germany,2,1.0,Suite,345.2,Offline Agent,Check-Out,2022,12,Dec,2022-12,3,1035.6,0
BKG105561,City Hotel,2022-11-15,2023-03-28,2023-04-04,133,Germany,2,0.0,Suite,106.78,Online Travel Agent,Check-Out,2022,11,Nov,2022-11,7,747.46,0
BKG105562,Resort Hotel,2022-07-06,2022-10-28,2022-11-05,114,Germany,3,1.0,Deluxe,245.51,Corporate,Check-Out,2022,7,Jul,2022-07,8,1964.08,0
BKG105563,City Hotel,2022-04-24,2022-06-19,2022-06-27,56,Canada,1,0.0,Suite,213.08,Direct,Check-Out,2022,4,Apr,2022-04,8,1704.64,0
BKG105564,Resort Hotel,2024-03-18,2024-04-08,2024-04-11,21,UK,1,0.0,Deluxe,272.84,Corporate,Check-Out,2024,3,Mar,2024-03,3,818.52,0
BKG105565,City Hotel,2022-02-18,2022-04-07,2022-04-11,48,Germany,4,0.0,Suite,220.38,Online Travel Agent,Canceled,2022,2,Feb,2022-02,4,881.52,1
BKG105566,City Hotel,2022-05-09,2022-06-02,2022-06-08,24,Australia,4,0.0,Family,217.48,Corporate,Check-Out,2022,5,May,2022-05,6,1304.8799999999999,0
BKG105567,Resort Hotel,2022-07-13,2022-10-25,2022-10-31,104,Brazil,4,0.0,Family,326.88,Corporate,Canceled,2022,7,Jul,2022-07,6,1961.28,1
BKG105568,Resort Hotel,2022-04-27,2022-06-22,2022-06-27,56,UK,3,0.0,Family,270.47,Offline Agent,Check-Out,2022,4,Apr,2022-04,5,1352.3500000000001,0
BKG105569,Resort Hotel,2023-05-19,2023-08-07,2023-08-17,80,Singapore,3,0.0,Family,217.07,Online Travel Agent,Check-Out,2023,5,May,2023-05,10,2170.7,0
BKG105570,Resort Hotel,2023-03-05,2023-06-15,2023-06-19,102,Brazil,2,0.0,Standard,113.58,Online Travel Agent,Check-Out,2023,3,Mar,2023-03,4,454.32,0
BKG105571,City Hotel,2024-01-20,2024-02-17,2024-02-24,28,Canada,2,0.0,Standard,235.62,Corporate,Check-Out,2024,1,Jan,2024-01,7,1649.3400000000001,0
BKG105572,City Hotel,2022-09-23,2023-03-12,2023-03-22,170,India,1,0.0,Family,328.05,Online Travel Agent,Check-Out,2022,9,Sep,2022-09,10,3280.5,0
BKG105573,City Hotel,2023-05-21,2023-08-30,2023-09-05,101,Canada,1,0.0,Suite,329.19,Online Travel Agent,Check-Out,2023,5,May,2023-05,6,1975.1399999999999,0
BKG105574,City Hotel,2024-04-02,2024-05-29,2024-06-04,57,UAE,1,0.0,Family,208.92,Direct,Canceled,2024,4,Apr,2024-04,6,1253.52,1
BKG105575,Resort Hotel,2022-08-10,2022-10-05,2022-10-10,56,UAE,3,1.0,Deluxe,305.28,Direct,Canceled,2022,8,Aug,2022-08,5,1526.3999999999999,1
BKG105576,City Hotel,2022-08-07,2022-08-20,2022-08-30,13,Brazil,3,1.0,Family,176.32,Offline Agent,Check-Out,2022,8,Aug,2022-08,10,1763.1999999999998,0
BKG105577,Resort Hotel,2024-01-28,2024-04-30,2024-05-07,93,Germany,1,0.0,Suite,139.22,Corporate,Check-Out,2024,1,Jan,2024-01,7,974.54,0
BKG105578,Resort Hotel,2023-01-27,2023-05-31,2023-06-10,124,Singapore,4,2.0,Deluxe,272.27,Corporate,Check-Out,2023,1,Jan,2023-01,10,2722.7,0
BKG105579,City Hotel,2024-05-18,2024-10-22,2024-10-24,157,Germany,3,2.0,Suite,124.88,Direct,Check-Out,2024,5,May,2024-05,2,249.76,0
BKG105580,City Hotel,2023-06-16,2023-08-12,2023-08-14,57,Canada,1,1.0,Suite,259.64,Corporate,Canceled,2023,6,Jun,2023-06,2,519.28,1
BKG105581,City Hotel,2023-04-04,2023-08-16,2023-08-23,134,USA,4,0.0,Standard,98.04,Online Travel Agent,Check-Out,2023,4,Apr,2023-04,7,686.2800000000001,0
BKG105582,City Hotel,2022-09-17,2022-11-20,2022-11-22,64,USA,2,1.0,Family,278.34,Online Travel Agent,Canceled,2022,9,Sep,2022-09,2,556.68,1
BKG105583,Resort Hotel,2022-12-18,2023-02-14,2023-02-24,58,UAE,4,0.0,Suite,336.18,Online Travel Agent,Check-Out,2022,12,Dec,2022-12,10,3361.8,0
BKG105584,City Hotel,2023-08-20,2024-01-16,2024-01-26,149,USA,3,2.0,Standard,214.92,Offline Agent,Check-Out,2023,8,Aug,2023-08,10,2149.2,0
BKG105585,City Hotel,2023-02-04,2023-02-24,2023-03-01,20,India,2,0.0,Suite,319.26,Corporate,Check-Out,2023,2,Feb,2023-02,5,1596.3,0
BKG105586,Resort Hotel,2022-06-21,2022-08-02,2022-08-11,42,Canada,3,2.0,Standard,224.06,Online Travel Agent,Check-Out,2022,6,Jun,2022-06,9,2016.54,0
BKG105587,Resort Hotel,2022-08-30,2022-11-26,2022-12-04,88,India,3,0.0,Standard,323.52,Corporate,Check-Out,2022,8,Aug,2022-08,8,2588.16,0
BKG105588,Resort Hotel,2023-08-20,2023-10-04,2023-10-09,45,UK,4,0.0,Suite,301.9,Corporate,Check-Out,2023,8,Aug,2023-08,5,1509.5,0
BKG105589,Resort Hotel,2023-08-07,2024-01-01,2024-01-09,147,USA,2,1.0,Suite,284.65,Online Travel Agent,Check-Out,2023,8,Aug,2023-08,8,2277.2,0
BKG105590,City Hotel,2022-01-09,2022-05-30,2022-06-06,141,UK,4,1.0,Suite,303.82,Offline Agent,Check-Out,2022,1,Jan,2022-01,7,2126.74,0
BKG105591,Resort Hotel,2022-08-07,2022-10-28,2022-11-02,82,Germany,1,1.0,Suite,138.55,Corporate,Canceled,2022,8,Aug,2022-08,5,692.75,1
BKG105592,City Hotel,2023-05-30,2023-10-01,2023-10-08,124,France,1,2.0,Suite,268.24,Online Travel Agent,No-Show,2023,5,May,2023-05,7,1877.68,0
BKG105593,City Hotel,2022-03-24,2022-05-01,2022-05-05,38,Brazil,3,2.0,Family,170.08,Offline Agent,Check-Out,2022,3,Mar,2022-03,4,680.32,0
BKG105594,City Hotel,2023-02-06,2023-03-15,2023-03-23,37,France,2,0.0,Deluxe,156.88,Offline Agent,Check-Out,2023,2,Feb,2023-02,8,1255.04,0
BKG105595,City Hotel,2022-09-09,2023-01-19,2023-01-28,132,USA,4,0.0,Family,265.15,Direct,Canceled,2022,9,Sep,2022-09,9,2386.35,1
BKG105596,Resort Hotel,2023-06-04,2023-08-14,2023-08-22,71,India,3,0.0,Family,206.09,Corporate,Check-Out,2023,6,Jun,2023-06,8,1648.72,0
BKG105597,City Hotel,2022-10-01,2023-01-05,2023-01-15,96,Australia,3,2.0,Standard,131.0,Online Travel Agent,Check-Out,2022,10,Oct,2022-10,10,1310.0,0
BKG105598,City Hotel,2023-03-09,2023-07-15,2023-07-21,128,Singapore,4,1.0,Family,344.08,Direct,Canceled,2023,3,Mar,2023-03,6,2064.48,1
BKG105599,Resort Hotel,2022-11-11,2023-04-18,2023-04-26,158,Australia,3,0.0,Family,237.82,Online Travel Agent,Canceled,2022,11,Nov,2022-11,8,1902.56,1
BKG105600,Resort Hotel,2023-08-08,2023-12-30,2024-01-03,144,Singapore,2,1.0,Family,272.14,Online Travel Agent,Check-Out,2023,8,Aug,2023-08,4,1088.56,0
BKG105601,Resort Hotel,2024-01-09,2024-04-30,2024-05-05,112,Canada,2,0.0,Standard,310.86,Direct,Check-Out,2024,1,Jan,2024-01,5,1554.3000000000002,0
BKG105602,Resort Hotel,2023-04-24,2023-05-12,2023-05-21,18,Canada,4,0.0,Suite,216.06,Offline Agent,Canceled,2023,4,Apr,2023-04,9,1944.54,1
BKG105603,City Hotel,2023-12-08,2024-01-14,2024-01-15,37,Australia,3,1.0,Suite,157.98,Offline Agent,Check-Out,2023,12,Dec,2023-12,1,157.98,0
BKG105604,Resort Hotel,2023-12-08,2024-03-15,2024-03-19,98,Germany,4,0.0,Deluxe,342.85,Direct,Canceled,2023,12,Dec,2023-12,4,1371.4,1
BKG105605,City Hotel,2022-08-04,2022-08-18,2022-08-23,14,Brazil,2,0.0,Deluxe,76.43,Online Travel Agent,Check-Out,2022,8,Aug,2022-08,5,382.15000000000003,0
BKG105606,Resort Hotel,2023-07-05,2023-10-27,2023-11-06,114,UK,2,1.0,Family,269.68,Direct,Check-Out,2023,7,Jul,2023-07,10,2696.8,0
BKG105607,City Hotel,2023-04-04,2023-09-30,2023-10-10,179,Brazil,2,1.0,Family,242.64,Online Travel Agent,Check-Out,2023,4,Apr,2023-04,10,2426.3999999999996,0
BKG105608,Resort Hotel,2022-05-13,2022-10-10,2022-10-20,150,USA,2,2.0,Deluxe,104.88,Direct,Check-Out,2022,5,May,2022-05,10,1048.8,0
BKG105609,City Hotel,2024-02-02,2024-04-15,2024-04-21,73,India,4,0.0,Family,266.91,Corporate,Check-Out,2024,2,Feb,2024-02,6,1601.46,0
BKG105610,City Hotel,2022-03-22,2022-04-11,2022-04-15,20,Australia,2,2.0,Family,99.0,Corporate,Check-Out,2022,3,Mar,2022-03,4,396.0,0
BKG105611,Resort Hotel,2023-07-14,2023-08-20,2023-08-27,37,India,2,0.0,Deluxe,129.19,Direct,Check-Out,2023,7,Jul,2023-07,7,904.3299999999999,0
BKG105612,City Hotel,2024-04-30,2024-06-29,2024-07-06,60,USA,4,0.0,Suite,333.85,Online Travel Agent,Check-Out,2024,4,Apr,2024-04,7,2336.9500000000003,0
BKG105613,City Hotel,2023-11-21,2024-03-05,2024-03-07,105,Australia,3,0.0,Suite,317.74,Online Travel Agent,Check-Out,2023,11,Nov,2023-11,2,635.48,0
BKG105614,Resort Hotel,2023-10-23,2023-11-11,2023-11-12,19,Brazil,4,2.0,Deluxe,234.69,Direct,Canceled,2023,10,Oct,2023-10,1,234.69,1
BKG105615,Resort Hotel,2022-03-07,2022-08-12,2022-08-20,158,UK,3,2.0,Standard,347.09,Online Travel Agent,Canceled,2022,3,Mar,2022-03,8,2776.72,1
BKG105616,Resort Hotel,2022-02-09,2022-08-02,2022-08-11,174,UK,1,0.0,Deluxe,199.43,Offline Agent,Check-Out,2022,2,Feb,2022-02,9,1794.8700000000001,0
BKG105617,City Hotel,2024-01-29,2024-05-20,2024-05-29,112,France,2,0.0,Standard,86.29,Online Travel Agent,Check-Out,2024,1,Jan,2024-01,9,776.61,0
BKG105618,Resort Hotel,2023-07-03,2023-08-24,2023-08-29,52,Canada,3,0.0,Suite,103.93,Direct,Check-Out,2023,7,Jul,2023-07,5,519.6500000000001,0
BKG105619,City Hotel,2024-02-16,2024-05-02,2024-05-04,76,Canada,4,2.0,Family,156.15,Online Travel Agent,Check-Out,2024,2,Feb,2024-02,2,312.3,0
BKG105620,Resort Hotel,2023-08-21,2023-09-23,2023-10-02,33,UAE,2,0.0,Family,76.03,Online Travel Agent,Check-Out,2023,8,Aug,2023-08,9,684.27,0
BKG105621,Resort Hotel,2022-04-06,2022-04-08,2022-04-13,2,Germany,2,2.0,Suite,188.94,Online Travel Agent,Check-Out,2022,4,Apr,2022-04,5,944.7,0
BKG105622,City Hotel,2024-02-05,2024-03-15,2024-03-20,39,Germany,2,0.0,Standard,73.36,Online Travel Agent,Canceled,2024,2,Feb,2024-02,5,366.8,1
BKG105623,City Hotel,2024-02-20,2024-03-31,2024-04-07,40,Canada,3,0.0,Family,319.74,Offline Agent,Check-Out,2024,2,Feb,2024-02,7,2238.1800000000003,0
BKG105624,City Hotel,2023-04-26,2023-08-13,2023-08-22,109,UK,4,0.0,Standard,223.27,Corporate,Check-Out,2023,4,Apr,2023-04,9,2009.43,0
BKG105625,City Hotel,2023-08-24,2023-12-28,2024-01-03,126,USA,1,0.0,Standard,335.27,Online Travel Agent,Check-Out,2023,8,Aug,2023-08,6,2011.62,0
BKG105626,City Hotel,2022-06-03,2022-08-30,2022-09-09,88,USA,2,0.0,Family,73.73,Offline Agent,Check-Out,2022,6,Jun,2022-06,10,737.3000000000001,0
BKG105627,Resort Hotel,2022-06-14,2022-09-05,2022-09-07,83,India,3,0.0,Suite,318.75,Offline Agent,Canceled,2022,6,Jun,2022-06,2,637.5,1
BKG105628,Resort Hotel,2024-04-23,2024-07-25,2024-07-30,93,Singapore,4,0.0,Suite,66.98,Corporate,Check-Out,2024,4,Apr,2024-04,5,334.90000000000003,0
BKG105629,City Hotel,2022-03-31,2022-07-30,2022-07-31,121,Canada,3,0.0,Deluxe,294.12,Online Travel Agent,Canceled,2022,3,Mar,2022-03,1,294.12,1
BKG105630,City Hotel,2024-04-28,2024-08-18,2024-08-27,112,Germany,4,0.0,Deluxe,329.31,Direct,Canceled,2024,4,Apr,2024-04,9,2963.79,1
BKG105631,Resort Hotel,2023-06-19,2023-08-23,2023-08-28,65,UAE,1,0.0,Standard,126.91,Direct,Check-Out,2023,6,Jun,2023-06,5,634.55,0
BKG105632,Resort Hotel,2022-03-17,2022-04-01,2022-04-05,15,Germany,4,1.0,Deluxe,64.37,Corporate,Check-Out,2022,3,Mar,2022-03,4,257.48,0
BKG105633,Resort Hotel,2022-07-23,2022-10-15,2022-10-16,84,UAE,4,0.0,Family,195.85,Online Travel Agent,Canceled,2022,7,Jul,2022-07,1,195.85,1
BKG105634,Resort Hotel,2024-05-28,2024-10-10,2024-10-14,135,France,2,2.0,Family,348.63,Offline Agent,Check-Out,2024,5,May,2024-05,4,1394.52,0
BKG105635,Resort Hotel,2022-08-19,2022-11-14,2022-11-19,87,Singapore,2,0.0,Deluxe,229.62,Corporate,Canceled,2022,8,Aug,2022-08,5,1148.1,1
BKG105636,Resort Hotel,2023-11-12,2024-01-31,2024-02-08,80,Germany,3,1.0,Deluxe,241.6,Online Travel Agent,Check-Out,2023,11,Nov,2023-11,8,1932.8,0
BKG105637,Resort Hotel,2022-01-17,2022-03-13,2022-03-14,55,UAE,3,2.0,Suite,285.46,Direct,Check-Out,2022,1,Jan,2022-01,1,285.46,0
BKG105638,Resort Hotel,2024-05-25,2024-09-12,2024-09-15,110,Brazil,2,0.0,Suite,335.8,Online Travel Agent,No-Show,2024,5,May,2024-05,3,1007.4000000000001,0
BKG105639,Resort Hotel,2023-11-02,2024-01-05,2024-01-09,64,UK,4,0.0,Deluxe,129.08,Online Travel Agent,Canceled,2023,11,Nov,2023-11,4,516.32,1
BKG105640,Resort Hotel,2024-05-26,2024-08-24,2024-08-30,90,UK,4,2.0,Deluxe,158.89,Online Travel Agent,Check-Out,2024,5,May,2024-05,6,953.3399999999999,0
BKG105641,Resort Hotel,2022-01-19,2022-04-24,2022-04-28,95,Australia,3,1.0,Suite,336.55,Online Travel Agent,Check-Out,2022,1,Jan,2022-01,4,1346.2,0
BKG105642,City Hotel,2022-07-08,2022-09-17,2022-09-24,71,Brazil,3,0.0,Standard,218.38,Online Travel Agent,Check-Out,2022,7,Jul,2022-07,7,1528.6599999999999,0
BKG105643,City Hotel,2023-10-07,2023-11-18,2023-11-19,42,Brazil,1,0.0,Deluxe,71.78,Corporate,Check-Out,2023,10,Oct,2023-10,1,71.78,0
BKG105644,Resort Hotel,2023-04-06,2023-07-28,2023-07-30,113,Singapore,4,0.0,Deluxe,89.0,Online Travel Agent,Canceled,2023,4,Apr,2023-04,2,178.0,1
BKG105645,City Hotel,2023-03-28,2023-05-28,2023-06-02,61,UAE,4,0.0,Deluxe,110.78,Direct,Canceled,2023,3,Mar,2023-03,5,553.9,1
BKG105646,City Hotel,2024-03-16,2024-07-12,2024-07-18,118,UK,2,0.0,Family,203.35,Online Travel Agent,Canceled,2024,3,Mar,2024-03,6,1220.1,1
BKG105647,City Hotel,2023-11-08,2023-12-18,2023-12-23,40,Brazil,1,0.0,Deluxe,69.54,Offline Agent,Canceled,2023,11,Nov,2023-11,5,347.70000000000005,1
BKG105648,Resort Hotel,2022-12-09,2023-04-26,2023-04-28,138,UK,2,0.0,Family,71.11,Offline Agent,No-Show,2022,12,Dec,2022-12,2,142.22,0
BKG105649,City Hotel,2022-10-01,2022-10-04,2022-10-13,3,Singapore,4,0.0,Suite,344.46,Direct,Canceled,2022,10,Oct,2022-10,9,3100.14,1
BKG105650,City Hotel,2022-12-21,2023-01-10,2023-01-19,20,UK,1,0.0,Standard,293.33,Corporate,Check-Out,2022,12,Dec,2022-12,9,2639.97,0
BKG105651,Resort Hotel,2024-06-11,2024-10-25,2024-11-03,136,France,3,0.0,Suite,172.42,Offline Agent,Check-Out,2024,6,Jun,2024-06,9,1551.78,0
BKG105652,Resort Hotel,2023-08-29,2023-10-15,2023-10-23,47,Brazil,4,2.0,Deluxe,288.13,Online Travel Agent,Check-Out,2023,8,Aug,2023-08,8,2305.04,0
BKG105653,City Hotel,2024-04-28,2024-05-18,2024-05-24,20,Germany,4,0.0,Deluxe,289.18,Online Travel Agent,Check-Out,2024,4,Apr,2024-04,6,1735.08,0
BKG105654,Resort Hotel,2022-09-14,2023-02-20,2023-02-25,159,Australia,1,0.0,Family,322.21,Corporate,Check-Out,2022,9,Sep,2022-09,5,1611.05,0
BKG105655,Resort Hotel,2022-09-02,2023-02-21,2023-03-01,172,UK,2,0.0,Standard,342.65,Direct,No-Show,2022,9,Sep,2022-09,8,2741.2,0
BKG105656,Resort Hotel,2022-02-21,2022-07-10,2022-07-12,139,USA,1,0.0,Suite,236.09,Online Travel Agent,Check-Out,2022,2,Feb,2022-02,2,472.18,0
BKG105657,City Hotel,2023-01-18,2023-06-13,2023-06-21,146,Germany,4,0.0,Suite,80.84,Corporate,Canceled,2023,1,Jan,2023-01,8,646.72,1
BKG105658,City Hotel,2022-10-22,2022-12-20,2022-12-21,59,Canada,3,0.0,Family,147.33,Corporate,Check-Out,2022,10,Oct,2022-10,1,147.33,0
BKG105659,Resort Hotel,2023-06-12,2023-07-19,2023-07-23,37,Australia,2,2.0,Standard,244.21,Direct,Canceled,2023,6,Jun,2023-06,4,976.84,1
BKG105660,Resort Hotel,2023-10-31,2023-11-21,2023-12-01,21,Canada,3,2.0,Deluxe,215.26,Online Travel Agent,Canceled,2023,10,Oct,2023-10,10,2152.6,1
BKG105661,Resort Hotel,2022-05-05,2022-07-22,2022-07-29,78,Singapore,2,0.0,Suite,159.54,Offline Agent,Canceled,2022,5,May,2022-05,7,1116.78,1
BKG105662,Resort Hotel,2024-04-16,2024-07-31,2024-08-04,106,Australia,4,0.0,Family,75.25,Direct,Canceled,2024,4,Apr,2024-04,4,301.0,1
BKG105663,Resort Hotel,2023-05-09,2023-05-24,2023-05-29,15,Canada,3,0.0,Suite,314.22,Online Travel Agent,Check-Out,2023,5,May,2023-05,5,1571.1000000000001,0
BKG105664,City Hotel,2022-12-28,2023-03-25,2023-04-03,87,Singapore,3,2.0,Standard,112.36,Online Travel Agent,Check-Out,2022,12,Dec,2022-12,9,1011.24,0
BKG105665,City Hotel,2024-01-15,2024-03-18,2024-03-20,63,France,1,2.0,Standard,88.83,Corporate,Canceled,2024,1,Jan,2024-01,2,177.66,1
BKG105666,Resort Hotel,2024-03-16,2024-04-08,2024-04-13,23,Canada,2,2.0,Deluxe,211.37,Offline Agent,Check-Out,2024,3,Mar,2024-03,5,1056.85,0
BKG105667,City Hotel,2024-05-06,2024-07-13,2024-07-23,68,Canada,1,2.0,Standard,226.23,Online Travel Agent,Canceled,2024,5,May,2024-05,10,2262.2999999999997,1
BKG105668,Resort Hotel,2024-04-26,2024-06-01,2024-06-06,36,France,1,1.0,Family,103.44,Online Travel Agent,Check-Out,2024,4,Apr,2024-04,5,517.2,0
BKG105669,Resort Hotel,2022-12-26,2023-03-02,2023-03-10,66,UAE,2,0.0,Suite,196.91,Corporate,Canceled,2022,12,Dec,2022-12,8,1575.28,1
BKG105670,Resort Hotel,2024-02-08,2024-08-02,2024-08-09,176,France,2,0.0,Standard,242.8,Corporate,Check-Out,2024,2,Feb,2024-02,7,1699.6000000000001,0
BKG105671,Resort Hotel,2023-04-11,2023-09-28,2023-09-30,170,UK,1,1.0,Deluxe,325.42,Offline Agent,Check-Out,2023,4,Apr,2023-04,2,650.84,0
BKG105672,Resort Hotel,2022-05-20,2022-10-03,2022-10-09,136,Singapore,1,0.0,Deluxe,90.84,Offline Agent,Check-Out,2022,5,May,2022-05,6,545.04,0
BKG105673,Resort Hotel,2023-11-05,2024-02-28,2024-03-04,115,UAE,3,1.0,Standard,161.2,Offline Agent,Check-Out,2023,11,Nov,2023-11,5,806.0,0
BKG105674,Resort Hotel,2022-07-14,2022-09-10,2022-09-18,58,UAE,2,1.0,Deluxe,143.66,Offline Agent,Check-Out,2022,7,Jul,2022-07,8,1149.28,0
BKG105675,Resort Hotel,2022-04-11,2022-06-24,2022-07-01,74,Brazil,2,0.0,Suite,204.72,Direct,Canceled,2022,4,Apr,2022-04,7,1433.04,1
BKG105676,Resort Hotel,2022-09-21,2022-11-03,2022-11-12,43,India,4,0.0,Deluxe,103.27,Offline Agent,Check-Out,2022,9,Sep,2022-09,9,929.43,0
BKG105677,Resort Hotel,2022-11-24,2023-03-31,2023-04-05,127,Australia,4,0.0,Family,258.07,Offline Agent,Check-Out,2022,11,Nov,2022-11,5,1290.35,0
BKG105678,Resort Hotel,2022-05-28,2022-06-22,2022-06-29,25,UK,1,2.0,Family,131.68,Corporate,Canceled,2022,5,May,2022-05,7,921.76,1
BKG105679,City Hotel,2023-09-25,2023-11-18,2023-11-28,54,France,2,0.0,Family,323.84,Direct,Check-Out,2023,9,Sep,2023-09,10,3238.3999999999996,0
BKG105680,City Hotel,2023-09-28,2023-12-23,2023-12-30,86,Australia,2,0.0,Family,275.14,Direct,Canceled,2023,9,Sep,2023-09,7,1925.98,1
BKG105681,Resort Hotel,2023-04-11,2023-05-01,2023-05-10,20,USA,2,1.0,Deluxe,273.04,Offline Agent,Check-Out,2023,4,Apr,2023-04,9,2457.36,0
BKG105682,Resort Hotel,2022-04-05,2022-07-19,2022-07-26,105,USA,4,0.0,Family,114.05,Offline Agent,No-Show,2022,4,Apr,2022-04,7,798.35,0
BKG105683,Resort Hotel,2023-08-27,2023-11-05,2023-11-07,70,India,3,0.0,Suite,201.1,Corporate,Check-Out,2023,8,Aug,2023-08,2,402.2,0
BKG105684,City Hotel,2022-08-18,2022-12-09,2022-12-16,113,Australia,4,2.0,Family,89.36,Offline Agent,Check-Out,2022,8,Aug,2022-08,7,625.52,0
BKG105685,Resort Hotel,2024-04-12,2024-06-20,2024-06-24,69,India,4,0.0,Standard,278.45,Online Travel Agent,Check-Out,2024,4,Apr,2024-04,4,1113.8,0
BKG105686,Resort Hotel,2022-06-27,2022-08-19,2022-08-23,53,UAE,1,1.0,Family,205.03,Direct,Check-Out,2022,6,Jun,2022-06,4,820.12,0
BKG105687,Resort Hotel,2022-03-18,2022-04-14,2022-04-23,27,Australia,4,0.0,Deluxe,320.36,Offline Agent,Check-Out,2022,3,Mar,2022-03,9,2883.2400000000002,0
BKG105688,Resort Hotel,2024-05-31,2024-10-24,2024-11-02,146,India,4,1.0,Family,123.76,Offline Agent,Check-Out,2024,5,May,2024-05,9,1113.8400000000001,0
BKG105689,City Hotel,2022-11-04,2023-02-17,2023-02-26,105,Canada,3,0.0,Suite,70.68,Offline Agent,Canceled,2022,11,Nov,2022-11,9,636.1200000000001,1
BKG105690,Resort Hotel,2024-02-21,2024-07-21,2024-07-24,151,Australia,2,1.0,Family,284.94,Direct,Canceled,2024,2,Feb,2024-02,3,854.8199999999999,1
BKG105691,Resort Hotel,2023-12-21,2024-05-25,2024-05-26,156,Brazil,4,2.0,Family,317.34,Offline Agent,Check-Out,2023,12,Dec,2023-12,1,317.34,0
BKG105692,City Hotel,2024-04-05,2024-07-23,2024-07-31,109,Australia,4,1.0,Deluxe,126.89,Corporate,Check-Out,2024,4,Apr,2024-04,8,1015.12,0
BKG105693,Resort Hotel,2022-09-02,2022-12-14,2022-12-15,103,France,1,1.0,Standard,164.76,Corporate,Check-Out,2022,9,Sep,2022-09,1,164.76,0
BKG105694,City Hotel,2022-07-20,2022-11-27,2022-12-01,130,UK,1,0.0,Deluxe,79.24,Online Travel Agent,Canceled,2022,7,Jul,2022-07,4,316.96,1
BKG105695,City Hotel,2023-10-20,2024-02-17,2024-02-27,120,USA,1,1.0,Deluxe,200.18,Corporate,Check-Out,2023,10,Oct,2023-10,10,2001.8000000000002,0
BKG105696,Resort Hotel,2022-03-12,2022-06-26,2022-07-03,106,UK,3,0.0,Standard,317.39,Direct,Check-Out,2022,3,Mar,2022-03,7,2221.73,0
BKG105697,City Hotel,2022-07-03,2022-12-23,2022-12-28,173,Australia,3,1.0,Standard,185.61,Offline Agent,Check-Out,2022,7,Jul,2022-07,5,928.0500000000001,0
BKG105698,City Hotel,2023-01-04,2023-05-27,2023-06-03,143,UAE,4,0.0,Family,347.92,Online Travel Agent,Check-Out,2023,1,Jan,2023-01,7,2435.44,0
BKG105699,Resort Hotel,2022-08-12,2022-12-29,2023-01-07,139,Germany,2,0.0,Suite,278.7,Online Travel Agent,Check-Out,2022,8,Aug,2022-08,9,2508.2999999999997,0
BKG105700,City Hotel,2023-12-30,2024-01-29,2024-02-01,30,France,4,2.0,Suite,82.53,Offline Agent,Check-Out,2023,12,Dec,2023-12,3,247.59,0
BKG105701,City Hotel,2022-10-31,2022-12-12,2022-12-20,42,India,2,0.0,Family,224.68,Online Travel Agent,Canceled,2022,10,Oct,2022-10,8,1797.44,1
BKG105702,Resort Hotel,2022-11-26,2023-02-10,2023-02-18,76,Australia,2,0.0,Family,278.29,Offline Agent,Check-Out,2022,11,Nov,2022-11,8,2226.32,0
BKG105703,City Hotel,2024-04-05,2024-05-11,2024-05-21,36,Canada,4,1.0,Standard,267.88,Online Travel Agent,Canceled,2024,4,Apr,2024-04,10,2678.8,1
BKG105704,Resort Hotel,2023-02-24,2023-07-12,2023-07-13,138,India,4,0.0,Standard,315.11,Online Travel Agent,Canceled,2023,2,Feb,2023-02,1,315.11,1
BKG105705,Resort Hotel,2023-08-06,2023-12-04,2023-12-12,120,India,4,1.0,Deluxe,333.02,Direct,Check-Out,2023,8,Aug,2023-08,8,2664.16,0
BKG105706,Resort Hotel,2023-10-26,2023-12-28,2024-01-04,63,UK,3,0.0,Family,122.98,Corporate,Check-Out,2023,10,Oct,2023-10,7,860.86,0
BKG105707,City Hotel,2022-05-25,2022-06-01,2022-06-11,7,Australia,3,0.0,Family,107.91,Direct,Check-Out,2022,5,May,2022-05,10,1079.1,0
BKG105708,Resort Hotel,2022-04-22,2022-05-29,2022-05-30,37,Brazil,2,0.0,Suite,134.77,Online Travel Agent,Check-Out,2022,4,Apr,2022-04,1,134.77,0
BKG105709,City Hotel,2022-07-13,2022-12-05,2022-12-12,145,UAE,3,0.0,Standard,160.96,Offline Agent,Canceled,2022,7,Jul,2022-07,7,1126.72,1
BKG105710,City Hotel,2022-11-24,2023-03-10,2023-03-20,106,India,2,1.0,Deluxe,147.92,Offline Agent,Check-Out,2022,11,Nov,2022-11,10,1479.1999999999998,0
BKG105711,Resort Hotel,2023-09-23,2024-01-24,2024-01-30,123,USA,4,0.0,Suite,77.22,Direct,Canceled,2023,9,Sep,2023-09,6,463.32,1
BKG105712,City Hotel,2023-02-20,2023-03-17,2023-03-22,25,Singapore,2,0.0,Suite,207.96,Offline Agent,Check-Out,2023,2,Feb,2023-02,5,1039.8,0
BKG105713,Resort Hotel,2023-11-06,2024-04-03,2024-04-04,149,Singapore,4,2.0,Deluxe,226.84,Direct,Canceled,2023,11,Nov,2023-11,1,226.84,1
BKG105714,City Hotel,2023-04-29,2023-05-17,2023-05-18,18,Australia,3,0.0,Standard,227.76,Direct,Check-Out,2023,4,Apr,2023-04,1,227.76,0
BKG105715,City Hotel,2022-09-17,2023-01-03,2023-01-12,108,Singapore,1,0.0,Family,265.96,Online Travel Agent,Check-Out,2022,9,Sep,2022-09,9,2393.64,0
BKG105716,City Hotel,2022-04-13,2022-05-19,2022-05-27,36,Germany,4,2.0,Family,288.45,Corporate,Check-Out,2022,4,Apr,2022-04,8,2307.6,0
BKG105717,City Hotel,2023-12-11,2024-04-18,2024-04-28,129,Australia,3,0.0,Family,271.75,Online Travel Agent,Check-Out,2023,12,Dec,2023-12,10,2717.5,0
BKG105718,Resort Hotel,2024-02-01,2024-05-29,2024-06-06,118,India,2,0.0,Suite,333.48,Online Travel Agent,Check-Out,2024,2,Feb,2024-02,8,2667.84,0
BKG105719,City Hotel,2024-04-12,2024-05-31,2024-06-03,49,Australia,4,2.0,Standard,317.18,Corporate,Canceled,2024,4,Apr,2024-04,3,951.54,1
BKG105720,City Hotel,2022-07-30,2022-09-04,2022-09-05,36,Singapore,1,2.0,Family,343.85,Direct,Check-Out,2022,7,Jul,2022-07,1,343.85,0
BKG105721,Resort Hotel,2023-12-12,2024-01-29,2024-02-02,48,Brazil,3,2.0,Deluxe,200.89,Corporate,Canceled,2023,12,Dec,2023-12,4,803.56,1
BKG105722,City Hotel,2022-04-06,2022-04-22,2022-04-27,16,Canada,4,0.0,Deluxe,175.07,Online Travel Agent,Canceled,2022,4,Apr,2022-04,5,875.3499999999999,1
BKG105723,Resort Hotel,2022-03-28,2022-09-04,2022-09-09,160,Canada,1,0.0,Deluxe,315.95,Online Travel Agent,Check-Out,2022,3,Mar,2022-03,5,1579.75,0
BKG105724,City Hotel,2022-08-20,2022-09-27,2022-09-29,38,Canada,4,2.0,Family,337.1,Online Travel Agent,Check-Out,2022,8,Aug,2022-08,2,674.2,0
BKG105725,City Hotel,2022-02-19,2022-04-18,2022-04-24,58,Australia,2,0.0,Suite,71.34,Online Travel Agent,Canceled,2022,2,Feb,2022-02,6,428.04,1
BKG105726,City Hotel,2022-06-09,2022-10-12,2022-10-16,125,UAE,3,0.0,Suite,173.39,Online Travel Agent,Check-Out,2022,6,Jun,2022-06,4,693.56,0
BKG105727,Resort Hotel,2024-03-03,2024-04-18,2024-04-25,46,Australia,2,0.0,Standard,324.69,Direct,Check-Out,2024,3,Mar,2024-03,7,2272.83,0
BKG105728,Resort Hotel,2023-06-01,2023-07-22,2023-07-23,51,Germany,2,0.0,Family,81.9,Online Travel Agent,Check-Out,2023,6,Jun,2023-06,1,81.9,0
BKG105729,Resort Hotel,2022-11-26,2023-05-24,2023-05-25,179,Canada,2,2.0,Deluxe,178.8,Online Travel Agent,Check-Out,2022,11,Nov,2022-11,1,178.8,0
BKG105730,City Hotel,2023-02-25,2023-04-01,2023-04-10,35,USA,4,0.0,Deluxe,283.75,Corporate,Canceled,2023,2,Feb,2023-02,9,2553.75,1
BKG105731,City Hotel,2023-09-22,2024-01-13,2024-01-16,113,Brazil,3,0.0,Deluxe,217.4,Online Travel Agent,Check-Out,2023,9,Sep,2023-09,3,652.2,0
BKG105732,City Hotel,2024-06-14,2024-06-24,2024-06-27,10,Singapore,4,2.0,Family,183.29,Offline Agent,Canceled,2024,6,Jun,2024-06,3,549.87,1
BKG105733,City Hotel,2023-01-06,2023-04-16,2023-04-18,100,Brazil,2,2.0,Suite,303.68,Corporate,Canceled,2023,1,Jan,2023-01,2,607.36,1
BKG105734,Resort Hotel,2022-06-11,2022-07-12,2022-07-14,31,USA,1,2.0,Family,280.3,Online Travel Agent,Check-Out,2022,6,Jun,2022-06,2,560.6,0
BKG105735,Resort Hotel,2024-04-08,2024-07-17,2024-07-25,100,Germany,3,2.0,Suite,188.65,Online Travel Agent,Check-Out,2024,4,Apr,2024-04,8,1509.2,0
BKG105736,Resort Hotel,2024-04-29,2024-06-01,2024-06-11,33,India,2,2.0,Suite,258.55,Direct,Canceled,2024,4,Apr,2024-04,10,2585.5,1
BKG105737,City Hotel,2023-07-19,2023-12-27,2024-01-02,161,UAE,2,0.0,Suite,190.78,Corporate,No-Show,2023,7,Jul,2023-07,6,1144.68,0
BKG105738,City Hotel,2022-02-14,2022-06-22,2022-06-28,128,Brazil,3,0.0,Standard,216.81,Offline Agent,Check-Out,2022,2,Feb,2022-02,6,1300.8600000000001,0
BKG105739,City Hotel,2022-11-10,2023-01-10,2023-01-20,61,Brazil,4,2.0,Family,213.15,Corporate,Canceled,2022,11,Nov,2022-11,10,2131.5,1
BKG105740,Resort Hotel,2023-02-10,2023-02-19,2023-02-22,9,Brazil,4,2.0,Suite,279.22,Corporate,Check-Out,2023,2,Feb,2023-02,3,837.6600000000001,0
BKG105741,Resort Hotel,2023-11-27,2024-05-09,2024-05-12,164,UK,1,2.0,Standard,212.65,Offline Agent,Check-Out,2023,11,Nov,2023-11,3,637.95,0
BKG105742,Resort Hotel,2022-07-18,2022-07-31,2022-08-09,13,Brazil,1,0.0,Family,126.65,Direct,Check-Out,2022,7,Jul,2022-07,9,1139.8500000000001,0
BKG105743,City Hotel,2023-02-01,2023-05-31,2023-06-08,119,Brazil,1,0.0,Deluxe,100.92,Corporate,Check-Out,2023,2,Feb,2023-02,8,807.36,0
BKG105744,Resort Hotel,2022-11-11,2022-12-06,2022-12-09,25,UK,4,2.0,Suite,243.31,Direct,Canceled,2022,11,Nov,2022-11,3,729.9300000000001,1
BKG105745,Resort Hotel,2022-05-24,2022-11-19,2022-11-25,179,Australia,3,0.0,Deluxe,148.11,Offline Agent,Check-Out,2022,5,May,2022-05,6,888.6600000000001,0
BKG105746,City Hotel,2022-05-21,2022-06-14,2022-06-17,24,France,1,0.0,Suite,275.88,Online Travel Agent,Check-Out,2022,5,May,2022-05,3,827.64,0
BKG105747,Resort Hotel,2023-06-11,2023-09-08,2023-09-09,89,India,2,0.0,Standard,279.38,Offline Agent,Canceled,2023,6,Jun,2023-06,1,279.38,1
BKG105748,City Hotel,2022-04-06,2022-04-06,2022-04-14,0,Brazil,1,0.0,Family,318.11,Direct,Check-Out,2022,4,Apr,2022-04,8,2544.88,0
BKG105749,City Hotel,2023-09-27,2024-03-07,2024-03-13,162,India,1,0.0,Family,243.94,Online Travel Agent,Canceled,2023,9,Sep,2023-09,6,1463.6399999999999,1
BKG105750,City Hotel,2022-06-26,2022-07-10,2022-07-15,14,India,1,0.0,Suite,244.1,Corporate,Canceled,2022,6,Jun,2022-06,5,1220.5,1
BKG105751,City Hotel,2022-04-16,2022-05-26,2022-05-28,40,Germany,4,2.0,Suite,159.31,Direct,Check-Out,2022,4,Apr,2022-04,2,318.62,0
BKG105752,Resort Hotel,2022-10-08,2023-01-02,2023-01-08,86,France,1,0.0,Deluxe,105.35,Online Travel Agent,Canceled,2022,10,Oct,2022-10,6,632.0999999999999,1
BKG105753,City Hotel,2023-06-26,2023-10-15,2023-10-24,111,Australia,4,1.0,Suite,192.59,Offline Agent,Canceled,2023,6,Jun,2023-06,9,1733.31,1
BKG105754,Resort Hotel,2024-04-08,2024-08-14,2024-08-18,128,India,4,0.0,Suite,119.83,Online Travel Agent,Check-Out,2024,4,Apr,2024-04,4,479.32,0
BKG105755,Resort Hotel,2024-05-09,2024-08-07,2024-08-11,90,Singapore,1,2.0,Family,320.6,Online Travel Agent,Check-Out,2024,5,May,2024-05,4,1282.4,0
BKG105756,Resort Hotel,2022-11-08,2023-02-13,2023-02-15,97,Canada,4,0.0,Deluxe,287.37,Direct,Check-Out,2022,11,Nov,2022-11,2,574.74,0
BKG105757,City Hotel,2023-02-04,2023-06-02,2023-06-11,118,France,2,0.0,Deluxe,148.4,Corporate,Canceled,2023,2,Feb,2023-02,9,1335.6000000000001,1
BKG105758,Resort Hotel,2023-06-05,2023-10-15,2023-10-18,132,Brazil,2,0.0,Family,284.41,Offline Agent,Canceled,2023,6,Jun,2023-06,3,853.23,1
BKG105759,Resort Hotel,2024-01-10,2024-03-28,2024-04-05,78,Canada,4,0.0,Deluxe,335.26,Corporate,Canceled,2024,1,Jan,2024-01,8,2682.08,1
BKG105760,Resort Hotel,2023-08-29,2023-10-10,2023-10-20,42,France,2,0.0,Standard,131.62,Offline Agent,Check-Out,2023,8,Aug,2023-08,10,1316.2,0
BKG105761,City Hotel,2023-02-17,2023-08-11,2023-08-21,175,Brazil,3,1.0,Deluxe,65.83,Offline Agent,Check-Out,2023,2,Feb,2023-02,10,658.3,0
BKG105762,Resort Hotel,2023-01-15,2023-01-21,2023-01-27,6,Australia,4,2.0,Standard,163.97,Offline Agent,Canceled,2023,1,Jan,2023-01,6,983.8199999999999,1
BKG105763,Resort Hotel,2022-04-08,2022-05-29,2022-06-03,51,UK,2,2.0,Suite,255.81,Online Travel Agent,Check-Out,2022,4,Apr,2022-04,5,1279.05,0
BKG105764,City Hotel,2024-06-04,2024-09-12,2024-09-15,100,Australia,1,2.0,Standard,188.31,Online Travel Agent,Canceled,2024,6,Jun,2024-06,3,564.9300000000001,1
BKG105765,City Hotel,2022-03-01,2022-05-16,2022-05-19,76,UAE,3,0.0,Family,143.7,Direct,Check-Out,2022,3,Mar,2022-03,3,431.09999999999997,0
BKG105766,Resort Hotel,2024-06-10,2024-09-19,2024-09-20,101,India,3,1.0,Family,146.1,Direct,Check-Out,2024,6,Jun,2024-06,1,146.1,0
BKG105767,Resort Hotel,2023-02-07,2023-05-17,2023-05-18,99,Brazil,3,0.0,Family,80.81,Direct,Check-Out,2023,2,Feb,2023-02,1,80.81,0
BKG105768,City Hotel,2023-05-05,2023-08-09,2023-08-16,96,UK,2,1.0,Suite,197.0,Direct,Canceled,2023,5,May,2023-05,7,1379.0,1
BKG105769,City Hotel,2022-06-22,2022-10-23,2022-11-01,123,Australia,3,0.0,Standard,111.09,Direct,Canceled,2022,6,Jun,2022-06,9,999.8100000000001,1
BKG105770,City Hotel,2023-06-01,2023-07-08,2023-07-15,37,Canada,1,0.0,Suite,141.08,Online Travel Agent,Check-Out,2023,6,Jun,2023-06,7,987.5600000000001,0
BKG105771,City Hotel,2023-12-11,2023-12-20,2023-12-27,9,Australia,1,0.0,Standard,305.6,Online Travel Agent,Check-Out,2023,12,Dec,2023-12,7,2139.2000000000003,0
BKG105772,City Hotel,2022-02-07,2022-06-30,2022-07-07,143,Singapore,4,0.0,Suite,101.53,Online Travel Agent,Check-Out,2022,2,Feb,2022-02,7,710.71,0
BKG105773,City Hotel,2024-05-21,2024-06-30,2024-07-05,40,UAE,4,0.0,Family,333.24,Direct,Check-Out,2024,5,May,2024-05,5,1666.2,0
BKG105774,Resort Hotel,2024-02-14,2024-08-10,2024-08-19,178,India,4,0.0,Suite,80.17,Corporate,Check-Out,2024,2,Feb,2024-02,9,721.53,0
BKG105775,City Hotel,2024-03-21,2024-04-22,2024-05-01,32,Canada,1,1.0,Family,205.34,Online Travel Agent,Check-Out,2024,3,Mar,2024-03,9,1848.06,0
BKG105776,Resort Hotel,2023-08-19,2023-11-23,2023-11-26,96,Australia,1,0.0,Deluxe,252.39,Offline Agent,No-Show,2023,8,Aug,2023-08,3,757.17,0
BKG105777,City Hotel,2023-02-14,2023-05-20,2023-05-24,95,Australia,1,0.0,Deluxe,295.6,Direct,Check-Out,2023,2,Feb,2023-02,4,1182.4,0
BKG105778,Resort Hotel,2024-06-02,2024-07-29,2024-08-04,57,France,1,0.0,Suite,230.63,Offline Agent,Check-Out,2024,6,Jun,2024-06,6,1383.78,0
BKG105779,Resort Hotel,2023-07-19,2023-10-17,2023-10-27,90,UAE,3,0.0,Standard,144.14,Online Travel Agent,Check-Out,2023,7,Jul,2023-07,10,1441.3999999999999,0
BKG105780,Resort Hotel,2022-11-20,2022-12-12,2022-12-13,22,Australia,4,1.0,Standard,281.59,Corporate,Check-Out,2022,11,Nov,2022-11,1,281.59,0
BKG105781,Resort Hotel,2023-10-19,2023-12-24,2023-12-28,66,UK,1,0.0,Deluxe,348.39,Corporate,Canceled,2023,10,Oct,2023-10,4,1393.56,1
BKG105782,City Hotel,2022-02-27,2022-04-11,2022-04-13,43,Australia,1,1.0,Standard,217.44,Direct,Canceled,2022,2,Feb,2022-02,2,434.88,1
BKG105783,City Hotel,2023-09-16,2024-03-04,2024-03-07,170,UAE,1,0.0,Family,238.22,Online Travel Agent,Canceled,2023,9,Sep,2023-09,3,714.66,1
BKG105784,Resort Hotel,2023-05-09,2023-09-27,2023-09-29,141,Australia,3,0.0,Standard,255.97,Online Travel Agent,Check-Out,2023,5,May,2023-05,2,511.94,0
BKG105785,City Hotel,2023-07-26,2023-09-20,2023-09-24,56,France,4,1.0,Deluxe,280.93,Corporate,Check-Out,2023,7,Jul,2023-07,4,1123.72,0
BKG105786,City Hotel,2022-10-16,2022-12-13,2022-12-14,58,Canada,2,0.0,Suite,246.46,Corporate,Canceled,2022,10,Oct,2022-10,1,246.46,1
BKG105787,Resort Hotel,2023-03-21,2023-04-06,2023-04-08,16,Australia,3,0.0,Standard,175.7,Offline Agent,Check-Out,2023,3,Mar,2023-03,2,351.4,0
BKG105788,Resort Hotel,2022-02-28,2022-06-02,2022-06-10,94,Canada,4,1.0,Deluxe,181.08,Offline Agent,Canceled,2022,2,Feb,2022-02,8,1448.64,1
BKG105789,Resort Hotel,2024-06-05,2024-08-16,2024-08-24,72,UK,2,0.0,Family,191.22,Online Travel Agent,Canceled,2024,6,Jun,2024-06,8,1529.76,1
BKG105790,City Hotel,2023-12-18,2024-01-21,2024-01-29,34,Brazil,2,0.0,Suite,92.43,Offline Agent,Canceled,2023,12,Dec,2023-12,8,739.44,1
BKG105791,City Hotel,2024-03-25,2024-05-03,2024-05-05,39,UAE,4,0.0,Suite,313.68,Online Travel Agent,Canceled,2024,3,Mar,2024-03,2,627.36,1
BKG105792,Resort Hotel,2023-03-10,2023-07-31,2023-08-05,143,Australia,3,0.0,Suite,259.69,Online Travel Agent,Canceled,2023,3,Mar,2023-03,5,1298.45,1
BKG105793,City Hotel,2023-01-18,2023-05-17,2023-05-27,119,Germany,3,0.0,Standard,334.72,Corporate,Check-Out,2023,1,Jan,2023-01,10,3347.2000000000003,0
BKG105794,City Hotel,2024-01-05,2024-04-29,2024-05-09,115,Australia,4,0.0,Family,213.53,Online Travel Agent,Check-Out,2024,1,Jan,2024-01,10,2135.3,0
BKG105795,City Hotel,2022-05-09,2022-10-16,2022-10-20,160,Germany,2,1.0,Standard,313.08,Offline Agent,Canceled,2022,5,May,2022-05,4,1252.32,1
BKG105796,City Hotel,2024-03-06,2024-08-11,2024-08-16,158,Australia,4,0.0,Family,341.88,Offline Agent,Check-Out,2024,3,Mar,2024-03,5,1709.4,0
BKG105797,Resort Hotel,2023-02-23,2023-05-09,2023-05-17,75,Canada,1,2.0,Suite,289.18,Direct,Check-Out,2023,2,Feb,2023-02,8,2313.44,0
BKG105798,City Hotel,2023-08-18,2023-12-06,2023-12-08,110,UAE,4,0.0,Family,92.91,Direct,Canceled,2023,8,Aug,2023-08,2,185.82,1
BKG105799,Resort Hotel,2022-10-17,2022-12-27,2022-12-28,71,Brazil,4,0.0,Standard,104.19,Offline Agent,Canceled,2022,10,Oct,2022-10,1,104.19,1
BKG105800,City Hotel,2024-06-06,2024-07-22,2024-07-29,46,UK,4,2.0,Family,338.81,Direct,Check-Out,2024,6,Jun,2024-06,7,2371.67,0
BKG105801,City Hotel,2024-04-09,2024-05-24,2024-05-31,45,Australia,2,1.0,Deluxe,117.84,Corporate,Check-Out,2024,4,Apr,2024-04,7,824.88,0
BKG105802,City Hotel,2023-08-19,2023-12-25,2023-12-27,128,Singapore,2,0.0,Family,72.96,Online Travel Agent,Check-Out,2023,8,Aug,2023-08,2,145.92,0
BKG105803,City Hotel,2022-05-04,2022-08-06,2022-08-13,94,India,1,0.0,Standard,270.07,Direct,Check-Out,2022,5,May,2022-05,7,1890.49,0
BKG105804,City Hotel,2023-07-11,2023-09-03,2023-09-13,54,France,3,0.0,Family,144.88,Online Travel Agent,Check-Out,2023,7,Jul,2023-07,10,1448.8,0
BKG105805,City Hotel,2022-04-21,2022-07-19,2022-07-20,89,UAE,1,1.0,Deluxe,245.57,Corporate,Canceled,2022,4,Apr,2022-04,1,245.57,1
BKG105806,City Hotel,2022-02-21,2022-03-01,2022-03-06,8,Singapore,3,0.0,Suite,196.14,Direct,Check-Out,2022,2,Feb,2022-02,5,980.6999999999999,0
BKG105807,City Hotel,2024-06-01,2024-07-03,2024-07-04,32,Brazil,1,1.0,Family,328.79,Offline Agent,Check-Out,2024,6,Jun,2024-06,1,328.79,0
BKG105808,Resort Hotel,2022-04-29,2022-07-14,2022-07-19,76,Germany,2,0.0,Suite,84.06,Direct,Check-Out,2022,4,Apr,2022-04,5,420.3,0
BKG105809,Resort Hotel,2023-01-23,2023-06-12,2023-06-20,140,France,2,0.0,Family,328.08,Offline Agent,Check-Out,2023,1,Jan,2023-01,8,2624.64,0
BKG105810,Resort Hotel,2023-04-29,2023-10-10,2023-10-11,164,Australia,1,1.0,Standard,237.07,Offline Agent,Check-Out,2023,4,Apr,2023-04,1,237.07,0
BKG105811,Resort Hotel,2022-05-31,2022-07-30,2022-07-31,60,Australia,3,1.0,Suite,261.98,Online Travel Agent,Canceled,2022,5,May,2022-05,1,261.98,1
BKG105812,Resort Hotel,2023-11-22,2024-05-01,2024-05-03,161,Germany,4,1.0,Family,163.81,Offline Agent,Canceled,2023,11,Nov,2023-11,2,327.62,1
BKG105813,Resort Hotel,2022-06-21,2022-07-30,2022-07-31,39,USA,4,0.0,Deluxe,258.61,Online Travel Agent,Canceled,2022,6,Jun,2022-06,1,258.61,1
BKG105814,City Hotel,2023-01-08,2023-01-14,2023-01-24,6,Canada,4,0.0,Deluxe,234.66,Corporate,Check-Out,2023,1,Jan,2023-01,10,2346.6,0
BKG105815,Resort Hotel,2022-03-15,2022-09-08,2022-09-13,177,France,4,0.0,Family,279.59,Corporate,Check-Out,2022,3,Mar,2022-03,5,1397.9499999999998,0
BKG105816,City Hotel,2024-01-29,2024-05-27,2024-06-06,119,USA,3,0.0,Family,150.12,Corporate,Check-Out,2024,1,Jan,2024-01,10,1501.2,0
BKG105817,Resort Hotel,2024-05-18,2024-08-24,2024-08-26,98,Germany,4,0.0,Family,85.39,Corporate,Check-Out,2024,5,May,2024-05,2,170.78,0
BKG105818,Resort Hotel,2023-11-23,2024-04-21,2024-04-29,150,UK,4,0.0,Standard,71.56,Offline Agent,Check-Out,2023,11,Nov,2023-11,8,572.48,0
BKG105819,City Hotel,2024-04-04,2024-08-10,2024-08-11,128,India,4,0.0,Suite,169.76,Online Travel Agent,Canceled,2024,4,Apr,2024-04,1,169.76,1
BKG105820,City Hotel,2023-09-27,2023-11-23,2023-12-02,57,Australia,2,0.0,Standard,234.78,Online Travel Agent,Check-Out,2023,9,Sep,2023-09,9,2113.02,0
BKG105821,Resort Hotel,2023-04-27,2023-06-13,2023-06-23,47,France,1,2.0,Deluxe,333.17,Online Travel Agent,Check-Out,2023,4,Apr,2023-04,10,3331.7000000000003,0
BKG105822,Resort Hotel,2023-07-29,2023-10-30,2023-11-09,93,USA,1,0.0,Standard,106.42,Offline Agent,Canceled,2023,7,Jul,2023-07,10,1064.2,1
BKG105823,Resort Hotel,2022-12-26,2023-04-10,2023-04-18,105,Singapore,2,0.0,Family,139.64,Corporate,Canceled,2022,12,Dec,2022-12,8,1117.12,1
BKG105824,City Hotel,2023-12-18,2024-02-19,2024-02-28,63,Australia,3,0.0,Deluxe,75.84,Direct,Check-Out,2023,12,Dec,2023-12,9,682.5600000000001,0
BKG105825,City Hotel,2023-08-23,2023-10-07,2023-10-12,45,Australia,3,0.0,Standard,67.94,Corporate,Check-Out,2023,8,Aug,2023-08,5,339.7,0
BKG105826,City Hotel,2022-07-01,2022-12-25,2022-12-28,177,Australia,2,0.0,Suite,313.95,Offline Agent,Check-Out,2022,7,Jul,2022-07,3,941.8499999999999,0
BKG105827,Resort Hotel,2022-07-12,2022-12-02,2022-12-05,143,France,3,0.0,Deluxe,259.71,Direct,Canceled,2022,7,Jul,2022-07,3,779.1299999999999,1
BKG105828,Resort Hotel,2024-03-25,2024-04-23,2024-05-01,29,UAE,2,0.0,Standard,161.51,Direct,Check-Out,2024,3,Mar,2024-03,8,1292.08,0
BKG105829,City Hotel,2023-10-16,2023-10-25,2023-11-03,9,Australia,4,0.0,Standard,294.27,Offline Agent,Canceled,2023,10,Oct,2023-10,9,2648.43,1
BKG105830,Resort Hotel,2022-07-24,2022-10-19,2022-10-23,87,France,3,1.0,Deluxe,310.01,Online Travel Agent,Canceled,2022,7,Jul,2022-07,4,1240.04,1
BKG105831,City Hotel,2023-12-09,2024-03-09,2024-03-17,91,Brazil,1,0.0,Deluxe,184.93,Corporate,Check-Out,2023,12,Dec,2023-12,8,1479.44,0
BKG105832,City Hotel,2023-05-20,2023-07-06,2023-07-14,47,Australia,2,2.0,Standard,60.53,Online Travel Agent,Canceled,2023,5,May,2023-05,8,484.24,1
BKG105833,City Hotel,2022-05-27,2022-06-17,2022-06-21,21,USA,4,0.0,Family,112.51,Offline Agent,Check-Out,2022,5,May,2022-05,4,450.04,0
BKG105834,City Hotel,2023-12-08,2024-04-07,2024-04-10,121,USA,4,0.0,Standard,103.81,Direct,Check-Out,2023,12,Dec,2023-12,3,311.43,0
BKG105835,Resort Hotel,2022-04-10,2022-04-14,2022-04-23,4,India,2,0.0,Standard,219.38,Corporate,Canceled,2022,4,Apr,2022-04,9,1974.42,1
BKG105836,City Hotel,2023-10-15,2023-11-15,2023-11-25,31,USA,2,2.0,Suite,294.22,Direct,No-Show,2023,10,Oct,2023-10,10,2942.2000000000003,0
BKG105837,Resort Hotel,2023-11-25,2023-12-12,2023-12-21,17,USA,2,0.0,Deluxe,75.57,Offline Agent,Check-Out,2023,11,Nov,2023-11,9,680.1299999999999,0
BKG105838,City Hotel,2023-07-08,2023-11-17,2023-11-25,132,USA,2,2.0,Deluxe,190.62,Online Travel Agent,Check-Out,2023,7,Jul,2023-07,8,1524.96,0
BKG105839,Resort Hotel,2024-05-23,2024-07-21,2024-07-30,59,Brazil,4,1.0,Standard,206.25,Online Travel Agent,Canceled,2024,5,May,2024-05,9,1856.25,1
BKG105840,City Hotel,2023-05-11,2023-10-30,2023-11-07,172,Australia,4,0.0,Standard,105.61,Offline Agent,Check-Out,2023,5,May,2023-05,8,844.88,0
BKG105841,Resort Hotel,2023-01-13,2023-02-20,2023-02-26,38,Australia,2,2.0,Suite,239.14,Corporate,Canceled,2023,1,Jan,2023-01,6,1434.84,1
BKG105842,City Hotel,2022-08-20,2022-09-20,2022-09-28,31,USA,3,0.0,Suite,215.78,Corporate,Check-Out,2022,8,Aug,2022-08,8,1726.24,0
BKG105843,Resort Hotel,2022-06-24,2022-12-12,2022-12-16,171,UAE,2,0.0,Suite,134.1,Corporate,Canceled,2022,6,Jun,2022-06,4,536.4,1
BKG105844,Resort Hotel,2022-01-10,2022-05-24,2022-06-02,134,Singapore,2,0.0,Family,188.68,Corporate,Check-Out,2022,1,Jan,2022-01,9,1698.1200000000001,0
BKG105845,City Hotel,2022-09-07,2022-09-27,2022-10-03,20,India,4,0.0,Family,255.52,Direct,Canceled,2022,9,Sep,2022-09,6,1533.1200000000001,1
BKG105846,Resort Hotel,2022-12-13,2023-02-15,2023-02-23,64,Canada,4,1.0,Family,155.87,Direct,Check-Out,2022,12,Dec,2022-12,8,1246.96,0
BKG105847,Resort Hotel,2022-05-13,2022-07-22,2022-07-30,70,Australia,1,0.0,Deluxe,63.35,Online Travel Agent,No-Show,2022,5,May,2022-05,8,506.8,0
BKG105848,Resort Hotel,2023-06-17,2023-11-09,2023-11-17,145,USA,3,0.0,Family,182.21,Online Travel Agent,Canceled,2023,6,Jun,2023-06,8,1457.68,1
BKG105849,Resort Hotel,2024-06-11,2024-12-06,2024-12-12,178,Brazil,1,1.0,Standard,143.37,Offline Agent,Check-Out,2024,6,Jun,2024-06,6,860.22,0
BKG105850,City Hotel,2022-10-05,2022-12-15,2022-12-21,71,Brazil,1,2.0,Deluxe,260.4,Direct,Canceled,2022,10,Oct,2022-10,6,1562.3999999999999,1
BKG105851,City Hotel,2023-01-25,2023-07-21,2023-07-28,177,France,1,2.0,Suite,63.97,Direct,No-Show,2023,1,Jan,2023-01,7,447.78999999999996,0
BKG105852,Resort Hotel,2022-06-15,2022-08-22,2022-08-29,68,Australia,4,0.0,Suite,233.85,Offline Agent,Canceled,2022,6,Jun,2022-06,7,1636.95,1
BKG105853,Resort Hotel,2023-12-06,2024-05-02,2024-05-03,148,UK,4,0.0,Suite,115.86,Direct,Check-Out,2023,12,Dec,2023-12,1,115.86,0
BKG105854,City Hotel,2023-09-09,2023-12-10,2023-12-12,92,Brazil,2,0.0,Suite,125.66,Corporate,Check-Out,2023,9,Sep,2023-09,2,251.32,0
BKG105855,City Hotel,2022-09-08,2022-10-24,2022-10-29,46,USA,4,0.0,Family,123.62,Offline Agent,Check-Out,2022,9,Sep,2022-09,5,618.1,0
BKG105856,Resort Hotel,2024-03-22,2024-05-10,2024-05-18,49,France,4,0.0,Deluxe,291.04,Offline Agent,Canceled,2024,3,Mar,2024-03,8,2328.32,1
BKG105857,Resort Hotel,2023-05-30,2023-10-08,2023-10-17,131,Australia,3,0.0,Family,194.96,Corporate,Check-Out,2023,5,May,2023-05,9,1754.64,0
BKG105858,Resort Hotel,2022-12-30,2023-04-01,2023-04-05,92,France,2,2.0,Family,135.64,Offline Agent,Canceled,2022,12,Dec,2022-12,4,542.56,1
BKG105859,City Hotel,2023-02-16,2023-05-03,2023-05-09,76,Singapore,3,0.0,Suite,60.13,Direct,Check-Out,2023,2,Feb,2023-02,6,360.78000000000003,0
BKG105860,Resort Hotel,2022-06-15,2022-10-24,2022-10-28,131,USA,4,2.0,Standard,127.34,Online Travel Agent,Check-Out,2022,6,Jun,2022-06,4,509.36,0
BKG105861,Resort Hotel,2023-10-29,2023-12-16,2023-12-26,48,India,2,0.0,Suite,326.87,Online Travel Agent,Check-Out,2023,10,Oct,2023-10,10,3268.7,0
BKG105862,Resort Hotel,2022-12-16,2023-04-09,2023-04-12,114,Australia,2,2.0,Family,184.36,Online Travel Agent,Check-Out,2022,12,Dec,2022-12,3,553.08,0
BKG105863,City Hotel,2023-03-16,2023-04-02,2023-04-12,17,France,1,0.0,Standard,333.3,Offline Agent,Check-Out,2023,3,Mar,2023-03,10,3333.0,0
BKG105864,Resort Hotel,2023-07-08,2023-07-16,2023-07-22,8,France,1,2.0,Family,297.52,Offline Agent,Check-Out,2023,7,Jul,2023-07,6,1785.12,0
BKG105865,City Hotel,2022-02-06,2022-04-07,2022-04-09,60,USA,3,2.0,Family,193.39,Direct,Check-Out,2022,2,Feb,2022-02,2,386.78,0
BKG105866,Resort Hotel,2023-06-24,2023-09-12,2023-09-18,80,Australia,4,0.0,Family,298.24,Online Travel Agent,No-Show,2023,6,Jun,2023-06,6,1789.44,0
BKG105867,Resort Hotel,2024-06-16,2024-08-02,2024-08-06,47,Canada,3,0.0,Deluxe,312.72,Online Travel Agent,Check-Out,2024,6,Jun,2024-06,4,1250.88,0
BKG105868,City Hotel,2023-07-26,2023-09-08,2023-09-17,44,USA,1,0.0,Standard,67.93,Direct,Check-Out,2023,7,Jul,2023-07,9,611.3700000000001,0
BKG105869,City Hotel,2023-09-18,2023-09-22,2023-09-28,4,India,1,0.0,Suite,193.33,Offline Agent,Check-Out,2023,9,Sep,2023-09,6,1159.98,0
BKG105870,City Hotel,2022-08-11,2022-08-20,2022-08-30,9,Australia,3,0.0,Suite,227.24,Corporate,Check-Out,2022,8,Aug,2022-08,10,2272.4,0
BKG105871,City Hotel,2024-03-21,2024-09-01,2024-09-08,164,France,3,0.0,Family,206.74,Direct,No-Show,2024,3,Mar,2024-03,7,1447.18,0
BKG105872,Resort Hotel,2024-05-18,2024-09-17,2024-09-21,122,Germany,2,0.0,Standard,331.77,Corporate,Check-Out,2024,5,May,2024-05,4,1327.08,0
BKG105873,Resort Hotel,2023-01-26,2023-07-15,2023-07-22,170,UAE,2,0.0,Deluxe,142.48,Online Travel Agent,No-Show,2023,1,Jan,2023-01,7,997.3599999999999,0
BKG105874,Resort Hotel,2022-05-09,2022-10-18,2022-10-27,162,USA,1,2.0,Standard,143.56,Direct,Check-Out,2022,5,May,2022-05,9,1292.04,0
BKG105875,City Hotel,2022-05-18,2022-05-31,2022-06-08,13,Australia,1,2.0,Suite,203.56,Online Travel Agent,Check-Out,2022,5,May,2022-05,8,1628.48,0
BKG105876,City Hotel,2024-04-26,2024-08-10,2024-08-14,106,Germany,4,0.0,Family,203.14,Direct,Canceled,2024,4,Apr,2024-04,4,812.56,1
BKG105877,Resort Hotel,2023-04-12,2023-10-09,2023-10-15,180,UAE,1,0.0,Suite,128.44,Corporate,Check-Out,2023,4,Apr,2023-04,6,770.64,0
BKG105878,City Hotel,2022-06-19,2022-07-21,2022-07-24,32,Australia,3,1.0,Standard,281.26,Online Travel Agent,Check-Out,2022,6,Jun,2022-06,3,843.78,0
BKG105879,Resort Hotel,2022-11-11,2023-04-07,2023-04-08,147,UAE,1,0.0,Family,170.37,Corporate,Check-Out,2022,11,Nov,2022-11,1,170.37,0
BKG105880,City Hotel,2022-04-09,2022-08-26,2022-09-01,139,UAE,3,0.0,Family,76.73,Online Travel Agent,Check-Out,2022,4,Apr,2022-04,6,460.38,0
BKG105881,City Hotel,2023-01-31,2023-06-24,2023-06-30,144,Australia,3,0.0,Family,233.28,Offline Agent,Check-Out,2023,1,Jan,2023-01,6,1399.68,0
BKG105882,Resort Hotel,2023-03-15,2023-04-01,2023-04-04,17,UAE,2,0.0,Deluxe,65.01,Direct,Check-Out,2023,3,Mar,2023-03,3,195.03000000000003,0
BKG105883,Resort Hotel,2022-10-28,2022-11-03,2022-11-05,6,Brazil,3,0.0,Suite,199.99,Direct,Check-Out,2022,10,Oct,2022-10,2,399.98,0
BKG105884,City Hotel,2022-06-01,2022-06-28,2022-07-06,27,Germany,2,0.0,Suite,72.22,Direct,Check-Out,2022,6,Jun,2022-06,8,577.76,0
BKG105885,City Hotel,2023-06-15,2023-07-20,2023-07-25,35,Canada,1,2.0,Family,218.79,Offline Agent,Check-Out,2023,6,Jun,2023-06,5,1093.95,0
BKG105886,City Hotel,2022-04-24,2022-10-12,2022-10-16,171,Germany,4,0.0,Suite,120.3,Offline Agent,Check-Out,2022,4,Apr,2022-04,4,481.2,0
BKG105887,City Hotel,2022-08-06,2022-11-13,2022-11-15,99,Singapore,4,1.0,Suite,133.68,Direct,Canceled,2022,8,Aug,2022-08,2,267.36,1
BKG105888,Resort Hotel,2024-06-09,2024-11-30,2024-12-06,174,UAE,2,0.0,Suite,214.72,Corporate,Check-Out,2024,6,Jun,2024-06,6,1288.32,0
BKG105889,City Hotel,2022-10-04,2022-10-30,2022-11-04,26,Germany,2,1.0,Family,329.58,Direct,Canceled,2022,10,Oct,2022-10,5,1647.8999999999999,1
BKG105890,Resort Hotel,2022-08-29,2022-08-29,2022-09-07,0,Australia,3,2.0,Family,279.47,Online Travel Agent,Canceled,2022,8,Aug,2022-08,9,2515.2300000000005,1
BKG105891,City Hotel,2022-11-02,2023-01-17,2023-01-20,76,Brazil,3,0.0,Deluxe,224.66,Direct,Canceled,2022,11,Nov,2022-11,3,673.98,1
BKG105892,City Hotel,2022-12-06,2023-06-03,2023-06-11,179,India,1,0.0,Standard,154.66,Online Travel Agent,Check-Out,2022,12,Dec,2022-12,8,1237.28,0
BKG105893,City Hotel,2022-12-14,2023-04-26,2023-05-01,133,UK,3,0.0,Family,160.69,Corporate,Check-Out,2022,12,Dec,2022-12,5,803.45,0
BKG105894,City Hotel,2022-02-17,2022-04-23,2022-05-01,65,Australia,4,2.0,Deluxe,317.11,Corporate,Check-Out,2022,2,Feb,2022-02,8,2536.88,0
BKG105895,Resort Hotel,2022-04-11,2022-08-23,2022-08-27,134,Canada,3,0.0,Suite,349.72,Online Travel Agent,Check-Out,2022,4,Apr,2022-04,4,1398.88,0
BKG105896,City Hotel,2023-05-18,2023-11-07,2023-11-08,173,India,1,0.0,Deluxe,111.45,Direct,Check-Out,2023,5,May,2023-05,1,111.45,0
BKG105897,Resort Hotel,2022-09-08,2022-12-14,2022-12-23,97,USA,2,0.0,Standard,70.3,Corporate,Check-Out,2022,9,Sep,2022-09,9,632.6999999999999,0
BKG105898,City Hotel,2024-02-10,2024-07-05,2024-07-14,146,UAE,1,0.0,Family,172.8,Corporate,Check-Out,2024,2,Feb,2024-02,9,1555.2,0
BKG105899,Resort Hotel,2022-08-07,2022-08-12,2022-08-22,5,Australia,4,1.0,Standard,311.4,Offline Agent,Check-Out,2022,8,Aug,2022-08,10,3114.0,0
BKG105900,Resort Hotel,2022-02-25,2022-05-31,2022-06-06,95,France,4,0.0,Suite,339.37,Corporate,Check-Out,2022,2,Feb,2022-02,6,2036.22,0
BKG105901,Resort Hotel,2022-07-16,2022-10-30,2022-11-02,106,USA,2,0.0,Deluxe,83.38,Online Travel Agent,Canceled,2022,7,Jul,2022-07,3,250.14,1
BKG105902,City Hotel,2023-07-23,2023-08-23,2023-08-25,31,Germany,1,0.0,Standard,217.38,Online Travel Agent,Canceled,2023,7,Jul,2023-07,2,434.76,1
BKG105903,City Hotel,2024-01-29,2024-06-04,2024-06-13,127,India,1,0.0,Family,260.48,Offline Agent,Canceled,2024,1,Jan,2024-01,9,2344.32,1
BKG105904,Resort Hotel,2023-06-06,2023-11-22,2023-12-01,169,Australia,3,0.0,Family,298.62,Online Travel Agent,Check-Out,2023,6,Jun,2023-06,9,2687.58,0
BKG105905,City Hotel,2022-08-07,2022-10-03,2022-10-12,57,Brazil,1,0.0,Standard,202.21,Online Travel Agent,Canceled,2022,8,Aug,2022-08,9,1819.89,1
BKG105906,Resort Hotel,2022-10-03,2022-10-16,2022-10-22,13,France,3,0.0,Family,348.77,Corporate,Check-Out,2022,10,Oct,2022-10,6,2092.62,0
BKG105907,Resort Hotel,2022-09-09,2023-01-18,2023-01-23,131,Canada,2,2.0,Deluxe,151.8,Corporate,Canceled,2022,9,Sep,2022-09,5,759.0,1
BKG105908,City Hotel,2022-01-13,2022-02-05,2022-02-11,23,UK,2,0.0,Standard,211.15,Online Travel Agent,Check-Out,2022,1,Jan,2022-01,6,1266.9,0
BKG105909,Resort Hotel,2024-05-10,2024-07-06,2024-07-07,57,Australia,2,0.0,Family,92.38,Online Travel Agent,Canceled,2024,5,May,2024-05,1,92.38,1
BKG105910,City Hotel,2023-05-18,2023-07-15,2023-07-24,58,UAE,3,0.0,Standard,260.0,Corporate,Check-Out,2023,5,May,2023-05,9,2340.0,0
BKG105911,City Hotel,2023-07-11,2023-08-03,2023-08-11,23,Australia,4,0.0,Deluxe,147.25,Corporate,Check-Out,2023,7,Jul,2023-07,8,1178.0,0
BKG105912,Resort Hotel,2023-02-26,2023-07-02,2023-07-10,126,USA,1,0.0,Standard,242.53,Online Travel Agent,Check-Out,2023,2,Feb,2023-02,8,1940.24,0
BKG105913,City Hotel,2022-07-02,2022-12-13,2022-12-20,164,Brazil,3,2.0,Family,89.9,Corporate,Canceled,2022,7,Jul,2022-07,7,629.3000000000001,1
BKG105914,Resort Hotel,2023-06-23,2023-11-21,2023-11-27,151,Canada,4,0.0,Family,100.5,Direct,Check-Out,2023,6,Jun,2023-06,6,603.0,0
BKG105915,City Hotel,2023-05-16,2023-10-12,2023-10-14,149,UK,1,0.0,Family,285.07,Offline Agent,Check-Out,2023,5,May,2023-05,2,570.14,0
BKG105916,City Hotel,2022-08-18,2022-10-10,2022-10-18,53,Singapore,2,0.0,Standard,115.53,Online Travel Agent,Check-Out,2022,8,Aug,2022-08,8,924.24,0
BKG105917,Resort Hotel,2024-05-01,2024-05-08,2024-05-09,7,UK,2,0.0,Family,111.32,Offline Agent,Check-Out,2024,5,May,2024-05,1,111.32,0
BKG105918,City Hotel,2022-01-29,2022-05-08,2022-05-15,99,Australia,2,0.0,Family,254.24,Corporate,Check-Out,2022,1,Jan,2022-01,7,1779.68,0
BKG105919,Resort Hotel,2022-04-10,2022-05-13,2022-05-22,33,Australia,3,0.0,Deluxe,143.24,Offline Agent,Check-Out,2022,4,Apr,2022-04,9,1289.16,0
BKG105920,City Hotel,2023-10-09,2023-11-16,2023-11-18,38,Canada,3,0.0,Family,251.22,Direct,Check-Out,2023,10,Oct,2023-10,2,502.44,0
BKG105921,Resort Hotel,2022-04-24,2022-08-13,2022-08-15,111,UK,4,2.0,Family,342.27,Direct,Check-Out,2022,4,Apr,2022-04,2,684.54,0
BKG105922,City Hotel,2023-12-06,2024-01-07,2024-01-15,32,India,3,0.0,Family,148.88,Online Travel Agent,Canceled,2023,12,Dec,2023-12,8,1191.04,1
BKG105923,Resort Hotel,2022-08-05,2022-09-24,2022-09-25,50,France,4,0.0,Deluxe,124.32,Corporate,Canceled,2022,8,Aug,2022-08,1,124.32,1
BKG105924,City Hotel,2023-05-24,2023-06-08,2023-06-13,15,Australia,4,0.0,Deluxe,140.53,Corporate,Check-Out,2023,5,May,2023-05,5,702.65,0
BKG105925,Resort Hotel,2023-05-08,2023-07-12,2023-07-22,65,Australia,4,0.0,Standard,224.62,Online Travel Agent,Check-Out,2023,5,May,2023-05,10,2246.2,0
BKG105926,Resort Hotel,2024-03-07,2024-06-10,2024-06-13,95,Australia,2,0.0,Family,343.81,Online Travel Agent,Check-Out,2024,3,Mar,2024-03,3,1031.43,0
BKG105927,Resort Hotel,2023-03-12,2023-08-02,2023-08-11,143,Germany,4,1.0,Deluxe,69.6,Direct,Canceled,2023,3,Mar,2023-03,9,626.4,1
BKG105928,City Hotel,2022-04-14,2022-05-02,2022-05-06,18,Brazil,3,0.0,Suite,110.07,Corporate,Check-Out,2022,4,Apr,2022-04,4,440.28,0
BKG105929,Resort Hotel,2022-08-03,2022-08-23,2022-08-31,20,USA,4,2.0,Deluxe,251.13,Direct,Check-Out,2022,8,Aug,2022-08,8,2009.04,0
BKG105930,Resort Hotel,2022-02-25,2022-06-28,2022-07-02,123,France,1,2.0,Deluxe,88.69,Direct,Check-Out,2022,2,Feb,2022-02,4,354.76,0
BKG105931,Resort Hotel,2023-03-25,2023-06-03,2023-06-09,70,Canada,3,0.0,Deluxe,310.35,Direct,Check-Out,2023,3,Mar,2023-03,6,1862.1000000000001,0
BKG105932,Resort Hotel,2023-02-21,2023-05-18,2023-05-23,86,UAE,4,1.0,Standard,166.97,Offline Agent,Check-Out,2023,2,Feb,2023-02,5,834.85,0
BKG105933,City Hotel,2024-03-11,2024-06-09,2024-06-15,90,France,1,1.0,Deluxe,102.06,Online Travel Agent,Canceled,2024,3,Mar,2024-03,6,612.36,1
BKG105934,City Hotel,2023-03-21,2023-04-03,2023-04-05,13,UK,4,0.0,Deluxe,148.16,Direct,Check-Out,2023,3,Mar,2023-03,2,296.32,0
BKG105935,City Hotel,2024-03-25,2024-09-17,2024-09-22,176,UAE,3,0.0,Family,334.42,Offline Agent,Check-Out,2024,3,Mar,2024-03,5,1672.1000000000001,0
BKG105936,Resort Hotel,2022-10-25,2022-11-19,2022-11-28,25,India,1,0.0,Suite,137.74,Direct,Check-Out,2022,10,Oct,2022-10,9,1239.66,0
BKG105937,City Hotel,2024-04-07,2024-04-10,2024-04-20,3,Brazil,3,0.0,Family,65.51,Online Travel Agent,Check-Out,2024,4,Apr,2024-04,10,655.1,0
BKG105938,City Hotel,2023-08-29,2023-09-07,2023-09-17,9,UAE,4,2.0,Standard,217.16,Online Travel Agent,Check-Out,2023,8,Aug,2023-08,10,2171.6,0
BKG105939,City Hotel,2023-07-24,2023-11-28,2023-11-29,127,Canada,4,2.0,Suite,274.92,Online Travel Agent,Check-Out,2023,7,Jul,2023-07,1,274.92,0
BKG105940,City Hotel,2023-05-13,2023-05-30,2023-06-06,17,Australia,3,1.0,Family,196.92,Corporate,Check-Out,2023,5,May,2023-05,7,1378.4399999999998,0
BKG105941,City Hotel,2023-03-12,2023-07-30,2023-08-02,140,UK,1,0.0,Suite,339.95,Online Travel Agent,Check-Out,2023,3,Mar,2023-03,3,1019.8499999999999,0
BKG105942,Resort Hotel,2024-04-07,2024-04-22,2024-04-24,15,UAE,3,0.0,Standard,330.74,Offline Agent,Check-Out,2024,4,Apr,2024-04,2,661.48,0
BKG105943,Resort Hotel,2023-08-23,2024-01-12,2024-01-18,142,USA,1,0.0,Family,217.53,Offline Agent,No-Show,2023,8,Aug,2023-08,6,1305.18,0
BKG105944,City Hotel,2023-07-02,2023-11-04,2023-11-08,125,USA,3,2.0,Suite,346.61,Offline Agent,Canceled,2023,7,Jul,2023-07,4,1386.44,1
BKG105945,City Hotel,2023-04-09,2023-07-13,2023-07-21,95,India,1,0.0,Deluxe,225.69,Direct,Check-Out,2023,4,Apr,2023-04,8,1805.52,0
BKG105946,City Hotel,2024-03-11,2024-05-01,2024-05-06,51,Brazil,2,1.0,Suite,222.45,Offline Agent,Check-Out,2024,3,Mar,2024-03,5,1112.25,0
BKG105947,Resort Hotel,2022-08-14,2023-01-23,2023-02-02,162,Australia,3,1.0,Family,66.35,Online Travel Agent,Check-Out,2022,8,Aug,2022-08,10,663.5,0
BKG105948,City Hotel,2022-05-30,2022-07-12,2022-07-17,43,Singapore,1,0.0,Deluxe,124.14,Online Travel Agent,Check-Out,2022,5,May,2022-05,5,620.7,0
BKG105949,City Hotel,2022-04-29,2022-07-13,2022-07-21,75,UK,4,0.0,Family,139.74,Direct,Canceled,2022,4,Apr,2022-04,8,1117.92,1
BKG105950,Resort Hotel,2022-06-14,2022-07-22,2022-07-28,38,USA,3,0.0,Standard,188.23,Corporate,Check-Out,2022,6,Jun,2022-06,6,1129.3799999999999,0
BKG105951,Resort Hotel,2024-01-03,2024-04-25,2024-04-28,113,Australia,4,0.0,Family,291.23,Offline Agent,Check-Out,2024,1,Jan,2024-01,3,873.69,0
BKG105952,Resort Hotel,2022-10-08,2023-03-05,2023-03-06,148,Germany,3,2.0,Family,204.35,Corporate,Check-Out,2022,10,Oct,2022-10,1,204.35,0
BKG105953,Resort Hotel,2023-04-29,2023-07-03,2023-07-09,65,India,1,2.0,Family,282.71,Direct,Check-Out,2023,4,Apr,2023-04,6,1696.2599999999998,0
BKG105954,City Hotel,2023-06-13,2023-07-14,2023-07-22,31,Canada,1,0.0,Deluxe,333.51,Corporate,Check-Out,2023,6,Jun,2023-06,8,2668.08,0
BKG105955,Resort Hotel,2024-01-08,2024-06-14,2024-06-16,158,Canada,1,1.0,Standard,323.23,Online Travel Agent,Check-Out,2024,1,Jan,2024-01,2,646.46,0
BKG105956,Resort Hotel,2023-04-04,2023-05-11,2023-05-12,37,Germany,2,2.0,Family,331.8,Offline Agent,Check-Out,2023,4,Apr,2023-04,1,331.8,0
BKG105957,Resort Hotel,2023-07-29,2023-11-18,2023-11-26,112,France,1,0.0,Deluxe,151.64,Corporate,Check-Out,2023,7,Jul,2023-07,8,1213.12,0
BKG105958,Resort Hotel,2022-03-31,2022-04-11,2022-04-14,11,Australia,2,0.0,Family,87.45,Corporate,Canceled,2022,3,Mar,2022-03,3,262.35,1
BKG105959,Resort Hotel,2022-02-06,2022-07-06,2022-07-09,150,Brazil,3,0.0,Deluxe,102.63,Online Travel Agent,Check-Out,2022,2,Feb,2022-02,3,307.89,0
BKG105960,Resort Hotel,2023-06-11,2023-07-12,2023-07-21,31,India,1,0.0,Family,285.15,Online Travel Agent,Check-Out,2023,6,Jun,2023-06,9,2566.35,0
BKG105961,City Hotel,2023-07-09,2023-11-26,2023-11-30,140,Australia,1,0.0,Standard,276.55,Direct,Canceled,2023,7,Jul,2023-07,4,1106.2,1
BKG105962,Resort Hotel,2023-10-15,2024-01-14,2024-01-24,91,Brazil,4,2.0,Family,166.94,Corporate,Check-Out,2023,10,Oct,2023-10,10,1669.4,0
BKG105963,Resort Hotel,2023-11-28,2024-05-25,2024-05-30,179,UK,4,1.0,Deluxe,134.9,Direct,Canceled,2023,11,Nov,2023-11,5,674.5,1
BKG105964,City Hotel,2023-02-13,2023-04-19,2023-04-22,65,Canada,3,0.0,Standard,147.8,Offline Agent,Check-Out,2023,2,Feb,2023-02,3,443.40000000000003,0
BKG105965,City Hotel,2023-02-01,2023-05-04,2023-05-13,92,Australia,3,0.0,Standard,340.63,Direct,Check-Out,2023,2,Feb,2023-02,9,3065.67,0
BKG105966,Resort Hotel,2022-01-27,2022-02-17,2022-02-19,21,France,4,0.0,Standard,295.04,Online Travel Agent,Check-Out,2022,1,Jan,2022-01,2,590.08,0
BKG105967,Resort Hotel,2023-02-24,2023-03-09,2023-03-17,13,Brazil,4,0.0,Family,274.64,Direct,Check-Out,2023,2,Feb,2023-02,8,2197.12,0
BKG105968,Resort Hotel,2022-07-05,2022-07-28,2022-08-04,23,UK,3,1.0,Standard,112.38,Online Travel Agent,Check-Out,2022,7,Jul,2022-07,7,786.66,0
BKG105969,City Hotel,2024-03-13,2024-05-31,2024-06-02,79,Germany,1,2.0,Deluxe,97.93,Corporate,Canceled,2024,3,Mar,2024-03,2,195.86,1
BKG105970,City Hotel,2022-11-01,2022-11-02,2022-11-08,1,UK,4,2.0,Family,263.57,Online Travel Agent,Canceled,2022,11,Nov,2022-11,6,1581.42,1
BKG105971,Resort Hotel,2023-05-19,2023-07-02,2023-07-07,44,USA,4,0.0,Family,293.1,Online Travel Agent,Check-Out,2023,5,May,2023-05,5,1465.5,0
BKG105972,City Hotel,2022-02-18,2022-05-08,2022-05-13,79,France,4,0.0,Family,65.03,Corporate,Check-Out,2022,2,Feb,2022-02,5,325.15,0
BKG105973,Resort Hotel,2023-08-14,2024-01-20,2024-01-22,159,USA,4,1.0,Family,117.99,Direct,No-Show,2023,8,Aug,2023-08,2,235.98,0
BKG105974,Resort Hotel,2022-04-12,2022-06-22,2022-06-23,71,Australia,4,2.0,Family,284.28,Corporate,Check-Out,2022,4,Apr,2022-04,1,284.28,0
BKG105975,Resort Hotel,2024-04-25,2024-09-23,2024-09-24,151,Brazil,4,0.0,Suite,115.58,Direct,Check-Out,2024,4,Apr,2024-04,1,115.58,0
BKG105976,City Hotel,2024-05-20,2024-07-15,2024-07-20,56,Australia,2,0.0,Deluxe,201.95,Direct,Canceled,2024,5,May,2024-05,5,1009.75,1
BKG105977,City Hotel,2022-11-19,2023-05-15,2023-05-23,177,India,1,1.0,Standard,270.05,Corporate,Canceled,2022,11,Nov,2022-11,8,2160.4,1
BKG105978,Resort Hotel,2023-12-24,2024-05-18,2024-05-24,146,France,2,0.0,Suite,93.99,Offline Agent,Check-Out,2023,12,Dec,2023-12,6,563.9399999999999,0
BKG105979,Resort Hotel,2023-02-09,2023-04-05,2023-04-15,55,USA,4,0.0,Deluxe,296.01,Online Travel Agent,Check-Out,2023,2,Feb,2023-02,10,2960.1,0
BKG105980,City Hotel,2022-09-04,2022-12-03,2022-12-11,90,Brazil,3,2.0,Suite,237.61,Offline Agent,Check-Out,2022,9,Sep,2022-09,8,1900.88,0
BKG105981,City Hotel,2023-02-19,2023-06-16,2023-06-22,117,Canada,4,0.0,Family,169.82,Offline Agent,Canceled,2023,2,Feb,2023-02,6,1018.92,1
BKG105982,Resort Hotel,2024-04-03,2024-06-07,2024-06-17,65,Australia,1,0.0,Suite,147.79,Online Travel Agent,Check-Out,2024,4,Apr,2024-04,10,1477.8999999999999,0
BKG105983,City Hotel,2022-11-05,2022-12-11,2022-12-14,36,UAE,1,0.0,Deluxe,348.17,Direct,Canceled,2022,11,Nov,2022-11,3,1044.51,1
BKG105984,Resort Hotel,2022-10-18,2022-12-30,2023-01-02,73,India,1,0.0,Suite,175.74,Direct,Check-Out,2022,10,Oct,2022-10,3,527.22,0
BKG105985,Resort Hotel,2023-09-28,2023-10-08,2023-10-09,10,Australia,3,2.0,Family,89.07,Online Travel Agent,Canceled,2023,9,Sep,2023-09,1,89.07,1
BKG105986,Resort Hotel,2023-02-14,2023-07-12,2023-07-13,148,Canada,3,2.0,Family,253.17,Online Travel Agent,Check-Out,2023,2,Feb,2023-02,1,253.17,0
BKG105987,Resort Hotel,2023-04-14,2023-09-08,2023-09-09,147,France,1,0.0,Standard,193.06,Online Travel Agent,Check-Out,2023,4,Apr,2023-04,1,193.06,0
BKG105988,Resort Hotel,2023-05-25,2023-08-24,2023-08-25,91,UAE,3,0.0,Suite,250.78,Corporate,Check-Out,2023,5,May,2023-05,1,250.78,0
BKG105989,Resort Hotel,2023-03-17,2023-05-26,2023-05-27,70,Australia,2,2.0,Standard,318.11,Corporate,Check-Out,2023,3,Mar,2023-03,1,318.11,0
BKG105990,City Hotel,2022-01-03,2022-02-20,2022-02-22,48,Brazil,2,0.0,Suite,164.36,Direct,Canceled,2022,1,Jan,2022-01,2,328.72,1
BKG105991,City Hotel,2022-03-13,2022-08-15,2022-08-23,155,Germany,1,1.0,Family,173.51,Online Travel Agent,Check-Out,2022,3,Mar,2022-03,8,1388.08,0
BKG105992,Resort Hotel,2022-03-30,2022-04-26,2022-05-04,27,Germany,1,0.0,Deluxe,97.65,Corporate,Check-Out,2022,3,Mar,2022-03,8,781.2,0
BKG105993,Resort Hotel,2022-07-24,2022-11-02,2022-11-04,101,Australia,3,0.0,Deluxe,342.85,Online Travel Agent,Check-Out,2022,7,Jul,2022-07,2,685.7,0
BKG105994,City Hotel,2022-12-13,2022-12-31,2023-01-05,18,Australia,1,0.0,Family,88.86,Direct,Check-Out,2022,12,Dec,2022-12,5,444.3,0
BKG105995,City Hotel,2022-05-02,2022-09-05,2022-09-09,126,Germany,4,0.0,Suite,110.17,Corporate,Check-Out,2022,5,May,2022-05,4,440.68,0
BKG105996,Resort Hotel,2022-07-29,2022-10-29,2022-11-04,92,USA,4,1.0,Family,124.86,Online Travel Agent,Check-Out,2022,7,Jul,2022-07,6,749.16,0
BKG105997,City Hotel,2024-06-01,2024-06-20,2024-06-23,19,Australia,3,0.0,Family,133.99,Direct,Canceled,2024,6,Jun,2024-06,3,401.97,1
BKG105998,City Hotel,2022-04-24,2022-06-14,2022-06-21,51,France,2,0.0,Standard,157.04,Offline Agent,Check-Out,2022,4,Apr,2022-04,7,1099.28,0
BKG105999,City Hotel,2024-05-09,2024-07-22,2024-07-29,74,Brazil,1,0.0,Suite,62.71,Online Travel Agent,Canceled,2024,5,May,2024-05,7,438.97,1
