Booking_ID,Hotel_Type,Booking_Date,Checkin_Date,Checkout_Date,Lead_Time,Country,Adults,Children,Room_Type,ADR,Booking_Channel,Cancellation_Status
BKG100000,Resort Hotel,2023-10-17,2023-11-14,2023-11-15,28,Singapore,3,0.0,Standard,124.73,,Check-Out
BKG100001,City Hotel,2022-04-06,2022-05-31,2022-06-04,55,,1,2.0,Family,117.66,,Canceled
BKG100002,City Hotel,2022-01-07,2022-02-16,2022-02-23,40,USA,3,0.0,Standard,105.09,Offline Agent,Check-Out
BKG100003,Resort Hotel,2024-05-17,2024-08-13,2024-08-23,88,Australia,3,0.0,Standard,271.62,Corporate,Canceled
BKG100004,Resort Hotel,2023-09-26,2023-12-27,2024-01-06,92,France,2,0.0,Standard,73.29,,Canceled
BKG100005,Resort Hotel,2023-01-25,2023-04-06,2023-04-14,71,France,3,0.0,,167.35,Direct,Check-Out
BKG100006,Resort Hotel,2022-09-08,2022-10-19,2022-10-27,41,UAE,4,0.0,,346.96,,Canceled
BKG100007,City Hotel,2024-04-04,2024-06-23,2024-06-30,80,Germany,3,,Family,121.19,Offline Agent,Canceled
BKG100008,City Hotel,2023-10-21,2024-02-15,2024-02-18,117,,3,0.0,Family,131.52,,Check-Out
BKG100009,Resort Hotel,2022-05-22,2022-09-29,2022-10-07,130,UK,1,0.0,Family,309.72,Online Travel Agent,Check-Out
BKG100010,Resort Hotel,2023-09-03,2023-12-31,2024-01-09,119,USA,3,2.0,Suite,309.63,Corporate,Check-Out
BKG100011,Resort Hotel,2023-03-22,2023-05-01,2023-05-09,40,Singapore,1,0.0,,341.85,Corporate,Canceled
BKG100012,Resort Hotel,2023-06-04,2023-11-06,2023-11-10,155,Brazil,2,0.0,Suite,281.13,Offline Agent,Check-Out
BKG100013,Resort Hotel,2023-01-07,2023-03-26,2023-03-30,78,USA,1,0.0,Family,314.62,Online Travel Agent,No-Show
BKG100014,City Hotel,2023-06-30,2023-08-01,2023-08-04,32,Germany,4,2.0,,107.89,,Check-Out
BKG100015,Resort Hotel,2023-11-19,2024-05-03,2024-05-09,166,,4,2.0,Standard,190.93,Corporate,Check-Out
BKG100016,Resort Hotel,2023-07-22,2023-09-18,2023-09-28,58,Germany,2,0.0,Standard,80.59,Online Travel Agent,Canceled
BKG100017,Resort Hotel,2022-03-14,2022-07-23,2022-07-27,131,Brazil,3,1.0,Family,122.13,Direct,Canceled
BKG100018,City Hotel,2024-04-06,2024-07-19,2024-07-23,104,Australia,1,0.0,Family,251.1,,Canceled
BKG100019,Resort Hotel,2022-02-25,2022-08-16,2022-08-18,172,Germany,1,1.0,Deluxe,271.18,Direct,Check-Out
BKG100020,Resort Hotel,2022-05-24,2022-09-09,2022-09-12,108,Canada,3,1.0,Standard,132.44,,Check-Out
BKG100021,City Hotel,2023-07-08,2023-07-11,2023-07-13,3,Germany,2,,Family,177.86,,Check-Out
BKG100022,City Hotel,2022-01-03,2022-04-12,2022-04-17,99,UK,4,0.0,Deluxe,182.67,Corporate,Check-Out
BKG100023,City Hotel,2022-03-01,2022-07-27,2022-08-05,148,Singapore,1,0.0,Deluxe,76.58,Online Travel Agent,No-Show
BKG100024,Resort Hotel,2022-03-24,2022-05-10,2022-05-12,47,Brazil,1,0.0,Standard,177.09,Online Travel Agent,Check-Out
BKG100025,City Hotel,2023-08-21,2024-01-12,2024-01-21,144,Germany,3,0.0,Suite,119.24,Offline Agent,Check-Out
BKG100026,Resort Hotel,2023-10-23,2024-01-07,2024-01-15,76,USA,3,0.0,Deluxe,62.7,Corporate,Check-Out
BKG100027,City Hotel,2022-12-24,2023-01-10,2023-01-14,17,,3,0.0,Standard,105.75,Corporate,Canceled
BKG100028,Resort Hotel,2022-04-17,2022-05-21,2022-05-26,34,France,1,0.0,,275.3,Direct,Canceled
BKG100029,Resort Hotel,2022-07-28,2023-01-19,2023-01-24,175,USA,4,0.0,Family,322.55,Corporate,Check-Out
BKG100030,City Hotel,2022-12-08,2023-01-10,2023-01-15,33,Singapore,2,1.0,Standard,219.99,Online Travel Agent,Check-Out
BKG100031,Resort Hotel,2023-12-09,2024-01-16,2024-01-25,38,Australia,1,0.0,Deluxe,228.93,Online Travel Agent,Check-Out
BKG100032,City Hotel,2024-03-26,2024-04-05,2024-04-11,10,Singapore,2,,Family,253.41,Direct,Canceled
BKG100033,City Hotel,2022-08-31,2022-10-11,2022-10-14,41,Australia,4,0.0,Deluxe,112.01,Corporate,Check-Out
BKG100034,City Hotel,2023-12-20,2024-01-16,2024-01-23,27,UAE,1,1.0,Suite,124.51,Direct,Check-Out
BKG100035,City Hotel,2023-11-07,2023-12-26,2024-01-02,49,UAE,3,0.0,Family,310.66,Corporate,Canceled
BKG100036,City Hotel,2022-04-29,2022-07-04,2022-07-07,66,UAE,3,0.0,Suite,91.44,,Check-Out
BKG100037,City Hotel,2023-06-08,2023-07-07,2023-07-14,29,India,2,,Deluxe,72.87,Corporate,Check-Out
BKG100038,City Hotel,2023-11-12,2024-02-04,2024-02-14,84,Singapore,3,0.0,Suite,268.73,Offline Agent,Check-Out
BKG100039,City Hotel,2023-12-15,2024-02-28,2024-03-08,75,UK,2,0.0,Suite,181.93,Offline Agent,Check-Out
BKG100040,City Hotel,2022-01-01,2022-03-19,2022-03-24,77,Canada,2,1.0,Family,287.87,Offline Agent,Check-Out
BKG100041,City Hotel,2023-06-08,2023-10-07,2023-10-10,121,USA,1,0.0,Deluxe,209.48,Corporate,Check-Out
BKG100042,Resort Hotel,2022-07-23,2022-08-29,2022-08-30,37,Canada,1,0.0,Family,345.34,Direct,Canceled
BKG100043,Resort Hotel,2023-01-29,2023-06-04,2023-06-11,126,,2,,Family,250.26,Direct,Check-Out
BKG100044,Resort Hotel,2023-12-14,2024-04-24,2024-05-02,132,Canada,1,2.0,Deluxe,132.27,Offline Agent,Check-Out
BKG100045,City Hotel,2023-07-27,2023-12-26,2024-01-01,152,Singapore,4,2.0,Family,296.35,Direct,Canceled
BKG100046,City Hotel,2023-05-02,2023-08-25,2023-08-30,115,Germany,2,0.0,Suite,282.09,Offline Agent,Check-Out
BKG100047,Resort Hotel,2022-10-20,2022-12-19,2022-12-24,60,UK,3,0.0,Deluxe,318.98,Direct,Check-Out
BKG100048,City Hotel,2022-06-06,2022-12-03,2022-12-07,180,Australia,1,1.0,Standard,178.2,Direct,Canceled
BKG100049,City Hotel,2023-02-03,2023-07-02,2023-07-03,149,France,4,1.0,Family,61.71,Offline Agent,Check-Out
BKG100050,City Hotel,2024-01-23,2024-06-10,2024-06-20,139,Canada,2,1.0,Standard,123.63,Offline Agent,Check-Out
BKG100051,Resort Hotel,2023-11-27,2024-03-09,2024-03-12,103,Australia,4,0.0,Standard,344.41,Online Travel Agent,Check-Out
BKG100052,Resort Hotel,2022-05-19,2022-09-14,2022-09-17,118,Canada,1,0.0,Suite,169.94,Corporate,Canceled
BKG100053,Resort Hotel,2023-01-24,2023-04-05,2023-04-12,71,UAE,3,0.0,Deluxe,196.39,Online Travel Agent,Canceled
BKG100054,Resort Hotel,2023-10-30,2023-11-09,2023-11-10,10,Germany,2,0.0,,303.38,Offline Agent,Check-Out
BKG100055,Resort Hotel,2023-08-01,2023-09-25,2023-10-03,55,UK,3,0.0,Suite,108.66,Online Travel Agent,Check-Out
BKG100056,Resort Hotel,2022-11-16,2023-04-12,2023-04-19,147,USA,4,0.0,Suite,82.04,,Canceled
BKG100057,City Hotel,2023-08-03,2023-08-13,2023-08-19,10,India,4,0.0,Family,80.0,Offline Agent,Check-Out
BKG100058,City Hotel,2023-01-06,2023-06-17,2023-06-25,162,Brazil,2,1.0,Family,111.08,Offline Agent,Check-Out
BKG100059,Resort Hotel,2024-01-19,2024-06-18,2024-06-23,151,France,3,0.0,Family,300.91,Direct,Canceled
BKG100060,City Hotel,2023-08-07,2024-01-10,2024-01-17,156,UK,3,,Family,203.35,Direct,Check-Out
BKG100061,Resort Hotel,2022-09-22,2022-12-18,2022-12-23,87,USA,3,2.0,Deluxe,62.94,Offline Agent,Check-Out
BKG100062,Resort Hotel,2024-02-16,2024-04-17,2024-04-25,61,,4,1.0,Deluxe,289.95,Offline Agent,Check-Out
BKG100063,City Hotel,2022-11-10,2023-04-28,2023-05-08,169,Australia,3,1.0,Suite,220.51,,Canceled
BKG100064,City Hotel,2022-10-05,2022-12-22,2022-12-27,78,USA,2,0.0,Deluxe,269.17,Direct,Check-Out
BKG100065,City Hotel,2023-05-11,2023-07-20,2023-07-30,70,Germany,3,0.0,Suite,301.46,Direct,Check-Out
BKG100066,City Hotel,2023-12-27,2024-05-11,2024-05-14,136,UK,3,0.0,Family,342.55,Online Travel Agent,Canceled
BKG100067,Resort Hotel,2023-08-11,2023-10-22,2023-10-30,72,France,4,1.0,Family,158.8,,Canceled
BKG100068,City Hotel,2023-02-15,2023-06-20,2023-06-22,125,USA,1,0.0,Deluxe,103.27,Online Travel Agent,Check-Out
BKG100069,City Hotel,2023-03-03,2023-08-05,2023-08-15,155,,2,2.0,Family,170.31,,Check-Out
BKG100070,Resort Hotel,2022-03-03,2022-08-06,2022-08-08,156,UK,2,0.0,Deluxe,136.75,Direct,Check-Out
BKG100071,Resort Hotel,2022-06-10,2022-06-10,2022-06-17,0,Germany,4,2.0,Suite,196.27,Corporate,Canceled
BKG100072,Resort Hotel,2023-04-10,2023-04-28,2023-05-02,18,Australia,3,2.0,Standard,251.74,Direct,Check-Out
BKG100073,City Hotel,2022-09-30,2022-11-05,2022-11-07,36,Canada,1,0.0,Standard,289.86,Offline Agent,Check-Out
BKG100074,Resort Hotel,2023-12-18,2024-03-30,2024-04-04,103,Australia,4,1.0,Suite,83.33,Corporate,Check-Out
BKG100075,Resort Hotel,2022-08-23,2023-02-11,2023-02-21,172,Canada,1,0.0,Family,227.11,Corporate,Check-Out
BKG100076,City Hotel,2023-08-23,2023-12-12,2023-12-20,111,UAE,1,1.0,Standard,160.91,Direct,Check-Out
BKG100077,Resort Hotel,2023-12-12,2024-04-16,2024-04-21,126,UAE,4,2.0,Suite,70.64,Corporate,Check-Out
BKG100078,Resort Hotel,2024-03-02,2024-06-13,2024-06-22,103,Germany,1,2.0,Suite,193.97,,Check-Out
BKG100079,City Hotel,2024-02-18,2024-03-02,2024-03-06,13,Canada,3,2.0,Family,97.99,Online Travel Agent,Check-Out
BKG100080,City Hotel,2023-10-08,2024-03-11,2024-03-15,155,USA,2,0.0,Deluxe,219.74,Online Travel Agent,Check-Out
BKG100081,City Hotel,2022-05-01,2022-10-13,2022-10-16,165,Australia,4,0.0,Family,207.57,Offline Agent,Check-Out
BKG100082,Resort Hotel,2023-07-19,2023-08-25,2023-09-01,37,USA,2,2.0,Suite,207.39,Offline Agent,Check-Out
BKG100083,City Hotel,2024-03-17,2024-07-24,2024-07-29,129,UK,1,0.0,Family,270.55,Offline Agent,Check-Out
BKG100084,Resort Hotel,2023-07-20,2023-12-06,2023-12-13,139,Brazil,4,0.0,Family,312.18,Direct,Canceled
BKG100085,Resort Hotel,2023-02-25,2023-03-08,2023-03-14,11,Canada,4,1.0,Standard,171.96,,Check-Out
BKG100086,City Hotel,2023-08-28,2023-11-20,2023-11-22,84,India,4,0.0,Deluxe,212.53,Offline Agent,Canceled
BKG100087,City Hotel,2022-06-08,2022-06-27,2022-07-05,19,USA,3,0.0,Suite,240.75,Offline Agent,No-Show
BKG100088,City Hotel,2023-10-04,2024-02-05,2024-02-14,124,,1,2.0,Standard,79.84,Offline Agent,No-Show
BKG100089,Resort Hotel,2024-02-18,2024-07-29,2024-07-31,162,India,4,0.0,Suite,261.26,Online Travel Agent,Check-Out
BKG100090,Resort Hotel,2023-01-19,2023-05-09,2023-05-12,110,UK,2,2.0,Deluxe,179.5,Online Travel Agent,Check-Out
BKG100091,City Hotel,2023-01-27,2023-07-04,2023-07-08,158,,4,2.0,Family,101.5,Corporate,Check-Out
BKG100092,City Hotel,2024-04-03,2024-07-31,2024-08-05,119,Brazil,2,0.0,Suite,188.1,Offline Agent,Check-Out
BKG100093,City Hotel,2023-04-13,2023-06-29,2023-07-03,77,Brazil,4,1.0,Suite,90.93,Corporate,No-Show
BKG100094,Resort Hotel,2022-10-30,2022-11-04,2022-11-11,5,Brazil,3,0.0,Family,224.12,Corporate,Canceled
BKG100095,Resort Hotel,2022-08-24,2023-01-26,2023-02-01,155,USA,2,0.0,Standard,240.06,Corporate,Canceled
BKG100096,City Hotel,2022-02-04,2022-07-02,2022-07-08,148,Australia,2,0.0,Deluxe,323.79,Direct,Check-Out
BKG100097,City Hotel,2023-07-07,2023-10-08,2023-10-17,93,,3,0.0,,134.52,Online Travel Agent,Check-Out
BKG100098,City Hotel,2022-03-19,2022-04-24,2022-04-28,36,India,4,2.0,,166.07,Online Travel Agent,Check-Out
BKG100099,Resort Hotel,2023-11-20,2024-05-10,2024-05-15,172,Canada,4,0.0,Standard,91.42,Corporate,Canceled
BKG100100,Resort Hotel,2022-08-15,2023-01-27,2023-01-29,165,UK,4,0.0,Standard,248.28,Online Travel Agent,Check-Out
BKG100101,City Hotel,2023-05-20,2023-06-18,2023-06-20,29,UAE,2,2.0,Family,99.34,Direct,Canceled
BKG100102,City Hotel,2023-11-02,2023-11-27,2023-12-05,25,Germany,4,0.0,Family,69.49,Offline Agent,No-Show
BKG100103,City Hotel,2024-05-25,2024-08-25,2024-08-27,92,India,3,2.0,Family,321.49,Corporate,Check-Out
BKG100104,Resort Hotel,2022-05-06,2022-08-30,2022-09-01,116,UAE,2,2.0,Deluxe,341.62,Direct,Canceled
BKG100105,Resort Hotel,2022-07-30,2022-08-16,2022-08-25,17,UAE,2,2.0,Deluxe,122.63,Online Travel Agent,Check-Out
BKG100106,Resort Hotel,2022-05-29,2022-07-01,2022-07-10,33,UK,3,0.0,Standard,91.88,Corporate,Canceled
BKG100107,Resort Hotel,2022-09-01,2023-01-29,2023-02-04,150,Australia,1,,Standard,136.96,Online Travel Agent,Check-Out
BKG100108,Resort Hotel,2024-03-07,2024-06-07,2024-06-16,92,Singapore,1,1.0,Suite,206.11,Offline Agent,Check-Out
BKG100109,City Hotel,2022-02-01,2022-02-16,2022-02-24,15,Canada,4,1.0,Standard,258.97,Online Travel Agent,Check-Out
BKG100110,City Hotel,2022-06-01,2022-06-17,2022-06-20,16,Australia,3,2.0,Suite,243.59,Offline Agent,Check-Out
BKG100111,Resort Hotel,2023-03-17,2023-04-11,2023-04-13,25,Australia,2,1.0,Suite,190.95,Offline Agent,Check-Out
BKG100112,City Hotel,2024-01-18,2024-02-11,2024-02-17,24,UK,4,0.0,Family,252.88,Online Travel Agent,Check-Out
BKG100113,Resort Hotel,2022-03-29,2022-04-21,2022-04-28,23,Brazil,1,,Suite,295.41,Online Travel Agent,Check-Out
BKG100114,City Hotel,2024-06-13,2024-11-30,2024-12-07,170,USA,1,0.0,,234.12,Direct,Check-Out
BKG100115,Resort Hotel,2022-08-18,2022-09-14,2022-09-20,27,Australia,3,0.0,Standard,281.16,Corporate,Check-Out
BKG100116,Resort Hotel,2022-10-07,2023-04-04,2023-04-09,179,Brazil,3,0.0,Family,61.77,,Check-Out
BKG100117,City Hotel,2023-10-11,2023-10-18,2023-10-20,7,UK,2,1.0,Suite,181.75,Corporate,Canceled
BKG100118,Resort Hotel,2024-03-06,2024-07-29,2024-08-08,145,USA,1,0.0,Suite,105.12,Offline Agent,Check-Out
BKG100119,Resort Hotel,2023-05-13,2023-10-15,2023-10-23,155,UAE,4,0.0,Family,122.51,Online Travel Agent,Check-Out
BKG100120,Resort Hotel,2023-11-26,2024-04-25,2024-05-03,151,India,3,0.0,,123.95,Corporate,Canceled
BKG100121,City Hotel,2024-02-25,2024-03-31,2024-04-05,35,,3,0.0,Deluxe,94.8,Direct,Check-Out
BKG100122,Resort Hotel,2023-12-22,2024-02-18,2024-02-27,58,Australia,3,0.0,Standard,175.15,,Canceled
BKG100123,City Hotel,2024-06-01,2024-08-20,2024-08-30,80,France,4,2.0,Standard,177.28,Offline Agent,Check-Out
BKG100124,Resort Hotel,2022-11-29,2023-01-11,2023-01-21,43,Germany,4,0.0,Family,85.56,Offline Agent,Check-Out
BKG100125,Resort Hotel,2023-02-10,2023-04-30,2023-05-06,79,Singapore,2,0.0,Standard,285.94,Direct,Canceled
BKG100126,Resort Hotel,2022-12-24,2023-03-23,2023-03-26,89,UK,2,0.0,,102.47,Online Travel Agent,Check-Out
BKG100127,City Hotel,2024-03-02,2024-08-09,2024-08-17,160,Brazil,4,2.0,Suite,280.36,Corporate,Check-Out
BKG100128,City Hotel,2022-03-11,2022-07-09,2022-07-17,120,,3,0.0,Standard,231.51,Corporate,Check-Out
BKG100129,Resort Hotel,2022-02-08,2022-02-22,2022-02-28,14,Brazil,3,0.0,Family,246.95,Offline Agent,Check-Out
BKG100130,Resort Hotel,2024-03-21,2024-03-31,2024-04-08,10,India,2,0.0,Family,235.45,Online Travel Agent,Canceled
BKG100131,City Hotel,2024-05-07,2024-08-02,2024-08-04,87,Canada,2,0.0,Deluxe,131.85,Corporate,Check-Out
BKG100132,City Hotel,2022-10-17,2023-01-24,2023-01-31,99,USA,3,2.0,Suite,75.19,Online Travel Agent,Check-Out
BKG100133,Resort Hotel,2023-01-31,2023-04-13,2023-04-18,72,UAE,2,,Suite,83.64,Offline Agent,Check-Out
BKG100134,Resort Hotel,2023-12-27,2024-01-17,2024-01-22,21,Australia,4,0.0,Suite,295.82,,Check-Out
BKG100135,Resort Hotel,2022-07-04,2022-08-27,2022-09-02,54,UK,4,0.0,,125.7,Corporate,Canceled
BKG100136,Resort Hotel,2022-04-14,2022-08-21,2022-08-30,129,Brazil,1,0.0,Family,314.15,Direct,Check-Out
BKG100137,City Hotel,2024-05-01,2024-10-25,2024-11-04,177,Germany,2,1.0,Family,72.67,Corporate,Canceled
BKG100138,City Hotel,2024-03-13,2024-07-05,2024-07-09,114,Germany,2,0.0,Suite,340.02,Offline Agent,Check-Out
BKG100139,Resort Hotel,2022-10-16,2023-01-21,2023-01-30,97,France,4,0.0,Standard,296.9,Offline Agent,Canceled
BKG100140,Resort Hotel,2023-07-22,2023-08-17,2023-08-26,26,France,1,0.0,Family,84.32,Direct,Canceled
BKG100141,City Hotel,2022-04-04,2022-05-30,2022-06-07,56,Singapore,3,0.0,Suite,180.32,Direct,Check-Out
BKG100142,City Hotel,2022-03-25,2022-06-28,2022-07-02,95,UK,1,,Deluxe,329.94,Online Travel Agent,Check-Out
BKG100143,Resort Hotel,2024-04-29,2024-08-27,2024-08-30,120,India,4,1.0,Suite,238.45,Direct,Canceled
BKG100144,Resort Hotel,2023-07-16,2023-12-18,2023-12-27,155,France,4,0.0,Standard,285.09,Online Travel Agent,Check-Out
BKG100145,City Hotel,2023-10-17,2024-03-24,2024-04-01,159,Brazil,1,0.0,Standard,302.64,Direct,Canceled
BKG100146,Resort Hotel,2022-10-26,2023-02-12,2023-02-13,109,USA,3,0.0,Suite,225.49,Online Travel Agent,No-Show
BKG100147,Resort Hotel,2023-07-12,2023-11-18,2023-11-27,129,Australia,1,1.0,Suite,313.27,Corporate,Canceled
BKG100148,City Hotel,2023-01-01,2023-01-18,2023-01-24,17,UK,2,0.0,Standard,283.74,Corporate,Check-Out
BKG100149,Resort Hotel,2024-04-13,2024-09-24,2024-09-27,164,USA,4,1.0,Family,243.2,Online Travel Agent,Check-Out
BKG100150,City Hotel,2022-02-14,2022-04-06,2022-04-07,51,France,3,0.0,Standard,209.46,Direct,Check-Out
BKG100151,City Hotel,2024-06-01,2024-06-13,2024-06-19,12,Australia,3,0.0,Family,291.81,Offline Agent,Check-Out
BKG100152,Resort Hotel,2022-07-11,2022-11-15,2022-11-23,127,Australia,3,2.0,Standard,137.35,Offline Agent,Check-Out
BKG100153,City Hotel,2024-04-22,2024-06-07,2024-06-16,46,,3,0.0,Suite,89.75,Offline Agent,Check-Out
BKG100154,City Hotel,2023-03-13,2023-04-24,2023-05-02,42,Brazil,3,1.0,Family,72.28,Corporate,Check-Out
BKG100155,Resort Hotel,2024-03-21,2024-04-04,2024-04-06,14,,4,0.0,Deluxe,208.79,Offline Agent,Check-Out
BKG100156,Resort Hotel,2022-03-10,2022-05-09,2022-05-15,60,Brazil,3,1.0,,335.35,Offline Agent,Canceled
BKG100157,City Hotel,2023-01-16,2023-05-09,2023-05-11,113,France,2,2.0,Deluxe,166.42,Online Travel Agent,Check-Out
BKG100158,City Hotel,2022-07-10,2022-11-14,2022-11-23,127,Canada,4,2.0,Deluxe,94.15,Corporate,Check-Out
BKG100159,City Hotel,2023-05-18,2023-07-08,2023-07-10,51,USA,2,0.0,Suite,191.09,Corporate,Canceled
BKG100160,Resort Hotel,2023-07-18,2023-12-03,2023-12-08,138,,3,0.0,Deluxe,266.42,Online Travel Agent,No-Show
BKG100161,City Hotel,2024-03-22,2024-04-26,2024-04-30,35,Canada,4,,Deluxe,164.66,Online Travel Agent,Check-Out
BKG100162,Resort Hotel,2023-02-12,2023-06-14,2023-06-23,122,UK,4,1.0,Suite,298.77,Online Travel Agent,Check-Out
BKG100163,Resort Hotel,2023-11-28,2024-04-08,2024-04-14,132,UK,2,,Family,245.54,Online Travel Agent,Canceled
BKG100164,Resort Hotel,2023-06-15,2023-07-24,2023-07-29,39,UAE,2,0.0,Suite,153.57,Online Travel Agent,Check-Out
BKG100165,Resort Hotel,2023-10-13,2024-03-02,2024-03-07,141,Singapore,2,0.0,Deluxe,238.18,Direct,Check-Out
BKG100166,City Hotel,2023-10-02,2024-03-04,2024-03-10,154,Germany,1,0.0,Family,83.55,Online Travel Agent,Check-Out
BKG100167,City Hotel,2023-10-05,2024-02-21,2024-02-26,139,France,3,1.0,Family,131.01,Online Travel Agent,Check-Out
BKG100168,Resort Hotel,2022-06-11,2022-10-01,2022-10-08,112,UAE,4,1.0,Suite,119.17,Corporate,No-Show
BKG100169,Resort Hotel,2022-05-14,2022-08-16,2022-08-25,94,France,1,0.0,Family,130.1,Direct,Check-Out
BKG100170,Resort Hotel,2022-02-21,2022-05-06,2022-05-13,74,UAE,4,0.0,Suite,339.18,Direct,Canceled
BKG100171,Resort Hotel,2023-05-26,2023-10-04,2023-10-12,131,Australia,4,0.0,Family,204.24,Direct,Check-Out
BKG100172,City Hotel,2022-12-28,2023-01-09,2023-01-10,12,France,3,1.0,Standard,233.28,Online Travel Agent,Check-Out
BKG100173,Resort Hotel,2022-09-28,2022-12-30,2023-01-06,93,UAE,3,0.0,Suite,176.17,Online Travel Agent,Check-Out
BKG100174,City Hotel,2023-04-07,2023-08-25,2023-08-30,140,UAE,1,0.0,Suite,342.77,Corporate,Canceled
BKG100175,Resort Hotel,2022-07-23,2022-12-24,2023-01-02,154,,4,2.0,Suite,71.67,,Check-Out
BKG100176,City Hotel,2022-06-02,2022-11-04,2022-11-13,155,UK,2,0.0,Family,330.1,,Check-Out
BKG100177,Resort Hotel,2023-06-04,2023-10-12,2023-10-21,130,,4,2.0,Suite,146.94,Online Travel Agent,No-Show
BKG100178,Resort Hotel,2023-08-21,2023-11-07,2023-11-08,78,India,4,0.0,Family,340.45,Direct,Check-Out
BKG100179,Resort Hotel,2024-01-09,2024-06-15,2024-06-22,158,Germany,2,0.0,Standard,69.16,Offline Agent,Check-Out
BKG100180,City Hotel,2022-06-05,2022-09-18,2022-09-22,105,India,4,2.0,Deluxe,284.74,Direct,Check-Out
BKG100181,City Hotel,2023-11-10,2024-03-11,2024-03-20,122,Singapore,4,0.0,,337.44,Corporate,Check-Out
BKG100182,City Hotel,2024-06-07,2024-11-28,2024-12-03,174,Singapore,4,0.0,Suite,337.63,Direct,Canceled
BKG100183,City Hotel,2022-11-01,2023-01-13,2023-01-17,73,France,4,0.0,Standard,199.14,Offline Agent,Canceled
BKG100184,Resort Hotel,2023-02-09,2023-05-08,2023-05-11,88,UAE,3,0.0,Family,143.41,Corporate,Canceled
BKG100185,Resort Hotel,2022-08-08,2022-09-28,2022-10-07,51,USA,3,2.0,Deluxe,261.89,Direct,Check-Out
BKG100186,City Hotel,2023-06-28,2023-08-24,2023-08-28,57,USA,1,0.0,Deluxe,179.86,Online Travel Agent,No-Show
BKG100187,City Hotel,2022-06-11,2022-09-23,2022-10-01,104,UAE,4,0.0,Suite,279.21,Online Travel Agent,Canceled
BKG100188,Resort Hotel,2022-04-02,2022-09-15,2022-09-25,166,UK,2,2.0,Family,274.22,Direct,Canceled
BKG100189,Resort Hotel,2022-02-07,2022-05-19,2022-05-27,101,France,2,0.0,Standard,314.26,Corporate,Check-Out
BKG100190,City Hotel,2023-10-19,2024-03-06,2024-03-15,139,France,4,0.0,Deluxe,306.81,Online Travel Agent,Check-Out
BKG100191,City Hotel,2024-01-19,2024-05-15,2024-05-20,117,Brazil,2,,Deluxe,273.62,Direct,Check-Out
BKG100192,Resort Hotel,2023-10-17,2024-01-28,2024-02-04,103,UK,3,0.0,Deluxe,176.24,,Check-Out
BKG100193,City Hotel,2022-09-12,2022-09-13,2022-09-18,1,UAE,4,0.0,Suite,189.55,Online Travel Agent,Check-Out
BKG100194,Resort Hotel,2023-01-04,2023-06-30,2023-07-04,177,Australia,1,0.0,Suite,194.96,Online Travel Agent,Check-Out
BKG100195,City Hotel,2022-10-30,2023-02-01,2023-02-11,94,UK,2,0.0,,337.63,Corporate,Check-Out
BKG100196,Resort Hotel,2023-07-17,2023-11-14,2023-11-23,120,Singapore,2,0.0,Family,257.3,Corporate,Check-Out
BKG100197,Resort Hotel,2023-08-01,2023-08-29,2023-08-30,28,UAE,2,2.0,Family,215.63,Online Travel Agent,Check-Out
BKG100198,Resort Hotel,2024-01-05,2024-06-02,2024-06-10,149,Canada,1,2.0,Deluxe,189.19,Offline Agent,Check-Out
BKG100199,Resort Hotel,2022-03-01,2022-07-22,2022-07-30,143,Germany,3,,Standard,174.83,Online Travel Agent,Check-Out
BKG100200,City Hotel,2023-12-19,2024-01-04,2024-01-13,16,India,1,0.0,,345.98,Offline Agent,Check-Out
BKG100201,City Hotel,2022-05-19,2022-10-30,2022-11-06,164,Australia,3,1.0,Standard,190.08,Direct,Check-Out
BKG100202,Resort Hotel,2022-12-23,2023-01-22,2023-01-25,30,India,4,2.0,Standard,96.93,Corporate,Check-Out
BKG100203,City Hotel,2024-01-07,2024-05-25,2024-06-01,139,,4,0.0,Suite,131.78,Direct,Canceled
BKG100204,Resort Hotel,2024-01-13,2024-02-10,2024-02-11,28,Germany,4,2.0,Deluxe,282.16,Online Travel Agent,Check-Out
BKG100205,City Hotel,2022-02-04,2022-05-29,2022-06-08,114,Canada,1,0.0,Deluxe,274.76,Direct,Canceled
BKG100206,City Hotel,2024-03-05,2024-03-19,2024-03-22,14,Brazil,3,0.0,Suite,296.58,Direct,Check-Out
BKG100207,Resort Hotel,2022-05-27,2022-11-12,2022-11-21,169,Singapore,2,1.0,Deluxe,147.15,Offline Agent,Check-Out
BKG100208,City Hotel,2022-02-18,2022-05-17,2022-05-24,88,Australia,3,1.0,Deluxe,178.4,Offline Agent,Check-Out
BKG100209,City Hotel,2022-08-19,2022-11-03,2022-11-06,76,Singapore,4,0.0,Deluxe,223.09,Offline Agent,Check-Out
BKG100210,Resort Hotel,2022-07-28,2022-10-20,2022-10-22,84,India,4,0.0,Suite,86.81,Offline Agent,Check-Out
BKG100211,Resort Hotel,2023-09-10,2023-09-20,2023-09-22,10,Canada,2,2.0,Deluxe,270.05,,Check-Out
BKG100212,Resort Hotel,2022-01-16,2022-03-11,2022-03-15,54,Australia,1,1.0,Deluxe,325.19,,Canceled
BKG100213,City Hotel,2023-01-25,2023-05-24,2023-06-02,119,,3,0.0,Standard,135.85,Offline Agent,Canceled
BKG100214,Resort Hotel,2022-11-24,2023-01-15,2023-01-21,52,UK,3,1.0,Standard,73.26,Corporate,Check-Out
BKG100215,Resort Hotel,2023-08-22,2024-01-17,2024-01-24,148,Australia,3,0.0,Deluxe,116.9,Offline Agent,Check-Out
BKG100216,City Hotel,2023-12-03,2024-02-27,2024-03-03,86,,4,1.0,Deluxe,193.64,Offline Agent,Check-Out
BKG100217,Resort Hotel,2023-07-10,2023-12-21,2023-12-22,164,India,1,0.0,Family,334.1,Direct,Canceled
BKG100218,City Hotel,2022-08-25,2022-09-11,2022-09-14,17,India,1,0.0,,206.66,Offline Agent,Check-Out
BKG100219,City Hotel,2023-06-29,2023-11-17,2023-11-24,141,Singapore,1,0.0,Suite,213.53,Online Travel Agent,Check-Out
BKG100220,Resort Hotel,2023-12-16,2024-06-05,2024-06-12,172,Germany,2,0.0,Deluxe,326.23,Corporate,Canceled
BKG100221,Resort Hotel,2022-10-01,2023-01-10,2023-01-12,101,Germany,3,1.0,Suite,193.11,Online Travel Agent,Check-Out
BKG100222,City Hotel,2024-05-28,2024-11-10,2024-11-11,166,India,1,1.0,Standard,169.99,Direct,Check-Out
BKG100223,Resort Hotel,2024-05-15,2024-09-03,2024-09-09,111,Germany,1,2.0,Family,326.55,Corporate,Check-Out
BKG100224,City Hotel,2022-03-18,2022-09-09,2022-09-14,175,India,1,0.0,Deluxe,329.34,Direct,Canceled
BKG100225,City Hotel,2023-12-31,2024-04-10,2024-04-12,101,Singapore,3,0.0,Suite,223.55,Offline Agent,Canceled
BKG100226,Resort Hotel,2022-05-24,2022-11-16,2022-11-18,176,USA,3,0.0,Suite,88.33,Offline Agent,No-Show
BKG100227,City Hotel,2022-12-01,2022-12-08,2022-12-13,7,Australia,4,1.0,Deluxe,126.16,Offline Agent,Check-Out
BKG100228,City Hotel,2023-09-26,2023-12-10,2023-12-14,75,UK,1,0.0,Family,137.71,Corporate,Check-Out
BKG100229,Resort Hotel,2022-04-04,2022-04-05,2022-04-10,1,UK,4,0.0,Standard,280.79,Direct,Check-Out
BKG100230,City Hotel,2023-07-25,2023-12-14,2023-12-23,142,Singapore,4,0.0,Standard,67.62,Corporate,Canceled
BKG100231,Resort Hotel,2022-01-13,2022-03-28,2022-04-04,74,Brazil,4,0.0,Deluxe,270.2,Offline Agent,Check-Out
BKG100232,City Hotel,2022-10-03,2022-12-19,2022-12-24,77,France,4,0.0,Family,78.35,Corporate,Check-Out
BKG100233,Resort Hotel,2022-03-20,2022-06-20,2022-06-25,92,Canada,2,1.0,Standard,232.2,Direct,Check-Out
BKG100234,City Hotel,2023-02-10,2023-05-06,2023-05-16,85,Brazil,4,0.0,Deluxe,187.66,Corporate,Check-Out
BKG100235,City Hotel,2023-12-13,2024-02-02,2024-02-10,51,France,3,0.0,Family,339.73,Direct,Check-Out
BKG100236,Resort Hotel,2022-10-15,2023-01-23,2023-01-29,100,Singapore,1,,Standard,117.94,Offline Agent,Canceled
BKG100237,Resort Hotel,2022-08-03,2022-11-23,2022-11-28,112,France,1,1.0,Deluxe,255.16,Corporate,Check-Out
BKG100238,City Hotel,2024-01-03,2024-04-20,2024-04-27,108,Brazil,1,1.0,Family,347.3,Offline Agent,Check-Out
BKG100239,City Hotel,2024-03-20,2024-06-20,2024-06-29,92,UK,1,0.0,Standard,283.0,Offline Agent,No-Show
BKG100240,Resort Hotel,2022-12-06,2023-03-26,2023-03-28,110,,1,0.0,,135.03,Offline Agent,Check-Out
BKG100241,City Hotel,2023-11-27,2024-04-25,2024-05-04,150,USA,2,0.0,Suite,349.33,Offline Agent,Canceled
BKG100242,Resort Hotel,2022-03-29,2022-04-27,2022-04-30,29,Singapore,3,0.0,Family,159.49,,Check-Out
BKG100243,Resort Hotel,2023-03-25,2023-09-19,2023-09-27,178,India,3,0.0,,147.08,Online Travel Agent,Check-Out
BKG100244,City Hotel,2022-06-18,2022-08-19,2022-08-28,62,Canada,2,2.0,Deluxe,106.44,Offline Agent,Check-Out
BKG100245,Resort Hotel,2022-07-10,2022-12-20,2022-12-27,163,Canada,4,0.0,Family,273.84,Offline Agent,Check-Out
BKG100246,Resort Hotel,2022-08-08,2022-09-29,2022-10-04,52,UAE,1,2.0,Suite,89.51,Direct,Check-Out
BKG100247,City Hotel,2022-09-26,2023-03-16,2023-03-24,171,Brazil,3,2.0,Standard,172.71,Corporate,Check-Out
BKG100248,Resort Hotel,2023-04-14,2023-09-19,2023-09-22,158,UAE,3,2.0,Standard,231.15,Direct,Check-Out
BKG100249,City Hotel,2022-07-07,2022-10-10,2022-10-13,95,Australia,4,1.0,,232.96,Offline Agent,Check-Out
BKG100250,Resort Hotel,2023-12-12,2024-05-25,2024-05-28,165,UAE,2,1.0,Family,143.76,Online Travel Agent,Canceled
BKG100251,City Hotel,2022-01-10,2022-05-14,2022-05-17,124,Australia,2,1.0,Family,339.51,Offline Agent,Canceled
BKG100252,Resort Hotel,2023-03-31,2023-08-03,2023-08-06,125,France,1,2.0,Standard,68.95,Corporate,Check-Out
BKG100253,Resort Hotel,2022-10-23,2022-12-05,2022-12-13,43,France,4,2.0,Suite,208.13,Online Travel Agent,Canceled
BKG100254,Resort Hotel,2023-03-28,2023-08-14,2023-08-18,139,France,4,0.0,Standard,273.44,Offline Agent,Check-Out
BKG100255,City Hotel,2024-06-01,2024-06-23,2024-07-01,22,Brazil,1,0.0,Family,120.86,Direct,Check-Out
BKG100256,City Hotel,2024-03-14,2024-05-05,2024-05-09,52,Brazil,1,2.0,Deluxe,161.74,Corporate,No-Show
BKG100257,Resort Hotel,2022-10-27,2023-01-09,2023-01-19,74,UK,3,2.0,Family,345.79,Online Travel Agent,No-Show
BKG100258,City Hotel,2024-06-06,2024-11-20,2024-11-23,167,Germany,2,0.0,Family,102.41,Offline Agent,Check-Out
BKG100259,Resort Hotel,2023-10-10,2023-12-17,2023-12-24,68,Australia,4,1.0,Suite,81.9,,Check-Out
BKG100260,City Hotel,2023-05-15,2023-08-06,2023-08-16,83,UAE,1,0.0,Standard,271.97,Offline Agent,Check-Out
BKG100261,City Hotel,2023-03-16,2023-05-09,2023-05-17,54,Singapore,3,0.0,Deluxe,300.22,Offline Agent,Canceled
BKG100262,Resort Hotel,2023-11-30,2023-12-12,2023-12-13,12,Canada,1,1.0,Family,64.72,Online Travel Agent,No-Show
BKG100263,City Hotel,2023-03-15,2023-05-05,2023-05-08,51,,3,0.0,,313.58,Corporate,Check-Out
BKG100264,Resort Hotel,2023-11-12,2024-04-26,2024-04-29,166,Australia,1,1.0,Standard,241.43,Online Travel Agent,Check-Out
BKG100265,Resort Hotel,2023-05-04,2023-05-23,2023-05-26,19,India,2,2.0,Suite,257.19,Online Travel Agent,No-Show
BKG100266,Resort Hotel,2023-03-09,2023-09-02,2023-09-05,177,USA,4,0.0,,126.39,Corporate,Check-Out
BKG100267,Resort Hotel,2022-11-03,2022-12-08,2022-12-15,35,Brazil,2,0.0,Deluxe,79.84,,Check-Out
BKG100268,Resort Hotel,2022-08-07,2023-01-14,2023-01-17,160,USA,4,2.0,Standard,259.1,Direct,Canceled
BKG100269,Resort Hotel,2023-08-27,2023-12-03,2023-12-09,98,France,4,0.0,Standard,289.41,Direct,Check-Out
BKG100270,Resort Hotel,2023-09-07,2024-02-09,2024-02-14,155,Australia,1,0.0,Suite,119.58,Online Travel Agent,Canceled
BKG100271,Resort Hotel,2024-03-23,2024-05-23,2024-05-31,61,Singapore,4,0.0,Standard,129.91,Corporate,Canceled
BKG100272,Resort Hotel,2022-05-16,2022-08-23,2022-09-02,99,Canada,4,0.0,Standard,218.44,Online Travel Agent,Check-Out
BKG100273,City Hotel,2022-01-15,2022-03-23,2022-03-27,67,Singapore,1,0.0,Suite,335.12,Offline Agent,Check-Out
BKG100274,Resort Hotel,2023-02-16,2023-03-09,2023-03-18,21,Singapore,2,0.0,Deluxe,84.24,Direct,Check-Out
BKG100275,Resort Hotel,2023-02-05,2023-07-05,2023-07-07,150,India,3,,Deluxe,271.69,Online Travel Agent,Canceled
BKG100276,Resort Hotel,2022-04-29,2022-08-23,2022-09-02,116,USA,1,0.0,Standard,253.16,Direct,Canceled
BKG100277,City Hotel,2022-06-17,2022-10-22,2022-10-28,127,USA,3,0.0,,167.84,Corporate,Canceled
BKG100278,City Hotel,2022-10-06,2023-02-17,2023-02-19,134,Canada,3,,Suite,241.98,,Check-Out
BKG100279,Resort Hotel,2023-08-04,2023-09-15,2023-09-21,42,Germany,2,0.0,Standard,284.27,Online Travel Agent,Canceled
BKG100280,Resort Hotel,2022-01-13,2022-03-16,2022-03-17,62,UK,4,0.0,Standard,171.06,Offline Agent,Check-Out
BKG100281,Resort Hotel,2022-09-12,2022-12-27,2023-01-02,106,Singapore,3,0.0,Standard,225.75,Direct,Check-Out
BKG100282,City Hotel,2023-06-13,2023-06-24,2023-07-01,11,UAE,1,1.0,Standard,311.15,Offline Agent,Check-Out
BKG100283,City Hotel,2022-07-25,2022-10-07,2022-10-17,74,Brazil,3,2.0,Family,130.35,Direct,Canceled
BKG100284,City Hotel,2023-07-14,2023-09-14,2023-09-17,62,India,1,1.0,Suite,66.93,Online Travel Agent,Canceled
BKG100285,City Hotel,2023-01-21,2023-04-09,2023-04-11,78,Canada,2,2.0,Standard,345.1,Direct,Canceled
BKG100286,Resort Hotel,2022-04-06,2022-04-17,2022-04-21,11,Brazil,4,0.0,Standard,192.95,Direct,Check-Out
BKG100287,Resort Hotel,2023-02-08,2023-02-27,2023-03-09,19,Germany,1,1.0,Suite,252.11,Corporate,Canceled
BKG100288,Resort Hotel,2024-03-31,2024-07-09,2024-07-15,100,Germany,3,1.0,Deluxe,138.87,Online Travel Agent,Check-Out
BKG100289,City Hotel,2022-06-18,2022-10-11,2022-10-19,115,Germany,3,1.0,Family,95.01,Corporate,Check-Out
BKG100290,Resort Hotel,2024-05-22,2024-06-21,2024-06-23,30,Germany,2,0.0,Suite,299.65,Direct,Check-Out
BKG100291,Resort Hotel,2022-09-12,2022-12-12,2022-12-19,91,India,1,0.0,Family,135.45,,Check-Out
BKG100292,Resort Hotel,2023-07-18,2023-09-19,2023-09-21,63,USA,4,0.0,Standard,293.13,Online Travel Agent,Canceled
BKG100293,Resort Hotel,2022-08-16,2022-09-18,2022-09-22,33,Brazil,4,,,259.02,Online Travel Agent,Check-Out
BKG100294,City Hotel,2022-03-08,2022-04-27,2022-05-05,50,USA,2,,Standard,322.47,Offline Agent,Check-Out
BKG100295,City Hotel,2023-08-11,2023-11-29,2023-12-06,110,UK,4,0.0,Suite,170.99,Direct,Canceled
BKG100296,Resort Hotel,2022-10-09,2022-12-19,2022-12-27,71,France,2,0.0,Family,238.09,Offline Agent,Canceled
BKG100297,Resort Hotel,2023-05-06,2023-05-21,2023-05-23,15,Singapore,3,1.0,Deluxe,99.8,Online Travel Agent,No-Show
BKG100298,City Hotel,2024-03-11,2024-06-10,2024-06-18,91,Australia,4,0.0,Suite,324.68,Direct,Check-Out
BKG100299,City Hotel,2023-09-04,2023-10-30,2023-10-31,56,Singapore,3,0.0,,294.51,Direct,No-Show
BKG100300,Resort Hotel,2022-04-13,2022-06-15,2022-06-19,63,Germany,3,2.0,Family,296.72,Corporate,Canceled
BKG100301,City Hotel,2024-05-15,2024-06-28,2024-07-01,44,Brazil,2,2.0,Standard,152.22,Corporate,Canceled
BKG100302,Resort Hotel,2023-08-01,2023-09-06,2023-09-16,36,Canada,2,1.0,Standard,217.22,Online Travel Agent,Check-Out
BKG100303,Resort Hotel,2023-09-09,2023-11-04,2023-11-05,56,UK,4,,Suite,156.2,Direct,Canceled
BKG100304,Resort Hotel,2024-05-14,2024-08-04,2024-08-05,82,USA,1,0.0,Suite,230.12,Online Travel Agent,Check-Out
BKG100305,Resort Hotel,2023-11-10,2024-02-19,2024-02-29,101,UK,1,0.0,Family,147.51,Offline Agent,Check-Out
BKG100306,Resort Hotel,2022-06-28,2022-11-18,2022-11-28,143,Australia,3,0.0,Suite,253.0,Corporate,Check-Out
BKG100307,City Hotel,2024-01-17,2024-01-17,2024-01-27,0,Brazil,4,,,69.39,Online Travel Agent,Canceled
BKG100308,Resort Hotel,2022-05-25,2022-08-17,2022-08-19,84,USA,2,,Suite,344.89,,Check-Out
BKG100309,Resort Hotel,2022-08-03,2022-10-05,2022-10-07,63,India,3,,Family,288.24,Offline Agent,Canceled
BKG100310,Resort Hotel,2022-06-20,2022-10-03,2022-10-11,105,Canada,4,,Deluxe,218.35,Direct,Check-Out
BKG100311,Resort Hotel,2024-03-29,2024-04-06,2024-04-11,8,USA,1,0.0,Suite,135.73,Direct,Canceled
BKG100312,City Hotel,2022-06-14,2022-07-03,2022-07-12,19,India,1,0.0,Family,232.27,Direct,Check-Out
BKG100313,Resort Hotel,2023-03-21,2023-04-30,2023-05-01,40,,1,0.0,Suite,119.61,Corporate,Check-Out
BKG100314,Resort Hotel,2022-04-09,2022-04-21,2022-04-28,12,Australia,4,0.0,Standard,75.81,Corporate,Canceled
BKG100315,Resort Hotel,2023-10-03,2024-03-04,2024-03-12,153,France,2,0.0,Standard,67.46,,Canceled
BKG100316,City Hotel,2022-11-12,2023-02-21,2023-03-01,101,UK,4,0.0,Suite,86.43,Offline Agent,Check-Out
BKG100317,City Hotel,2023-04-02,2023-04-13,2023-04-18,11,Brazil,4,1.0,,136.39,Direct,Canceled
BKG100318,Resort Hotel,2023-11-15,2023-12-09,2023-12-11,24,Singapore,3,2.0,Standard,180.06,Offline Agent,Canceled
BKG100319,City Hotel,2023-03-05,2023-07-20,2023-07-28,137,India,2,,Deluxe,146.67,Online Travel Agent,Canceled
BKG100320,City Hotel,2023-04-05,2023-05-19,2023-05-22,44,USA,2,,Family,96.59,Direct,No-Show
BKG100321,Resort Hotel,2023-10-05,2023-11-11,2023-11-21,37,USA,3,0.0,Family,324.13,Offline Agent,Check-Out
BKG100322,City Hotel,2024-05-27,2024-08-05,2024-08-14,70,USA,4,0.0,Family,288.1,Direct,Check-Out
BKG100323,City Hotel,2023-08-26,2024-01-22,2024-01-24,149,Singapore,1,2.0,Suite,286.07,Offline Agent,Check-Out
BKG100324,City Hotel,2023-11-02,2024-03-05,2024-03-15,124,UK,4,0.0,Family,109.94,,Check-Out
BKG100325,City Hotel,2024-06-19,2024-09-11,2024-09-15,84,India,1,1.0,Suite,327.04,Corporate,Check-Out
BKG100326,City Hotel,2024-05-13,2024-09-15,2024-09-17,125,UAE,2,0.0,Suite,147.14,Offline Agent,Check-Out
BKG100327,City Hotel,2022-04-02,2022-05-20,2022-05-28,48,India,2,1.0,Deluxe,274.87,Online Travel Agent,Check-Out
BKG100328,Resort Hotel,2023-06-03,2023-09-14,2023-09-17,103,India,1,0.0,Deluxe,115.9,,Check-Out
BKG100329,City Hotel,2023-01-05,2023-07-04,2023-07-08,180,USA,3,0.0,Standard,298.82,Direct,Check-Out
BKG100330,City Hotel,2023-09-01,2023-12-24,2023-12-27,114,UK,4,2.0,Suite,219.89,Online Travel Agent,Check-Out
BKG100331,Resort Hotel,2023-01-31,2023-02-12,2023-02-15,12,France,2,0.0,Family,247.74,Online Travel Agent,Canceled
BKG100332,Resort Hotel,2024-02-25,2024-08-17,2024-08-18,174,Germany,4,0.0,Suite,247.74,Corporate,Canceled
BKG100333,City Hotel,2023-12-28,2024-06-09,2024-06-14,164,France,4,1.0,Deluxe,306.96,Offline Agent,Check-Out
BKG100334,City Hotel,2023-06-18,2023-11-24,2023-12-01,159,Singapore,1,0.0,Suite,208.34,Corporate,Check-Out
BKG100335,City Hotel,2023-05-09,2023-05-25,2023-05-31,16,France,3,0.0,,309.83,Direct,Check-Out
BKG100336,Resort Hotel,2022-09-04,2022-09-18,2022-09-28,14,Canada,4,,Suite,257.42,Corporate,Canceled
BKG100337,Resort Hotel,2023-02-19,2023-05-29,2023-05-30,99,Singapore,2,,Family,270.7,Corporate,Check-Out
BKG100338,Resort Hotel,2024-05-15,2024-06-27,2024-07-06,43,France,2,0.0,Deluxe,88.3,Corporate,Check-Out
BKG100339,City Hotel,2022-08-16,2022-11-14,2022-11-18,90,UAE,3,1.0,Suite,288.55,Corporate,Check-Out
BKG100340,Resort Hotel,2022-05-01,2022-08-29,2022-08-30,120,Australia,1,1.0,,317.93,Offline Agent,Check-Out
BKG100341,City Hotel,2024-05-24,2024-07-01,2024-07-04,38,UK,2,0.0,Suite,178.67,,Canceled
BKG100342,City Hotel,2023-05-15,2023-08-08,2023-08-11,85,Germany,3,0.0,Deluxe,61.37,Direct,Check-Out
BKG100343,City Hotel,2024-02-21,2024-03-14,2024-03-17,22,Australia,4,1.0,Standard,176.98,Online Travel Agent,Check-Out
BKG100344,Resort Hotel,2024-01-19,2024-04-23,2024-04-24,95,Germany,3,2.0,Deluxe,115.27,Corporate,Check-Out
BKG100345,Resort Hotel,2022-04-16,2022-07-23,2022-08-01,98,France,3,0.0,Suite,78.93,Offline Agent,Canceled
BKG100346,City Hotel,2023-09-03,2024-01-15,2024-01-21,134,,4,0.0,Deluxe,159.39,Direct,Canceled
BKG100347,Resort Hotel,2024-04-11,2024-07-23,2024-07-24,103,Germany,2,0.0,Standard,270.88,Direct,Check-Out
BKG100348,Resort Hotel,2023-12-30,2024-06-13,2024-06-14,166,,4,0.0,Standard,283.66,Online Travel Agent,Check-Out
BKG100349,City Hotel,2022-01-21,2022-02-02,2022-02-04,12,Canada,4,1.0,Deluxe,170.27,Direct,Check-Out
BKG100350,City Hotel,2023-10-08,2023-10-10,2023-10-15,2,Brazil,4,0.0,Deluxe,252.12,Offline Agent,Canceled
BKG100351,Resort Hotel,2022-04-18,2022-08-26,2022-09-05,130,,1,0.0,Deluxe,93.06,Direct,Canceled
BKG100352,Resort Hotel,2024-05-01,2024-09-11,2024-09-15,133,Singapore,3,1.0,Family,145.65,Direct,Check-Out
BKG100353,Resort Hotel,2023-05-08,2023-07-31,2023-08-04,84,Brazil,1,0.0,Family,254.77,Direct,Canceled
BKG100354,City Hotel,2024-03-09,2024-07-17,2024-07-19,130,France,1,0.0,Suite,246.86,Offline Agent,Check-Out
BKG100355,City Hotel,2024-04-12,2024-05-26,2024-05-27,44,Australia,3,,Standard,292.46,,Canceled
BKG100356,City Hotel,2022-02-16,2022-02-18,2022-02-21,2,Brazil,2,0.0,Suite,163.68,Online Travel Agent,Check-Out
BKG100357,City Hotel,2022-12-17,2023-02-01,2023-02-03,46,Australia,4,1.0,Family,339.07,Offline Agent,Check-Out
BKG100358,Resort Hotel,2024-03-27,2024-05-08,2024-05-10,42,USA,2,0.0,Family,344.66,,Canceled
BKG100359,Resort Hotel,2023-11-26,2024-03-17,2024-03-20,112,Canada,4,0.0,Family,237.29,Online Travel Agent,Canceled
BKG100360,Resort Hotel,2023-03-28,2023-04-08,2023-04-10,11,UAE,3,0.0,Standard,63.58,Offline Agent,Check-Out
BKG100361,Resort Hotel,2022-09-12,2023-01-13,2023-01-19,123,India,4,,Deluxe,303.32,Offline Agent,Canceled
BKG100362,City Hotel,2024-06-09,2024-07-21,2024-07-23,42,India,4,0.0,Deluxe,129.86,Offline Agent,Check-Out
BKG100363,City Hotel,2022-08-29,2022-09-18,2022-09-26,20,Canada,4,2.0,Suite,189.95,Online Travel Agent,No-Show
BKG100364,Resort Hotel,2024-02-03,2024-07-19,2024-07-20,167,USA,1,1.0,Suite,179.58,Direct,Check-Out
BKG100365,City Hotel,2023-04-13,2023-07-09,2023-07-15,87,Singapore,1,0.0,Family,304.85,Corporate,Canceled
BKG100366,City Hotel,2022-04-27,2022-05-21,2022-05-25,24,,1,,Suite,162.99,Online Travel Agent,Check-Out
BKG100367,Resort Hotel,2022-06-18,2022-10-22,2022-10-25,126,Germany,4,0.0,Standard,133.74,Offline Agent,Check-Out
BKG100368,Resort Hotel,2024-04-24,2024-06-11,2024-06-17,48,Canada,1,1.0,Family,73.49,Direct,No-Show
BKG100369,Resort Hotel,2022-01-05,2022-05-20,2022-05-21,135,Brazil,4,2.0,Deluxe,200.05,Direct,Check-Out
BKG100370,City Hotel,2023-11-05,2024-04-06,2024-04-16,153,Brazil,3,2.0,Deluxe,315.6,,Check-Out
BKG100371,City Hotel,2022-12-18,2023-03-03,2023-03-11,75,Singapore,2,0.0,Suite,179.7,,Check-Out
BKG100372,City Hotel,2023-10-02,2023-12-15,2023-12-21,74,USA,2,0.0,Suite,206.13,Offline Agent,Check-Out
BKG100373,Resort Hotel,2023-11-15,2024-02-29,2024-03-09,106,India,3,1.0,Family,294.41,Direct,Check-Out
BKG100374,Resort Hotel,2022-02-27,2022-04-19,2022-04-24,51,India,2,0.0,Suite,258.18,Direct,Canceled
BKG100375,Resort Hotel,2022-02-03,2022-05-05,2022-05-13,91,Singapore,1,2.0,,311.73,Direct,Check-Out
BKG100376,City Hotel,2024-03-26,2024-09-20,2024-09-25,178,Singapore,1,1.0,Standard,172.39,Online Travel Agent,Canceled
BKG100377,Resort Hotel,2022-07-27,2023-01-01,2023-01-09,158,Germany,2,0.0,Suite,278.98,Offline Agent,Check-Out
BKG100378,Resort Hotel,2023-12-01,2023-12-20,2023-12-23,19,Australia,2,2.0,Suite,94.61,,Check-Out
BKG100379,Resort Hotel,2023-08-22,2023-10-26,2023-10-27,65,India,3,1.0,,265.81,Corporate,Check-Out
BKG100380,City Hotel,2024-03-03,2024-08-10,2024-08-20,160,,3,,Suite,289.07,Direct,No-Show
BKG100381,City Hotel,2023-06-18,2023-07-05,2023-07-14,17,USA,2,1.0,Suite,217.49,Direct,Canceled
BKG100382,City Hotel,2023-11-11,2024-02-03,2024-02-09,84,Singapore,3,0.0,Standard,123.35,Online Travel Agent,Check-Out
BKG100383,City Hotel,2023-04-02,2023-06-02,2023-06-12,61,Australia,2,0.0,Standard,257.94,Offline Agent,Check-Out
BKG100384,City Hotel,2024-01-12,2024-03-24,2024-03-25,72,Canada,3,2.0,Standard,292.82,Corporate,Canceled
BKG100385,Resort Hotel,2022-07-17,2022-10-07,2022-10-16,82,USA,1,0.0,Deluxe,108.54,Direct,Canceled
BKG100386,Resort Hotel,2023-03-11,2023-04-06,2023-04-10,26,India,4,0.0,Family,276.6,Corporate,Check-Out
BKG100387,Resort Hotel,2022-03-17,2022-03-30,2022-04-02,13,France,3,2.0,Family,80.43,Offline Agent,Check-Out
BKG100388,Resort Hotel,2023-02-19,2023-06-09,2023-06-15,110,,1,1.0,Standard,255.26,Online Travel Agent,Canceled
BKG100389,City Hotel,2022-03-16,2022-06-15,2022-06-24,91,Brazil,1,0.0,Standard,288.2,Corporate,Canceled
BKG100390,Resort Hotel,2023-03-25,2023-06-30,2023-07-07,97,UK,1,1.0,Family,105.33,Corporate,No-Show
BKG100391,Resort Hotel,2022-05-28,2022-08-12,2022-08-18,76,USA,1,2.0,Standard,313.68,Online Travel Agent,Check-Out
BKG100392,City Hotel,2023-02-08,2023-06-25,2023-07-04,137,Germany,1,0.0,,120.92,Direct,Check-Out
BKG100393,Resort Hotel,2022-08-15,2023-01-19,2023-01-24,157,Singapore,2,0.0,Family,112.59,Online Travel Agent,Check-Out
BKG100394,City Hotel,2022-03-10,2022-05-13,2022-05-15,64,UAE,2,2.0,Deluxe,201.29,Direct,Check-Out
BKG100395,City Hotel,2023-09-27,2023-10-14,2023-10-18,17,Brazil,3,1.0,Deluxe,190.69,Corporate,Canceled
BKG100396,City Hotel,2023-03-15,2023-04-27,2023-04-28,43,France,3,0.0,Suite,287.84,Direct,Check-Out
BKG100397,City Hotel,2022-12-06,2023-04-07,2023-04-15,122,Singapore,4,,,284.68,Direct,Check-Out
BKG100398,Resort Hotel,2022-03-25,2022-06-04,2022-06-07,71,USA,2,0.0,Standard,272.73,Online Travel Agent,Canceled
BKG100399,City Hotel,2023-08-16,2023-11-27,2023-12-07,103,UK,2,,Suite,219.96,Offline Agent,Check-Out
BKG100400,Resort Hotel,2024-03-01,2024-07-29,2024-08-03,150,Australia,2,1.0,Suite,205.33,Online Travel Agent,Check-Out
BKG100401,Resort Hotel,2024-05-18,2024-10-22,2024-10-25,157,,2,1.0,Suite,106.17,Online Travel Agent,Check-Out
BKG100402,Resort Hotel,2023-05-15,2023-07-13,2023-07-15,59,Singapore,3,0.0,Suite,127.87,Offline Agent,Check-Out
BKG100403,City Hotel,2023-04-11,2023-04-22,2023-04-23,11,France,3,0.0,Deluxe,264.08,Offline Agent,Check-Out
BKG100404,Resort Hotel,2023-01-10,2023-06-09,2023-06-11,150,Singapore,3,1.0,Family,342.08,Corporate,Canceled
BKG100405,City Hotel,2022-12-20,2023-04-23,2023-05-01,124,UK,1,2.0,Deluxe,315.79,Online Travel Agent,Check-Out
BKG100406,Resort Hotel,2022-10-15,2022-12-08,2022-12-11,54,Germany,2,0.0,Family,165.04,Corporate,Canceled
BKG100407,City Hotel,2023-05-09,2023-10-28,2023-11-05,172,India,4,0.0,Deluxe,231.33,Online Travel Agent,Check-Out
BKG100408,Resort Hotel,2023-08-30,2023-10-10,2023-10-13,41,France,1,2.0,,102.59,Offline Agent,Check-Out
BKG100409,City Hotel,2023-08-01,2024-01-11,2024-01-12,163,Canada,3,0.0,Deluxe,122.81,Direct,Canceled
BKG100410,City Hotel,2023-09-08,2023-10-14,2023-10-24,36,UK,2,2.0,Suite,251.3,,Check-Out
BKG100411,Resort Hotel,2022-03-12,2022-05-09,2022-05-16,58,Singapore,4,0.0,Family,91.49,Direct,Check-Out
BKG100412,Resort Hotel,2022-07-01,2022-10-30,2022-11-09,121,USA,1,2.0,Family,205.97,Direct,Canceled
BKG100413,City Hotel,2023-07-07,2023-07-07,2023-07-14,0,Germany,4,0.0,Family,313.7,Offline Agent,Check-Out
BKG100414,City Hotel,2024-04-03,2024-09-28,2024-10-08,178,,1,1.0,Standard,98.83,Corporate,Check-Out
BKG100415,Resort Hotel,2023-07-11,2023-10-23,2023-10-28,104,Brazil,2,,Standard,265.65,Online Travel Agent,Check-Out
BKG100416,City Hotel,2022-07-30,2023-01-22,2023-01-28,176,,4,0.0,Suite,90.91,Corporate,Canceled
BKG100417,City Hotel,2023-03-10,2023-08-01,2023-08-07,144,Singapore,3,1.0,Family,278.94,Direct,Check-Out
BKG100418,City Hotel,2023-07-23,2023-11-23,2023-11-28,123,UK,3,2.0,Standard,159.86,,Check-Out
BKG100419,City Hotel,2023-12-18,2024-01-28,2024-01-30,41,Singapore,2,,Standard,176.16,Direct,Check-Out
BKG100420,City Hotel,2023-10-14,2023-10-15,2023-10-17,1,USA,2,,Standard,328.5,Corporate,Check-Out
BKG100421,City Hotel,2022-03-23,2022-08-25,2022-08-26,155,Brazil,4,1.0,Standard,238.05,Direct,Check-Out
BKG100422,Resort Hotel,2023-03-26,2023-03-28,2023-04-01,2,Brazil,3,0.0,Deluxe,69.75,Online Travel Agent,Check-Out
BKG100423,City Hotel,2023-11-02,2023-11-02,2023-11-05,0,Australia,1,0.0,,286.11,Direct,Check-Out
BKG100424,City Hotel,2024-01-25,2024-07-23,2024-07-25,180,UAE,1,2.0,Suite,142.5,Direct,Check-Out
BKG100425,Resort Hotel,2022-07-19,2022-11-12,2022-11-19,116,Singapore,1,0.0,Standard,110.76,Corporate,Check-Out
BKG100426,City Hotel,2022-04-30,2022-09-08,2022-09-13,131,Germany,3,1.0,Suite,340.16,Offline Agent,Check-Out
BKG100427,Resort Hotel,2023-08-24,2023-08-31,2023-09-08,7,Germany,1,0.0,Suite,79.59,Offline Agent,No-Show
BKG100428,City Hotel,2023-06-13,2023-10-28,2023-10-29,137,UAE,3,0.0,Standard,143.31,Direct,Check-Out
BKG100429,Resort Hotel,2022-12-29,2023-02-22,2023-03-04,55,Canada,3,0.0,Deluxe,334.66,Direct,Canceled
BKG100430,City Hotel,2024-06-12,2024-08-18,2024-08-22,67,UK,2,0.0,Standard,302.13,Online Travel Agent,Canceled
BKG100431,City Hotel,2023-11-24,2024-05-11,2024-05-19,169,UAE,1,2.0,Suite,337.82,Offline Agent,Canceled
BKG100432,Resort Hotel,2023-08-12,2023-10-21,2023-10-29,70,Brazil,2,2.0,Deluxe,141.28,Online Travel Agent,Check-Out
BKG100433,Resort Hotel,2023-03-10,2023-07-10,2023-07-19,122,Canada,1,2.0,Standard,160.71,Offline Agent,Check-Out
BKG100434,City Hotel,2022-01-09,2022-01-12,2022-01-16,3,Brazil,4,2.0,Suite,89.22,Direct,Check-Out
BKG100435,City Hotel,2022-08-31,2022-11-07,2022-11-15,68,Germany,3,0.0,Family,113.33,Corporate,Check-Out
BKG100436,Resort Hotel,2023-02-15,2023-04-27,2023-05-05,71,USA,2,2.0,Suite,98.03,Direct,Check-Out
BKG100437,Resort Hotel,2024-05-26,2024-08-31,2024-09-04,97,UK,2,0.0,Family,197.17,Offline Agent,Check-Out
BKG100438,Resort Hotel,2024-05-19,2024-10-27,2024-11-05,161,Australia,3,1.0,Standard,147.01,Direct,Check-Out
BKG100439,City Hotel,2024-04-13,2024-06-17,2024-06-25,65,UAE,1,,,275.93,Corporate,Check-Out
BKG100440,Resort Hotel,2023-02-26,2023-03-29,2023-04-04,31,France,2,2.0,Suite,227.01,Corporate,Check-Out
BKG100441,Resort Hotel,2023-05-15,2023-09-06,2023-09-08,114,UK,4,2.0,Suite,143.09,Offline Agent,Check-Out
BKG100442,City Hotel,2023-08-09,2023-11-20,2023-11-22,103,UAE,1,0.0,,159.65,Corporate,Check-Out
BKG100443,City Hotel,2023-02-09,2023-04-19,2023-04-27,69,Australia,3,2.0,Deluxe,211.07,Direct,Canceled
BKG100444,Resort Hotel,2022-05-09,2022-07-08,2022-07-13,60,USA,1,0.0,Standard,108.4,Offline Agent,Check-Out
BKG100445,Resort Hotel,2022-01-27,2022-05-08,2022-05-17,101,,1,0.0,Family,136.11,,Check-Out
BKG100446,Resort Hotel,2024-01-26,2024-04-07,2024-04-15,72,India,2,0.0,Standard,212.76,Corporate,Canceled
BKG100447,Resort Hotel,2022-11-30,2023-03-31,2023-04-08,121,Brazil,3,2.0,Family,189.01,,Check-Out
BKG100448,Resort Hotel,2023-10-17,2024-03-01,2024-03-06,136,Canada,3,1.0,Suite,216.5,Corporate,Check-Out
BKG100449,Resort Hotel,2022-06-09,2022-08-25,2022-08-26,77,UAE,1,2.0,,296.46,Offline Agent,Check-Out
BKG100450,City Hotel,2023-12-06,2024-04-09,2024-04-17,125,Brazil,3,,,282.1,Online Travel Agent,Check-Out
BKG100451,City Hotel,2022-07-13,2022-10-26,2022-11-04,105,Australia,4,1.0,Deluxe,132.47,Corporate,Check-Out
BKG100452,City Hotel,2023-10-03,2023-12-03,2023-12-12,61,Australia,3,0.0,Deluxe,248.05,Online Travel Agent,Check-Out
BKG100453,City Hotel,2022-10-24,2022-11-21,2022-11-29,28,Germany,4,,Suite,263.14,Online Travel Agent,Check-Out
BKG100454,City Hotel,2023-07-02,2023-07-07,2023-07-10,5,India,1,0.0,Deluxe,138.07,,Check-Out
BKG100455,City Hotel,2023-05-21,2023-07-15,2023-07-21,55,UAE,4,0.0,,287.86,Online Travel Agent,Check-Out
BKG100456,City Hotel,2024-05-13,2024-06-19,2024-06-20,37,UK,3,1.0,Deluxe,80.7,Corporate,Canceled
BKG100457,City Hotel,2024-04-28,2024-05-01,2024-05-03,3,Germany,2,1.0,Standard,283.66,Direct,Check-Out
BKG100458,City Hotel,2024-02-29,2024-03-24,2024-04-02,24,UAE,2,1.0,Deluxe,172.85,Online Travel Agent,Canceled
BKG100459,Resort Hotel,2023-07-17,2023-11-27,2023-11-29,133,UAE,3,1.0,Standard,245.17,Direct,No-Show
BKG100460,City Hotel,2022-08-30,2023-02-08,2023-02-15,162,Brazil,3,0.0,Standard,108.53,Offline Agent,Canceled
BKG100461,Resort Hotel,2022-01-10,2022-01-20,2022-01-30,10,Germany,4,2.0,Deluxe,104.95,Offline Agent,Check-Out
BKG100462,Resort Hotel,2023-09-26,2023-12-21,2023-12-22,86,UK,1,0.0,Family,246.93,Direct,Check-Out
BKG100463,City Hotel,2023-07-26,2024-01-07,2024-01-13,165,UAE,4,0.0,Deluxe,66.19,Corporate,Canceled
BKG100464,Resort Hotel,2023-05-12,2023-11-08,2023-11-16,180,Brazil,3,2.0,Deluxe,262.14,Corporate,Check-Out
BKG100465,City Hotel,2023-04-25,2023-07-04,2023-07-14,70,France,2,,Suite,214.03,Corporate,Check-Out
BKG100466,City Hotel,2024-03-05,2024-08-15,2024-08-24,163,Brazil,4,0.0,Deluxe,316.05,Corporate,Canceled
BKG100467,Resort Hotel,2023-11-06,2024-03-22,2024-03-29,137,Brazil,2,2.0,Suite,258.14,Corporate,Check-Out
BKG100468,Resort Hotel,2022-11-26,2022-12-24,2022-12-26,28,UK,1,0.0,Standard,302.21,Direct,Check-Out
BKG100469,City Hotel,2022-07-16,2022-08-10,2022-08-11,25,India,4,1.0,Suite,212.49,,Check-Out
BKG100470,Resort Hotel,2022-03-14,2022-03-17,2022-03-21,3,UAE,4,0.0,Family,195.74,Corporate,Canceled
BKG100471,Resort Hotel,2022-03-01,2022-08-05,2022-08-10,157,Germany,1,0.0,Standard,301.99,Online Travel Agent,Canceled
BKG100472,Resort Hotel,2023-06-29,2023-10-05,2023-10-09,98,,2,2.0,Family,250.49,,Canceled
BKG100473,Resort Hotel,2023-08-14,2023-11-13,2023-11-21,91,Singapore,4,0.0,Family,108.37,Corporate,Check-Out
BKG100474,City Hotel,2023-07-01,2023-12-01,2023-12-09,153,UAE,3,0.0,Family,219.52,Offline Agent,Canceled
BKG100475,City Hotel,2022-11-28,2023-05-02,2023-05-06,155,UAE,2,1.0,,282.06,Offline Agent,No-Show
BKG100476,City Hotel,2022-01-01,2022-01-09,2022-01-14,8,India,1,2.0,Suite,99.17,Direct,Check-Out
BKG100477,City Hotel,2022-11-19,2022-11-24,2022-11-29,5,UK,2,0.0,Deluxe,70.94,Corporate,Check-Out
BKG100478,City Hotel,2023-08-20,2023-10-22,2023-10-26,63,Brazil,3,0.0,Deluxe,86.65,Online Travel Agent,Canceled
BKG100479,Resort Hotel,2024-03-22,2024-07-23,2024-07-26,123,Brazil,4,2.0,Suite,297.66,Online Travel Agent,Canceled
BKG100480,City Hotel,2023-08-14,2023-11-19,2023-11-21,97,Australia,1,,Standard,160.9,Direct,Canceled
BKG100481,Resort Hotel,2024-05-19,2024-10-20,2024-10-21,154,UAE,4,0.0,Deluxe,148.39,,Check-Out
BKG100482,Resort Hotel,2022-08-15,2022-09-23,2022-09-24,39,Germany,4,,Family,278.32,Corporate,Canceled
BKG100483,Resort Hotel,2022-06-01,2022-07-04,2022-07-10,33,Singapore,1,1.0,Family,225.72,Corporate,Check-Out
BKG100484,City Hotel,2023-05-29,2023-09-17,2023-09-20,111,,2,1.0,Deluxe,222.2,Direct,Check-Out
BKG100485,City Hotel,2022-09-30,2023-01-18,2023-01-24,110,UAE,1,0.0,Suite,254.81,Direct,Check-Out
BKG100486,City Hotel,2023-09-01,2024-02-15,2024-02-16,167,Brazil,3,0.0,Deluxe,346.42,Offline Agent,Check-Out
BKG100487,Resort Hotel,2024-04-17,2024-06-15,2024-06-19,59,USA,3,0.0,Standard,279.74,Direct,Canceled
BKG100488,City Hotel,2022-06-01,2022-08-13,2022-08-14,73,India,3,0.0,Suite,148.48,Direct,Canceled
BKG100489,Resort Hotel,2022-08-05,2022-09-26,2022-10-05,52,India,3,2.0,Family,200.08,,Check-Out
BKG100490,Resort Hotel,2022-03-03,2022-05-14,2022-05-18,72,USA,3,,Family,194.84,Corporate,Check-Out
BKG100491,City Hotel,2023-11-07,2024-02-07,2024-02-09,92,Germany,1,0.0,Family,311.55,Online Travel Agent,Canceled
BKG100492,City Hotel,2023-05-12,2023-10-11,2023-10-20,152,Singapore,1,0.0,Standard,117.67,Online Travel Agent,Check-Out
BKG100493,Resort Hotel,2023-06-27,2023-09-13,2023-09-19,78,UAE,4,1.0,Suite,275.87,Corporate,Check-Out
BKG100494,Resort Hotel,2022-08-30,2023-01-05,2023-01-10,128,Singapore,1,,Suite,314.82,Direct,Check-Out
BKG100495,Resort Hotel,2023-02-07,2023-07-25,2023-07-28,168,Australia,1,1.0,Deluxe,211.01,Direct,Check-Out
BKG100496,Resort Hotel,2022-11-16,2023-04-19,2023-04-25,154,Brazil,4,2.0,Deluxe,98.21,Direct,Check-Out
BKG100497,Resort Hotel,2023-12-24,2024-05-06,2024-05-09,134,UAE,4,0.0,Standard,250.31,,Check-Out
BKG100498,City Hotel,2024-05-09,2024-06-15,2024-06-16,37,Canada,3,1.0,Suite,338.75,Direct,Canceled
BKG100499,Resort Hotel,2022-04-20,2022-05-23,2022-05-26,33,Brazil,1,2.0,Deluxe,238.91,Direct,Check-Out
BKG100500,City Hotel,2023-01-03,2023-01-23,2023-01-31,20,UAE,2,2.0,Deluxe,305.38,Offline Agent,Check-Out
BKG100501,Resort Hotel,2022-05-21,2022-07-01,2022-07-05,41,France,2,0.0,Family,178.49,Direct,Canceled
BKG100502,City Hotel,2022-07-27,2022-09-17,2022-09-19,52,,2,1.0,Family,311.47,Direct,Check-Out
BKG100503,Resort Hotel,2024-03-05,2024-03-15,2024-03-25,10,Singapore,4,0.0,,174.3,Offline Agent,Check-Out
BKG100504,Resort Hotel,2024-06-17,2024-06-27,2024-07-01,10,Germany,4,0.0,Suite,221.73,Offline Agent,Check-Out
BKG100505,Resort Hotel,2022-11-08,2023-01-20,2023-01-28,73,Singapore,2,1.0,Deluxe,145.38,Offline Agent,Canceled
BKG100506,Resort Hotel,2023-04-08,2023-05-01,2023-05-10,23,Australia,1,,Family,285.83,Corporate,Check-Out
BKG100507,City Hotel,2022-07-03,2022-10-27,2022-11-06,116,UK,2,1.0,Standard,86.15,Online Travel Agent,Check-Out
BKG100508,Resort Hotel,2023-04-06,2023-09-15,2023-09-21,162,Australia,1,2.0,Family,265.11,Online Travel Agent,Canceled
BKG100509,Resort Hotel,2022-12-10,2023-05-03,2023-05-06,144,Australia,2,0.0,Suite,111.87,Corporate,Canceled
BKG100510,Resort Hotel,2023-04-02,2023-06-14,2023-06-17,73,Brazil,1,0.0,Suite,338.53,Online Travel Agent,Check-Out
BKG100511,Resort Hotel,2024-05-25,2024-09-29,2024-10-08,127,Germany,1,2.0,Family,315.98,Offline Agent,Check-Out
BKG100512,City Hotel,2022-03-23,2022-08-23,2022-09-02,153,,1,0.0,Deluxe,315.83,Online Travel Agent,Check-Out
BKG100513,City Hotel,2022-02-26,2022-08-12,2022-08-18,167,UAE,1,0.0,Standard,307.61,Online Travel Agent,Check-Out
BKG100514,City Hotel,2022-07-02,2022-08-12,2022-08-17,41,India,2,1.0,Standard,277.31,Corporate,Check-Out
BKG100515,Resort Hotel,2023-01-24,2023-02-10,2023-02-17,17,France,1,0.0,Suite,196.54,,Check-Out
BKG100516,Resort Hotel,2023-12-14,2024-02-05,2024-02-15,53,,1,,Suite,225.7,Offline Agent,Check-Out
BKG100517,City Hotel,2022-11-21,2023-01-26,2023-02-04,66,Singapore,3,0.0,Family,238.14,Offline Agent,Canceled
BKG100518,City Hotel,2023-09-17,2023-11-15,2023-11-20,59,USA,2,0.0,Deluxe,94.28,Offline Agent,Check-Out
BKG100519,City Hotel,2022-12-08,2023-03-07,2023-03-16,89,France,2,,,245.78,Corporate,Check-Out
BKG100520,Resort Hotel,2023-07-18,2023-10-08,2023-10-09,82,UK,1,0.0,Deluxe,158.99,Corporate,Canceled
BKG100521,City Hotel,2023-11-20,2024-03-21,2024-03-29,122,Singapore,1,0.0,Suite,199.63,Offline Agent,Canceled
BKG100522,City Hotel,2023-02-28,2023-03-14,2023-03-23,14,Singapore,3,2.0,Standard,270.24,,Check-Out
BKG100523,City Hotel,2022-12-06,2023-03-06,2023-03-08,90,Australia,2,0.0,Deluxe,303.81,Offline Agent,Check-Out
BKG100524,City Hotel,2022-04-30,2022-07-17,2022-07-23,78,Germany,1,0.0,Suite,180.02,Offline Agent,Canceled
BKG100525,Resort Hotel,2022-11-06,2022-12-31,2023-01-09,55,Germany,3,0.0,Standard,92.55,Offline Agent,Check-Out
BKG100526,City Hotel,2024-03-29,2024-07-30,2024-08-08,123,Singapore,2,0.0,Suite,158.63,Corporate,Check-Out
BKG100527,City Hotel,2024-06-11,2024-07-06,2024-07-15,25,Australia,2,0.0,Standard,270.13,Online Travel Agent,Check-Out
BKG100528,Resort Hotel,2022-02-15,2022-08-09,2022-08-19,175,USA,1,0.0,Suite,195.39,Online Travel Agent,Check-Out
BKG100529,City Hotel,2022-11-16,2023-04-28,2023-05-02,163,Singapore,3,0.0,Suite,115.84,,Check-Out
BKG100530,Resort Hotel,2022-10-07,2022-11-14,2022-11-17,38,Germany,3,,Suite,64.42,,Check-Out
BKG100531,City Hotel,2023-12-23,2024-03-04,2024-03-14,72,Singapore,2,0.0,Family,80.66,Online Travel Agent,Check-Out
BKG100532,City Hotel,2023-04-28,2023-10-17,2023-10-18,172,Australia,1,,Deluxe,75.6,Offline Agent,Check-Out
BKG100533,Resort Hotel,2022-11-16,2023-02-09,2023-02-13,85,Canada,1,,Standard,224.66,Offline Agent,Check-Out
BKG100534,City Hotel,2023-10-22,2024-02-18,2024-02-26,119,UAE,2,0.0,Family,101.68,Direct,Check-Out
BKG100535,City Hotel,2023-11-13,2024-02-05,2024-02-11,84,USA,4,1.0,Suite,68.78,Offline Agent,Check-Out
BKG100536,Resort Hotel,2022-06-24,2022-09-04,2022-09-10,72,UAE,2,2.0,Standard,89.85,Corporate,Check-Out
BKG100537,Resort Hotel,2023-02-15,2023-07-16,2023-07-23,151,Canada,2,2.0,Family,130.67,Online Travel Agent,Check-Out
BKG100538,City Hotel,2024-04-13,2024-10-07,2024-10-17,177,Singapore,4,1.0,Deluxe,224.49,Direct,Check-Out
BKG100539,City Hotel,2022-03-21,2022-08-14,2022-08-22,146,Singapore,1,2.0,Standard,232.86,,Check-Out
BKG100540,City Hotel,2023-02-20,2023-03-09,2023-03-19,17,UAE,1,2.0,Family,283.69,Online Travel Agent,Check-Out
BKG100541,City Hotel,2024-04-16,2024-05-21,2024-05-31,35,Singapore,1,0.0,Suite,251.66,Offline Agent,Check-Out
BKG100542,City Hotel,2023-04-03,2023-05-23,2023-05-27,50,Australia,3,0.0,Suite,225.38,Online Travel Agent,Check-Out
BKG100543,Resort Hotel,2023-09-19,2024-01-27,2024-02-03,130,India,2,,Suite,78.1,Online Travel Agent,Canceled
BKG100544,City Hotel,2024-06-05,2024-06-12,2024-06-16,7,Australia,4,2.0,Family,174.34,Offline Agent,Check-Out
BKG100545,City Hotel,2022-08-05,2023-01-21,2023-01-24,169,,4,0.0,Family,114.59,Direct,Check-Out
BKG100546,Resort Hotel,2024-06-12,2024-11-30,2024-12-03,171,UK,2,0.0,Family,80.81,Offline Agent,No-Show
BKG100547,City Hotel,2022-05-20,2022-06-10,2022-06-13,21,Brazil,4,1.0,Deluxe,319.14,Offline Agent,Check-Out
BKG100548,Resort Hotel,2023-07-20,2023-11-12,2023-11-19,115,Brazil,3,0.0,Family,113.88,Direct,Canceled
BKG100549,City Hotel,2022-10-03,2023-01-16,2023-01-25,105,UAE,3,0.0,Standard,343.69,Offline Agent,No-Show
BKG100550,Resort Hotel,2022-03-23,2022-04-28,2022-05-07,36,Germany,3,,Family,209.92,Online Travel Agent,Check-Out
BKG100551,Resort Hotel,2023-07-07,2023-12-02,2023-12-07,148,Canada,1,,Family,215.16,,Check-Out
BKG100552,City Hotel,2022-12-06,2023-03-23,2023-03-29,107,Brazil,3,0.0,Suite,108.58,,Check-Out
BKG100553,Resort Hotel,2023-08-16,2023-09-28,2023-10-08,43,France,1,0.0,Family,294.58,Online Travel Agent,Check-Out
BKG100554,City Hotel,2022-03-20,2022-05-30,2022-06-04,71,India,2,2.0,,141.48,Direct,Canceled
BKG100555,Resort Hotel,2024-01-27,2024-03-05,2024-03-13,38,Canada,3,0.0,Deluxe,135.76,Online Travel Agent,Check-Out
BKG100556,City Hotel,2022-03-28,2022-05-04,2022-05-14,37,Australia,2,1.0,Deluxe,278.3,Offline Agent,Canceled
BKG100557,Resort Hotel,2022-06-21,2022-08-13,2022-08-23,53,India,3,0.0,,246.26,Offline Agent,Check-Out
BKG100558,City Hotel,2022-11-05,2023-03-06,2023-03-15,121,Canada,2,,Suite,258.22,Direct,Check-Out
BKG100559,Resort Hotel,2023-03-22,2023-03-25,2023-03-30,3,USA,4,1.0,Suite,256.76,Offline Agent,Check-Out
BKG100560,City Hotel,2023-10-30,2024-01-07,2024-01-13,69,Brazil,3,0.0,Family,292.67,Offline Agent,Canceled
BKG100561,Resort Hotel,2024-02-07,2024-04-08,2024-04-18,61,UAE,2,2.0,Standard,157.85,Online Travel Agent,Canceled
BKG100562,City Hotel,2022-01-13,2022-04-28,2022-04-30,105,France,1,1.0,Deluxe,161.94,Online Travel Agent,Check-Out
BKG100563,Resort Hotel,2022-04-05,2022-04-19,2022-04-29,14,USA,2,2.0,Deluxe,245.04,Offline Agent,Check-Out
BKG100564,City Hotel,2023-10-26,2024-03-18,2024-03-21,144,,1,,Family,133.47,Corporate,Canceled
BKG100565,City Hotel,2023-12-10,2024-05-28,2024-06-03,170,,3,0.0,Family,286.41,Offline Agent,Check-Out
BKG100566,Resort Hotel,2022-03-03,2022-05-08,2022-05-13,66,Brazil,2,1.0,Family,80.13,Direct,Check-Out
BKG100567,Resort Hotel,2022-04-22,2022-05-28,2022-06-06,36,Canada,4,0.0,Suite,238.05,,Check-Out
BKG100568,Resort Hotel,2022-03-14,2022-08-07,2022-08-12,146,India,4,0.0,Standard,319.99,Offline Agent,Check-Out
BKG100569,City Hotel,2023-12-18,2024-03-11,2024-03-18,84,Canada,1,2.0,Family,265.21,Offline Agent,Canceled
BKG100570,City Hotel,2024-03-10,2024-03-27,2024-04-05,17,USA,2,0.0,,171.48,Corporate,Check-Out
BKG100571,City Hotel,2023-02-15,2023-03-01,2023-03-03,14,USA,3,2.0,Family,307.47,Corporate,Check-Out
BKG100572,City Hotel,2022-06-30,2022-11-18,2022-11-19,141,USA,4,0.0,Suite,146.67,Offline Agent,Check-Out
BKG100573,Resort Hotel,2023-10-10,2024-01-30,2024-02-03,112,,2,0.0,,116.0,Online Travel Agent,Canceled
BKG100574,Resort Hotel,2023-10-21,2024-01-07,2024-01-15,78,UAE,4,0.0,Standard,70.74,Offline Agent,Check-Out
BKG100575,Resort Hotel,2024-04-06,2024-09-20,2024-09-29,167,USA,4,2.0,Standard,103.2,Direct,Check-Out
BKG100576,Resort Hotel,2022-01-20,2022-05-20,2022-05-30,120,India,1,0.0,Deluxe,263.38,Online Travel Agent,Canceled
BKG100577,Resort Hotel,2024-04-20,2024-05-14,2024-05-22,24,USA,2,2.0,Family,78.55,,Check-Out
BKG100578,Resort Hotel,2022-07-27,2022-11-13,2022-11-19,109,UAE,4,0.0,Deluxe,95.03,Online Travel Agent,Check-Out
BKG100579,Resort Hotel,2022-12-10,2022-12-26,2022-12-28,16,UAE,3,0.0,Deluxe,279.69,Offline Agent,Check-Out
BKG100580,Resort Hotel,2023-08-19,2023-08-29,2023-09-01,10,India,1,2.0,,169.08,Online Travel Agent,Check-Out
BKG100581,City Hotel,2022-07-03,2022-07-25,2022-08-04,22,UK,3,1.0,Deluxe,261.12,Direct,Check-Out
BKG100582,Resort Hotel,2023-06-20,2023-10-13,2023-10-20,115,Brazil,2,0.0,Deluxe,237.06,Offline Agent,Check-Out
BKG100583,Resort Hotel,2022-04-01,2022-09-08,2022-09-13,160,Germany,3,1.0,Standard,61.33,Online Travel Agent,Check-Out
BKG100584,Resort Hotel,2024-06-02,2024-10-18,2024-10-27,138,France,2,1.0,Standard,283.4,Direct,Check-Out
BKG100585,Resort Hotel,2022-06-02,2022-11-24,2022-12-02,175,,4,0.0,Suite,106.33,Corporate,Check-Out
BKG100586,Resort Hotel,2022-09-15,2022-12-09,2022-12-19,85,Singapore,4,0.0,Deluxe,90.28,Direct,Canceled
BKG100587,City Hotel,2023-05-12,2023-09-20,2023-09-22,131,Australia,1,0.0,Deluxe,269.21,Corporate,Check-Out
BKG100588,Resort Hotel,2022-04-23,2022-07-15,2022-07-19,83,Australia,1,0.0,Deluxe,273.95,Online Travel Agent,Check-Out
BKG100589,City Hotel,2023-05-12,2023-05-25,2023-06-01,13,UK,2,0.0,Family,329.09,Corporate,Check-Out
BKG100590,Resort Hotel,2024-01-08,2024-02-26,2024-03-03,49,Brazil,3,0.0,Standard,157.41,Corporate,Check-Out
BKG100591,Resort Hotel,2024-05-22,2024-09-18,2024-09-26,119,France,4,0.0,Deluxe,280.5,Direct,Check-Out
BKG100592,Resort Hotel,2023-07-21,2023-09-17,2023-09-19,58,Brazil,4,2.0,,201.87,,Check-Out
BKG100593,Resort Hotel,2024-01-18,2024-05-06,2024-05-10,109,Brazil,2,0.0,Deluxe,185.93,Online Travel Agent,Check-Out
BKG100594,City Hotel,2022-02-15,2022-02-25,2022-03-05,10,USA,1,1.0,Family,214.03,Offline Agent,Check-Out
BKG100595,Resort Hotel,2023-07-26,2023-07-29,2023-08-05,3,USA,2,0.0,Standard,163.94,,Check-Out
BKG100596,Resort Hotel,2022-06-15,2022-12-12,2022-12-20,180,Australia,1,1.0,Deluxe,194.49,Corporate,Check-Out
BKG100597,City Hotel,2023-12-22,2024-06-01,2024-06-02,162,Singapore,1,1.0,Standard,319.1,Corporate,Check-Out
BKG100598,City Hotel,2022-10-04,2023-03-31,2023-04-10,178,India,2,0.0,Suite,239.93,,Check-Out
BKG100599,Resort Hotel,2023-01-10,2023-05-09,2023-05-19,119,Singapore,1,0.0,Deluxe,166.27,Direct,No-Show
BKG100600,Resort Hotel,2022-09-02,2023-01-18,2023-01-20,138,Germany,4,2.0,Suite,312.63,Corporate,Canceled
BKG100601,City Hotel,2023-05-31,2023-11-21,2023-11-28,174,Canada,3,0.0,Family,78.38,,Check-Out
BKG100602,Resort Hotel,2023-06-29,2023-12-19,2023-12-28,173,Germany,3,1.0,Family,240.08,Online Travel Agent,Check-Out
BKG100603,Resort Hotel,2022-07-03,2022-09-14,2022-09-16,73,Canada,1,0.0,,140.02,Direct,Check-Out
BKG100604,City Hotel,2023-10-05,2023-10-10,2023-10-15,5,,4,2.0,Family,330.2,Offline Agent,Canceled
BKG100605,Resort Hotel,2022-01-22,2022-04-06,2022-04-10,74,Singapore,1,0.0,Suite,312.82,Offline Agent,Check-Out
BKG100606,City Hotel,2023-11-03,2024-04-16,2024-04-22,165,Canada,4,2.0,Suite,253.1,Direct,Canceled
BKG100607,City Hotel,2022-11-10,2022-12-23,2022-12-28,43,India,2,1.0,Deluxe,167.85,Corporate,Check-Out
BKG100608,Resort Hotel,2022-06-20,2022-11-25,2022-11-28,158,UK,3,0.0,Deluxe,342.23,Online Travel Agent,Check-Out
BKG100609,Resort Hotel,2022-11-21,2023-04-17,2023-04-20,147,Singapore,4,0.0,Standard,167.2,Corporate,No-Show
BKG100610,Resort Hotel,2022-06-01,2022-09-04,2022-09-12,95,Australia,2,2.0,Family,147.45,Direct,Canceled
BKG100611,City Hotel,2022-11-24,2023-01-02,2023-01-03,39,Brazil,3,0.0,Deluxe,197.43,Offline Agent,Check-Out
BKG100612,Resort Hotel,2022-04-26,2022-08-26,2022-08-27,122,Australia,2,2.0,Deluxe,93.89,Offline Agent,Check-Out
BKG100613,City Hotel,2022-12-01,2022-12-15,2022-12-25,14,Germany,2,2.0,Standard,212.67,Online Travel Agent,Check-Out
BKG100614,Resort Hotel,2023-04-02,2023-09-22,2023-09-24,173,UAE,4,0.0,,202.23,Direct,Canceled
BKG100615,City Hotel,2023-03-14,2023-06-16,2023-06-23,94,France,3,0.0,Family,142.55,Online Travel Agent,Check-Out
BKG100616,City Hotel,2023-03-31,2023-07-15,2023-07-23,106,Australia,3,0.0,Deluxe,293.65,Online Travel Agent,Check-Out
BKG100617,City Hotel,2022-11-07,2023-03-08,2023-03-17,121,USA,3,0.0,Standard,330.61,Offline Agent,Check-Out
BKG100618,Resort Hotel,2022-10-07,2023-01-21,2023-01-24,106,Germany,4,2.0,Deluxe,279.02,Offline Agent,Check-Out
BKG100619,City Hotel,2023-05-18,2023-05-28,2023-06-02,10,Germany,3,1.0,Standard,222.19,Online Travel Agent,Check-Out
BKG100620,City Hotel,2022-11-04,2023-04-16,2023-04-24,163,Germany,1,0.0,Standard,180.98,Online Travel Agent,Canceled
BKG100621,City Hotel,2023-05-20,2023-06-06,2023-06-16,17,France,3,2.0,,199.34,Online Travel Agent,Check-Out
BKG100622,Resort Hotel,2024-01-21,2024-06-16,2024-06-17,147,UAE,3,0.0,Family,228.68,,Check-Out
BKG100623,City Hotel,2022-02-24,2022-05-04,2022-05-10,69,Singapore,4,0.0,Standard,74.13,Direct,Canceled
BKG100624,City Hotel,2022-07-07,2022-07-31,2022-08-10,24,France,2,2.0,Suite,153.56,Corporate,Check-Out
BKG100625,City Hotel,2023-08-17,2023-11-15,2023-11-18,90,Canada,1,0.0,Family,210.27,Corporate,Canceled
BKG100626,Resort Hotel,2022-06-16,2022-07-12,2022-07-16,26,Singapore,2,2.0,Standard,124.12,Offline Agent,Check-Out
BKG100627,City Hotel,2022-03-20,2022-04-18,2022-04-21,29,UK,1,1.0,Family,160.98,Corporate,Check-Out
BKG100628,Resort Hotel,2022-11-08,2022-11-15,2022-11-17,7,Germany,2,0.0,Suite,308.48,Direct,Check-Out
BKG100629,City Hotel,2022-03-22,2022-07-08,2022-07-10,108,India,1,0.0,Deluxe,284.66,Online Travel Agent,Check-Out
BKG100630,City Hotel,2023-11-07,2024-03-17,2024-03-27,131,India,1,1.0,Standard,94.49,Corporate,Check-Out
BKG100631,Resort Hotel,2024-02-12,2024-03-07,2024-03-09,24,UAE,2,2.0,Standard,321.34,Online Travel Agent,Check-Out
BKG100632,Resort Hotel,2024-02-04,2024-04-15,2024-04-25,71,Singapore,3,0.0,Standard,106.56,Online Travel Agent,Canceled
BKG100633,Resort Hotel,2024-02-21,2024-02-24,2024-03-04,3,Singapore,2,0.0,Standard,339.64,Online Travel Agent,Canceled
BKG100634,Resort Hotel,2023-06-01,2023-09-30,2023-10-06,121,UK,2,1.0,Suite,255.32,Offline Agent,Check-Out
BKG100635,Resort Hotel,2023-06-11,2023-08-08,2023-08-15,58,Singapore,1,0.0,Deluxe,95.85,Offline Agent,Canceled
BKG100636,Resort Hotel,2023-12-23,2024-03-05,2024-03-14,73,Australia,1,0.0,Suite,155.15,Offline Agent,Check-Out
BKG100637,City Hotel,2022-11-16,2023-05-10,2023-05-18,175,Germany,2,2.0,Standard,178.11,Offline Agent,Canceled
BKG100638,Resort Hotel,2023-01-12,2023-02-26,2023-02-27,45,USA,4,0.0,Deluxe,174.95,Offline Agent,Check-Out
BKG100639,City Hotel,2023-08-28,2023-09-23,2023-09-26,26,Germany,1,0.0,,342.81,Online Travel Agent,Check-Out
BKG100640,City Hotel,2023-03-11,2023-07-16,2023-07-21,127,Canada,3,,Suite,163.27,Direct,Canceled
BKG100641,Resort Hotel,2022-04-21,2022-05-22,2022-05-27,31,India,4,1.0,Standard,126.94,Online Travel Agent,Canceled
BKG100642,City Hotel,2023-05-26,2023-11-15,2023-11-16,173,UK,2,,Suite,235.33,Online Travel Agent,Canceled
BKG100643,City Hotel,2023-11-08,2024-03-20,2024-03-28,133,Canada,4,0.0,Suite,145.13,Corporate,Canceled
BKG100644,Resort Hotel,2023-07-08,2023-11-24,2023-11-25,139,Australia,1,,Family,315.24,Corporate,Canceled
BKG100645,City Hotel,2023-03-30,2023-07-25,2023-07-26,117,UK,1,0.0,Family,221.43,Offline Agent,Check-Out
BKG100646,City Hotel,2024-01-03,2024-04-11,2024-04-19,99,Canada,1,2.0,Deluxe,255.76,,Check-Out
BKG100647,Resort Hotel,2023-05-22,2023-10-20,2023-10-27,151,Brazil,3,0.0,Standard,152.94,Direct,Canceled
BKG100648,City Hotel,2022-12-24,2023-05-22,2023-05-23,149,UAE,3,1.0,Family,88.23,,Check-Out
BKG100649,Resort Hotel,2022-09-08,2022-11-10,2022-11-14,63,France,3,2.0,Standard,84.63,Corporate,Check-Out
BKG100650,City Hotel,2023-07-06,2023-09-27,2023-09-28,83,France,4,1.0,Standard,224.73,Offline Agent,Check-Out
BKG100651,City Hotel,2022-11-21,2023-02-25,2023-03-07,96,USA,4,0.0,Deluxe,226.04,Corporate,Check-Out
BKG100652,City Hotel,2024-04-10,2024-09-27,2024-10-03,170,,2,2.0,Family,146.86,Online Travel Agent,Canceled
BKG100653,City Hotel,2023-07-03,2023-08-26,2023-08-31,54,Germany,3,,Standard,146.22,Online Travel Agent,Check-Out
BKG100654,Resort Hotel,2022-10-07,2022-10-24,2022-11-03,17,France,4,,Suite,120.82,Offline Agent,Check-Out
BKG100655,City Hotel,2022-11-17,2023-01-07,2023-01-14,51,Singapore,4,0.0,Deluxe,241.24,Online Travel Agent,Check-Out
BKG100656,City Hotel,2023-06-13,2023-07-30,2023-08-09,47,France,4,0.0,Family,251.63,Online Travel Agent,Check-Out
BKG100657,City Hotel,2023-01-09,2023-05-07,2023-05-10,118,,2,0.0,Family,276.47,Corporate,Canceled
BKG100658,Resort Hotel,2022-03-07,2022-08-16,2022-08-20,162,France,4,0.0,Deluxe,298.88,Offline Agent,Check-Out
BKG100659,City Hotel,2022-06-03,2022-07-22,2022-07-23,49,,2,0.0,Standard,194.61,Direct,Check-Out
BKG100660,Resort Hotel,2022-05-20,2022-05-27,2022-06-01,7,Canada,3,2.0,Standard,111.04,Online Travel Agent,Canceled
BKG100661,City Hotel,2022-03-27,2022-06-15,2022-06-25,80,,3,0.0,Standard,321.17,Offline Agent,Canceled
BKG100662,Resort Hotel,2024-01-12,2024-02-16,2024-02-20,35,Singapore,1,2.0,Suite,273.0,Offline Agent,Canceled
BKG100663,City Hotel,2022-09-01,2023-02-01,2023-02-03,153,Germany,3,0.0,Family,301.38,,Check-Out
BKG100664,Resort Hotel,2022-06-29,2022-08-22,2022-08-27,54,Canada,4,1.0,Suite,133.75,Online Travel Agent,Check-Out
BKG100665,City Hotel,2023-03-10,2023-07-09,2023-07-13,121,France,3,0.0,Standard,165.27,Online Travel Agent,Canceled
BKG100666,City Hotel,2023-11-10,2023-11-23,2023-11-27,13,,3,2.0,Deluxe,171.56,Offline Agent,Check-Out
BKG100667,Resort Hotel,2023-02-07,2023-04-13,2023-04-18,65,Canada,1,0.0,Suite,146.25,Offline Agent,Canceled
BKG100668,City Hotel,2022-10-08,2022-10-28,2022-11-05,20,Australia,4,1.0,Standard,328.68,Direct,Check-Out
BKG100669,City Hotel,2023-06-03,2023-06-19,2023-06-25,16,,4,2.0,Standard,271.48,,Check-Out
BKG100670,City Hotel,2022-07-08,2022-12-16,2022-12-24,161,UAE,2,0.0,Standard,176.19,Online Travel Agent,Check-Out
BKG100671,Resort Hotel,2023-06-13,2023-11-26,2023-11-29,166,,4,0.0,Deluxe,190.93,Corporate,Canceled
BKG100672,City Hotel,2022-07-23,2022-08-13,2022-08-20,21,Brazil,3,0.0,Deluxe,174.11,Online Travel Agent,Canceled
BKG100673,Resort Hotel,2023-07-26,2024-01-07,2024-01-17,165,France,2,0.0,Deluxe,342.5,Online Travel Agent,Check-Out
BKG100674,Resort Hotel,2023-03-16,2023-08-16,2023-08-21,153,Brazil,2,0.0,Standard,337.83,Online Travel Agent,Canceled
BKG100675,Resort Hotel,2023-03-22,2023-07-16,2023-07-24,116,France,1,0.0,Suite,266.93,Offline Agent,Check-Out
BKG100676,Resort Hotel,2023-03-18,2023-05-09,2023-05-19,52,Australia,2,0.0,Deluxe,270.75,Offline Agent,Canceled
BKG100677,Resort Hotel,2022-01-30,2022-04-14,2022-04-19,74,,2,2.0,Family,190.78,,Check-Out
BKG100678,City Hotel,2022-05-17,2022-08-07,2022-08-14,82,USA,2,1.0,Standard,265.45,Online Travel Agent,Check-Out
BKG100679,City Hotel,2022-08-29,2022-12-27,2023-01-02,120,France,1,0.0,Family,133.56,Corporate,Check-Out
BKG100680,City Hotel,2023-07-27,2023-08-06,2023-08-16,10,UAE,2,0.0,Family,109.26,Direct,Check-Out
BKG100681,Resort Hotel,2023-12-29,2024-05-12,2024-05-19,135,UK,2,0.0,Family,93.88,Corporate,Canceled
BKG100682,Resort Hotel,2023-03-17,2023-05-28,2023-06-02,72,UAE,3,2.0,Family,150.77,Direct,Check-Out
BKG100683,Resort Hotel,2023-11-05,2024-04-15,2024-04-23,162,UK,1,0.0,Standard,103.1,Offline Agent,Check-Out
BKG100684,City Hotel,2023-12-24,2024-04-21,2024-04-28,119,Singapore,1,1.0,Family,71.83,Offline Agent,Check-Out
BKG100685,City Hotel,2024-05-16,2024-06-22,2024-06-24,37,UK,3,0.0,Deluxe,119.08,Corporate,Check-Out
BKG100686,Resort Hotel,2023-11-11,2024-04-08,2024-04-12,149,Australia,1,2.0,Standard,282.39,Direct,Canceled
BKG100687,Resort Hotel,2023-11-25,2023-12-19,2023-12-25,24,Australia,1,0.0,Suite,257.58,,Canceled
BKG100688,City Hotel,2022-06-07,2022-06-14,2022-06-16,7,Brazil,4,1.0,Standard,191.68,Corporate,No-Show
BKG100689,Resort Hotel,2023-11-03,2024-04-10,2024-04-18,159,France,3,2.0,Suite,97.5,Online Travel Agent,Canceled
BKG100690,Resort Hotel,2023-07-15,2023-12-16,2023-12-23,154,Australia,1,1.0,Standard,134.0,Online Travel Agent,Canceled
BKG100691,City Hotel,2022-06-16,2022-09-23,2022-09-30,99,Australia,3,0.0,Suite,94.97,Direct,Check-Out
BKG100692,City Hotel,2022-04-09,2022-07-12,2022-07-21,94,Canada,2,1.0,Suite,189.18,,Check-Out
BKG100693,Resort Hotel,2023-03-09,2023-06-11,2023-06-21,94,India,2,1.0,Suite,242.9,Offline Agent,Check-Out
BKG100694,Resort Hotel,2023-10-26,2024-04-18,2024-04-21,175,France,4,,Family,242.57,Offline Agent,Check-Out
BKG100695,City Hotel,2024-03-31,2024-07-31,2024-08-05,122,Germany,2,0.0,Family,258.45,,Check-Out
BKG100696,Resort Hotel,2023-07-19,2023-08-07,2023-08-08,19,,1,2.0,Suite,183.22,Corporate,Check-Out
BKG100697,Resort Hotel,2022-03-25,2022-07-31,2022-08-01,128,Australia,1,1.0,Standard,112.07,,Check-Out
BKG100698,City Hotel,2023-12-23,2024-03-08,2024-03-14,76,UAE,4,1.0,Deluxe,240.91,Direct,Check-Out
BKG100699,Resort Hotel,2024-02-04,2024-07-07,2024-07-12,154,Australia,1,1.0,Standard,214.97,Online Travel Agent,Check-Out
BKG100700,City Hotel,2023-05-04,2023-08-29,2023-09-05,117,Australia,4,0.0,,239.36,Online Travel Agent,Check-Out
BKG100701,Resort Hotel,2022-01-15,2022-03-04,2022-03-06,48,Canada,1,0.0,Deluxe,309.11,Direct,Check-Out
BKG100702,Resort Hotel,2023-10-04,2024-02-18,2024-02-22,137,Canada,1,0.0,Family,283.22,Online Travel Agent,Check-Out
BKG100703,City Hotel,2022-06-06,2022-12-02,2022-12-10,179,Brazil,4,1.0,Deluxe,65.69,Direct,Check-Out
BKG100704,City Hotel,2024-04-29,2024-08-07,2024-08-08,100,Australia,3,0.0,Family,89.77,Corporate,Check-Out
BKG100705,Resort Hotel,2023-02-14,2023-06-18,2023-06-27,124,Australia,4,0.0,Suite,267.14,Online Travel Agent,Check-Out
BKG100706,City Hotel,2023-10-26,2024-02-09,2024-02-17,106,Canada,1,1.0,Family,240.58,Online Travel Agent,Check-Out
BKG100707,Resort Hotel,2024-01-14,2024-03-03,2024-03-11,49,Brazil,3,1.0,Suite,127.31,Offline Agent,Check-Out
BKG100708,Resort Hotel,2022-10-28,2023-02-04,2023-02-11,99,,3,1.0,Deluxe,291.93,Corporate,Check-Out
BKG100709,City Hotel,2022-03-30,2022-09-16,2022-09-24,170,USA,2,,Family,117.85,Offline Agent,Check-Out
BKG100710,City Hotel,2022-08-03,2022-12-23,2022-12-24,142,UK,1,0.0,Deluxe,315.46,Online Travel Agent,Canceled
BKG100711,City Hotel,2022-12-12,2023-04-01,2023-04-03,110,France,2,0.0,Suite,222.97,Corporate,Canceled
BKG100712,Resort Hotel,2024-02-28,2024-07-19,2024-07-24,142,India,2,2.0,Family,235.24,Offline Agent,No-Show
BKG100713,Resort Hotel,2024-02-13,2024-03-12,2024-03-14,28,UK,1,,Standard,72.17,Direct,Canceled
BKG100714,City Hotel,2022-06-10,2022-08-23,2022-08-31,74,UAE,4,0.0,Deluxe,104.75,Online Travel Agent,Canceled
BKG100715,Resort Hotel,2023-03-26,2023-07-10,2023-07-11,106,USA,2,1.0,Suite,158.98,Corporate,Canceled
BKG100716,Resort Hotel,2023-03-01,2023-06-01,2023-06-05,92,UK,2,2.0,Family,182.3,Offline Agent,Canceled
BKG100717,Resort Hotel,2023-04-15,2023-08-25,2023-08-31,132,Singapore,1,1.0,Standard,102.22,Online Travel Agent,Check-Out
BKG100718,Resort Hotel,2023-02-16,2023-03-30,2023-04-06,42,Brazil,1,1.0,Standard,280.17,,Check-Out
BKG100719,Resort Hotel,2023-11-29,2024-05-26,2024-06-04,179,France,3,0.0,Deluxe,323.68,Offline Agent,Check-Out
BKG100720,City Hotel,2022-07-30,2022-12-16,2022-12-26,139,Germany,4,0.0,Suite,317.43,Online Travel Agent,Check-Out
BKG100721,City Hotel,2022-12-09,2023-03-18,2023-03-21,99,Singapore,3,0.0,Suite,86.92,,Check-Out
BKG100722,City Hotel,2024-03-26,2024-08-11,2024-08-21,138,Australia,3,0.0,Standard,301.35,Online Travel Agent,Canceled
BKG100723,Resort Hotel,2022-09-23,2023-03-02,2023-03-11,160,Canada,3,0.0,Suite,73.84,Online Travel Agent,Check-Out
BKG100724,Resort Hotel,2022-08-30,2023-01-25,2023-02-04,148,Australia,2,0.0,Deluxe,146.77,Online Travel Agent,Check-Out
BKG100725,City Hotel,2023-08-20,2023-10-08,2023-10-14,49,Australia,4,0.0,Standard,102.5,Online Travel Agent,Check-Out
BKG100726,City Hotel,2022-05-14,2022-09-12,2022-09-16,121,Brazil,4,0.0,Family,167.1,Corporate,Check-Out
BKG100727,Resort Hotel,2023-10-14,2024-01-30,2024-02-07,108,Singapore,4,1.0,Deluxe,298.91,Offline Agent,Canceled
BKG100728,Resort Hotel,2022-05-13,2022-11-09,2022-11-18,180,UK,1,0.0,Suite,192.08,Online Travel Agent,Check-Out
BKG100729,Resort Hotel,2023-02-23,2023-03-23,2023-03-25,28,USA,3,2.0,Suite,143.98,Corporate,No-Show
BKG100730,City Hotel,2022-11-07,2023-01-21,2023-01-29,75,India,1,0.0,Suite,101.22,Corporate,Check-Out
BKG100731,Resort Hotel,2024-04-18,2024-08-21,2024-08-22,125,Australia,1,2.0,Family,161.11,Corporate,Check-Out
BKG100732,City Hotel,2022-12-12,2023-03-18,2023-03-26,96,Canada,2,0.0,Family,206.38,Direct,Canceled
BKG100733,City Hotel,2022-11-30,2022-12-22,2023-01-01,22,UAE,4,1.0,Standard,127.52,Offline Agent,Canceled
BKG100734,City Hotel,2023-10-24,2023-11-15,2023-11-18,22,Singapore,1,2.0,Standard,242.73,Online Travel Agent,Check-Out
BKG100735,City Hotel,2023-09-26,2024-02-11,2024-02-21,138,Singapore,1,,Standard,211.31,Online Travel Agent,Check-Out
BKG100736,City Hotel,2023-06-29,2023-08-14,2023-08-15,46,USA,3,0.0,,131.13,Offline Agent,Check-Out
BKG100737,City Hotel,2023-05-19,2023-05-24,2023-05-30,5,Australia,4,0.0,Suite,180.33,Online Travel Agent,Check-Out
BKG100738,Resort Hotel,2022-04-12,2022-08-28,2022-08-31,138,UK,3,,Suite,112.97,Offline Agent,Check-Out
BKG100739,City Hotel,2022-03-02,2022-08-06,2022-08-12,157,Australia,2,0.0,Standard,266.86,Corporate,Check-Out
BKG100740,Resort Hotel,2022-11-28,2023-02-02,2023-02-09,66,Canada,1,,Family,118.74,Online Travel Agent,Check-Out
BKG100741,City Hotel,2022-11-22,2023-03-20,2023-03-29,118,Germany,4,0.0,Standard,200.41,Corporate,Check-Out
BKG100742,Resort Hotel,2023-08-24,2024-02-12,2024-02-14,172,France,2,2.0,,248.95,Offline Agent,Check-Out
BKG100743,Resort Hotel,2023-10-14,2024-02-19,2024-02-23,128,Germany,2,0.0,Family,216.73,Offline Agent,Check-Out
BKG100744,City Hotel,2024-04-12,2024-08-08,2024-08-18,118,,3,0.0,Suite,60.16,Offline Agent,No-Show
BKG100745,Resort Hotel,2024-05-12,2024-10-20,2024-10-24,161,France,3,0.0,Standard,106.81,Offline Agent,Check-Out
BKG100746,City Hotel,2024-04-30,2024-06-04,2024-06-13,35,UAE,3,1.0,Suite,121.15,Offline Agent,Check-Out
BKG100747,City Hotel,2023-11-10,2024-01-31,2024-02-06,82,India,2,1.0,Deluxe,338.11,Online Travel Agent,Check-Out
BKG100748,City Hotel,2022-01-05,2022-01-07,2022-01-10,2,Australia,4,2.0,Standard,319.63,Online Travel Agent,Check-Out
BKG100749,City Hotel,2024-05-02,2024-10-20,2024-10-28,171,Brazil,1,0.0,Suite,341.89,Offline Agent,Check-Out
BKG100750,Resort Hotel,2024-02-26,2024-08-22,2024-08-23,178,,1,1.0,Standard,167.44,Direct,Canceled
BKG100751,City Hotel,2024-02-16,2024-04-27,2024-05-03,71,Germany,2,0.0,,296.72,Offline Agent,No-Show
BKG100752,City Hotel,2022-02-07,2022-04-19,2022-04-27,71,USA,2,0.0,Suite,116.87,Offline Agent,Check-Out
BKG100753,Resort Hotel,2022-07-18,2023-01-02,2023-01-12,168,UK,2,0.0,Suite,230.57,Direct,Canceled
BKG100754,City Hotel,2024-01-17,2024-03-27,2024-03-31,70,India,1,2.0,Family,238.19,Online Travel Agent,Canceled
BKG100755,City Hotel,2022-11-27,2023-03-17,2023-03-24,110,Canada,3,0.0,Suite,257.25,Online Travel Agent,Canceled
BKG100756,Resort Hotel,2022-08-18,2022-08-30,2022-09-04,12,Australia,4,2.0,Deluxe,190.17,Corporate,Check-Out
BKG100757,Resort Hotel,2023-08-09,2023-08-15,2023-08-19,6,,4,0.0,Suite,325.93,Corporate,Check-Out
BKG100758,City Hotel,2023-10-03,2023-10-27,2023-10-28,24,France,4,,Deluxe,294.34,Online Travel Agent,Check-Out
BKG100759,City Hotel,2022-12-15,2022-12-28,2023-01-03,13,USA,2,0.0,Family,284.97,Online Travel Agent,Check-Out
BKG100760,Resort Hotel,2022-03-04,2022-03-12,2022-03-19,8,Canada,3,0.0,Standard,286.97,Corporate,Check-Out
BKG100761,City Hotel,2023-03-19,2023-04-04,2023-04-06,16,Australia,1,2.0,Standard,75.14,Offline Agent,Check-Out
BKG100762,City Hotel,2023-09-06,2024-02-21,2024-03-02,168,Brazil,1,1.0,Standard,171.34,Corporate,Check-Out
BKG100763,Resort Hotel,2023-11-23,2023-11-29,2023-12-07,6,India,3,2.0,Standard,115.82,Direct,Canceled
BKG100764,City Hotel,2022-05-10,2022-10-20,2022-10-29,163,UK,3,0.0,Deluxe,182.09,Direct,Canceled
BKG100765,City Hotel,2022-03-03,2022-04-04,2022-04-09,32,France,4,2.0,Deluxe,338.32,Direct,Check-Out
BKG100766,Resort Hotel,2023-09-10,2023-12-06,2023-12-11,87,India,3,0.0,Deluxe,210.13,Online Travel Agent,Check-Out
BKG100767,City Hotel,2022-07-20,2022-09-09,2022-09-13,51,Canada,1,0.0,Suite,114.91,Corporate,Check-Out
BKG100768,Resort Hotel,2023-03-05,2023-05-28,2023-05-31,84,Canada,1,,Deluxe,314.07,Online Travel Agent,Check-Out
BKG100769,City Hotel,2023-12-11,2024-02-07,2024-02-15,58,Australia,2,0.0,Deluxe,199.42,Offline Agent,Check-Out
BKG100770,Resort Hotel,2022-01-07,2022-04-09,2022-04-10,92,UK,1,0.0,Suite,68.71,Offline Agent,Check-Out
BKG100771,Resort Hotel,2023-08-23,2023-11-23,2023-11-24,92,Germany,1,0.0,Suite,117.37,Direct,Check-Out
BKG100772,City Hotel,2023-07-22,2023-09-22,2023-09-25,62,USA,2,0.0,Standard,111.06,,Check-Out
BKG100773,City Hotel,2024-03-17,2024-04-14,2024-04-20,28,UAE,2,,Deluxe,192.3,Offline Agent,Canceled
BKG100774,City Hotel,2022-03-08,2022-04-07,2022-04-10,30,UAE,2,0.0,Suite,115.59,Offline Agent,No-Show
BKG100775,Resort Hotel,2022-09-08,2022-09-19,2022-09-29,11,UAE,2,2.0,Deluxe,145.31,Online Travel Agent,Check-Out
BKG100776,City Hotel,2022-10-14,2022-11-15,2022-11-24,32,Brazil,4,0.0,Standard,270.92,Direct,Check-Out
BKG100777,Resort Hotel,2024-02-09,2024-07-23,2024-08-01,165,UAE,3,1.0,,210.48,Offline Agent,Canceled
BKG100778,Resort Hotel,2023-05-22,2023-09-20,2023-09-25,121,Germany,4,2.0,Deluxe,248.42,,Canceled
BKG100779,City Hotel,2023-02-10,2023-04-06,2023-04-11,55,France,4,1.0,Standard,225.7,Direct,Canceled
BKG100780,City Hotel,2022-10-30,2023-02-20,2023-03-01,113,Singapore,3,0.0,Suite,229.35,Offline Agent,Check-Out
BKG100781,Resort Hotel,2023-03-19,2023-07-01,2023-07-07,104,UK,4,0.0,Family,139.18,,Check-Out
BKG100782,Resort Hotel,2022-03-19,2022-06-18,2022-06-20,91,France,3,2.0,Deluxe,208.71,Online Travel Agent,Check-Out
BKG100783,City Hotel,2023-01-04,2023-01-13,2023-01-22,9,France,2,0.0,Suite,117.03,,Check-Out
BKG100784,City Hotel,2023-09-11,2023-10-16,2023-10-25,35,UAE,3,0.0,Family,283.32,Offline Agent,Canceled
BKG100785,Resort Hotel,2024-02-15,2024-07-31,2024-08-01,167,Australia,4,2.0,Deluxe,346.89,Direct,Canceled
BKG100786,Resort Hotel,2022-08-03,2022-12-02,2022-12-06,121,UAE,4,1.0,Deluxe,158.79,Offline Agent,Canceled
BKG100787,Resort Hotel,2023-12-16,2024-03-31,2024-04-04,106,UAE,4,1.0,Deluxe,307.35,Direct,Check-Out
BKG100788,City Hotel,2024-01-26,2024-01-28,2024-02-05,2,Australia,3,0.0,Suite,125.39,Corporate,Check-Out
BKG100789,City Hotel,2023-08-05,2023-08-13,2023-08-16,8,Australia,2,0.0,Deluxe,224.78,Offline Agent,Check-Out
BKG100790,City Hotel,2023-01-31,2023-03-20,2023-03-28,48,,1,0.0,Standard,225.16,Direct,Check-Out
BKG100791,Resort Hotel,2023-07-21,2023-09-04,2023-09-05,45,Australia,4,0.0,,114.14,,Check-Out
BKG100792,Resort Hotel,2023-11-07,2024-03-20,2024-03-22,134,UK,4,0.0,Suite,166.91,Offline Agent,Check-Out
BKG100793,City Hotel,2022-04-24,2022-05-27,2022-06-05,33,Germany,4,1.0,Deluxe,275.51,Direct,Check-Out
BKG100794,City Hotel,2024-04-17,2024-10-04,2024-10-12,170,,2,2.0,Deluxe,226.78,Offline Agent,Check-Out
BKG100795,Resort Hotel,2022-01-08,2022-02-13,2022-02-21,36,Singapore,1,1.0,Suite,235.41,Offline Agent,Check-Out
BKG100796,City Hotel,2023-08-13,2023-08-23,2023-08-25,10,Australia,3,1.0,Deluxe,160.57,Offline Agent,Check-Out
BKG100797,Resort Hotel,2023-09-25,2024-01-13,2024-01-21,110,Australia,4,0.0,Standard,262.57,Direct,Canceled
BKG100798,Resort Hotel,2022-06-11,2022-08-20,2022-08-29,70,Canada,3,0.0,Family,262.43,Online Travel Agent,No-Show
BKG100799,City Hotel,2022-03-20,2022-04-15,2022-04-24,26,,3,1.0,Standard,190.77,Offline Agent,Check-Out
BKG100800,Resort Hotel,2023-10-17,2024-04-11,2024-04-19,177,Australia,4,0.0,Standard,276.33,Online Travel Agent,Check-Out
BKG100801,Resort Hotel,2023-12-28,2024-01-31,2024-02-06,34,Singapore,4,1.0,Deluxe,193.79,Offline Agent,Check-Out
BKG100802,Resort Hotel,2024-04-20,2024-06-30,2024-07-03,71,France,2,0.0,,236.03,Offline Agent,Check-Out
BKG100803,Resort Hotel,2023-11-19,2023-11-21,2023-11-26,2,India,2,1.0,Deluxe,163.85,Offline Agent,Check-Out
BKG100804,City Hotel,2024-05-06,2024-10-15,2024-10-24,162,India,1,1.0,Standard,260.2,Online Travel Agent,Canceled
BKG100805,Resort Hotel,2024-02-25,2024-04-16,2024-04-20,51,Australia,3,0.0,Standard,118.0,Online Travel Agent,Check-Out
BKG100806,Resort Hotel,2022-07-16,2023-01-06,2023-01-08,174,UK,2,0.0,Standard,291.11,Offline Agent,Check-Out
BKG100807,City Hotel,2024-04-15,2024-07-07,2024-07-13,83,Australia,2,2.0,Standard,120.06,Direct,Check-Out
BKG100808,Resort Hotel,2023-01-01,2023-03-24,2023-03-27,82,Australia,1,1.0,Deluxe,249.66,Offline Agent,Check-Out
BKG100809,Resort Hotel,2023-11-05,2024-01-15,2024-01-25,71,,3,0.0,Suite,79.53,,No-Show
BKG100810,City Hotel,2022-04-15,2022-08-30,2022-09-09,137,Australia,2,0.0,Deluxe,338.12,Corporate,Check-Out
BKG100811,City Hotel,2024-02-19,2024-08-13,2024-08-19,176,Australia,4,0.0,Deluxe,157.18,Online Travel Agent,Check-Out
BKG100812,Resort Hotel,2023-09-24,2023-10-25,2023-10-30,31,India,2,1.0,Deluxe,279.6,Corporate,Check-Out
BKG100813,City Hotel,2022-07-26,2022-09-02,2022-09-09,38,,2,0.0,Deluxe,129.04,Corporate,Check-Out
BKG100814,Resort Hotel,2024-03-16,2024-03-26,2024-04-04,10,UAE,4,0.0,Suite,277.66,Direct,Check-Out
BKG100815,City Hotel,2022-02-25,2022-08-14,2022-08-18,170,UK,2,2.0,Family,313.08,Online Travel Agent,Check-Out
BKG100816,Resort Hotel,2023-05-19,2023-06-05,2023-06-09,17,USA,1,,,332.1,,Check-Out
BKG100817,Resort Hotel,2022-03-22,2022-07-09,2022-07-17,109,Australia,3,0.0,Deluxe,269.29,Direct,Check-Out
BKG100818,City Hotel,2023-08-14,2023-12-06,2023-12-10,114,Australia,3,1.0,Family,83.2,Direct,Check-Out
BKG100819,City Hotel,2023-03-09,2023-07-16,2023-07-26,129,India,4,0.0,Family,297.69,Offline Agent,Canceled
BKG100820,City Hotel,2024-02-17,2024-05-03,2024-05-13,76,Australia,2,2.0,Family,270.73,Corporate,Check-Out
BKG100821,City Hotel,2023-01-20,2023-06-12,2023-06-22,143,Germany,4,,Deluxe,156.64,Direct,Check-Out
BKG100822,City Hotel,2024-06-01,2024-10-07,2024-10-13,128,UAE,4,1.0,Family,328.45,Offline Agent,Check-Out
BKG100823,Resort Hotel,2023-08-26,2023-09-13,2023-09-20,18,Germany,1,0.0,Family,171.6,Corporate,Canceled
BKG100824,City Hotel,2024-02-09,2024-05-08,2024-05-17,89,Australia,4,0.0,Deluxe,261.97,Direct,Check-Out
BKG100825,Resort Hotel,2024-04-12,2024-07-13,2024-07-14,92,France,2,0.0,Deluxe,235.58,Direct,Check-Out
BKG100826,Resort Hotel,2024-02-29,2024-03-23,2024-03-30,23,Singapore,4,2.0,Deluxe,342.5,Offline Agent,Check-Out
BKG100827,City Hotel,2023-03-14,2023-05-17,2023-05-22,64,USA,4,2.0,Standard,149.31,Corporate,Canceled
BKG100828,City Hotel,2022-10-03,2022-11-25,2022-12-02,53,India,3,,Standard,346.24,Online Travel Agent,Canceled
BKG100829,City Hotel,2023-03-04,2023-07-16,2023-07-23,134,UK,3,1.0,Deluxe,109.48,Direct,Check-Out
BKG100830,Resort Hotel,2023-05-30,2023-06-27,2023-07-05,28,Germany,2,0.0,,118.27,Offline Agent,Check-Out
BKG100831,Resort Hotel,2023-10-02,2023-10-29,2023-11-01,27,France,1,0.0,Standard,84.86,Corporate,Check-Out
BKG100832,Resort Hotel,2022-08-29,2022-12-29,2023-01-06,122,Brazil,1,0.0,Standard,77.71,Online Travel Agent,Check-Out
BKG100833,City Hotel,2024-03-21,2024-03-22,2024-03-29,1,Brazil,3,1.0,Family,197.24,Corporate,Check-Out
BKG100834,Resort Hotel,2022-12-18,2023-03-08,2023-03-12,80,UAE,3,1.0,Suite,169.75,Online Travel Agent,Check-Out
BKG100835,City Hotel,2024-06-10,2024-12-05,2024-12-12,178,Germany,2,0.0,Suite,234.55,,Check-Out
BKG100836,City Hotel,2023-11-06,2024-03-06,2024-03-15,121,India,4,0.0,Suite,60.91,Online Travel Agent,No-Show
BKG100837,Resort Hotel,2024-01-24,2024-04-16,2024-04-24,83,UAE,2,2.0,Family,200.52,Offline Agent,No-Show
BKG100838,Resort Hotel,2024-05-27,2024-11-22,2024-11-24,179,Singapore,4,0.0,Standard,236.08,Direct,Check-Out
BKG100839,Resort Hotel,2022-03-31,2022-06-16,2022-06-25,77,Canada,4,0.0,Deluxe,319.96,Direct,Check-Out
BKG100840,Resort Hotel,2024-02-11,2024-07-28,2024-07-30,168,UK,1,1.0,Suite,348.07,Offline Agent,Canceled
BKG100841,City Hotel,2022-08-14,2022-10-18,2022-10-26,65,USA,1,,Suite,327.59,Direct,Canceled
BKG100842,City Hotel,2024-02-24,2024-07-26,2024-07-28,153,Singapore,3,1.0,Family,323.95,Direct,Check-Out
BKG100843,Resort Hotel,2022-04-29,2022-07-12,2022-07-14,74,USA,1,0.0,Suite,158.67,Direct,Canceled
BKG100844,Resort Hotel,2023-01-25,2023-06-21,2023-06-22,147,Australia,3,0.0,,231.12,Corporate,Canceled
BKG100845,City Hotel,2024-03-27,2024-09-16,2024-09-19,173,UAE,2,0.0,Deluxe,174.64,Corporate,Canceled
BKG100846,Resort Hotel,2023-05-27,2023-11-17,2023-11-25,174,Brazil,2,2.0,Suite,142.18,Corporate,Check-Out
BKG100847,City Hotel,2023-12-07,2024-01-07,2024-01-12,31,India,4,,Suite,203.56,Direct,Canceled
BKG100848,City Hotel,2022-08-04,2022-09-30,2022-10-01,57,UK,2,1.0,Standard,270.94,Offline Agent,Check-Out
BKG100849,City Hotel,2023-11-26,2024-03-26,2024-04-01,121,France,4,1.0,Deluxe,80.83,Offline Agent,Check-Out
BKG100850,Resort Hotel,2022-11-28,2023-04-25,2023-04-26,148,Canada,3,1.0,Family,249.84,Corporate,Canceled
BKG100851,Resort Hotel,2022-08-03,2022-09-27,2022-10-01,55,UK,1,0.0,Family,270.53,Offline Agent,Check-Out
BKG100852,Resort Hotel,2022-06-22,2022-07-06,2022-07-08,14,USA,3,1.0,Suite,112.09,Offline Agent,No-Show
BKG100853,City Hotel,2023-10-05,2024-01-16,2024-01-20,103,France,1,0.0,Deluxe,129.85,Offline Agent,Canceled
BKG100854,City Hotel,2024-03-25,2024-09-12,2024-09-14,171,UAE,4,1.0,Standard,139.81,,Check-Out
BKG100855,City Hotel,2022-05-05,2022-09-07,2022-09-16,125,,2,0.0,Standard,230.19,Direct,Check-Out
BKG100856,City Hotel,2023-10-23,2024-04-19,2024-04-26,179,USA,3,2.0,Deluxe,96.32,Offline Agent,Canceled
BKG100857,Resort Hotel,2022-01-21,2022-05-01,2022-05-10,100,Germany,4,0.0,Standard,210.48,Direct,Canceled
BKG100858,Resort Hotel,2023-12-13,2024-01-28,2024-01-29,46,,4,0.0,Deluxe,95.68,Direct,Check-Out
BKG100859,Resort Hotel,2022-09-20,2022-09-28,2022-09-30,8,Australia,1,2.0,Standard,146.59,Direct,Check-Out
BKG100860,City Hotel,2023-06-16,2023-08-30,2023-09-08,75,Singapore,4,0.0,Suite,227.35,,Check-Out
BKG100861,Resort Hotel,2023-11-10,2023-11-21,2023-11-25,11,UK,1,0.0,Deluxe,101.08,Corporate,Check-Out
BKG100862,City Hotel,2024-01-17,2024-06-24,2024-07-01,159,UK,1,2.0,Family,133.94,Offline Agent,Check-Out
BKG100863,City Hotel,2022-09-18,2023-03-10,2023-03-17,173,Germany,2,2.0,Suite,119.09,,Check-Out
BKG100864,Resort Hotel,2022-06-07,2022-08-26,2022-09-02,80,USA,4,0.0,Suite,339.57,Online Travel Agent,Check-Out
BKG100865,City Hotel,2023-12-02,2024-04-20,2024-04-27,140,UAE,1,0.0,Suite,245.65,,Canceled
BKG100866,Resort Hotel,2022-08-20,2022-10-29,2022-10-30,70,Australia,1,1.0,Standard,344.05,Online Travel Agent,Check-Out
BKG100867,City Hotel,2024-01-16,2024-04-03,2024-04-13,78,Singapore,4,0.0,Suite,213.4,Online Travel Agent,Canceled
BKG100868,City Hotel,2022-06-24,2022-09-13,2022-09-20,81,Canada,2,0.0,Deluxe,293.76,Corporate,Check-Out
BKG100869,City Hotel,2023-06-10,2023-07-19,2023-07-22,39,India,2,1.0,Suite,224.59,Direct,Check-Out
BKG100870,City Hotel,2023-03-05,2023-09-01,2023-09-09,180,Singapore,2,1.0,Suite,346.01,Corporate,No-Show
BKG100871,City Hotel,2023-06-18,2023-08-15,2023-08-20,58,USA,1,0.0,Standard,177.89,Online Travel Agent,Canceled
BKG100872,City Hotel,2022-04-06,2022-05-18,2022-05-28,42,India,1,0.0,Family,275.59,Direct,Check-Out
BKG100873,Resort Hotel,2023-06-12,2023-12-04,2023-12-13,175,India,1,1.0,,64.03,Corporate,Check-Out
BKG100874,Resort Hotel,2024-01-27,2024-07-14,2024-07-23,169,Singapore,1,2.0,Deluxe,190.11,Direct,Check-Out
BKG100875,City Hotel,2024-05-09,2024-06-12,2024-06-21,34,UK,3,,Suite,182.59,Online Travel Agent,Check-Out
BKG100876,City Hotel,2023-11-27,2024-01-29,2024-02-07,63,France,1,0.0,Deluxe,146.76,Online Travel Agent,Canceled
BKG100877,Resort Hotel,2023-08-06,2023-11-14,2023-11-18,100,Canada,3,2.0,Family,299.46,Online Travel Agent,Check-Out
BKG100878,City Hotel,2023-09-23,2024-01-18,2024-01-24,117,UK,3,0.0,Family,91.08,Corporate,Check-Out
BKG100879,Resort Hotel,2023-03-18,2023-07-21,2023-07-25,125,Australia,1,2.0,Standard,209.15,Offline Agent,Check-Out
BKG100880,City Hotel,2024-02-27,2024-08-13,2024-08-18,168,UAE,2,1.0,Family,174.65,Direct,Check-Out
BKG100881,City Hotel,2022-10-03,2022-10-30,2022-11-07,27,India,4,0.0,Suite,100.56,,Check-Out
BKG100882,Resort Hotel,2022-10-19,2022-10-29,2022-11-01,10,UK,4,1.0,Deluxe,275.74,Offline Agent,No-Show
BKG100883,Resort Hotel,2022-09-30,2022-10-30,2022-11-06,30,UAE,4,2.0,Family,203.71,Offline Agent,Check-Out
BKG100884,Resort Hotel,2022-04-21,2022-04-26,2022-04-29,5,India,2,,Suite,205.0,Offline Agent,No-Show
BKG100885,Resort Hotel,2024-01-26,2024-01-28,2024-02-04,2,Australia,4,0.0,Deluxe,141.84,Direct,Canceled
BKG100886,Resort Hotel,2022-07-11,2022-09-12,2022-09-17,63,Australia,1,0.0,Deluxe,348.33,Offline Agent,Canceled
BKG100887,Resort Hotel,2024-04-09,2024-05-05,2024-05-14,26,Germany,2,0.0,Standard,347.84,Direct,Check-Out
BKG100888,Resort Hotel,2022-10-08,2022-11-26,2022-11-29,49,India,4,0.0,Family,238.78,Offline Agent,Check-Out
BKG100889,Resort Hotel,2023-12-18,2024-05-28,2024-06-01,162,Singapore,2,0.0,Family,183.56,Online Travel Agent,Check-Out
BKG100890,Resort Hotel,2022-10-03,2023-01-04,2023-01-09,93,UK,3,1.0,Standard,131.62,Online Travel Agent,Check-Out
BKG100891,Resort Hotel,2024-02-02,2024-04-24,2024-04-28,82,Australia,3,1.0,Deluxe,141.25,Corporate,Canceled
BKG100892,Resort Hotel,2023-01-08,2023-04-03,2023-04-08,85,UAE,1,0.0,Suite,253.99,Corporate,Canceled
BKG100893,Resort Hotel,2023-08-27,2024-01-09,2024-01-19,135,Brazil,3,,Family,248.57,Online Travel Agent,Canceled
BKG100894,Resort Hotel,2022-05-14,2022-10-22,2022-11-01,161,Germany,1,0.0,Family,230.1,,Check-Out
BKG100895,Resort Hotel,2023-07-14,2023-12-19,2023-12-25,158,,3,1.0,Deluxe,347.0,Online Travel Agent,Check-Out
BKG100896,Resort Hotel,2023-03-05,2023-07-23,2023-07-28,140,Australia,3,0.0,Standard,190.06,Offline Agent,Check-Out
BKG100897,Resort Hotel,2023-05-31,2023-06-05,2023-06-08,5,Germany,3,0.0,Family,144.0,Offline Agent,Check-Out
BKG100898,City Hotel,2024-06-10,2024-10-19,2024-10-21,131,,2,1.0,Family,277.71,Offline Agent,Check-Out
BKG100899,Resort Hotel,2022-07-31,2022-09-16,2022-09-17,47,Singapore,2,2.0,Family,123.16,Corporate,Check-Out
BKG100900,Resort Hotel,2022-08-14,2022-10-28,2022-11-02,75,France,1,,Standard,124.94,Direct,Canceled
BKG100901,Resort Hotel,2022-10-12,2022-11-15,2022-11-20,34,Singapore,1,0.0,Standard,346.97,Online Travel Agent,Check-Out
BKG100902,City Hotel,2023-10-10,2024-03-12,2024-03-18,154,UK,3,0.0,Family,334.46,Corporate,Check-Out
BKG100903,City Hotel,2022-02-28,2022-08-07,2022-08-08,160,UK,3,0.0,Suite,271.84,Online Travel Agent,Check-Out
BKG100904,Resort Hotel,2024-06-07,2024-11-03,2024-11-05,149,Canada,4,0.0,,312.31,Corporate,Check-Out
BKG100905,City Hotel,2023-08-19,2024-01-27,2024-02-03,161,UAE,2,,,127.2,Offline Agent,Check-Out
BKG100906,Resort Hotel,2022-07-05,2022-10-30,2022-11-02,117,France,2,0.0,Standard,225.2,,Check-Out
BKG100907,City Hotel,2022-07-01,2022-10-09,2022-10-19,100,Germany,2,0.0,Family,101.62,Offline Agent,Check-Out
BKG100908,Resort Hotel,2023-06-24,2023-07-29,2023-07-30,35,India,1,,Standard,171.36,,Check-Out
BKG100909,Resort Hotel,2022-03-27,2022-06-03,2022-06-06,68,Singapore,1,0.0,Suite,337.71,Online Travel Agent,Check-Out
BKG100910,Resort Hotel,2023-05-07,2023-09-28,2023-10-06,144,Germany,2,0.0,Standard,156.21,Corporate,Check-Out
BKG100911,City Hotel,2022-05-07,2022-05-12,2022-05-13,5,UK,1,2.0,Standard,146.05,Direct,Check-Out
BKG100912,City Hotel,2023-03-14,2023-06-20,2023-06-23,98,USA,3,0.0,Family,125.51,Direct,No-Show
BKG100913,Resort Hotel,2022-08-18,2022-09-13,2022-09-18,26,UAE,3,0.0,Standard,238.55,Online Travel Agent,Check-Out
BKG100914,City Hotel,2022-07-02,2022-10-19,2022-10-28,109,UK,3,2.0,Suite,112.6,Corporate,Check-Out
BKG100915,Resort Hotel,2022-04-17,2022-06-25,2022-07-03,69,India,3,0.0,Deluxe,295.11,Direct,Check-Out
BKG100916,City Hotel,2023-02-04,2023-05-29,2023-06-06,114,UK,1,0.0,Standard,227.57,Corporate,No-Show
BKG100917,City Hotel,2022-07-06,2022-10-12,2022-10-18,98,Brazil,3,1.0,Suite,182.91,Direct,Canceled
BKG100918,City Hotel,2023-11-01,2024-01-02,2024-01-09,62,Singapore,4,2.0,Deluxe,204.16,Offline Agent,Check-Out
BKG100919,Resort Hotel,2024-01-03,2024-04-19,2024-04-28,107,Germany,2,,Standard,128.21,Corporate,Check-Out
BKG100920,Resort Hotel,2022-05-17,2022-06-14,2022-06-15,28,France,3,0.0,Family,306.14,Direct,Canceled
BKG100921,Resort Hotel,2023-07-19,2023-11-03,2023-11-07,107,USA,2,0.0,Deluxe,76.2,Offline Agent,Canceled
BKG100922,Resort Hotel,2023-12-14,2024-03-31,2024-04-06,108,Canada,1,0.0,Deluxe,252.2,Online Travel Agent,Check-Out
BKG100923,City Hotel,2022-05-25,2022-06-14,2022-06-18,20,UK,1,0.0,Deluxe,225.06,Offline Agent,Canceled
BKG100924,City Hotel,2024-02-06,2024-06-20,2024-06-25,135,India,4,1.0,Suite,269.54,Online Travel Agent,Check-Out
BKG100925,City Hotel,2023-10-20,2023-10-28,2023-11-07,8,Australia,2,2.0,Family,106.5,Corporate,Canceled
BKG100926,Resort Hotel,2023-05-29,2023-08-15,2023-08-19,78,Singapore,4,0.0,Family,138.83,Direct,Canceled
BKG100927,Resort Hotel,2023-02-15,2023-07-23,2023-07-24,158,Canada,2,1.0,Family,113.27,Corporate,Check-Out
BKG100928,Resort Hotel,2023-02-19,2023-05-27,2023-05-30,97,France,1,0.0,Standard,247.53,Online Travel Agent,Check-Out
BKG100929,Resort Hotel,2023-09-10,2023-12-04,2023-12-05,85,USA,2,0.0,Deluxe,107.2,Online Travel Agent,Canceled
BKG100930,Resort Hotel,2022-11-13,2022-12-31,2023-01-09,48,Brazil,2,0.0,Standard,129.7,Offline Agent,Check-Out
BKG100931,City Hotel,2022-11-19,2022-12-12,2022-12-17,23,,1,0.0,Deluxe,277.99,Corporate,Canceled
BKG100932,Resort Hotel,2024-01-14,2024-04-14,2024-04-17,91,Singapore,1,0.0,Deluxe,178.11,Online Travel Agent,Check-Out
BKG100933,City Hotel,2023-01-27,2023-05-29,2023-06-08,122,USA,1,0.0,Standard,106.75,Direct,Canceled
BKG100934,City Hotel,2024-04-06,2024-09-27,2024-09-30,174,,2,2.0,Deluxe,209.73,Corporate,Check-Out
BKG100935,Resort Hotel,2023-10-01,2024-01-19,2024-01-20,110,UK,4,0.0,Family,120.56,Online Travel Agent,Canceled
BKG100936,City Hotel,2022-05-27,2022-08-14,2022-08-23,79,UK,1,1.0,Suite,87.29,Direct,Check-Out
BKG100937,City Hotel,2023-08-14,2023-11-15,2023-11-21,93,France,1,0.0,Family,111.96,Corporate,Canceled
BKG100938,City Hotel,2023-03-29,2023-09-11,2023-09-14,166,France,1,2.0,Family,201.6,Offline Agent,Canceled
BKG100939,City Hotel,2023-11-28,2023-12-31,2024-01-08,33,,3,2.0,Standard,305.0,Offline Agent,Check-Out
BKG100940,Resort Hotel,2022-09-27,2023-03-20,2023-03-21,174,UK,1,0.0,Standard,262.93,Corporate,Check-Out
BKG100941,Resort Hotel,2023-08-07,2023-11-17,2023-11-19,102,UAE,2,1.0,Family,313.51,Offline Agent,Check-Out
BKG100942,City Hotel,2024-04-17,2024-08-14,2024-08-16,119,Australia,1,0.0,Deluxe,272.22,Offline Agent,Check-Out
BKG100943,City Hotel,2022-11-21,2023-02-16,2023-02-26,87,USA,4,0.0,Suite,263.66,,Check-Out
BKG100944,City Hotel,2022-06-09,2022-10-07,2022-10-10,120,India,2,0.0,Suite,224.78,Offline Agent,No-Show
BKG100945,Resort Hotel,2022-08-07,2022-08-20,2022-08-24,13,,1,1.0,Deluxe,138.26,Online Travel Agent,Check-Out
BKG100946,City Hotel,2022-03-25,2022-06-09,2022-06-17,76,UK,4,2.0,,122.09,Online Travel Agent,Canceled
BKG100947,City Hotel,2023-03-15,2023-06-10,2023-06-15,87,Canada,2,0.0,Family,161.29,Direct,No-Show
BKG100948,Resort Hotel,2023-03-24,2023-06-22,2023-07-02,90,USA,4,,Deluxe,222.66,Corporate,Check-Out
BKG100949,City Hotel,2024-04-23,2024-07-13,2024-07-14,81,UAE,2,1.0,Standard,330.81,Offline Agent,Check-Out
BKG100950,Resort Hotel,2024-01-10,2024-01-10,2024-01-18,0,,2,1.0,Deluxe,245.29,Direct,Check-Out
BKG100951,Resort Hotel,2023-07-14,2023-08-25,2023-09-04,42,Brazil,4,0.0,Standard,160.94,Corporate,Canceled
BKG100952,City Hotel,2022-01-17,2022-04-04,2022-04-09,77,Australia,1,1.0,Family,248.18,Corporate,Check-Out
BKG100953,City Hotel,2023-07-10,2023-10-27,2023-11-05,109,Australia,3,0.0,Suite,328.64,Direct,Check-Out
BKG100954,City Hotel,2022-06-16,2022-11-01,2022-11-08,138,France,4,0.0,Standard,305.08,Online Travel Agent,Canceled
BKG100955,Resort Hotel,2022-04-17,2022-05-09,2022-05-10,22,Canada,4,0.0,Standard,203.96,Corporate,Canceled
BKG100956,City Hotel,2022-08-05,2022-10-01,2022-10-09,57,USA,4,,Suite,116.71,Offline Agent,Check-Out
BKG100957,City Hotel,2024-04-20,2024-10-02,2024-10-09,165,France,1,0.0,Suite,286.84,Corporate,Canceled
BKG100958,Resort Hotel,2024-03-25,2024-07-09,2024-07-13,106,UK,1,1.0,Suite,69.48,Corporate,Check-Out
BKG100959,City Hotel,2023-08-09,2023-11-27,2023-12-01,110,,4,0.0,Family,238.72,Direct,Canceled
BKG100960,Resort Hotel,2023-02-04,2023-03-20,2023-03-27,44,,3,2.0,Deluxe,105.95,Online Travel Agent,Check-Out
BKG100961,Resort Hotel,2024-03-14,2024-06-22,2024-06-27,100,India,2,0.0,Family,119.09,Online Travel Agent,Check-Out
BKG100962,Resort Hotel,2023-08-31,2023-10-09,2023-10-10,39,Canada,1,2.0,Suite,170.9,Direct,Check-Out
BKG100963,Resort Hotel,2022-08-16,2022-10-31,2022-11-04,76,France,2,1.0,Standard,283.41,Direct,Check-Out
BKG100964,Resort Hotel,2023-10-16,2024-03-12,2024-03-14,148,,1,1.0,Deluxe,328.89,Corporate,Check-Out
BKG100965,Resort Hotel,2022-07-04,2022-07-27,2022-07-29,23,Australia,4,0.0,Standard,324.69,Offline Agent,Canceled
BKG100966,City Hotel,2023-02-28,2023-03-18,2023-03-26,18,UAE,1,0.0,Family,259.33,Direct,Check-Out
BKG100967,City Hotel,2022-01-11,2022-02-25,2022-03-07,45,Canada,1,0.0,Standard,343.02,Direct,Check-Out
BKG100968,Resort Hotel,2022-09-18,2022-10-19,2022-10-23,31,,1,2.0,,66.68,Online Travel Agent,Canceled
BKG100969,Resort Hotel,2022-01-31,2022-04-24,2022-04-27,83,France,2,0.0,Suite,271.05,Offline Agent,Check-Out
BKG100970,City Hotel,2022-04-05,2022-07-03,2022-07-12,89,Australia,3,1.0,Family,276.11,Direct,Check-Out
BKG100971,City Hotel,2022-07-22,2023-01-13,2023-01-18,175,UK,4,0.0,Deluxe,229.26,Offline Agent,Check-Out
BKG100972,City Hotel,2023-04-02,2023-07-19,2023-07-29,108,Australia,3,0.0,Deluxe,240.64,Corporate,Check-Out
BKG100973,City Hotel,2023-10-10,2023-10-26,2023-11-03,16,Brazil,2,0.0,Family,337.85,Corporate,Check-Out
BKG100974,Resort Hotel,2024-06-17,2024-11-29,2024-12-08,165,UAE,3,1.0,Family,68.68,Direct,Check-Out
BKG100975,Resort Hotel,2022-03-16,2022-05-10,2022-05-16,55,India,3,0.0,Suite,286.06,Online Travel Agent,Canceled
BKG100976,City Hotel,2022-08-07,2022-12-04,2022-12-14,119,France,3,0.0,Deluxe,222.88,Direct,Check-Out
BKG100977,City Hotel,2022-10-12,2023-03-16,2023-03-18,155,Germany,4,1.0,Deluxe,152.16,Online Travel Agent,Canceled
BKG100978,Resort Hotel,2023-05-26,2023-06-06,2023-06-11,11,Brazil,4,0.0,Suite,95.99,Offline Agent,Check-Out
BKG100979,City Hotel,2022-01-22,2022-04-04,2022-04-05,72,,1,1.0,Standard,142.47,Corporate,Check-Out
BKG100980,City Hotel,2022-03-13,2022-07-11,2022-07-13,120,Australia,4,0.0,Standard,139.66,Corporate,Check-Out
BKG100981,Resort Hotel,2022-02-18,2022-05-29,2022-06-03,100,UAE,4,1.0,Standard,306.11,Online Travel Agent,Check-Out
BKG100982,City Hotel,2024-04-25,2024-04-27,2024-04-30,2,Germany,1,0.0,Deluxe,309.8,Online Travel Agent,Check-Out
BKG100983,Resort Hotel,2024-04-11,2024-07-14,2024-07-23,94,USA,1,0.0,Standard,135.31,,Check-Out
BKG100984,Resort Hotel,2022-12-04,2023-05-29,2023-06-08,176,,4,0.0,Family,262.61,Online Travel Agent,Check-Out
BKG100985,Resort Hotel,2024-06-01,2024-07-08,2024-07-18,37,Brazil,4,1.0,Family,253.79,Offline Agent,No-Show
BKG100986,Resort Hotel,2022-11-26,2023-03-29,2023-04-02,123,UAE,1,0.0,Deluxe,282.2,Direct,Check-Out
BKG100987,City Hotel,2022-03-18,2022-07-22,2022-07-23,126,,2,0.0,Deluxe,254.44,Offline Agent,Check-Out
BKG100988,Resort Hotel,2022-08-02,2022-12-31,2023-01-09,151,,3,0.0,Standard,265.47,Direct,Check-Out
BKG100989,City Hotel,2023-01-08,2023-04-16,2023-04-24,98,Australia,2,1.0,Deluxe,114.51,Corporate,No-Show
BKG100990,Resort Hotel,2023-08-15,2024-01-27,2024-01-29,165,,2,1.0,Standard,314.1,Offline Agent,Check-Out
BKG100991,Resort Hotel,2022-01-30,2022-05-31,2022-06-09,121,UAE,4,0.0,Family,137.02,Direct,Check-Out
BKG100992,City Hotel,2023-05-30,2023-09-17,2023-09-26,110,,3,0.0,Standard,187.99,Offline Agent,Canceled
BKG100993,City Hotel,2023-03-09,2023-04-27,2023-05-02,49,Singapore,2,1.0,Family,111.23,Offline Agent,Check-Out
BKG100994,Resort Hotel,2022-02-21,2022-08-05,2022-08-09,165,Brazil,1,0.0,,93.4,Direct,Check-Out
BKG100995,Resort Hotel,2022-04-14,2022-06-23,2022-06-27,70,,4,1.0,,173.94,Direct,Check-Out
BKG100996,City Hotel,2022-07-28,2022-10-24,2022-10-29,88,France,3,0.0,Deluxe,87.33,Direct,Check-Out
BKG100997,Resort Hotel,2022-03-13,2022-04-24,2022-04-27,42,Canada,3,1.0,Family,101.13,Corporate,Check-Out
BKG100998,City Hotel,2022-09-28,2022-10-17,2022-10-20,19,Brazil,1,2.0,Standard,162.12,Offline Agent,Canceled
BKG100999,City Hotel,2023-04-29,2023-05-27,2023-05-28,28,Germany,1,2.0,Deluxe,257.21,Direct,Canceled
BKG101000,City Hotel,2022-04-13,2022-06-29,2022-07-05,77,Canada,4,1.0,Suite,273.1,,Check-Out
BKG101001,City Hotel,2024-04-27,2024-07-26,2024-07-31,90,USA,3,2.0,Suite,284.61,Online Travel Agent,Check-Out
BKG101002,City Hotel,2023-02-25,2023-04-22,2023-04-25,56,UAE,3,1.0,Deluxe,68.96,Online Travel Agent,Check-Out
BKG101003,City Hotel,2023-01-22,2023-07-04,2023-07-06,163,Singapore,3,2.0,Deluxe,320.77,Corporate,Canceled
BKG101004,Resort Hotel,2022-12-24,2023-03-18,2023-03-25,84,Brazil,4,0.0,Suite,149.7,Online Travel Agent,Check-Out
BKG101005,City Hotel,2023-04-11,2023-09-03,2023-09-09,145,UK,3,0.0,Family,341.15,Direct,Check-Out
BKG101006,Resort Hotel,2022-10-24,2023-04-01,2023-04-10,159,France,2,0.0,Standard,201.18,Offline Agent,Check-Out
BKG101007,City Hotel,2022-10-17,2023-03-17,2023-03-19,151,UAE,1,,Standard,148.69,Online Travel Agent,Check-Out
BKG101008,Resort Hotel,2022-12-25,2023-03-07,2023-03-16,72,Germany,2,0.0,Family,266.83,Online Travel Agent,Check-Out
BKG101009,Resort Hotel,2022-02-02,2022-06-03,2022-06-09,121,France,2,1.0,,182.54,Corporate,Check-Out
BKG101010,City Hotel,2023-03-23,2023-09-12,2023-09-18,173,Singapore,2,0.0,Deluxe,132.51,Corporate,Check-Out
BKG101011,City Hotel,2022-11-01,2023-03-26,2023-04-03,145,USA,2,,Deluxe,286.9,Offline Agent,Check-Out
BKG101012,City Hotel,2023-05-31,2023-11-22,2023-11-28,175,Australia,4,0.0,Family,184.02,Online Travel Agent,Canceled
BKG101013,Resort Hotel,2022-01-28,2022-05-15,2022-05-17,107,Brazil,2,2.0,Suite,322.99,Direct,Check-Out
BKG101014,Resort Hotel,2023-08-03,2023-10-17,2023-10-18,75,Canada,4,,Family,176.85,,Check-Out
BKG101015,City Hotel,2022-10-04,2023-03-19,2023-03-21,166,Brazil,3,2.0,Family,88.25,Corporate,Canceled
BKG101016,City Hotel,2022-05-05,2022-10-01,2022-10-10,149,UK,1,0.0,Deluxe,209.72,Direct,Check-Out
BKG101017,Resort Hotel,2022-11-15,2022-11-16,2022-11-24,1,Brazil,2,0.0,Standard,79.47,Online Travel Agent,Check-Out
BKG101018,Resort Hotel,2022-04-17,2022-08-16,2022-08-17,121,France,4,1.0,Family,76.14,Offline Agent,No-Show
BKG101019,Resort Hotel,2024-04-19,2024-06-18,2024-06-27,60,Australia,3,2.0,Deluxe,257.58,Online Travel Agent,Check-Out
BKG101020,Resort Hotel,2024-04-18,2024-10-03,2024-10-07,168,,2,2.0,Family,275.08,Corporate,Check-Out
BKG101021,Resort Hotel,2022-04-13,2022-09-10,2022-09-18,150,Canada,3,0.0,Family,173.44,Offline Agent,Check-Out
BKG101022,Resort Hotel,2022-10-18,2023-02-12,2023-02-14,117,Brazil,4,0.0,Family,228.36,Online Travel Agent,Canceled
BKG101023,Resort Hotel,2022-12-30,2023-02-03,2023-02-11,35,UAE,4,0.0,Deluxe,62.64,Corporate,Canceled
BKG101024,City Hotel,2023-06-22,2023-09-29,2023-10-08,99,Brazil,1,0.0,Suite,250.22,Offline Agent,Canceled
BKG101025,City Hotel,2024-03-16,2024-04-20,2024-04-25,35,Australia,3,1.0,Family,79.78,Direct,Check-Out
BKG101026,City Hotel,2023-06-04,2023-11-19,2023-11-28,168,Brazil,3,0.0,,262.35,Online Travel Agent,Check-Out
BKG101027,City Hotel,2024-05-22,2024-07-01,2024-07-05,40,,1,0.0,Deluxe,204.84,Direct,Check-Out
BKG101028,Resort Hotel,2022-06-28,2022-10-04,2022-10-11,98,India,1,0.0,Standard,237.45,Offline Agent,Canceled
BKG101029,City Hotel,2023-09-14,2024-02-22,2024-02-23,161,Australia,2,0.0,Deluxe,91.22,Direct,Check-Out
BKG101030,City Hotel,2023-05-18,2023-09-07,2023-09-12,112,Singapore,2,0.0,Deluxe,275.22,Online Travel Agent,Check-Out
BKG101031,Resort Hotel,2023-10-07,2024-03-26,2024-03-28,171,UAE,2,0.0,Family,294.9,Online Travel Agent,Check-Out
BKG101032,City Hotel,2023-11-30,2024-05-12,2024-05-21,164,Singapore,4,0.0,Suite,301.4,Corporate,Check-Out
BKG101033,Resort Hotel,2023-07-27,2023-08-31,2023-09-02,35,Brazil,4,1.0,,241.39,Direct,Canceled
BKG101034,City Hotel,2022-11-02,2022-11-27,2022-11-29,25,India,4,0.0,Deluxe,74.93,Corporate,Canceled
BKG101035,Resort Hotel,2022-09-15,2022-12-23,2022-12-29,99,Singapore,1,0.0,Deluxe,340.75,Corporate,Check-Out
BKG101036,Resort Hotel,2022-02-28,2022-07-17,2022-07-19,139,UAE,4,0.0,,249.44,Corporate,Check-Out
BKG101037,City Hotel,2024-02-23,2024-03-09,2024-03-12,15,India,2,2.0,Deluxe,296.86,Offline Agent,Check-Out
BKG101038,Resort Hotel,2023-08-01,2024-01-04,2024-01-05,156,Singapore,3,0.0,Family,335.47,Direct,Check-Out
BKG101039,City Hotel,2022-02-12,2022-03-10,2022-03-11,26,Australia,4,2.0,Family,125.32,,Canceled
BKG101040,Resort Hotel,2024-06-16,2024-08-13,2024-08-14,58,Singapore,1,0.0,Family,284.35,Online Travel Agent,Check-Out
BKG101041,Resort Hotel,2022-02-23,2022-06-02,2022-06-09,99,USA,2,1.0,Family,263.39,Online Travel Agent,Canceled
BKG101042,Resort Hotel,2023-01-12,2023-04-12,2023-04-16,90,Germany,3,1.0,Standard,326.24,Online Travel Agent,Check-Out
BKG101043,Resort Hotel,2024-02-05,2024-06-21,2024-07-01,137,India,1,0.0,Standard,313.24,Online Travel Agent,Check-Out
BKG101044,Resort Hotel,2022-07-04,2022-09-14,2022-09-15,72,France,3,0.0,Deluxe,234.7,,Check-Out
BKG101045,Resort Hotel,2022-05-06,2022-10-21,2022-10-23,168,,1,0.0,Suite,332.13,Direct,Check-Out
BKG101046,City Hotel,2022-11-06,2023-02-07,2023-02-16,93,UAE,3,0.0,Standard,212.78,Online Travel Agent,Check-Out
BKG101047,Resort Hotel,2023-02-25,2023-08-24,2023-09-03,180,Singapore,4,,Deluxe,82.75,Corporate,Canceled
BKG101048,City Hotel,2022-08-04,2022-09-04,2022-09-10,31,Canada,2,0.0,Standard,343.59,Online Travel Agent,Check-Out
BKG101049,Resort Hotel,2022-02-04,2022-04-14,2022-04-19,69,India,4,0.0,Suite,299.88,Offline Agent,Check-Out
BKG101050,City Hotel,2024-06-02,2024-09-07,2024-09-14,97,UK,4,0.0,Family,125.09,Online Travel Agent,Check-Out
BKG101051,City Hotel,2022-02-02,2022-06-20,2022-06-26,138,France,1,2.0,Deluxe,278.8,Online Travel Agent,Check-Out
BKG101052,City Hotel,2024-04-29,2024-10-05,2024-10-12,159,France,4,,Family,294.15,Offline Agent,Check-Out
BKG101053,Resort Hotel,2023-08-05,2023-12-15,2023-12-20,132,,2,1.0,Standard,195.53,Corporate,Canceled
BKG101054,Resort Hotel,2022-10-08,2022-10-29,2022-11-02,21,Brazil,3,0.0,Suite,225.61,Corporate,Check-Out
BKG101055,City Hotel,2022-09-14,2023-02-28,2023-03-10,167,France,1,0.0,Deluxe,149.0,Offline Agent,Check-Out
BKG101056,Resort Hotel,2023-03-27,2023-03-29,2023-04-06,2,Australia,1,0.0,Standard,199.26,Online Travel Agent,Check-Out
BKG101057,City Hotel,2023-09-17,2024-02-05,2024-02-11,141,France,1,1.0,Family,112.14,Direct,Check-Out
BKG101058,Resort Hotel,2022-06-28,2022-08-04,2022-08-14,37,UK,1,0.0,Family,93.19,Corporate,Check-Out
BKG101059,City Hotel,2024-01-05,2024-03-03,2024-03-04,58,Singapore,3,0.0,Standard,64.67,Direct,Check-Out
BKG101060,Resort Hotel,2022-03-21,2022-07-28,2022-08-05,129,UAE,1,2.0,Suite,82.46,Offline Agent,Check-Out
BKG101061,City Hotel,2023-03-13,2023-05-24,2023-05-27,72,UAE,1,0.0,Family,236.02,Corporate,Check-Out
BKG101062,Resort Hotel,2022-10-29,2023-04-06,2023-04-07,159,Brazil,2,,Standard,72.94,Online Travel Agent,Check-Out
BKG101063,Resort Hotel,2024-04-07,2024-06-26,2024-07-05,80,UK,3,0.0,Family,169.86,Online Travel Agent,No-Show
BKG101064,Resort Hotel,2022-08-18,2023-01-09,2023-01-18,144,Brazil,4,2.0,Family,272.58,Offline Agent,Check-Out
BKG101065,City Hotel,2022-07-19,2022-12-13,2022-12-18,147,Germany,2,0.0,Family,130.49,Corporate,Canceled
BKG101066,City Hotel,2022-04-29,2022-10-23,2022-10-27,177,,4,1.0,,164.95,,Check-Out
BKG101067,Resort Hotel,2023-09-12,2023-11-09,2023-11-17,58,Singapore,4,0.0,Deluxe,225.11,Offline Agent,Check-Out
BKG101068,Resort Hotel,2023-11-13,2023-12-18,2023-12-28,35,USA,3,0.0,Family,159.06,Offline Agent,Check-Out
BKG101069,Resort Hotel,2022-06-01,2022-10-26,2022-11-03,147,UK,2,0.0,,314.16,Offline Agent,Check-Out
BKG101070,Resort Hotel,2023-07-22,2023-11-19,2023-11-21,120,UK,2,0.0,Standard,301.82,Direct,Check-Out
BKG101071,Resort Hotel,2023-06-27,2023-10-04,2023-10-11,99,,3,0.0,Standard,176.67,Corporate,Canceled
BKG101072,City Hotel,2022-12-11,2023-05-11,2023-05-21,151,Canada,1,0.0,Family,81.39,Offline Agent,Canceled
BKG101073,Resort Hotel,2023-03-23,2023-06-05,2023-06-13,74,UK,2,0.0,Standard,269.88,Corporate,Check-Out
BKG101074,City Hotel,2023-04-10,2023-07-16,2023-07-22,97,USA,4,0.0,Deluxe,207.51,Corporate,Check-Out
BKG101075,City Hotel,2022-02-19,2022-07-13,2022-07-22,144,UK,4,0.0,Deluxe,153.61,Online Travel Agent,Canceled
BKG101076,City Hotel,2024-01-23,2024-03-16,2024-03-23,53,USA,3,2.0,Suite,315.08,Corporate,Check-Out
BKG101077,City Hotel,2022-10-22,2022-12-31,2023-01-08,70,France,4,0.0,Standard,316.75,Direct,Check-Out
BKG101078,Resort Hotel,2022-05-25,2022-06-18,2022-06-22,24,,2,0.0,Deluxe,233.53,Online Travel Agent,Check-Out
BKG101079,City Hotel,2024-04-22,2024-04-28,2024-05-04,6,Canada,2,0.0,Deluxe,333.12,Offline Agent,Check-Out
BKG101080,Resort Hotel,2022-04-23,2022-10-20,2022-10-22,180,UK,4,1.0,Suite,203.04,,No-Show
BKG101081,City Hotel,2024-04-02,2024-04-22,2024-04-26,20,France,1,0.0,Family,105.45,Online Travel Agent,Canceled
BKG101082,Resort Hotel,2022-11-19,2022-11-28,2022-12-05,9,India,1,2.0,Deluxe,152.08,Direct,Check-Out
BKG101083,Resort Hotel,2024-06-12,2024-08-07,2024-08-11,56,Canada,3,1.0,Suite,103.92,Direct,Check-Out
BKG101084,City Hotel,2024-06-15,2024-07-07,2024-07-16,22,Singapore,2,0.0,Deluxe,185.95,Direct,Check-Out
BKG101085,City Hotel,2023-12-06,2024-02-11,2024-02-21,67,Canada,4,2.0,Deluxe,128.07,Corporate,Canceled
BKG101086,City Hotel,2024-06-15,2024-08-28,2024-09-05,74,France,4,1.0,Standard,233.37,,Check-Out
BKG101087,City Hotel,2024-02-13,2024-04-26,2024-05-03,73,USA,4,0.0,Deluxe,131.74,Offline Agent,No-Show
BKG101088,City Hotel,2023-11-08,2023-12-07,2023-12-13,29,Canada,4,0.0,Family,284.37,Direct,Check-Out
BKG101089,City Hotel,2022-10-02,2023-02-08,2023-02-12,129,France,4,0.0,Suite,223.05,Offline Agent,Check-Out
BKG101090,Resort Hotel,2023-03-29,2023-07-15,2023-07-22,108,,3,0.0,Standard,137.81,Corporate,Check-Out
BKG101091,City Hotel,2022-08-15,2023-01-08,2023-01-11,146,UK,2,0.0,Standard,334.88,Online Travel Agent,Canceled
BKG101092,Resort Hotel,2022-04-03,2022-09-30,2022-10-06,180,Singapore,3,2.0,Deluxe,78.4,,Check-Out
BKG101093,City Hotel,2022-06-10,2022-10-25,2022-11-01,137,,2,,Family,292.37,Direct,Check-Out
BKG101094,City Hotel,2022-09-12,2022-09-15,2022-09-16,3,Canada,1,2.0,Standard,89.73,Direct,Check-Out
BKG101095,City Hotel,2022-01-25,2022-03-24,2022-03-28,58,Australia,1,0.0,Deluxe,277.48,Corporate,Canceled
BKG101096,Resort Hotel,2022-03-20,2022-04-07,2022-04-16,18,USA,4,0.0,Family,64.28,Direct,Canceled
BKG101097,City Hotel,2024-05-29,2024-08-16,2024-08-22,79,France,4,2.0,Family,275.61,Direct,Check-Out
BKG101098,Resort Hotel,2023-11-03,2024-03-29,2024-04-06,147,Australia,4,0.0,Suite,184.57,Offline Agent,Check-Out
BKG101099,City Hotel,2023-12-21,2024-05-05,2024-05-14,136,Australia,2,1.0,Suite,64.99,Online Travel Agent,Check-Out
BKG101100,Resort Hotel,2023-08-15,2023-08-21,2023-08-28,6,France,2,1.0,Suite,167.25,Direct,Canceled
BKG101101,City Hotel,2022-03-27,2022-04-20,2022-04-29,24,Brazil,2,0.0,Deluxe,310.8,Online Travel Agent,Check-Out
BKG101102,City Hotel,2023-09-24,2024-01-23,2024-02-01,121,Australia,2,0.0,,282.55,Corporate,Canceled
BKG101103,Resort Hotel,2022-02-07,2022-04-30,2022-05-10,82,Singapore,4,0.0,Family,137.76,Offline Agent,Check-Out
BKG101104,Resort Hotel,2023-10-30,2023-12-29,2024-01-04,60,USA,4,1.0,Family,209.19,Online Travel Agent,Check-Out
BKG101105,Resort Hotel,2024-02-15,2024-02-18,2024-02-21,3,India,1,0.0,Family,117.24,Offline Agent,Check-Out
BKG101106,Resort Hotel,2024-04-02,2024-08-14,2024-08-22,134,France,2,2.0,Standard,181.26,Offline Agent,No-Show
BKG101107,Resort Hotel,2024-01-08,2024-06-29,2024-07-04,173,UK,3,2.0,Suite,317.97,Direct,Canceled
BKG101108,City Hotel,2024-01-02,2024-04-06,2024-04-15,95,UK,3,1.0,Deluxe,194.24,Offline Agent,Check-Out
BKG101109,Resort Hotel,2023-03-03,2023-04-17,2023-04-20,45,France,4,0.0,Deluxe,348.06,Direct,Check-Out
BKG101110,Resort Hotel,2023-07-05,2023-10-30,2023-11-05,117,USA,1,0.0,Suite,241.24,Direct,Check-Out
BKG101111,City Hotel,2022-01-15,2022-03-05,2022-03-10,49,UAE,3,1.0,,229.5,Corporate,Check-Out
BKG101112,Resort Hotel,2023-10-19,2024-04-04,2024-04-08,168,France,1,2.0,Deluxe,104.2,,Check-Out
BKG101113,City Hotel,2022-05-10,2022-09-20,2022-09-30,133,Brazil,4,0.0,Family,226.94,Direct,Check-Out
BKG101114,Resort Hotel,2024-03-13,2024-05-11,2024-05-15,59,Canada,1,2.0,Standard,102.48,Corporate,Check-Out
BKG101115,City Hotel,2022-02-23,2022-03-30,2022-04-08,35,France,4,1.0,Standard,252.8,Direct,Check-Out
BKG101116,City Hotel,2023-01-22,2023-04-30,2023-05-08,98,Singapore,3,0.0,Standard,303.21,Direct,No-Show
BKG101117,City Hotel,2023-10-11,2023-12-21,2023-12-24,71,USA,4,2.0,Family,188.08,,Check-Out
BKG101118,Resort Hotel,2024-06-05,2024-09-06,2024-09-14,93,Australia,3,1.0,Suite,122.0,Direct,Canceled
BKG101119,City Hotel,2022-01-11,2022-03-02,2022-03-10,50,UAE,3,2.0,,116.52,Corporate,Canceled
BKG101120,City Hotel,2023-05-30,2023-06-02,2023-06-12,3,Australia,3,0.0,Standard,247.69,Corporate,Check-Out
BKG101121,City Hotel,2022-02-28,2022-07-24,2022-07-25,146,UK,4,2.0,Family,243.35,Online Travel Agent,Check-Out
BKG101122,Resort Hotel,2022-01-30,2022-07-05,2022-07-08,156,India,2,,Family,84.02,Online Travel Agent,Check-Out
BKG101123,City Hotel,2024-05-28,2024-10-14,2024-10-19,139,UAE,2,2.0,Deluxe,273.86,Corporate,Check-Out
BKG101124,Resort Hotel,2023-11-12,2024-02-23,2024-03-01,103,France,1,0.0,,115.95,Direct,Check-Out
BKG101125,Resort Hotel,2022-10-10,2023-03-14,2023-03-18,155,France,4,0.0,Suite,244.24,Corporate,Check-Out
BKG101126,Resort Hotel,2023-04-23,2023-09-15,2023-09-17,145,UK,4,,Standard,93.72,,Check-Out
BKG101127,City Hotel,2023-10-04,2023-10-09,2023-10-12,5,USA,1,0.0,Deluxe,245.0,Corporate,Canceled
BKG101128,City Hotel,2023-10-20,2023-12-07,2023-12-10,48,UK,3,0.0,Suite,170.0,Direct,Check-Out
BKG101129,City Hotel,2023-02-28,2023-04-26,2023-04-30,57,France,3,,Family,111.36,Corporate,Check-Out
BKG101130,Resort Hotel,2022-12-30,2023-05-27,2023-06-02,148,India,3,2.0,Family,190.41,Direct,Check-Out
BKG101131,City Hotel,2022-08-04,2023-01-30,2023-02-06,179,USA,3,0.0,Deluxe,120.16,Corporate,Check-Out
BKG101132,City Hotel,2022-09-25,2022-10-03,2022-10-05,8,UAE,2,1.0,Family,100.55,Online Travel Agent,Check-Out
BKG101133,City Hotel,2022-04-18,2022-09-26,2022-10-02,161,UAE,1,0.0,Standard,182.21,Direct,Canceled
BKG101134,City Hotel,2022-11-10,2022-12-21,2022-12-29,41,Brazil,2,0.0,Family,187.31,,Check-Out
BKG101135,City Hotel,2022-09-07,2022-11-10,2022-11-16,64,India,3,1.0,Deluxe,256.78,Online Travel Agent,Check-Out
BKG101136,Resort Hotel,2024-03-03,2024-05-10,2024-05-20,68,France,4,2.0,,68.28,Direct,Check-Out
BKG101137,City Hotel,2022-12-08,2022-12-21,2022-12-23,13,Australia,3,0.0,Deluxe,292.43,Offline Agent,Check-Out
BKG101138,Resort Hotel,2022-06-01,2022-07-22,2022-07-25,51,Germany,3,0.0,Family,83.31,Online Travel Agent,Canceled
BKG101139,City Hotel,2022-06-07,2022-11-29,2022-12-08,175,USA,3,0.0,Family,198.43,Offline Agent,Check-Out
BKG101140,Resort Hotel,2023-04-29,2023-10-17,2023-10-24,171,Australia,4,0.0,Deluxe,281.29,Corporate,Canceled
BKG101141,Resort Hotel,2022-05-17,2022-08-27,2022-09-02,102,UAE,3,1.0,,233.11,Online Travel Agent,Check-Out
BKG101142,Resort Hotel,2023-09-16,2023-10-31,2023-11-04,45,Brazil,3,0.0,Family,158.56,Online Travel Agent,Check-Out
BKG101143,Resort Hotel,2022-05-22,2022-09-26,2022-09-30,127,UAE,1,0.0,Family,147.56,Direct,Check-Out
BKG101144,City Hotel,2022-10-19,2023-01-06,2023-01-13,79,UK,4,0.0,Deluxe,135.7,Offline Agent,Check-Out
BKG101145,Resort Hotel,2024-05-04,2024-05-31,2024-06-08,27,Australia,1,0.0,Standard,258.96,Direct,Check-Out
BKG101146,City Hotel,2023-08-12,2023-12-19,2023-12-26,129,Australia,4,0.0,Standard,200.98,Corporate,Check-Out
BKG101147,City Hotel,2024-01-30,2024-07-10,2024-07-12,162,UAE,4,2.0,Suite,168.12,Online Travel Agent,Canceled
BKG101148,City Hotel,2023-03-11,2023-07-25,2023-08-01,136,Germany,1,0.0,Family,62.02,Offline Agent,Check-Out
BKG101149,City Hotel,2022-10-16,2022-10-26,2022-10-28,10,,4,,Family,166.46,Corporate,Check-Out
BKG101150,City Hotel,2024-02-25,2024-03-02,2024-03-11,6,India,3,0.0,Family,145.04,Corporate,Check-Out
BKG101151,City Hotel,2022-02-06,2022-07-08,2022-07-10,152,Germany,3,0.0,Deluxe,214.07,Online Travel Agent,Check-Out
BKG101152,City Hotel,2022-05-10,2022-06-16,2022-06-24,37,Brazil,4,0.0,Deluxe,160.16,Offline Agent,Check-Out
BKG101153,Resort Hotel,2022-12-01,2023-03-06,2023-03-07,95,Australia,2,2.0,Standard,343.28,Corporate,Canceled
BKG101154,City Hotel,2024-02-07,2024-04-24,2024-05-01,77,USA,4,0.0,Family,113.34,Online Travel Agent,Canceled
BKG101155,City Hotel,2023-08-08,2023-10-13,2023-10-18,66,Germany,2,0.0,Family,168.53,Corporate,Canceled
BKG101156,Resort Hotel,2024-03-07,2024-04-23,2024-04-28,47,France,1,2.0,Suite,175.61,Online Travel Agent,Check-Out
BKG101157,City Hotel,2022-01-20,2022-05-06,2022-05-09,106,USA,3,0.0,Deluxe,194.11,Direct,Check-Out
BKG101158,City Hotel,2022-11-29,2023-01-24,2023-01-26,56,Brazil,3,,,299.82,,Check-Out
BKG101159,City Hotel,2023-07-26,2023-07-29,2023-08-04,3,UK,3,0.0,Family,160.45,Offline Agent,Check-Out
BKG101160,Resort Hotel,2023-12-16,2024-01-28,2024-02-04,43,Canada,3,1.0,Suite,69.36,Online Travel Agent,Check-Out
BKG101161,City Hotel,2023-06-27,2023-09-29,2023-10-04,94,,3,0.0,Deluxe,190.93,Direct,Check-Out
BKG101162,City Hotel,2023-08-02,2023-11-20,2023-11-27,110,Germany,1,0.0,Family,221.37,Direct,Check-Out
BKG101163,Resort Hotel,2024-05-20,2024-06-20,2024-06-22,31,Brazil,4,0.0,,121.28,Direct,Canceled
BKG101164,City Hotel,2024-02-25,2024-06-06,2024-06-15,102,Brazil,4,0.0,Suite,277.87,Corporate,Canceled
BKG101165,City Hotel,2023-10-08,2023-11-04,2023-11-10,27,Canada,4,0.0,Suite,309.13,,Check-Out
BKG101166,City Hotel,2024-06-13,2024-07-28,2024-08-04,45,Canada,3,0.0,Deluxe,214.47,Online Travel Agent,Check-Out
BKG101167,Resort Hotel,2023-10-31,2024-02-15,2024-02-22,107,UK,4,0.0,Standard,244.56,,Canceled
BKG101168,Resort Hotel,2022-11-29,2023-05-04,2023-05-08,156,UAE,2,2.0,Standard,241.39,Offline Agent,Check-Out
BKG101169,Resort Hotel,2024-06-03,2024-07-22,2024-07-25,49,UK,4,0.0,Family,269.69,Direct,Check-Out
BKG101170,Resort Hotel,2022-10-28,2022-11-13,2022-11-14,16,Brazil,2,2.0,Family,193.74,Direct,Canceled
BKG101171,Resort Hotel,2023-04-18,2023-08-24,2023-08-26,128,India,3,0.0,Standard,131.01,Offline Agent,Canceled
BKG101172,Resort Hotel,2023-04-27,2023-08-03,2023-08-05,98,Brazil,4,0.0,Standard,316.17,Offline Agent,Check-Out
BKG101173,City Hotel,2024-01-14,2024-01-29,2024-02-03,15,Australia,4,0.0,Standard,165.38,Online Travel Agent,Check-Out
BKG101174,City Hotel,2022-09-26,2023-02-21,2023-02-23,148,UK,2,0.0,Deluxe,179.74,,Check-Out
BKG101175,City Hotel,2022-04-10,2022-07-03,2022-07-05,84,UAE,4,1.0,Suite,278.23,Offline Agent,Check-Out
BKG101176,Resort Hotel,2023-04-07,2023-10-03,2023-10-08,179,UK,3,2.0,Suite,70.37,Online Travel Agent,Check-Out
BKG101177,Resort Hotel,2023-01-15,2023-06-08,2023-06-14,144,Brazil,3,0.0,Suite,333.99,Offline Agent,Canceled
BKG101178,City Hotel,2023-11-21,2024-02-04,2024-02-07,75,France,2,0.0,Deluxe,236.16,Online Travel Agent,Canceled
BKG101179,City Hotel,2023-08-21,2023-11-06,2023-11-09,77,Canada,1,0.0,Deluxe,165.61,Corporate,Check-Out
BKG101180,City Hotel,2023-08-25,2023-12-31,2024-01-06,128,UK,3,1.0,Family,310.97,Direct,Check-Out
BKG101181,Resort Hotel,2023-01-24,2023-01-27,2023-01-29,3,UK,3,0.0,Suite,149.7,,Check-Out
BKG101182,Resort Hotel,2023-01-01,2023-05-08,2023-05-16,127,UAE,1,2.0,Standard,320.46,Offline Agent,Check-Out
BKG101183,Resort Hotel,2022-12-04,2023-04-12,2023-04-14,129,India,3,,Family,338.88,Direct,Check-Out
BKG101184,City Hotel,2024-03-27,2024-05-12,2024-05-16,46,Singapore,2,1.0,Suite,111.45,Online Travel Agent,Canceled
BKG101185,Resort Hotel,2024-01-21,2024-02-06,2024-02-09,16,Brazil,3,0.0,Family,120.24,Offline Agent,Check-Out
BKG101186,City Hotel,2024-03-11,2024-03-24,2024-03-30,13,USA,1,0.0,Family,198.71,Direct,Check-Out
BKG101187,City Hotel,2023-08-27,2023-10-21,2023-10-31,55,USA,4,0.0,Family,225.11,Direct,Check-Out
BKG101188,City Hotel,2023-10-13,2024-03-18,2024-03-26,157,Canada,1,0.0,Deluxe,278.82,Corporate,Check-Out
BKG101189,City Hotel,2023-06-11,2023-08-22,2023-08-27,72,Singapore,3,2.0,Suite,132.22,Offline Agent,Check-Out
BKG101190,City Hotel,2024-02-14,2024-03-31,2024-04-08,46,Canada,1,0.0,Deluxe,319.08,Direct,Check-Out
BKG101191,Resort Hotel,2023-03-19,2023-09-07,2023-09-12,172,Germany,1,1.0,Standard,159.31,Direct,Check-Out
BKG101192,Resort Hotel,2023-05-29,2023-08-15,2023-08-21,78,Brazil,4,0.0,Deluxe,258.58,,Check-Out
BKG101193,City Hotel,2024-02-24,2024-06-04,2024-06-07,101,Singapore,2,2.0,Family,252.15,Offline Agent,Canceled
BKG101194,City Hotel,2022-10-03,2022-11-30,2022-12-05,58,,4,0.0,Suite,167.53,Corporate,Check-Out
BKG101195,City Hotel,2023-03-12,2023-08-03,2023-08-10,144,India,4,0.0,Family,281.04,Corporate,Check-Out
BKG101196,City Hotel,2022-05-24,2022-09-17,2022-09-22,116,France,1,,Suite,120.5,Online Travel Agent,Check-Out
BKG101197,City Hotel,2024-03-20,2024-06-25,2024-07-01,97,,2,0.0,Standard,239.09,Online Travel Agent,Check-Out
BKG101198,City Hotel,2022-11-30,2023-04-01,2023-04-11,122,Canada,4,,Deluxe,286.56,Corporate,No-Show
BKG101199,City Hotel,2023-08-24,2023-11-28,2023-11-29,96,Singapore,1,0.0,Suite,245.49,Offline Agent,Canceled
BKG101200,City Hotel,2022-04-24,2022-08-22,2022-08-25,120,,1,0.0,Deluxe,343.38,Corporate,Check-Out
BKG101201,City Hotel,2023-07-30,2023-08-21,2023-08-29,22,Singapore,2,0.0,Suite,226.09,Online Travel Agent,Check-Out
BKG101202,Resort Hotel,2024-02-28,2024-03-16,2024-03-22,17,UK,3,1.0,Suite,276.71,Offline Agent,Check-Out
BKG101203,Resort Hotel,2023-01-06,2023-04-01,2023-04-05,85,UK,3,0.0,Standard,235.05,Offline Agent,Check-Out
BKG101204,City Hotel,2024-04-05,2024-08-07,2024-08-08,124,India,1,2.0,Suite,168.31,Offline Agent,Check-Out
BKG101205,Resort Hotel,2022-12-08,2023-05-19,2023-05-21,162,Singapore,1,,Deluxe,86.72,Online Travel Agent,Check-Out
BKG101206,City Hotel,2023-04-25,2023-09-28,2023-10-02,156,Canada,1,1.0,,297.15,Corporate,Check-Out
BKG101207,City Hotel,2023-10-26,2024-03-21,2024-03-27,147,India,4,2.0,Family,286.52,Corporate,Check-Out
BKG101208,Resort Hotel,2024-04-28,2024-08-05,2024-08-06,99,France,1,0.0,Deluxe,153.49,Corporate,Check-Out
BKG101209,Resort Hotel,2023-11-01,2024-04-19,2024-04-23,170,,3,2.0,Suite,104.26,Direct,Check-Out
BKG101210,Resort Hotel,2023-07-01,2023-12-02,2023-12-03,154,UAE,2,2.0,Suite,161.07,Direct,Check-Out
BKG101211,Resort Hotel,2022-07-26,2022-10-11,2022-10-14,77,UAE,4,0.0,Standard,127.56,Direct,Canceled
BKG101212,Resort Hotel,2023-03-27,2023-04-27,2023-05-04,31,Australia,1,1.0,Standard,311.58,Offline Agent,Check-Out
BKG101213,Resort Hotel,2022-07-23,2022-09-13,2022-09-20,52,UK,1,0.0,,341.08,Online Travel Agent,Canceled
BKG101214,Resort Hotel,2024-01-29,2024-07-01,2024-07-07,154,,3,1.0,Suite,115.38,Offline Agent,Check-Out
BKG101215,City Hotel,2022-04-25,2022-08-19,2022-08-20,116,USA,1,1.0,,292.99,Corporate,Canceled
BKG101216,Resort Hotel,2024-05-06,2024-05-22,2024-05-29,16,Australia,3,0.0,Family,349.91,Online Travel Agent,No-Show
BKG101217,Resort Hotel,2022-10-09,2023-03-23,2023-03-29,165,Brazil,1,0.0,Standard,305.75,Direct,Check-Out
BKG101218,Resort Hotel,2022-05-24,2022-11-17,2022-11-25,177,France,1,0.0,Suite,232.9,Offline Agent,Canceled
BKG101219,Resort Hotel,2023-03-06,2023-04-19,2023-04-22,44,UK,2,,Standard,165.87,Offline Agent,Check-Out
BKG101220,Resort Hotel,2023-02-18,2023-07-28,2023-08-03,160,UAE,3,2.0,Standard,153.11,Offline Agent,Check-Out
BKG101221,Resort Hotel,2024-06-11,2024-07-17,2024-07-24,36,UK,1,2.0,Standard,169.34,Online Travel Agent,Check-Out
BKG101222,City Hotel,2022-08-17,2022-09-09,2022-09-16,23,Australia,1,0.0,Family,340.93,Direct,Canceled
BKG101223,City Hotel,2024-04-08,2024-09-18,2024-09-19,163,UK,3,1.0,Suite,196.15,,No-Show
BKG101224,Resort Hotel,2023-11-16,2023-12-10,2023-12-18,24,Singapore,4,2.0,Deluxe,116.92,Direct,Check-Out
BKG101225,Resort Hotel,2022-03-26,2022-04-19,2022-04-26,24,France,3,2.0,Deluxe,90.52,Corporate,Check-Out
BKG101226,City Hotel,2023-04-19,2023-10-07,2023-10-17,171,UK,3,0.0,Standard,155.1,Offline Agent,Check-Out
BKG101227,Resort Hotel,2024-03-24,2024-05-13,2024-05-16,50,UK,1,0.0,Family,244.04,Corporate,Check-Out
BKG101228,Resort Hotel,2023-05-08,2023-09-08,2023-09-14,123,Canada,2,2.0,Suite,177.64,Offline Agent,Check-Out
BKG101229,Resort Hotel,2022-10-14,2023-03-30,2023-04-08,167,France,3,0.0,Suite,349.04,Offline Agent,Canceled
BKG101230,City Hotel,2023-04-13,2023-09-29,2023-10-01,169,Australia,3,2.0,Standard,136.23,Direct,Check-Out
BKG101231,City Hotel,2023-04-14,2023-05-12,2023-05-14,28,Canada,3,0.0,Family,313.26,,No-Show
BKG101232,Resort Hotel,2023-06-01,2023-07-17,2023-07-24,46,India,2,0.0,Deluxe,303.6,Corporate,Check-Out
BKG101233,Resort Hotel,2024-03-09,2024-04-16,2024-04-26,38,Singapore,1,2.0,,165.17,Corporate,Check-Out
BKG101234,City Hotel,2023-11-28,2024-01-09,2024-01-19,42,Germany,2,0.0,Suite,216.84,Online Travel Agent,No-Show
BKG101235,Resort Hotel,2023-02-15,2023-05-01,2023-05-08,75,France,4,1.0,Standard,195.72,Online Travel Agent,Check-Out
BKG101236,Resort Hotel,2023-07-24,2024-01-11,2024-01-16,171,India,2,2.0,Family,232.26,Direct,Check-Out
BKG101237,City Hotel,2024-04-22,2024-06-02,2024-06-06,41,Brazil,4,0.0,Deluxe,247.36,Direct,Canceled
BKG101238,Resort Hotel,2022-03-14,2022-05-10,2022-05-15,57,Germany,2,1.0,Family,95.81,Direct,Check-Out
BKG101239,Resort Hotel,2024-02-18,2024-05-11,2024-05-12,83,Brazil,1,2.0,Family,150.24,Direct,Check-Out
BKG101240,City Hotel,2022-11-02,2022-12-03,2022-12-12,31,France,4,0.0,Standard,80.42,Offline Agent,Canceled
BKG101241,City Hotel,2022-09-19,2022-10-17,2022-10-25,28,France,4,2.0,Deluxe,108.85,Online Travel Agent,Check-Out
BKG101242,City Hotel,2024-01-20,2024-06-22,2024-07-02,154,Australia,3,0.0,Family,312.11,Online Travel Agent,Check-Out
BKG101243,City Hotel,2024-06-04,2024-08-14,2024-08-19,71,UAE,3,2.0,Standard,155.36,Online Travel Agent,Check-Out
BKG101244,City Hotel,2024-04-05,2024-08-07,2024-08-11,124,USA,4,0.0,Family,231.41,Offline Agent,Check-Out
BKG101245,Resort Hotel,2024-06-10,2024-11-27,2024-12-04,170,Brazil,1,2.0,Standard,91.26,Online Travel Agent,No-Show
BKG101246,Resort Hotel,2022-09-02,2022-12-03,2022-12-13,92,UAE,4,1.0,,268.3,Offline Agent,Check-Out
BKG101247,Resort Hotel,2023-06-20,2023-06-29,2023-07-06,9,India,4,0.0,Suite,122.65,Online Travel Agent,Check-Out
BKG101248,City Hotel,2023-02-27,2023-03-06,2023-03-14,7,,3,0.0,Deluxe,297.33,,Check-Out
BKG101249,City Hotel,2022-02-18,2022-05-12,2022-05-20,83,,3,0.0,Suite,120.72,Direct,Canceled
BKG101250,Resort Hotel,2024-05-27,2024-06-18,2024-06-24,22,UAE,3,2.0,Suite,216.09,Online Travel Agent,Canceled
BKG101251,Resort Hotel,2022-04-03,2022-09-13,2022-09-20,163,Australia,3,2.0,Deluxe,204.19,Corporate,Canceled
BKG101252,Resort Hotel,2023-05-13,2023-08-10,2023-08-16,89,UAE,4,0.0,Standard,278.88,Online Travel Agent,Check-Out
BKG101253,City Hotel,2022-11-14,2023-03-23,2023-04-01,129,Brazil,3,2.0,Standard,216.09,Direct,Check-Out
BKG101254,City Hotel,2023-12-30,2024-05-31,2024-06-07,153,,3,0.0,Deluxe,267.61,Offline Agent,Check-Out
BKG101255,City Hotel,2024-01-24,2024-04-08,2024-04-18,75,India,1,0.0,Deluxe,349.84,Direct,Check-Out
BKG101256,Resort Hotel,2022-10-08,2022-10-14,2022-10-22,6,Canada,2,0.0,Deluxe,131.15,Direct,Check-Out
BKG101257,Resort Hotel,2022-09-07,2022-09-12,2022-09-22,5,Australia,4,1.0,Deluxe,180.21,Offline Agent,Check-Out
BKG101258,Resort Hotel,2023-02-01,2023-04-08,2023-04-14,66,UAE,3,1.0,Suite,167.37,Online Travel Agent,No-Show
BKG101259,City Hotel,2022-05-18,2022-08-08,2022-08-12,82,Singapore,2,0.0,Suite,344.49,Online Travel Agent,Canceled
BKG101260,Resort Hotel,2023-09-11,2023-11-08,2023-11-14,58,Canada,2,1.0,Family,138.05,Offline Agent,Check-Out
BKG101261,City Hotel,2022-03-08,2022-04-20,2022-04-21,43,Canada,4,2.0,Deluxe,248.58,,Check-Out
BKG101262,City Hotel,2022-03-08,2022-05-17,2022-05-27,70,Australia,3,,Deluxe,266.95,Offline Agent,Check-Out
BKG101263,City Hotel,2023-04-08,2023-06-26,2023-07-05,79,UK,3,0.0,Suite,127.44,Online Travel Agent,No-Show
BKG101264,City Hotel,2022-02-24,2022-05-26,2022-06-05,91,UK,1,0.0,Deluxe,238.02,Direct,No-Show
BKG101265,City Hotel,2024-03-03,2024-04-17,2024-04-20,45,USA,1,1.0,Standard,271.31,,Check-Out
BKG101266,City Hotel,2023-12-03,2024-03-11,2024-03-18,99,UK,4,,Standard,100.17,Corporate,Check-Out
BKG101267,City Hotel,2023-12-26,2024-04-14,2024-04-19,110,Germany,4,0.0,Deluxe,113.52,Corporate,No-Show
BKG101268,Resort Hotel,2023-10-11,2023-10-31,2023-11-06,20,Brazil,4,0.0,Standard,211.92,Online Travel Agent,Check-Out
BKG101269,City Hotel,2022-04-08,2022-05-21,2022-05-22,43,India,1,0.0,Suite,154.79,Online Travel Agent,No-Show
BKG101270,City Hotel,2022-07-13,2022-12-22,2023-01-01,162,USA,4,0.0,Deluxe,215.21,,Check-Out
BKG101271,Resort Hotel,2023-03-28,2023-09-24,2023-09-27,180,Singapore,2,1.0,,68.8,Corporate,Canceled
BKG101272,Resort Hotel,2022-04-21,2022-07-19,2022-07-22,89,Brazil,2,0.0,Suite,204.32,Offline Agent,Canceled
BKG101273,Resort Hotel,2023-07-16,2023-10-23,2023-10-31,99,UAE,1,2.0,Deluxe,78.98,Direct,No-Show
BKG101274,City Hotel,2023-05-18,2023-07-05,2023-07-12,48,Brazil,1,0.0,,77.0,Online Travel Agent,Check-Out
BKG101275,City Hotel,2022-11-25,2023-04-08,2023-04-18,134,UAE,4,,Deluxe,246.53,Offline Agent,Canceled
BKG101276,City Hotel,2022-10-27,2023-04-05,2023-04-12,160,India,4,1.0,Family,169.35,Online Travel Agent,Check-Out
BKG101277,City Hotel,2023-05-11,2023-10-14,2023-10-21,156,India,3,1.0,Standard,347.76,Direct,Canceled
BKG101278,Resort Hotel,2022-11-11,2023-04-10,2023-04-20,150,India,2,0.0,Suite,274.38,Offline Agent,Check-Out
BKG101279,Resort Hotel,2023-07-05,2023-07-18,2023-07-25,13,Germany,2,2.0,Standard,167.54,Offline Agent,Canceled
BKG101280,Resort Hotel,2022-08-15,2022-11-04,2022-11-06,81,India,2,1.0,Family,119.95,Direct,Canceled
BKG101281,City Hotel,2022-04-30,2022-07-13,2022-07-14,74,,2,,Suite,345.48,Offline Agent,Check-Out
BKG101282,City Hotel,2022-05-26,2022-10-26,2022-10-30,153,Germany,3,1.0,Suite,257.31,Offline Agent,Check-Out
BKG101283,City Hotel,2023-03-02,2023-06-15,2023-06-22,105,France,3,0.0,Standard,296.85,Offline Agent,Check-Out
BKG101284,Resort Hotel,2024-02-25,2024-06-18,2024-06-21,114,UK,2,0.0,Family,244.9,Online Travel Agent,Check-Out
BKG101285,City Hotel,2022-12-02,2023-01-13,2023-01-18,42,Brazil,4,0.0,Suite,215.52,Online Travel Agent,Canceled
BKG101286,Resort Hotel,2023-02-09,2023-04-01,2023-04-03,51,Canada,4,0.0,,96.86,Online Travel Agent,Check-Out
BKG101287,City Hotel,2022-02-08,2022-05-18,2022-05-21,99,Canada,1,0.0,,130.11,Offline Agent,Check-Out
BKG101288,Resort Hotel,2022-02-12,2022-07-31,2022-08-09,169,Brazil,2,0.0,Standard,270.22,Direct,Check-Out
BKG101289,Resort Hotel,2022-09-14,2022-10-28,2022-11-03,44,Australia,4,0.0,Family,321.45,Direct,Canceled
BKG101290,City Hotel,2023-06-02,2023-06-18,2023-06-22,16,India,2,0.0,Family,157.41,Online Travel Agent,Canceled
BKG101291,City Hotel,2023-09-09,2024-01-22,2024-01-27,135,India,2,0.0,Standard,218.67,Online Travel Agent,Check-Out
BKG101292,Resort Hotel,2023-07-02,2023-07-06,2023-07-16,4,,2,0.0,Deluxe,167.41,Online Travel Agent,Check-Out
BKG101293,Resort Hotel,2023-07-31,2023-08-14,2023-08-21,14,Brazil,1,0.0,Standard,281.03,Online Travel Agent,Check-Out
BKG101294,Resort Hotel,2023-05-03,2023-09-26,2023-10-03,146,Canada,3,,Suite,172.16,Corporate,No-Show
BKG101295,City Hotel,2023-10-14,2024-02-07,2024-02-15,116,Germany,2,1.0,,215.57,,Check-Out
BKG101296,City Hotel,2022-06-28,2022-10-05,2022-10-10,99,France,2,0.0,Deluxe,274.6,Online Travel Agent,Check-Out
BKG101297,City Hotel,2023-12-29,2024-05-15,2024-05-19,138,Germany,4,0.0,Family,303.64,,Canceled
BKG101298,City Hotel,2023-04-17,2023-08-10,2023-08-18,115,Australia,4,1.0,,165.43,Direct,Check-Out
BKG101299,City Hotel,2023-12-31,2024-02-17,2024-02-27,48,Singapore,2,2.0,Family,165.39,Corporate,Check-Out
BKG101300,City Hotel,2022-08-07,2022-11-15,2022-11-18,100,France,4,0.0,Family,217.42,Online Travel Agent,Check-Out
BKG101301,City Hotel,2022-12-12,2023-05-02,2023-05-05,141,India,4,2.0,Deluxe,185.22,Offline Agent,Check-Out
BKG101302,Resort Hotel,2022-06-26,2022-09-03,2022-09-13,69,UK,2,1.0,Family,226.77,Corporate,Check-Out
BKG101303,Resort Hotel,2024-06-07,2024-07-10,2024-07-18,33,USA,3,2.0,Standard,330.58,Online Travel Agent,Check-Out
BKG101304,City Hotel,2024-06-01,2024-06-14,2024-06-20,13,Germany,1,0.0,,330.15,Direct,Check-Out
BKG101305,City Hotel,2022-03-09,2022-06-09,2022-06-19,92,Canada,3,2.0,,322.31,Direct,Check-Out
BKG101306,City Hotel,2022-04-14,2022-09-04,2022-09-07,143,UK,2,0.0,Family,180.4,Corporate,Check-Out
BKG101307,Resort Hotel,2022-09-13,2022-10-12,2022-10-15,29,Australia,4,0.0,Family,279.15,,Check-Out
BKG101308,Resort Hotel,2024-02-25,2024-03-01,2024-03-11,5,Canada,3,1.0,Standard,229.62,Offline Agent,Canceled
BKG101309,Resort Hotel,2023-08-04,2023-10-31,2023-11-06,88,Brazil,1,0.0,Suite,79.98,Offline Agent,Canceled
BKG101310,Resort Hotel,2022-04-24,2022-10-12,2022-10-16,171,UAE,3,,Family,266.31,Online Travel Agent,Check-Out
BKG101311,City Hotel,2023-08-28,2023-12-12,2023-12-15,106,Singapore,3,0.0,Standard,115.69,Offline Agent,Check-Out
BKG101312,City Hotel,2022-06-20,2022-07-03,2022-07-07,13,UAE,3,0.0,Standard,190.19,Corporate,Canceled
BKG101313,Resort Hotel,2024-02-17,2024-08-03,2024-08-11,168,Brazil,1,0.0,Standard,219.87,Online Travel Agent,Check-Out
BKG101314,City Hotel,2022-07-24,2022-11-21,2022-11-28,120,Australia,4,0.0,Suite,261.63,Corporate,Canceled
BKG101315,City Hotel,2024-05-24,2024-09-09,2024-09-16,108,,3,0.0,Deluxe,333.44,Offline Agent,Check-Out
BKG101316,Resort Hotel,2022-03-27,2022-07-20,2022-07-22,115,,3,2.0,Standard,319.79,Direct,Check-Out
BKG101317,Resort Hotel,2023-01-18,2023-02-03,2023-02-06,16,India,2,0.0,,310.47,Online Travel Agent,Check-Out
BKG101318,Resort Hotel,2023-10-04,2024-01-29,2024-02-04,117,Germany,1,2.0,Standard,95.37,Direct,Check-Out
BKG101319,Resort Hotel,2022-04-04,2022-04-04,2022-04-11,0,Australia,2,0.0,Suite,74.5,Direct,Check-Out
BKG101320,Resort Hotel,2022-07-22,2022-11-25,2022-12-05,126,Canada,2,1.0,Deluxe,143.54,Online Travel Agent,Check-Out
BKG101321,Resort Hotel,2022-07-22,2022-09-27,2022-09-30,67,Germany,2,0.0,Deluxe,263.83,Corporate,Canceled
BKG101322,City Hotel,2022-08-22,2022-10-02,2022-10-09,41,Germany,3,2.0,,179.56,Corporate,Canceled
BKG101323,Resort Hotel,2024-01-24,2024-03-25,2024-04-03,61,USA,1,0.0,Standard,141.62,Online Travel Agent,Check-Out
BKG101324,City Hotel,2024-01-21,2024-02-05,2024-02-15,15,India,4,0.0,Standard,255.47,Corporate,Check-Out
BKG101325,City Hotel,2023-01-06,2023-07-03,2023-07-13,178,Canada,1,2.0,Suite,136.11,Offline Agent,Check-Out
BKG101326,Resort Hotel,2022-11-04,2023-03-09,2023-03-15,125,,2,0.0,Family,230.3,Offline Agent,Canceled
BKG101327,City Hotel,2022-11-29,2023-03-12,2023-03-20,103,Australia,4,1.0,Standard,104.28,Direct,Canceled
BKG101328,Resort Hotel,2023-01-26,2023-07-06,2023-07-09,161,UK,4,0.0,Deluxe,64.05,Direct,Check-Out
BKG101329,City Hotel,2023-02-05,2023-06-05,2023-06-08,120,Australia,3,0.0,Deluxe,117.35,Corporate,Canceled
BKG101330,City Hotel,2024-05-24,2024-10-11,2024-10-16,140,Australia,2,0.0,Family,201.1,Direct,Check-Out
BKG101331,City Hotel,2023-11-13,2023-11-28,2023-12-04,15,Brazil,1,0.0,Suite,336.36,Direct,Check-Out
BKG101332,Resort Hotel,2023-05-22,2023-07-16,2023-07-23,55,UAE,4,0.0,Suite,337.49,Offline Agent,Check-Out
BKG101333,Resort Hotel,2023-09-06,2023-10-09,2023-10-18,33,UAE,3,0.0,Family,270.18,Online Travel Agent,Check-Out
BKG101334,City Hotel,2023-01-14,2023-04-30,2023-05-04,106,Canada,2,0.0,Suite,259.6,,Check-Out
BKG101335,Resort Hotel,2022-12-06,2023-06-02,2023-06-06,178,Brazil,2,0.0,Deluxe,286.66,Direct,Check-Out
BKG101336,City Hotel,2023-04-27,2023-05-01,2023-05-07,4,USA,1,1.0,Family,277.56,Offline Agent,Check-Out
BKG101337,City Hotel,2024-01-16,2024-03-24,2024-03-26,68,UK,4,,Suite,285.46,Online Travel Agent,Check-Out
BKG101338,City Hotel,2022-08-17,2023-01-26,2023-01-27,162,Singapore,3,0.0,Deluxe,299.2,Corporate,No-Show
BKG101339,Resort Hotel,2023-05-12,2023-07-31,2023-08-10,80,France,2,0.0,Standard,337.74,Direct,Check-Out
BKG101340,Resort Hotel,2023-06-01,2023-08-12,2023-08-16,72,France,4,1.0,Suite,263.19,Direct,Check-Out
BKG101341,Resort Hotel,2022-01-26,2022-02-02,2022-02-09,7,Canada,1,0.0,Family,194.83,Direct,Check-Out
BKG101342,City Hotel,2024-02-16,2024-05-06,2024-05-08,80,France,3,1.0,Deluxe,140.03,Direct,Check-Out
BKG101343,Resort Hotel,2022-01-18,2022-02-18,2022-02-19,31,UAE,3,2.0,Family,198.36,Online Travel Agent,Check-Out
BKG101344,Resort Hotel,2023-10-24,2024-01-14,2024-01-21,82,France,2,0.0,,237.79,Online Travel Agent,Canceled
BKG101345,Resort Hotel,2022-02-27,2022-04-01,2022-04-09,33,Singapore,1,0.0,,100.57,Direct,Check-Out
BKG101346,Resort Hotel,2023-01-04,2023-04-05,2023-04-11,91,Canada,1,1.0,Family,159.64,Online Travel Agent,Check-Out
BKG101347,Resort Hotel,2023-10-20,2024-01-29,2024-02-01,101,France,1,0.0,Deluxe,190.06,Direct,Check-Out
BKG101348,Resort Hotel,2023-12-01,2024-04-21,2024-04-22,142,Germany,1,0.0,,198.82,,No-Show
BKG101349,City Hotel,2022-05-21,2022-09-26,2022-10-02,128,India,3,1.0,Suite,279.23,Offline Agent,Check-Out
BKG101350,Resort Hotel,2024-01-02,2024-06-28,2024-07-05,178,Germany,1,0.0,Deluxe,118.04,Offline Agent,Check-Out
BKG101351,Resort Hotel,2023-12-20,2024-01-09,2024-01-19,20,Australia,3,2.0,Deluxe,320.59,Direct,Check-Out
BKG101352,City Hotel,2023-10-05,2024-03-12,2024-03-17,159,UK,3,2.0,Deluxe,168.55,Corporate,Check-Out
BKG101353,City Hotel,2022-12-01,2023-02-05,2023-02-12,66,Brazil,1,0.0,Family,190.98,Direct,Check-Out
BKG101354,City Hotel,2022-02-12,2022-05-22,2022-05-24,99,Germany,2,0.0,Suite,280.33,,Check-Out
BKG101355,City Hotel,2023-10-26,2024-04-03,2024-04-07,160,India,3,0.0,Deluxe,208.22,Direct,Canceled
BKG101356,Resort Hotel,2022-07-31,2022-12-05,2022-12-12,127,Canada,3,1.0,Family,345.43,Corporate,Canceled
BKG101357,Resort Hotel,2023-11-15,2024-01-17,2024-01-19,63,India,1,0.0,Suite,307.28,,Check-Out
BKG101358,Resort Hotel,2023-01-26,2023-06-20,2023-06-23,145,Australia,1,0.0,Suite,166.73,Online Travel Agent,Check-Out
BKG101359,City Hotel,2023-11-01,2023-11-06,2023-11-11,5,Canada,1,0.0,Deluxe,147.59,Online Travel Agent,Canceled
BKG101360,Resort Hotel,2024-02-02,2024-07-25,2024-07-26,174,Germany,4,0.0,Family,64.16,Corporate,Check-Out
BKG101361,City Hotel,2023-12-21,2024-05-13,2024-05-21,144,Australia,1,0.0,Standard,122.49,Online Travel Agent,Check-Out
BKG101362,Resort Hotel,2024-04-30,2024-08-27,2024-09-03,119,USA,2,0.0,Suite,227.26,Corporate,Canceled
BKG101363,City Hotel,2022-07-27,2022-10-03,2022-10-04,68,,3,0.0,Standard,128.1,Offline Agent,Check-Out
BKG101364,City Hotel,2023-12-21,2024-04-24,2024-04-28,125,Canada,1,0.0,Family,165.57,Direct,Check-Out
BKG101365,City Hotel,2023-01-16,2023-06-06,2023-06-15,141,Australia,2,0.0,Deluxe,273.21,Offline Agent,Check-Out
BKG101366,City Hotel,2022-12-22,2023-03-06,2023-03-09,74,USA,4,2.0,Suite,178.27,Direct,Check-Out
BKG101367,Resort Hotel,2023-01-03,2023-06-17,2023-06-25,165,India,4,2.0,Suite,309.92,Direct,Check-Out
BKG101368,City Hotel,2023-07-08,2023-12-16,2023-12-19,161,,2,0.0,Family,299.16,Online Travel Agent,No-Show
BKG101369,Resort Hotel,2023-07-12,2023-07-22,2023-07-31,10,Germany,1,2.0,Suite,61.17,Offline Agent,Check-Out
BKG101370,City Hotel,2024-01-20,2024-04-24,2024-05-03,95,,4,2.0,Suite,250.5,Offline Agent,Check-Out
BKG101371,Resort Hotel,2022-04-19,2022-06-15,2022-06-23,57,Canada,2,0.0,Deluxe,267.7,Online Travel Agent,Check-Out
BKG101372,Resort Hotel,2022-11-10,2023-01-10,2023-01-17,61,Germany,3,0.0,,217.17,Online Travel Agent,Check-Out
BKG101373,Resort Hotel,2022-05-04,2022-06-26,2022-06-29,53,Australia,1,0.0,Suite,133.5,Offline Agent,Check-Out
BKG101374,City Hotel,2023-09-04,2023-11-19,2023-11-25,76,Brazil,4,0.0,Family,120.45,Online Travel Agent,Check-Out
BKG101375,City Hotel,2022-02-02,2022-06-09,2022-06-15,127,Australia,3,,Standard,134.18,Offline Agent,Check-Out
BKG101376,City Hotel,2023-09-28,2023-12-26,2024-01-03,89,USA,1,1.0,Family,71.21,Corporate,Check-Out
BKG101377,Resort Hotel,2022-03-26,2022-05-27,2022-05-29,62,Brazil,4,1.0,Family,277.23,Online Travel Agent,Check-Out
BKG101378,Resort Hotel,2023-07-20,2024-01-16,2024-01-24,180,UK,2,2.0,Standard,179.08,Offline Agent,Check-Out
BKG101379,Resort Hotel,2022-07-05,2022-10-31,2022-11-05,118,France,4,2.0,Standard,249.57,Offline Agent,Check-Out
BKG101380,City Hotel,2023-04-08,2023-06-22,2023-06-25,75,USA,1,0.0,Deluxe,234.32,Online Travel Agent,Check-Out
BKG101381,Resort Hotel,2023-05-13,2023-07-15,2023-07-16,63,France,4,0.0,Deluxe,284.01,Direct,Check-Out
BKG101382,Resort Hotel,2023-12-01,2024-04-28,2024-05-06,149,USA,2,1.0,Deluxe,294.44,Direct,Check-Out
BKG101383,City Hotel,2023-09-12,2024-02-03,2024-02-04,144,India,4,,Suite,166.34,Online Travel Agent,Check-Out
BKG101384,City Hotel,2022-02-04,2022-04-16,2022-04-23,71,UAE,4,0.0,Family,78.9,Offline Agent,Check-Out
BKG101385,Resort Hotel,2022-09-07,2022-10-12,2022-10-14,35,Germany,1,0.0,,85.05,Corporate,Check-Out
BKG101386,Resort Hotel,2023-05-05,2023-05-22,2023-05-25,17,Germany,4,0.0,Deluxe,222.3,Corporate,Check-Out
BKG101387,Resort Hotel,2023-12-20,2024-03-29,2024-03-30,100,USA,3,0.0,Suite,207.96,Online Travel Agent,Check-Out
BKG101388,Resort Hotel,2024-04-10,2024-05-15,2024-05-21,35,Canada,2,1.0,Family,292.36,Offline Agent,Check-Out
BKG101389,Resort Hotel,2022-06-26,2022-10-03,2022-10-12,99,,1,0.0,Family,253.45,Online Travel Agent,Check-Out
BKG101390,City Hotel,2022-09-10,2023-02-17,2023-02-24,160,India,3,0.0,Family,300.11,,Canceled
BKG101391,Resort Hotel,2024-03-10,2024-06-19,2024-06-20,101,UK,2,0.0,Family,173.33,Offline Agent,Check-Out
BKG101392,City Hotel,2024-02-13,2024-07-24,2024-07-27,162,USA,2,2.0,Family,211.16,Online Travel Agent,Check-Out
BKG101393,City Hotel,2023-07-30,2023-08-20,2023-08-23,21,Canada,1,,Suite,140.44,Corporate,Canceled
BKG101394,Resort Hotel,2023-09-12,2023-12-04,2023-12-09,83,Canada,4,,Suite,201.46,Online Travel Agent,Check-Out
BKG101395,City Hotel,2022-12-17,2023-05-02,2023-05-11,136,France,1,0.0,Deluxe,242.45,Corporate,Canceled
BKG101396,Resort Hotel,2022-11-28,2023-01-28,2023-02-07,61,UAE,2,0.0,Family,341.98,Corporate,Check-Out
BKG101397,City Hotel,2023-03-11,2023-08-29,2023-09-02,171,Singapore,2,0.0,Suite,115.09,Direct,Canceled
BKG101398,Resort Hotel,2023-08-19,2023-12-30,2024-01-02,133,,1,0.0,Suite,245.19,Direct,Canceled
BKG101399,City Hotel,2024-04-09,2024-08-14,2024-08-20,127,Brazil,2,1.0,Family,200.46,Corporate,Check-Out
BKG101400,City Hotel,2023-09-13,2023-10-01,2023-10-06,18,,1,,Standard,295.8,Direct,Canceled
BKG101401,Resort Hotel,2022-09-18,2023-01-22,2023-01-30,126,France,3,2.0,Standard,224.56,Offline Agent,Check-Out
BKG101402,Resort Hotel,2023-05-17,2023-10-16,2023-10-18,152,UK,4,1.0,Deluxe,172.2,Online Travel Agent,Check-Out
BKG101403,City Hotel,2024-03-31,2024-04-13,2024-04-14,13,UK,1,0.0,Standard,91.16,Offline Agent,Check-Out
BKG101404,City Hotel,2023-11-08,2024-04-01,2024-04-02,145,France,1,0.0,Family,157.91,Direct,Check-Out
BKG101405,Resort Hotel,2023-09-26,2024-02-27,2024-03-08,154,UK,3,2.0,Standard,162.53,Corporate,Canceled
BKG101406,City Hotel,2022-06-25,2022-10-01,2022-10-05,98,Canada,1,0.0,Standard,86.44,Online Travel Agent,Check-Out
BKG101407,Resort Hotel,2023-02-21,2023-04-18,2023-04-22,56,Germany,4,2.0,Suite,108.04,Online Travel Agent,Check-Out
BKG101408,Resort Hotel,2023-11-19,2024-02-05,2024-02-12,78,USA,4,1.0,Family,121.88,Offline Agent,Check-Out
BKG101409,City Hotel,2024-01-27,2024-05-04,2024-05-14,98,Germany,4,0.0,Family,216.97,Offline Agent,Canceled
BKG101410,City Hotel,2023-06-21,2023-09-16,2023-09-22,87,Canada,1,1.0,Deluxe,207.19,Corporate,Check-Out
BKG101411,City Hotel,2022-03-21,2022-08-21,2022-08-28,153,UAE,2,1.0,Family,120.07,Corporate,Check-Out
BKG101412,Resort Hotel,2022-10-25,2022-12-23,2022-12-30,59,USA,4,0.0,,259.08,Online Travel Agent,Check-Out
BKG101413,City Hotel,2022-12-20,2023-03-22,2023-03-29,92,Australia,1,1.0,Standard,186.52,Offline Agent,Check-Out
BKG101414,Resort Hotel,2022-08-23,2022-10-30,2022-11-05,68,Brazil,3,1.0,Deluxe,105.85,,No-Show
BKG101415,Resort Hotel,2023-01-09,2023-01-21,2023-01-25,12,France,1,0.0,Standard,86.79,Corporate,Check-Out
BKG101416,City Hotel,2022-10-28,2022-12-03,2022-12-10,36,UK,3,0.0,Standard,126.44,Direct,Canceled
BKG101417,City Hotel,2023-09-28,2023-10-11,2023-10-21,13,UK,2,0.0,Deluxe,218.9,Online Travel Agent,Canceled
BKG101418,Resort Hotel,2022-07-20,2022-12-21,2022-12-23,154,Singapore,1,0.0,Standard,138.02,Offline Agent,Check-Out
BKG101419,City Hotel,2023-01-13,2023-02-27,2023-03-02,45,UK,2,0.0,Suite,288.2,Online Travel Agent,Check-Out
BKG101420,Resort Hotel,2022-02-28,2022-06-08,2022-06-11,100,Germany,2,0.0,Suite,196.03,Corporate,Check-Out
BKG101421,Resort Hotel,2023-04-11,2023-05-25,2023-05-27,44,,2,0.0,Family,245.64,Direct,Check-Out
BKG101422,City Hotel,2023-04-17,2023-08-30,2023-09-07,135,Singapore,4,2.0,Family,217.03,Corporate,Canceled
BKG101423,City Hotel,2023-08-15,2023-11-26,2023-12-01,103,UK,4,0.0,Standard,205.91,Direct,Check-Out
BKG101424,City Hotel,2023-01-12,2023-03-29,2023-03-31,76,India,4,1.0,Suite,169.02,Offline Agent,Check-Out
BKG101425,Resort Hotel,2022-01-17,2022-03-13,2022-03-20,55,France,2,1.0,Family,310.91,Direct,Check-Out
BKG101426,City Hotel,2022-08-21,2022-12-11,2022-12-16,112,UAE,4,1.0,,195.24,Offline Agent,Check-Out
BKG101427,City Hotel,2022-02-22,2022-04-25,2022-04-28,62,Canada,1,0.0,Family,168.47,Offline Agent,Check-Out
BKG101428,City Hotel,2022-10-29,2023-01-27,2023-02-05,90,USA,4,0.0,Suite,330.85,Corporate,Check-Out
BKG101429,City Hotel,2023-06-03,2023-07-15,2023-07-16,42,,1,0.0,Standard,275.86,Direct,Check-Out
BKG101430,City Hotel,2023-01-16,2023-01-22,2023-01-30,6,UAE,4,0.0,Suite,291.57,Corporate,Check-Out
BKG101431,City Hotel,2024-03-31,2024-08-10,2024-08-20,132,,1,1.0,Standard,279.96,Online Travel Agent,No-Show
BKG101432,Resort Hotel,2022-06-07,2022-09-11,2022-09-17,96,USA,4,0.0,Family,101.75,Corporate,Check-Out
BKG101433,Resort Hotel,2022-02-12,2022-02-23,2022-02-28,11,Australia,1,0.0,Deluxe,116.4,Offline Agent,Check-Out
BKG101434,City Hotel,2022-09-19,2022-11-11,2022-11-12,53,Canada,1,,Standard,309.06,Direct,Check-Out
BKG101435,City Hotel,2022-06-19,2022-12-08,2022-12-16,172,Brazil,1,0.0,,254.13,Offline Agent,No-Show
BKG101436,City Hotel,2022-09-22,2023-02-16,2023-02-25,147,Brazil,3,0.0,Deluxe,212.75,Direct,Canceled
BKG101437,City Hotel,2023-03-21,2023-07-22,2023-07-27,123,India,3,,Suite,147.16,Corporate,Check-Out
BKG101438,Resort Hotel,2022-06-01,2022-10-21,2022-10-25,142,USA,2,0.0,Suite,194.66,Offline Agent,Canceled
BKG101439,City Hotel,2023-03-06,2023-07-29,2023-08-04,145,USA,3,0.0,Suite,130.32,Online Travel Agent,Check-Out
BKG101440,City Hotel,2024-04-14,2024-08-02,2024-08-05,110,UAE,4,1.0,Standard,343.72,Corporate,Check-Out
BKG101441,Resort Hotel,2024-06-19,2024-10-22,2024-10-29,125,France,2,1.0,Deluxe,184.73,Direct,Check-Out
BKG101442,Resort Hotel,2023-09-05,2023-11-27,2023-12-07,83,India,4,0.0,Deluxe,89.19,Offline Agent,Check-Out
BKG101443,Resort Hotel,2022-04-05,2022-09-30,2022-10-03,178,UK,1,0.0,Suite,196.65,Corporate,Check-Out
BKG101444,City Hotel,2024-04-26,2024-10-22,2024-10-28,179,UAE,1,0.0,Standard,107.91,Online Travel Agent,No-Show
BKG101445,City Hotel,2022-03-26,2022-04-05,2022-04-15,10,Canada,1,0.0,,288.97,Corporate,Check-Out
BKG101446,City Hotel,2023-09-23,2024-02-04,2024-02-06,134,UK,3,0.0,Standard,78.83,Offline Agent,Check-Out
BKG101447,City Hotel,2023-12-07,2024-02-17,2024-02-18,72,Canada,4,0.0,Suite,252.85,Corporate,Check-Out
BKG101448,Resort Hotel,2023-12-24,2024-04-04,2024-04-11,102,Germany,2,0.0,Family,253.21,Direct,Canceled
BKG101449,City Hotel,2022-02-07,2022-02-27,2022-02-28,20,UK,1,0.0,Deluxe,91.23,Online Travel Agent,Check-Out
BKG101450,Resort Hotel,2022-12-07,2023-06-01,2023-06-07,176,Singapore,2,1.0,Suite,186.25,Direct,Canceled
BKG101451,Resort Hotel,2023-11-03,2023-11-11,2023-11-17,8,India,2,1.0,Standard,115.53,Corporate,Check-Out
BKG101452,City Hotel,2024-04-12,2024-08-17,2024-08-25,127,Australia,4,0.0,Suite,190.39,Direct,Check-Out
BKG101453,City Hotel,2024-03-13,2024-04-24,2024-04-29,42,UK,4,0.0,Standard,201.2,Direct,Check-Out
BKG101454,Resort Hotel,2023-09-11,2024-01-15,2024-01-20,126,UAE,2,0.0,Suite,181.18,Corporate,Check-Out
BKG101455,City Hotel,2022-04-18,2022-08-19,2022-08-28,123,Singapore,2,0.0,Family,102.86,,Check-Out
BKG101456,City Hotel,2024-01-19,2024-01-29,2024-02-06,10,India,3,2.0,Suite,349.07,Corporate,Check-Out
BKG101457,Resort Hotel,2023-08-27,2024-02-03,2024-02-05,160,UAE,4,1.0,Deluxe,329.42,Offline Agent,Check-Out
BKG101458,Resort Hotel,2023-10-30,2023-11-08,2023-11-12,9,India,3,1.0,Deluxe,136.96,Offline Agent,Check-Out
BKG101459,City Hotel,2022-01-03,2022-04-23,2022-04-24,110,India,1,0.0,Suite,215.22,Online Travel Agent,Check-Out
BKG101460,City Hotel,2023-08-18,2023-10-11,2023-10-20,54,Singapore,3,0.0,Suite,308.02,Direct,Check-Out
BKG101461,City Hotel,2022-07-25,2022-07-28,2022-08-04,3,India,1,0.0,Standard,247.58,Direct,Canceled
BKG101462,City Hotel,2024-01-19,2024-03-25,2024-03-28,66,Germany,3,0.0,Deluxe,180.52,Corporate,Check-Out
BKG101463,Resort Hotel,2022-10-23,2023-01-10,2023-01-19,79,India,1,0.0,Deluxe,345.02,Online Travel Agent,Canceled
BKG101464,City Hotel,2024-03-24,2024-06-01,2024-06-04,69,Singapore,1,1.0,Standard,157.88,Offline Agent,Check-Out
BKG101465,Resort Hotel,2022-10-12,2022-11-02,2022-11-08,21,Singapore,1,0.0,Suite,111.16,Online Travel Agent,Canceled
BKG101466,Resort Hotel,2023-09-28,2023-10-20,2023-10-22,22,Canada,2,0.0,,159.21,,Check-Out
BKG101467,City Hotel,2023-02-03,2023-05-24,2023-05-26,110,Brazil,4,0.0,Standard,108.58,Direct,Canceled
BKG101468,City Hotel,2024-03-10,2024-07-14,2024-07-23,126,Germany,4,1.0,Standard,153.44,Online Travel Agent,Check-Out
BKG101469,City Hotel,2022-01-04,2022-05-30,2022-06-05,146,India,1,0.0,Suite,248.13,Offline Agent,Check-Out
BKG101470,City Hotel,2024-05-13,2024-06-06,2024-06-16,24,Singapore,1,2.0,Suite,99.37,Online Travel Agent,Check-Out
BKG101471,City Hotel,2022-02-03,2022-07-16,2022-07-22,163,France,2,0.0,Standard,215.75,Online Travel Agent,Check-Out
BKG101472,City Hotel,2022-11-04,2023-04-23,2023-04-26,170,UAE,3,1.0,Family,349.79,Online Travel Agent,No-Show
BKG101473,Resort Hotel,2023-01-08,2023-01-27,2023-02-04,19,France,3,0.0,Suite,177.99,Direct,Canceled
BKG101474,City Hotel,2024-06-09,2024-07-14,2024-07-23,35,UAE,1,0.0,Suite,92.88,Online Travel Agent,Check-Out
BKG101475,Resort Hotel,2022-08-06,2023-01-02,2023-01-04,149,Singapore,2,0.0,Suite,140.19,Corporate,Check-Out
BKG101476,City Hotel,2023-02-18,2023-02-28,2023-03-05,10,India,4,0.0,Deluxe,250.79,Online Travel Agent,Check-Out
BKG101477,City Hotel,2023-08-26,2023-08-27,2023-08-29,1,Australia,4,0.0,Standard,196.07,Corporate,Check-Out
BKG101478,Resort Hotel,2023-07-29,2023-09-30,2023-10-02,63,India,3,0.0,Family,113.69,Direct,Canceled
BKG101479,City Hotel,2022-05-10,2022-06-22,2022-07-01,43,,2,1.0,Deluxe,61.53,Offline Agent,Check-Out
BKG101480,City Hotel,2022-03-02,2022-06-20,2022-06-24,110,UAE,4,0.0,Deluxe,299.26,,No-Show
BKG101481,Resort Hotel,2023-02-26,2023-07-24,2023-07-29,148,Australia,3,,Suite,238.75,Offline Agent,Check-Out
BKG101482,Resort Hotel,2022-04-28,2022-08-09,2022-08-19,103,Brazil,2,0.0,Standard,260.48,Direct,Check-Out
BKG101483,Resort Hotel,2022-02-11,2022-04-11,2022-04-15,59,Germany,1,0.0,Suite,258.38,Online Travel Agent,Check-Out
BKG101484,Resort Hotel,2023-10-30,2023-12-22,2023-12-24,53,Canada,1,1.0,Deluxe,91.02,Direct,Canceled
BKG101485,City Hotel,2024-03-15,2024-04-15,2024-04-21,31,Canada,3,1.0,Deluxe,169.83,Direct,Check-Out
BKG101486,City Hotel,2022-12-28,2023-02-14,2023-02-18,48,,4,1.0,Suite,335.25,Online Travel Agent,Check-Out
BKG101487,City Hotel,2022-06-12,2022-06-27,2022-06-28,15,USA,4,2.0,Suite,143.83,Direct,Check-Out
BKG101488,City Hotel,2022-07-01,2022-10-18,2022-10-19,109,UAE,4,2.0,Suite,78.94,Direct,Check-Out
BKG101489,Resort Hotel,2023-12-06,2024-02-14,2024-02-22,70,Canada,4,0.0,Deluxe,106.53,Online Travel Agent,Canceled
BKG101490,Resort Hotel,2023-10-23,2024-02-24,2024-03-02,124,USA,2,2.0,Suite,207.81,Corporate,Check-Out
BKG101491,Resort Hotel,2023-12-08,2024-01-02,2024-01-07,25,Germany,3,1.0,Suite,65.89,Corporate,Canceled
BKG101492,Resort Hotel,2024-02-15,2024-08-04,2024-08-13,171,UK,2,1.0,Standard,343.46,Corporate,Canceled
BKG101493,Resort Hotel,2024-02-28,2024-07-18,2024-07-25,141,USA,3,0.0,Suite,199.5,Offline Agent,Check-Out
BKG101494,City Hotel,2024-04-03,2024-06-11,2024-06-21,69,USA,2,1.0,Family,254.25,Offline Agent,Check-Out
BKG101495,Resort Hotel,2022-09-08,2022-11-30,2022-12-01,83,,3,0.0,Suite,196.7,Offline Agent,Check-Out
BKG101496,Resort Hotel,2023-07-30,2023-08-03,2023-08-05,4,Australia,1,2.0,Standard,319.82,Direct,Check-Out
BKG101497,Resort Hotel,2023-07-02,2023-07-20,2023-07-22,18,Germany,4,0.0,Suite,124.01,Online Travel Agent,Check-Out
BKG101498,City Hotel,2022-01-12,2022-06-11,2022-06-18,150,Germany,1,0.0,Standard,246.48,Corporate,Canceled
BKG101499,Resort Hotel,2023-09-19,2023-10-19,2023-10-21,30,India,3,2.0,Family,215.7,Corporate,Check-Out
BKG101500,City Hotel,2023-11-05,2024-05-01,2024-05-02,178,USA,4,0.0,Standard,290.76,Direct,Canceled
BKG101501,Resort Hotel,2022-10-12,2022-10-12,2022-10-19,0,India,3,0.0,Standard,278.46,Online Travel Agent,Check-Out
BKG101502,Resort Hotel,2022-07-17,2022-08-30,2022-09-02,44,,2,0.0,Deluxe,272.41,Direct,Check-Out
BKG101503,Resort Hotel,2022-03-04,2022-08-20,2022-08-28,169,Germany,2,2.0,Suite,99.01,Corporate,Canceled
BKG101504,Resort Hotel,2023-03-19,2023-04-27,2023-04-29,39,UAE,2,1.0,Standard,169.64,Direct,Check-Out
BKG101505,City Hotel,2023-03-07,2023-04-03,2023-04-05,27,USA,2,0.0,Family,81.23,Direct,Check-Out
BKG101506,Resort Hotel,2022-06-20,2022-08-27,2022-09-05,68,Canada,3,1.0,Family,105.65,Direct,Check-Out
BKG101507,Resort Hotel,2024-03-24,2024-07-15,2024-07-20,113,Germany,3,0.0,Family,235.82,Corporate,Check-Out
BKG101508,Resort Hotel,2023-07-03,2023-10-30,2023-11-01,119,,1,0.0,Standard,321.24,,Check-Out
BKG101509,Resort Hotel,2023-10-28,2024-03-24,2024-03-27,148,UK,1,2.0,Deluxe,112.14,Online Travel Agent,Check-Out
BKG101510,City Hotel,2023-09-14,2024-01-31,2024-02-02,139,Singapore,2,2.0,Standard,220.16,Corporate,Check-Out
BKG101511,Resort Hotel,2023-07-17,2023-08-20,2023-08-23,34,UK,1,1.0,Deluxe,202.25,Online Travel Agent,Check-Out
BKG101512,City Hotel,2023-10-02,2024-01-23,2024-01-25,113,Canada,4,2.0,Deluxe,83.25,Corporate,No-Show
BKG101513,Resort Hotel,2022-12-12,2022-12-19,2022-12-20,7,India,1,0.0,Standard,284.84,Corporate,Check-Out
BKG101514,City Hotel,2024-01-31,2024-07-12,2024-07-22,163,USA,1,0.0,Family,259.51,,Check-Out
BKG101515,Resort Hotel,2023-10-08,2024-03-10,2024-03-11,154,Singapore,2,0.0,Suite,150.72,Corporate,Check-Out
BKG101516,Resort Hotel,2022-03-29,2022-08-15,2022-08-18,139,UK,4,0.0,,202.43,Corporate,Check-Out
BKG101517,City Hotel,2024-03-18,2024-03-28,2024-04-03,10,Canada,4,1.0,Standard,71.71,Online Travel Agent,Check-Out
BKG101518,City Hotel,2022-01-03,2022-06-21,2022-06-26,169,USA,2,1.0,Suite,160.15,Corporate,Check-Out
BKG101519,City Hotel,2023-02-19,2023-05-26,2023-06-05,96,,1,,Deluxe,179.76,Corporate,Check-Out
BKG101520,Resort Hotel,2022-02-20,2022-05-24,2022-05-29,93,Singapore,2,2.0,Standard,168.84,Offline Agent,Check-Out
BKG101521,Resort Hotel,2022-08-01,2022-10-01,2022-10-08,61,,4,2.0,Deluxe,162.97,Direct,Check-Out
BKG101522,Resort Hotel,2022-10-02,2022-10-14,2022-10-16,12,Singapore,4,0.0,Standard,302.12,Corporate,Check-Out
BKG101523,Resort Hotel,2022-09-22,2023-03-05,2023-03-08,164,Singapore,4,1.0,Deluxe,315.33,Offline Agent,Canceled
BKG101524,Resort Hotel,2022-07-12,2022-11-24,2022-11-26,135,UK,4,0.0,Family,130.25,Corporate,Canceled
BKG101525,Resort Hotel,2023-06-19,2023-11-12,2023-11-17,146,Australia,4,0.0,Deluxe,105.99,Corporate,Canceled
BKG101526,City Hotel,2024-05-15,2024-09-27,2024-10-04,135,,2,0.0,Family,149.78,Online Travel Agent,Canceled
BKG101527,City Hotel,2022-10-26,2023-04-05,2023-04-12,161,France,2,0.0,Standard,334.38,Direct,Check-Out
BKG101528,City Hotel,2022-08-23,2023-02-11,2023-02-17,172,,3,2.0,Standard,258.12,Online Travel Agent,Check-Out
BKG101529,Resort Hotel,2022-11-12,2023-02-25,2023-03-02,105,Germany,3,2.0,Standard,226.96,Corporate,Check-Out
BKG101530,Resort Hotel,2023-12-16,2024-04-22,2024-05-01,128,Canada,2,0.0,,156.15,Corporate,Check-Out
BKG101531,Resort Hotel,2023-12-05,2024-05-16,2024-05-17,163,Germany,3,0.0,Suite,119.35,Direct,Canceled
BKG101532,Resort Hotel,2022-09-21,2023-02-18,2023-02-24,150,USA,1,1.0,Standard,271.25,Online Travel Agent,Canceled
BKG101533,Resort Hotel,2023-04-11,2023-08-23,2023-08-31,134,Germany,1,2.0,Standard,74.02,Direct,Check-Out
BKG101534,Resort Hotel,2022-05-18,2022-08-29,2022-09-04,103,USA,2,,,315.89,Offline Agent,Canceled
BKG101535,Resort Hotel,2022-12-02,2023-03-11,2023-03-13,99,India,4,2.0,Deluxe,308.93,Direct,Canceled
BKG101536,Resort Hotel,2024-04-10,2024-04-17,2024-04-27,7,Singapore,1,0.0,Deluxe,285.8,Online Travel Agent,Check-Out
BKG101537,Resort Hotel,2023-01-22,2023-04-17,2023-04-25,85,Australia,4,,Standard,271.49,Direct,Check-Out
BKG101538,Resort Hotel,2023-09-17,2023-12-14,2023-12-17,88,USA,1,0.0,Suite,150.26,Online Travel Agent,Check-Out
BKG101539,Resort Hotel,2022-08-20,2022-10-18,2022-10-25,59,Australia,4,,,303.04,Direct,Canceled
BKG101540,City Hotel,2022-06-11,2022-08-05,2022-08-15,55,UAE,2,0.0,Suite,129.64,Offline Agent,Check-Out
BKG101541,Resort Hotel,2022-09-19,2022-09-28,2022-10-03,9,UAE,2,2.0,Standard,215.47,Corporate,Check-Out
BKG101542,Resort Hotel,2023-02-09,2023-05-29,2023-06-05,109,UK,1,2.0,Family,261.17,,Canceled
BKG101543,Resort Hotel,2022-07-17,2022-07-31,2022-08-09,14,,2,0.0,Family,173.27,Direct,Check-Out
BKG101544,City Hotel,2022-03-16,2022-06-06,2022-06-10,82,UAE,1,0.0,Suite,282.6,Online Travel Agent,Canceled
BKG101545,City Hotel,2023-06-06,2023-10-24,2023-10-27,140,Australia,4,,Deluxe,91.54,Direct,No-Show
BKG101546,Resort Hotel,2024-05-01,2024-07-07,2024-07-12,67,Singapore,1,0.0,Family,130.21,Direct,Check-Out
BKG101547,Resort Hotel,2022-09-01,2023-01-01,2023-01-10,122,UAE,2,1.0,Standard,73.37,Online Travel Agent,Check-Out
BKG101548,Resort Hotel,2023-01-15,2023-05-10,2023-05-11,115,France,1,2.0,Suite,166.79,Direct,Canceled
BKG101549,City Hotel,2024-01-02,2024-04-26,2024-05-01,115,,2,1.0,Family,279.3,Corporate,Canceled
BKG101550,City Hotel,2023-10-20,2024-03-22,2024-04-01,154,UK,4,0.0,Suite,317.85,Offline Agent,Check-Out
BKG101551,Resort Hotel,2023-08-06,2023-10-08,2023-10-11,63,Singapore,3,2.0,Suite,89.85,Direct,No-Show
BKG101552,City Hotel,2022-07-14,2022-08-10,2022-08-13,27,Australia,2,0.0,Standard,286.35,Offline Agent,Check-Out
BKG101553,City Hotel,2022-01-24,2022-06-15,2022-06-23,142,Australia,2,1.0,Standard,245.67,Offline Agent,Check-Out
BKG101554,City Hotel,2022-08-10,2022-10-28,2022-11-06,79,,2,2.0,Suite,235.95,Direct,Canceled
BKG101555,City Hotel,2023-06-17,2023-07-22,2023-07-31,35,Australia,1,0.0,,300.12,Direct,Canceled
BKG101556,Resort Hotel,2023-08-03,2024-01-06,2024-01-13,156,Australia,3,0.0,Suite,219.28,Direct,Check-Out
BKG101557,City Hotel,2022-09-30,2022-10-23,2022-11-01,23,USA,4,2.0,Deluxe,169.71,Online Travel Agent,Check-Out
BKG101558,City Hotel,2024-04-08,2024-07-26,2024-07-28,109,Brazil,2,0.0,Suite,294.1,Online Travel Agent,Check-Out
BKG101559,City Hotel,2022-07-16,2022-09-22,2022-09-29,68,Singapore,2,0.0,Suite,230.41,Online Travel Agent,Canceled
BKG101560,City Hotel,2024-05-02,2024-06-13,2024-06-21,42,,2,0.0,Family,61.89,Offline Agent,Check-Out
BKG101561,Resort Hotel,2022-02-26,2022-03-27,2022-04-03,29,Brazil,2,0.0,Suite,83.55,Online Travel Agent,Check-Out
BKG101562,Resort Hotel,2022-03-09,2022-06-13,2022-06-22,96,,1,2.0,Standard,248.0,Corporate,Check-Out
BKG101563,City Hotel,2023-02-22,2023-04-08,2023-04-17,45,UK,2,2.0,Standard,335.33,Corporate,Check-Out
BKG101564,City Hotel,2022-10-14,2022-12-22,2022-12-23,69,Australia,4,1.0,Deluxe,188.38,Online Travel Agent,Canceled
BKG101565,City Hotel,2023-04-05,2023-05-10,2023-05-17,35,India,4,0.0,Standard,232.93,Offline Agent,Canceled
BKG101566,Resort Hotel,2024-04-25,2024-08-24,2024-08-31,121,France,1,0.0,Standard,223.97,Offline Agent,Canceled
BKG101567,City Hotel,2023-11-22,2024-04-06,2024-04-11,136,Germany,1,0.0,Standard,117.55,Direct,No-Show
BKG101568,City Hotel,2022-11-18,2023-02-17,2023-02-20,91,USA,2,0.0,Family,325.59,,Check-Out
BKG101569,City Hotel,2022-07-29,2022-09-09,2022-09-11,42,USA,1,2.0,Deluxe,107.38,Offline Agent,Check-Out
BKG101570,City Hotel,2023-06-10,2023-11-28,2023-12-04,171,Australia,2,1.0,Standard,203.77,Direct,Check-Out
BKG101571,Resort Hotel,2022-03-18,2022-09-04,2022-09-13,170,UK,3,0.0,Suite,136.73,Online Travel Agent,Check-Out
BKG101572,City Hotel,2023-02-10,2023-04-26,2023-05-05,75,India,1,0.0,,185.04,Offline Agent,Check-Out
BKG101573,Resort Hotel,2022-09-14,2022-10-10,2022-10-17,26,Canada,4,2.0,Family,91.4,Direct,Canceled
BKG101574,Resort Hotel,2022-03-18,2022-03-21,2022-03-24,3,USA,1,1.0,Deluxe,319.34,Corporate,Check-Out
BKG101575,City Hotel,2023-03-06,2023-04-18,2023-04-28,43,Germany,3,1.0,Family,287.47,Direct,Canceled
BKG101576,City Hotel,2023-07-07,2023-09-07,2023-09-09,62,Australia,2,2.0,Standard,257.64,,Check-Out
BKG101577,City Hotel,2024-02-08,2024-06-02,2024-06-03,115,Australia,4,2.0,Standard,217.93,Offline Agent,Check-Out
BKG101578,Resort Hotel,2022-03-04,2022-06-15,2022-06-23,103,India,2,1.0,Suite,210.3,Online Travel Agent,Check-Out
BKG101579,City Hotel,2022-05-28,2022-06-18,2022-06-21,21,UK,2,0.0,Standard,242.46,Offline Agent,Check-Out
BKG101580,Resort Hotel,2023-11-07,2024-02-08,2024-02-09,93,France,3,2.0,Family,346.77,Direct,Canceled
BKG101581,City Hotel,2023-06-20,2023-12-03,2023-12-06,166,Canada,1,2.0,Standard,100.24,Corporate,Check-Out
BKG101582,Resort Hotel,2023-10-01,2024-03-04,2024-03-13,155,UK,3,2.0,Standard,311.74,Corporate,Canceled
BKG101583,City Hotel,2023-09-12,2024-03-07,2024-03-11,177,Singapore,4,2.0,Suite,267.86,Direct,Check-Out
BKG101584,City Hotel,2023-09-13,2023-12-08,2023-12-18,86,Singapore,1,0.0,Family,142.23,Online Travel Agent,Check-Out
BKG101585,City Hotel,2023-03-28,2023-04-20,2023-04-26,23,Canada,2,0.0,Family,319.61,Offline Agent,Check-Out
BKG101586,City Hotel,2024-02-27,2024-08-13,2024-08-16,168,USA,1,2.0,Standard,191.08,Offline Agent,Check-Out
BKG101587,City Hotel,2023-06-29,2023-11-02,2023-11-09,126,Singapore,2,2.0,Family,226.63,Direct,Canceled
BKG101588,Resort Hotel,2022-05-13,2022-08-02,2022-08-11,81,Singapore,2,1.0,Suite,348.32,Online Travel Agent,Check-Out
BKG101589,Resort Hotel,2022-07-10,2022-12-31,2023-01-04,174,UAE,3,0.0,Family,261.7,Offline Agent,Canceled
BKG101590,Resort Hotel,2022-12-06,2023-05-30,2023-06-07,175,France,1,,Deluxe,255.17,Corporate,Canceled
BKG101591,Resort Hotel,2022-10-02,2022-12-05,2022-12-08,64,UK,4,1.0,Suite,232.14,,Check-Out
BKG101592,Resort Hotel,2022-09-10,2023-02-19,2023-02-22,162,Germany,3,1.0,Standard,300.79,Corporate,Check-Out
BKG101593,City Hotel,2022-09-24,2022-10-14,2022-10-20,20,UK,2,2.0,Suite,280.83,Offline Agent,Check-Out
BKG101594,City Hotel,2023-08-13,2023-09-25,2023-10-02,43,USA,2,0.0,Deluxe,159.56,Online Travel Agent,Check-Out
BKG101595,City Hotel,2023-02-05,2023-05-10,2023-05-16,94,Singapore,1,1.0,Suite,210.49,Online Travel Agent,Check-Out
BKG101596,City Hotel,2024-02-14,2024-06-17,2024-06-22,124,Brazil,3,0.0,Standard,62.2,Online Travel Agent,Canceled
BKG101597,City Hotel,2022-04-26,2022-08-27,2022-09-06,123,Brazil,4,0.0,Deluxe,73.6,Corporate,Canceled
BKG101598,City Hotel,2022-03-30,2022-07-01,2022-07-05,93,Canada,4,0.0,Standard,85.58,Corporate,Canceled
BKG101599,Resort Hotel,2022-07-27,2022-08-23,2022-08-27,27,,2,0.0,Family,239.62,Online Travel Agent,Check-Out
BKG101600,City Hotel,2023-03-13,2023-07-05,2023-07-11,114,UK,1,0.0,Standard,338.34,Corporate,No-Show
BKG101601,Resort Hotel,2024-03-22,2024-04-13,2024-04-14,22,Brazil,3,0.0,Family,192.42,Online Travel Agent,Check-Out
BKG101602,Resort Hotel,2024-05-04,2024-06-06,2024-06-14,33,Singapore,1,0.0,Suite,164.69,Offline Agent,Check-Out
BKG101603,City Hotel,2022-05-21,2022-08-13,2022-08-22,84,Brazil,4,1.0,Family,76.93,,Check-Out
BKG101604,City Hotel,2022-10-14,2022-12-29,2023-01-01,76,France,2,1.0,Suite,264.77,Offline Agent,No-Show
BKG101605,City Hotel,2024-03-26,2024-06-15,2024-06-25,81,Brazil,3,0.0,,205.59,Online Travel Agent,Canceled
BKG101606,Resort Hotel,2023-03-15,2023-06-08,2023-06-09,85,UK,2,0.0,Suite,315.92,Corporate,Check-Out
BKG101607,Resort Hotel,2023-08-24,2024-02-05,2024-02-09,165,UAE,1,0.0,,98.03,Online Travel Agent,Check-Out
BKG101608,City Hotel,2022-11-28,2023-02-23,2023-03-03,87,Singapore,1,2.0,Deluxe,119.19,Online Travel Agent,Check-Out
BKG101609,City Hotel,2022-10-19,2023-03-01,2023-03-10,133,UK,4,1.0,Family,230.07,Direct,Check-Out
BKG101610,Resort Hotel,2023-10-15,2024-02-04,2024-02-09,112,UAE,4,0.0,,276.6,Corporate,Check-Out
BKG101611,Resort Hotel,2022-03-13,2022-07-25,2022-07-29,134,UK,2,2.0,Deluxe,294.24,Online Travel Agent,Check-Out
BKG101612,City Hotel,2023-09-14,2023-10-20,2023-10-21,36,India,3,2.0,Standard,86.86,Direct,Check-Out
BKG101613,Resort Hotel,2023-05-17,2023-06-26,2023-06-30,40,,4,0.0,Family,67.03,Online Travel Agent,Check-Out
BKG101614,City Hotel,2022-07-01,2022-08-16,2022-08-22,46,Singapore,4,1.0,Suite,153.05,Offline Agent,Check-Out
BKG101615,City Hotel,2022-06-08,2022-11-01,2022-11-02,146,Australia,3,,Deluxe,239.4,,Check-Out
BKG101616,City Hotel,2023-07-17,2023-09-01,2023-09-09,46,Germany,1,1.0,Deluxe,110.91,Offline Agent,Canceled
BKG101617,Resort Hotel,2024-01-16,2024-03-11,2024-03-21,55,UK,2,0.0,Deluxe,154.49,Offline Agent,Canceled
BKG101618,Resort Hotel,2022-04-14,2022-08-01,2022-08-07,109,Germany,1,0.0,,128.52,,Check-Out
BKG101619,City Hotel,2023-12-21,2024-02-21,2024-03-02,62,France,2,0.0,Family,221.22,Online Travel Agent,Check-Out
BKG101620,City Hotel,2023-10-23,2024-02-18,2024-02-26,118,Germany,2,,,294.39,Corporate,Check-Out
BKG101621,City Hotel,2022-09-17,2023-02-11,2023-02-19,147,India,1,0.0,Deluxe,319.05,Direct,Check-Out
BKG101622,City Hotel,2022-06-15,2022-06-29,2022-07-05,14,USA,2,2.0,Deluxe,195.87,Offline Agent,Canceled
BKG101623,Resort Hotel,2024-04-17,2024-07-09,2024-07-12,83,UK,2,0.0,Suite,103.28,Offline Agent,Canceled
BKG101624,Resort Hotel,2024-01-14,2024-01-27,2024-02-05,13,France,2,0.0,Family,70.92,Offline Agent,Check-Out
BKG101625,City Hotel,2023-06-03,2023-10-26,2023-11-03,145,Singapore,3,0.0,Suite,261.06,Direct,Check-Out
BKG101626,City Hotel,2023-07-02,2023-10-10,2023-10-11,100,Germany,1,0.0,,65.03,Online Travel Agent,Canceled
BKG101627,Resort Hotel,2024-05-25,2024-10-18,2024-10-24,146,Germany,1,1.0,Standard,79.26,Online Travel Agent,Canceled
BKG101628,Resort Hotel,2023-10-21,2024-03-16,2024-03-19,147,Canada,3,0.0,Suite,86.82,Direct,Check-Out
BKG101629,City Hotel,2024-04-23,2024-06-12,2024-06-13,50,USA,4,1.0,,83.97,Direct,Check-Out
BKG101630,City Hotel,2023-10-11,2023-11-18,2023-11-21,38,Australia,1,0.0,,105.65,Direct,Check-Out
BKG101631,Resort Hotel,2023-09-13,2024-03-03,2024-03-05,172,UK,1,0.0,Deluxe,170.95,,Check-Out
BKG101632,City Hotel,2024-01-09,2024-01-17,2024-01-25,8,Germany,2,0.0,Deluxe,251.9,Direct,Check-Out
BKG101633,Resort Hotel,2023-08-09,2023-09-27,2023-10-04,49,UK,4,0.0,Family,120.44,Corporate,Canceled
BKG101634,Resort Hotel,2022-04-17,2022-05-25,2022-05-30,38,Singapore,2,0.0,,86.13,Direct,Canceled
BKG101635,City Hotel,2024-05-30,2024-06-01,2024-06-11,2,Australia,3,0.0,,103.54,Online Travel Agent,Canceled
BKG101636,Resort Hotel,2023-08-29,2023-10-17,2023-10-23,49,India,3,1.0,Deluxe,303.5,Corporate,Check-Out
BKG101637,City Hotel,2023-12-13,2024-05-10,2024-05-18,149,USA,1,0.0,Deluxe,126.37,Corporate,Check-Out
BKG101638,Resort Hotel,2023-01-03,2023-05-23,2023-05-29,140,Germany,3,1.0,Standard,149.01,Corporate,Canceled
BKG101639,City Hotel,2024-01-31,2024-03-10,2024-03-11,39,USA,2,1.0,Suite,329.75,Direct,Check-Out
BKG101640,Resort Hotel,2023-07-25,2023-11-28,2023-12-03,126,,1,0.0,Standard,233.73,Offline Agent,Check-Out
BKG101641,City Hotel,2023-08-28,2023-09-02,2023-09-09,5,Singapore,2,0.0,Standard,96.68,Corporate,Check-Out
BKG101642,Resort Hotel,2024-06-03,2024-07-13,2024-07-14,40,USA,2,0.0,Standard,69.39,Corporate,Canceled
BKG101643,City Hotel,2023-02-20,2023-06-27,2023-07-07,127,Brazil,4,,Standard,182.72,Corporate,Check-Out
BKG101644,Resort Hotel,2023-11-25,2024-02-22,2024-02-28,89,France,3,1.0,Family,304.62,Online Travel Agent,Check-Out
BKG101645,Resort Hotel,2024-04-09,2024-06-12,2024-06-20,64,USA,4,0.0,Standard,92.06,Online Travel Agent,Check-Out
BKG101646,City Hotel,2024-04-05,2024-07-19,2024-07-28,105,USA,2,0.0,Family,190.3,Direct,Check-Out
BKG101647,Resort Hotel,2022-02-13,2022-07-02,2022-07-03,139,Brazil,1,0.0,Standard,189.85,Online Travel Agent,No-Show
BKG101648,City Hotel,2023-12-23,2024-01-07,2024-01-15,15,Canada,1,,Standard,207.43,Direct,Check-Out
BKG101649,City Hotel,2023-12-31,2024-02-27,2024-03-04,58,UAE,1,0.0,,295.77,Offline Agent,Check-Out
BKG101650,City Hotel,2024-03-31,2024-07-11,2024-07-14,102,UK,1,0.0,Suite,67.19,Corporate,Check-Out
BKG101651,Resort Hotel,2023-12-22,2024-04-09,2024-04-19,109,Singapore,3,1.0,Standard,68.61,Corporate,Check-Out
BKG101652,City Hotel,2023-11-19,2024-01-09,2024-01-19,51,France,4,0.0,Family,298.55,Offline Agent,Check-Out
BKG101653,Resort Hotel,2022-06-02,2022-06-22,2022-06-28,20,Canada,1,2.0,Standard,129.76,Online Travel Agent,Check-Out
BKG101654,City Hotel,2022-09-30,2023-01-11,2023-01-18,103,Brazil,4,0.0,Standard,150.07,,Canceled
BKG101655,City Hotel,2022-02-21,2022-06-15,2022-06-25,114,India,4,1.0,Standard,96.05,Corporate,Check-Out
BKG101656,Resort Hotel,2023-07-11,2023-11-29,2023-12-01,141,USA,3,2.0,Suite,60.88,Direct,Check-Out
BKG101657,City Hotel,2023-09-18,2024-02-20,2024-02-29,155,Australia,1,,Family,146.31,Direct,Check-Out
BKG101658,City Hotel,2022-07-23,2022-11-18,2022-11-28,118,Brazil,4,0.0,Suite,295.96,Online Travel Agent,Check-Out
BKG101659,Resort Hotel,2023-01-27,2023-02-21,2023-02-24,25,Canada,2,,Family,143.13,Corporate,Check-Out
BKG101660,City Hotel,2024-04-30,2024-06-13,2024-06-19,44,Brazil,4,0.0,,121.17,Offline Agent,Canceled
BKG101661,City Hotel,2022-03-10,2022-05-16,2022-05-19,67,India,4,,Family,67.63,Direct,Check-Out
BKG101662,Resort Hotel,2023-02-25,2023-03-11,2023-03-14,14,Germany,1,0.0,Suite,87.57,Offline Agent,Canceled
BKG101663,City Hotel,2022-04-25,2022-05-16,2022-05-24,21,Singapore,1,2.0,Standard,206.06,Online Travel Agent,No-Show
BKG101664,City Hotel,2023-02-13,2023-04-20,2023-04-25,66,UAE,2,0.0,Deluxe,279.77,Offline Agent,No-Show
BKG101665,City Hotel,2023-01-18,2023-05-10,2023-05-11,112,Singapore,2,,Standard,295.44,,Check-Out
BKG101666,Resort Hotel,2023-04-30,2023-10-17,2023-10-19,170,France,2,0.0,Family,170.27,Online Travel Agent,Canceled
BKG101667,Resort Hotel,2023-11-16,2023-12-07,2023-12-10,21,Brazil,4,2.0,Family,138.42,,Check-Out
BKG101668,City Hotel,2024-02-10,2024-05-20,2024-05-30,100,Germany,4,0.0,Standard,137.47,Corporate,Canceled
BKG101669,City Hotel,2022-04-01,2022-08-27,2022-09-03,148,Singapore,1,0.0,Deluxe,183.87,Direct,Check-Out
BKG101670,City Hotel,2023-11-22,2024-05-16,2024-05-25,176,USA,2,,Family,269.63,Offline Agent,Check-Out
BKG101671,City Hotel,2023-10-18,2023-10-29,2023-11-08,11,Australia,4,0.0,Deluxe,302.18,Corporate,Canceled
BKG101672,Resort Hotel,2023-03-16,2023-03-22,2023-03-27,6,Canada,4,2.0,Standard,150.59,Direct,Check-Out
BKG101673,Resort Hotel,2022-04-15,2022-07-22,2022-07-25,98,Australia,2,,Suite,228.2,Direct,Check-Out
BKG101674,Resort Hotel,2023-08-11,2023-10-06,2023-10-11,56,Brazil,4,2.0,Standard,262.04,Offline Agent,Check-Out
BKG101675,Resort Hotel,2022-09-22,2023-01-01,2023-01-09,101,Australia,2,2.0,Standard,189.1,Online Travel Agent,Check-Out
BKG101676,Resort Hotel,2022-03-17,2022-05-10,2022-05-12,54,Germany,2,0.0,Family,251.74,Online Travel Agent,Check-Out
BKG101677,Resort Hotel,2023-05-02,2023-08-14,2023-08-15,104,France,3,0.0,Suite,344.49,Online Travel Agent,Check-Out
BKG101678,City Hotel,2024-03-09,2024-09-04,2024-09-05,179,France,2,0.0,Family,322.86,Direct,Check-Out
BKG101679,City Hotel,2023-09-24,2023-10-18,2023-10-25,24,France,3,0.0,Standard,313.18,Offline Agent,Check-Out
BKG101680,City Hotel,2022-03-06,2022-07-04,2022-07-12,120,Brazil,1,2.0,Standard,96.77,Online Travel Agent,Canceled
BKG101681,City Hotel,2023-04-18,2023-09-06,2023-09-09,141,Australia,1,0.0,Standard,83.09,Direct,Canceled
BKG101682,Resort Hotel,2023-09-30,2023-11-16,2023-11-23,47,Brazil,4,0.0,Family,218.32,Offline Agent,Check-Out
BKG101683,City Hotel,2023-06-03,2023-09-08,2023-09-18,97,UAE,3,0.0,Standard,154.92,Online Travel Agent,Check-Out
BKG101684,Resort Hotel,2022-05-19,2022-10-19,2022-10-22,153,Australia,1,1.0,Standard,348.46,Corporate,Check-Out
BKG101685,City Hotel,2023-05-01,2023-05-21,2023-05-28,20,Germany,1,0.0,Family,301.43,Corporate,Check-Out
BKG101686,City Hotel,2023-12-28,2024-06-10,2024-06-13,165,UAE,1,,Standard,227.99,Offline Agent,Check-Out
BKG101687,City Hotel,2022-02-20,2022-02-26,2022-03-08,6,UK,3,0.0,Standard,146.63,Corporate,Canceled
BKG101688,Resort Hotel,2023-01-20,2023-07-13,2023-07-18,174,UAE,4,1.0,Family,204.28,Corporate,Check-Out
BKG101689,City Hotel,2024-04-19,2024-07-07,2024-07-13,79,UAE,4,0.0,,202.11,,Canceled
BKG101690,Resort Hotel,2022-11-12,2023-02-01,2023-02-05,81,Australia,2,2.0,Deluxe,293.53,Direct,Canceled
BKG101691,Resort Hotel,2023-01-14,2023-03-21,2023-03-28,66,Australia,4,,Suite,307.74,Corporate,Check-Out
BKG101692,Resort Hotel,2023-02-11,2023-07-22,2023-07-28,161,Australia,3,0.0,Deluxe,328.35,Direct,Check-Out
BKG101693,City Hotel,2022-06-05,2022-08-19,2022-08-22,75,Canada,4,1.0,Suite,339.66,Offline Agent,Check-Out
BKG101694,Resort Hotel,2022-11-20,2023-04-25,2023-04-27,156,France,4,,Standard,90.06,Online Travel Agent,Check-Out
BKG101695,Resort Hotel,2024-05-22,2024-09-27,2024-10-02,128,USA,4,0.0,Family,61.77,Offline Agent,Check-Out
BKG101696,City Hotel,2023-05-22,2023-10-12,2023-10-15,143,,2,0.0,Standard,110.14,Corporate,Check-Out
BKG101697,Resort Hotel,2024-01-06,2024-04-19,2024-04-24,104,UK,2,1.0,Standard,82.08,Direct,Check-Out
BKG101698,City Hotel,2022-08-23,2022-12-23,2022-12-29,122,Singapore,2,1.0,Standard,160.26,Offline Agent,Check-Out
BKG101699,Resort Hotel,2024-04-18,2024-09-27,2024-09-30,162,France,3,0.0,Deluxe,334.92,Online Travel Agent,Check-Out
BKG101700,City Hotel,2023-12-13,2024-02-10,2024-02-19,59,India,3,0.0,Standard,164.99,Offline Agent,Check-Out
BKG101701,Resort Hotel,2023-10-31,2024-02-02,2024-02-07,94,USA,4,0.0,Standard,274.53,Direct,Canceled
BKG101702,Resort Hotel,2022-06-07,2022-09-29,2022-10-04,114,Canada,4,2.0,Family,272.7,Offline Agent,Canceled
BKG101703,Resort Hotel,2022-09-06,2023-02-23,2023-02-28,170,Singapore,2,1.0,Family,109.22,Direct,Canceled
BKG101704,City Hotel,2023-05-02,2023-07-31,2023-08-01,90,Germany,1,0.0,Standard,235.95,Corporate,Check-Out
BKG101705,Resort Hotel,2023-10-13,2023-12-01,2023-12-02,49,UAE,4,2.0,Deluxe,348.36,Corporate,Check-Out
BKG101706,Resort Hotel,2022-08-23,2022-11-15,2022-11-19,84,Singapore,3,0.0,Standard,70.37,Offline Agent,Check-Out
BKG101707,Resort Hotel,2023-06-02,2023-08-14,2023-08-23,73,France,1,1.0,Suite,160.15,Corporate,Canceled
BKG101708,Resort Hotel,2023-01-04,2023-03-11,2023-03-16,66,Singapore,4,0.0,Suite,299.5,Online Travel Agent,Check-Out
BKG101709,City Hotel,2023-09-27,2023-11-21,2023-11-29,55,Germany,1,0.0,,246.12,Direct,Check-Out
BKG101710,City Hotel,2023-05-30,2023-10-08,2023-10-13,131,,4,2.0,Deluxe,224.69,Online Travel Agent,Check-Out
BKG101711,City Hotel,2022-11-19,2023-03-22,2023-04-01,123,UK,2,1.0,Suite,90.35,Offline Agent,Check-Out
BKG101712,Resort Hotel,2024-04-09,2024-05-01,2024-05-11,22,Germany,4,0.0,Deluxe,110.76,Offline Agent,Check-Out
BKG101713,City Hotel,2022-08-30,2022-10-29,2022-11-08,60,India,1,0.0,Family,342.98,Direct,Canceled
BKG101714,Resort Hotel,2023-08-04,2023-09-26,2023-09-29,53,UK,1,,Deluxe,221.54,Online Travel Agent,Check-Out
BKG101715,Resort Hotel,2022-04-30,2022-05-03,2022-05-06,3,USA,2,0.0,Family,317.8,Offline Agent,Check-Out
BKG101716,Resort Hotel,2022-04-28,2022-05-09,2022-05-10,11,France,4,,Deluxe,95.29,Corporate,Check-Out
BKG101717,City Hotel,2022-04-06,2022-06-18,2022-06-19,73,Germany,2,2.0,Standard,143.92,Online Travel Agent,Canceled
BKG101718,City Hotel,2022-10-10,2023-01-25,2023-02-03,107,Brazil,2,0.0,Suite,151.31,Online Travel Agent,Check-Out
BKG101719,City Hotel,2022-07-23,2022-07-27,2022-08-04,4,UAE,4,,Family,61.02,Offline Agent,Canceled
BKG101720,City Hotel,2022-12-06,2022-12-11,2022-12-12,5,Australia,4,1.0,Suite,342.01,Online Travel Agent,Check-Out
BKG101721,Resort Hotel,2023-10-25,2024-02-02,2024-02-08,100,,3,0.0,,265.6,Offline Agent,Check-Out
BKG101722,Resort Hotel,2022-04-13,2022-07-24,2022-08-03,102,UAE,3,2.0,Deluxe,196.14,Offline Agent,Check-Out
BKG101723,City Hotel,2022-07-27,2022-10-10,2022-10-19,75,UK,2,1.0,Family,214.95,Offline Agent,Canceled
BKG101724,Resort Hotel,2023-06-25,2023-08-23,2023-09-01,59,Canada,4,2.0,Family,221.07,Online Travel Agent,Check-Out
BKG101725,Resort Hotel,2023-01-15,2023-06-15,2023-06-22,151,Brazil,2,,Family,191.52,Offline Agent,Check-Out
BKG101726,City Hotel,2023-09-01,2023-10-31,2023-11-03,60,Canada,1,0.0,Deluxe,98.48,Offline Agent,Check-Out
BKG101727,City Hotel,2022-03-22,2022-08-10,2022-08-11,141,UAE,3,0.0,Suite,332.82,Corporate,No-Show
BKG101728,Resort Hotel,2022-05-01,2022-08-26,2022-09-03,117,Canada,4,0.0,Suite,264.76,Offline Agent,Check-Out
BKG101729,City Hotel,2024-03-13,2024-04-01,2024-04-03,19,UK,2,0.0,Family,86.65,Corporate,Check-Out
BKG101730,City Hotel,2022-05-25,2022-10-26,2022-11-03,154,India,3,2.0,Suite,230.41,Corporate,Check-Out
BKG101731,Resort Hotel,2022-05-16,2022-06-11,2022-06-20,26,UAE,3,0.0,Family,168.13,Direct,Check-Out
BKG101732,Resort Hotel,2023-08-15,2023-09-20,2023-09-23,36,India,3,1.0,Standard,300.85,Offline Agent,Check-Out
BKG101733,Resort Hotel,2023-12-23,2024-03-19,2024-03-26,87,UK,3,0.0,Suite,193.21,Offline Agent,No-Show
BKG101734,Resort Hotel,2023-05-31,2023-07-11,2023-07-20,41,Canada,3,0.0,Deluxe,61.47,,Check-Out
BKG101735,Resort Hotel,2024-01-05,2024-04-29,2024-05-03,115,Australia,1,0.0,Suite,348.17,Online Travel Agent,Check-Out
BKG101736,City Hotel,2022-03-02,2022-05-30,2022-06-08,89,,1,0.0,Deluxe,93.69,Offline Agent,Canceled
BKG101737,Resort Hotel,2022-04-22,2022-10-07,2022-10-09,168,,3,0.0,Deluxe,183.95,Offline Agent,Check-Out
BKG101738,City Hotel,2023-08-07,2023-09-10,2023-09-14,34,Brazil,1,0.0,Suite,194.09,Online Travel Agent,Check-Out
BKG101739,City Hotel,2023-05-11,2023-07-15,2023-07-17,65,Germany,3,2.0,Deluxe,266.3,Offline Agent,Check-Out
BKG101740,City Hotel,2023-07-23,2023-12-16,2023-12-20,146,France,4,0.0,Family,98.14,Online Travel Agent,Check-Out
BKG101741,City Hotel,2024-01-21,2024-02-12,2024-02-22,22,Singapore,2,1.0,Standard,118.63,Direct,Canceled
BKG101742,City Hotel,2024-01-13,2024-01-31,2024-02-01,18,Singapore,3,0.0,Family,73.17,Direct,Check-Out
BKG101743,Resort Hotel,2022-03-12,2022-07-09,2022-07-14,119,UAE,2,0.0,Deluxe,186.98,Offline Agent,Check-Out
BKG101744,City Hotel,2023-02-20,2023-04-30,2023-05-09,69,Germany,4,0.0,Deluxe,276.15,Corporate,Canceled
BKG101745,Resort Hotel,2023-07-09,2023-11-14,2023-11-18,128,Australia,3,0.0,Suite,152.2,Offline Agent,Canceled
BKG101746,City Hotel,2023-07-08,2023-07-20,2023-07-26,12,France,3,0.0,Standard,189.2,,Check-Out
BKG101747,Resort Hotel,2023-09-27,2023-12-21,2023-12-27,85,Germany,1,0.0,Deluxe,338.67,Online Travel Agent,Check-Out
BKG101748,City Hotel,2023-07-08,2023-10-01,2023-10-07,85,India,1,0.0,Standard,203.08,Direct,Check-Out
BKG101749,Resort Hotel,2022-03-27,2022-04-21,2022-04-29,25,UK,4,0.0,,234.3,,Canceled
BKG101750,Resort Hotel,2023-04-01,2023-09-22,2023-09-29,174,Australia,1,0.0,Suite,108.78,Direct,Check-Out
BKG101751,Resort Hotel,2022-10-02,2023-03-29,2023-03-31,178,,2,,Family,318.96,Corporate,Canceled
BKG101752,Resort Hotel,2023-08-03,2023-11-02,2023-11-03,91,,1,0.0,Suite,309.38,Online Travel Agent,Check-Out
BKG101753,City Hotel,2024-06-02,2024-07-18,2024-07-24,46,,3,1.0,Family,243.78,Corporate,Check-Out
BKG101754,City Hotel,2024-05-04,2024-09-07,2024-09-09,126,Brazil,4,,Standard,304.91,Corporate,Canceled
BKG101755,Resort Hotel,2023-08-28,2024-02-16,2024-02-22,172,India,1,0.0,Standard,253.26,Offline Agent,Check-Out
BKG101756,Resort Hotel,2023-11-25,2024-05-02,2024-05-06,159,India,3,0.0,Suite,118.95,Corporate,Check-Out
BKG101757,City Hotel,2022-02-02,2022-03-28,2022-04-04,54,USA,1,2.0,Standard,237.36,Corporate,Check-Out
BKG101758,Resort Hotel,2022-04-07,2022-06-02,2022-06-08,56,,2,2.0,Suite,164.16,Direct,Check-Out
BKG101759,Resort Hotel,2023-02-02,2023-02-20,2023-02-21,18,India,1,1.0,Family,339.49,Offline Agent,Canceled
BKG101760,City Hotel,2024-04-24,2024-09-11,2024-09-12,140,,1,2.0,Suite,172.19,Online Travel Agent,Canceled
BKG101761,Resort Hotel,2022-09-05,2023-01-05,2023-01-14,122,Germany,3,0.0,Suite,267.83,Corporate,Check-Out
BKG101762,City Hotel,2023-01-19,2023-03-17,2023-03-18,57,,1,1.0,Suite,202.33,Corporate,Check-Out
BKG101763,City Hotel,2022-06-14,2022-11-23,2022-11-29,162,UAE,1,0.0,Suite,203.04,,Canceled
BKG101764,Resort Hotel,2022-07-08,2022-09-19,2022-09-21,73,UK,4,2.0,Deluxe,133.88,Direct,Canceled
BKG101765,Resort Hotel,2022-11-12,2023-02-04,2023-02-06,84,Brazil,1,0.0,Standard,273.8,Offline Agent,Canceled
BKG101766,City Hotel,2022-02-17,2022-05-19,2022-05-23,91,Singapore,1,2.0,Suite,221.18,,Check-Out
BKG101767,Resort Hotel,2022-04-30,2022-05-22,2022-05-29,22,Brazil,4,1.0,Standard,123.78,Corporate,Canceled
BKG101768,Resort Hotel,2022-12-09,2023-04-04,2023-04-10,116,,4,0.0,Deluxe,308.59,Offline Agent,Check-Out
BKG101769,Resort Hotel,2023-02-09,2023-02-20,2023-02-24,11,India,2,1.0,Deluxe,254.6,Offline Agent,Check-Out
BKG101770,Resort Hotel,2023-06-18,2023-08-04,2023-08-06,47,Brazil,3,1.0,Deluxe,345.16,Online Travel Agent,Canceled
BKG101771,Resort Hotel,2022-04-28,2022-05-21,2022-05-27,23,UK,2,0.0,Deluxe,266.97,Offline Agent,Canceled
BKG101772,Resort Hotel,2022-06-22,2022-07-17,2022-07-27,25,Singapore,2,0.0,Family,162.25,Online Travel Agent,Check-Out
BKG101773,Resort Hotel,2023-08-03,2023-08-27,2023-09-03,24,Singapore,1,0.0,Suite,205.91,,Check-Out
BKG101774,Resort Hotel,2022-03-25,2022-08-22,2022-08-28,150,Australia,4,1.0,,108.57,Online Travel Agent,Canceled
BKG101775,Resort Hotel,2024-03-02,2024-05-27,2024-05-31,86,USA,4,2.0,Family,282.02,Direct,Check-Out
BKG101776,City Hotel,2023-08-19,2023-12-19,2023-12-22,122,India,3,,Standard,338.82,Direct,Check-Out
BKG101777,Resort Hotel,2024-02-12,2024-06-13,2024-06-16,122,,1,0.0,Suite,111.51,Direct,Check-Out
BKG101778,City Hotel,2024-05-08,2024-07-05,2024-07-08,58,France,2,0.0,Family,133.07,,Check-Out
BKG101779,City Hotel,2024-01-19,2024-02-21,2024-03-01,33,Brazil,1,0.0,Deluxe,182.22,Online Travel Agent,Check-Out
BKG101780,Resort Hotel,2024-01-24,2024-07-02,2024-07-03,160,France,2,0.0,Deluxe,243.87,,Canceled
BKG101781,Resort Hotel,2022-05-14,2022-09-03,2022-09-11,112,Germany,3,0.0,Suite,261.68,Direct,Check-Out
BKG101782,Resort Hotel,2024-03-06,2024-04-08,2024-04-17,33,Australia,1,1.0,,157.28,Offline Agent,Check-Out
BKG101783,City Hotel,2023-11-30,2023-12-14,2023-12-20,14,Australia,2,1.0,Standard,192.51,Direct,Check-Out
BKG101784,Resort Hotel,2022-03-14,2022-09-05,2022-09-06,175,Canada,2,2.0,Suite,86.0,Offline Agent,Canceled
BKG101785,Resort Hotel,2022-02-11,2022-03-23,2022-04-02,40,France,2,0.0,Deluxe,333.79,Corporate,Check-Out
BKG101786,Resort Hotel,2023-02-01,2023-05-12,2023-05-15,100,USA,2,2.0,Family,83.54,Offline Agent,Check-Out
BKG101787,City Hotel,2022-02-27,2022-05-31,2022-06-07,93,,3,1.0,Standard,304.02,Offline Agent,Check-Out
BKG101788,City Hotel,2023-02-08,2023-03-19,2023-03-21,39,Brazil,4,0.0,Suite,164.88,Corporate,Check-Out
BKG101789,Resort Hotel,2022-02-07,2022-05-30,2022-06-06,112,Germany,4,,Family,258.61,Corporate,Check-Out
BKG101790,Resort Hotel,2023-10-25,2024-03-27,2024-04-03,154,Australia,2,1.0,Deluxe,115.03,Offline Agent,Canceled
BKG101791,City Hotel,2022-05-01,2022-05-23,2022-05-28,22,UK,2,0.0,Suite,122.77,Corporate,Check-Out
BKG101792,Resort Hotel,2022-06-04,2022-06-29,2022-07-08,25,Brazil,1,,Family,273.14,Direct,Check-Out
BKG101793,City Hotel,2024-01-12,2024-03-31,2024-04-02,79,Germany,4,0.0,Deluxe,123.97,Corporate,Canceled
BKG101794,Resort Hotel,2022-07-11,2022-10-12,2022-10-13,93,France,3,,Deluxe,128.4,Online Travel Agent,Canceled
BKG101795,Resort Hotel,2022-09-04,2022-09-23,2022-09-25,19,UAE,3,2.0,Suite,204.86,Corporate,Canceled
BKG101796,City Hotel,2024-03-08,2024-06-15,2024-06-25,99,Australia,3,1.0,Suite,155.94,Corporate,Canceled
BKG101797,City Hotel,2023-01-05,2023-03-07,2023-03-14,61,Australia,3,2.0,Family,196.93,Offline Agent,No-Show
BKG101798,City Hotel,2022-03-07,2022-06-25,2022-06-29,110,France,3,0.0,Suite,82.93,Online Travel Agent,Check-Out
BKG101799,City Hotel,2022-01-09,2022-06-04,2022-06-10,146,UK,3,2.0,Family,85.39,Direct,Check-Out
BKG101800,Resort Hotel,2023-01-16,2023-06-12,2023-06-19,147,USA,4,0.0,Deluxe,304.83,Online Travel Agent,Check-Out
BKG101801,City Hotel,2022-10-10,2022-11-13,2022-11-17,34,,3,2.0,Family,346.32,Online Travel Agent,Canceled
BKG101802,Resort Hotel,2022-10-20,2022-11-02,2022-11-07,13,Australia,2,0.0,Standard,289.87,Corporate,Canceled
BKG101803,City Hotel,2022-11-13,2023-01-06,2023-01-07,54,Germany,4,2.0,Standard,179.67,Online Travel Agent,Check-Out
BKG101804,Resort Hotel,2023-10-24,2024-04-16,2024-04-18,175,UK,4,2.0,Standard,298.37,Online Travel Agent,Check-Out
BKG101805,City Hotel,2023-07-17,2023-11-08,2023-11-10,114,,3,0.0,Deluxe,105.36,Offline Agent,Canceled
BKG101806,City Hotel,2023-06-02,2023-09-27,2023-10-02,117,Germany,3,,Deluxe,74.1,Online Travel Agent,Check-Out
BKG101807,Resort Hotel,2023-02-25,2023-05-23,2023-05-26,87,Brazil,2,1.0,Family,194.21,Offline Agent,Check-Out
BKG101808,Resort Hotel,2023-02-21,2023-04-10,2023-04-14,48,India,4,,Suite,92.33,Direct,Canceled
BKG101809,Resort Hotel,2023-07-04,2023-07-20,2023-07-21,16,India,3,,Standard,248.23,,Check-Out
BKG101810,City Hotel,2023-11-30,2024-01-14,2024-01-17,45,Germany,1,0.0,Standard,114.03,Offline Agent,Check-Out
BKG101811,Resort Hotel,2022-11-05,2023-01-02,2023-01-12,58,Canada,1,0.0,Deluxe,281.29,Online Travel Agent,Check-Out
BKG101812,City Hotel,2022-07-22,2022-10-26,2022-11-05,96,UK,3,0.0,Standard,265.66,Direct,Check-Out
BKG101813,City Hotel,2023-10-09,2024-02-10,2024-02-14,124,Germany,3,0.0,Deluxe,268.55,Direct,Check-Out
BKG101814,Resort Hotel,2023-10-18,2024-04-12,2024-04-20,177,India,2,2.0,Suite,115.13,Corporate,Canceled
BKG101815,City Hotel,2023-12-09,2024-06-03,2024-06-07,177,Australia,3,0.0,,97.47,Corporate,No-Show
BKG101816,Resort Hotel,2023-04-26,2023-08-05,2023-08-07,101,Singapore,1,2.0,Deluxe,343.08,Offline Agent,Check-Out
BKG101817,Resort Hotel,2024-03-17,2024-04-16,2024-04-25,30,India,2,0.0,,170.53,Online Travel Agent,Check-Out
BKG101818,Resort Hotel,2022-04-13,2022-07-12,2022-07-21,90,USA,2,2.0,Family,256.55,Offline Agent,Canceled
BKG101819,City Hotel,2024-02-20,2024-04-27,2024-05-06,67,Canada,3,1.0,,198.76,Direct,Check-Out
BKG101820,Resort Hotel,2022-08-10,2023-02-02,2023-02-05,176,USA,2,0.0,Suite,326.7,Corporate,No-Show
BKG101821,City Hotel,2022-12-21,2023-05-13,2023-05-23,143,Australia,2,0.0,Standard,111.81,Offline Agent,Check-Out
BKG101822,Resort Hotel,2023-09-25,2023-12-20,2023-12-24,86,Canada,3,0.0,Deluxe,321.06,Online Travel Agent,Canceled
BKG101823,City Hotel,2022-04-28,2022-09-11,2022-09-12,136,France,3,1.0,Standard,258.27,,Check-Out
BKG101824,City Hotel,2023-11-17,2024-02-05,2024-02-09,80,UK,3,0.0,Standard,249.43,,Check-Out
BKG101825,City Hotel,2023-01-30,2023-03-15,2023-03-22,44,Germany,1,,Family,287.52,Corporate,Check-Out
BKG101826,Resort Hotel,2022-11-18,2023-01-27,2023-02-04,70,UK,1,0.0,Standard,152.34,,Check-Out
BKG101827,City Hotel,2024-01-08,2024-03-16,2024-03-18,68,UAE,1,2.0,Family,282.26,Corporate,Check-Out
BKG101828,City Hotel,2023-11-18,2023-12-11,2023-12-21,23,Canada,4,,Family,345.58,Corporate,Canceled
BKG101829,City Hotel,2022-03-03,2022-07-03,2022-07-04,122,UK,2,0.0,Standard,133.55,Online Travel Agent,Check-Out
BKG101830,Resort Hotel,2023-10-30,2024-03-05,2024-03-07,127,Germany,2,0.0,Deluxe,103.4,Offline Agent,Canceled
BKG101831,City Hotel,2023-09-28,2024-01-09,2024-01-17,103,Germany,4,1.0,Standard,70.54,Direct,Check-Out
BKG101832,City Hotel,2023-05-11,2023-07-09,2023-07-11,59,India,2,0.0,Family,186.98,Corporate,Check-Out
BKG101833,Resort Hotel,2023-06-28,2023-11-11,2023-11-21,136,Germany,4,2.0,,181.9,Direct,Check-Out
BKG101834,City Hotel,2022-04-04,2022-09-12,2022-09-19,161,UK,3,,Deluxe,114.63,Online Travel Agent,Check-Out
BKG101835,City Hotel,2022-06-12,2022-07-12,2022-07-22,30,Canada,1,,Family,304.23,Corporate,No-Show
BKG101836,Resort Hotel,2023-07-31,2024-01-10,2024-01-18,163,India,3,1.0,Deluxe,62.0,Offline Agent,No-Show
BKG101837,City Hotel,2023-04-21,2023-07-31,2023-08-05,101,Canada,3,2.0,Family,252.96,Corporate,Check-Out
BKG101838,City Hotel,2023-08-31,2023-12-24,2023-12-29,115,UAE,1,1.0,Family,296.7,Online Travel Agent,Check-Out
BKG101839,Resort Hotel,2022-12-05,2022-12-13,2022-12-14,8,Canada,4,0.0,Deluxe,162.37,Online Travel Agent,Check-Out
BKG101840,City Hotel,2023-01-31,2023-04-10,2023-04-20,69,Canada,4,2.0,,114.08,Online Travel Agent,Canceled
BKG101841,Resort Hotel,2023-08-03,2024-01-16,2024-01-22,166,UAE,2,2.0,Deluxe,261.82,Online Travel Agent,Check-Out
BKG101842,Resort Hotel,2023-08-31,2023-12-28,2023-12-29,119,Singapore,2,0.0,Deluxe,161.43,Offline Agent,Check-Out
BKG101843,City Hotel,2022-07-31,2022-11-17,2022-11-22,109,Singapore,2,,Suite,307.46,Offline Agent,Check-Out
BKG101844,City Hotel,2022-10-16,2023-01-29,2023-02-05,105,France,2,0.0,Deluxe,341.99,Corporate,Canceled
BKG101845,Resort Hotel,2024-03-15,2024-04-02,2024-04-07,18,Brazil,1,1.0,Deluxe,225.12,Corporate,Check-Out
BKG101846,Resort Hotel,2023-04-07,2023-06-18,2023-06-22,72,UK,3,1.0,Deluxe,136.5,Online Travel Agent,Check-Out
BKG101847,City Hotel,2023-05-28,2023-09-12,2023-09-15,107,,4,0.0,Deluxe,346.61,Direct,Check-Out
BKG101848,Resort Hotel,2022-01-09,2022-06-04,2022-06-12,146,,2,0.0,Standard,260.47,Offline Agent,Check-Out
BKG101849,City Hotel,2024-05-22,2024-10-01,2024-10-07,132,UAE,2,0.0,Suite,242.79,Offline Agent,Canceled
BKG101850,City Hotel,2022-05-16,2022-06-17,2022-06-18,32,,2,0.0,Family,72.44,Corporate,Check-Out
BKG101851,Resort Hotel,2022-03-07,2022-04-13,2022-04-23,37,UK,2,2.0,Suite,75.84,Online Travel Agent,Check-Out
BKG101852,City Hotel,2022-04-28,2022-06-19,2022-06-27,52,Germany,3,1.0,Suite,310.65,Corporate,Check-Out
BKG101853,Resort Hotel,2024-05-09,2024-09-06,2024-09-07,120,USA,4,,Suite,327.58,Corporate,Check-Out
BKG101854,Resort Hotel,2022-07-13,2022-09-17,2022-09-23,66,,4,1.0,Suite,124.17,Online Travel Agent,Canceled
BKG101855,Resort Hotel,2022-10-31,2022-12-16,2022-12-20,46,India,4,0.0,,330.51,Direct,Check-Out
BKG101856,Resort Hotel,2022-10-27,2022-12-12,2022-12-17,46,France,4,0.0,Deluxe,250.25,Offline Agent,Canceled
BKG101857,City Hotel,2023-03-02,2023-07-09,2023-07-16,129,,1,0.0,Suite,220.13,Offline Agent,Canceled
BKG101858,Resort Hotel,2022-02-21,2022-04-01,2022-04-03,39,Canada,4,1.0,Suite,317.89,Direct,No-Show
BKG101859,City Hotel,2022-11-06,2022-12-29,2023-01-04,53,India,1,0.0,Deluxe,126.23,Direct,Canceled
BKG101860,City Hotel,2023-09-17,2023-11-27,2023-12-04,71,UK,4,0.0,Deluxe,112.54,Direct,Check-Out
BKG101861,City Hotel,2022-06-06,2022-11-12,2022-11-16,159,Australia,1,0.0,Standard,64.71,Direct,Check-Out
BKG101862,City Hotel,2022-01-11,2022-03-10,2022-03-11,58,Canada,2,0.0,Standard,133.56,,Check-Out
BKG101863,Resort Hotel,2023-03-15,2023-07-09,2023-07-15,116,Canada,1,1.0,Suite,308.21,Corporate,Check-Out
BKG101864,Resort Hotel,2024-02-06,2024-02-20,2024-02-23,14,UK,3,0.0,Deluxe,121.08,Corporate,Canceled
BKG101865,Resort Hotel,2022-06-24,2022-08-23,2022-08-24,60,India,2,0.0,Deluxe,267.85,Corporate,Check-Out
BKG101866,Resort Hotel,2024-03-29,2024-08-24,2024-08-25,148,UK,1,1.0,Suite,268.13,Online Travel Agent,Canceled
BKG101867,Resort Hotel,2022-03-01,2022-06-21,2022-06-28,112,Canada,3,2.0,Family,194.15,,Canceled
BKG101868,City Hotel,2023-02-28,2023-03-27,2023-04-06,27,Singapore,2,0.0,Deluxe,74.51,,Check-Out
BKG101869,Resort Hotel,2023-11-25,2024-03-24,2024-03-27,120,UK,3,2.0,Deluxe,312.94,Corporate,Check-Out
BKG101870,City Hotel,2024-04-01,2024-08-28,2024-09-03,149,,4,1.0,Deluxe,279.89,Direct,Check-Out
BKG101871,Resort Hotel,2023-10-05,2023-11-22,2023-11-30,48,USA,1,0.0,Standard,88.92,Online Travel Agent,Check-Out
BKG101872,Resort Hotel,2023-06-10,2023-06-20,2023-06-24,10,USA,3,2.0,Family,180.62,Online Travel Agent,Canceled
BKG101873,Resort Hotel,2023-05-12,2023-07-25,2023-07-26,74,Brazil,2,2.0,Suite,103.8,Corporate,Check-Out
BKG101874,City Hotel,2022-11-22,2022-12-20,2022-12-28,28,Australia,1,0.0,Suite,110.9,Direct,Check-Out
BKG101875,Resort Hotel,2023-04-11,2023-05-27,2023-05-30,46,UK,1,0.0,Standard,308.57,Offline Agent,Check-Out
BKG101876,Resort Hotel,2023-11-27,2024-02-17,2024-02-22,82,Singapore,4,0.0,Deluxe,323.54,,No-Show
BKG101877,City Hotel,2022-10-29,2023-01-14,2023-01-22,77,Singapore,1,0.0,Suite,205.64,Online Travel Agent,Check-Out
BKG101878,City Hotel,2022-01-22,2022-03-05,2022-03-06,42,USA,3,2.0,Suite,258.1,Direct,Canceled
BKG101879,Resort Hotel,2023-04-04,2023-08-09,2023-08-14,127,UK,2,1.0,Suite,183.87,Offline Agent,Check-Out
BKG101880,Resort Hotel,2022-07-09,2022-11-01,2022-11-09,115,UAE,4,,Deluxe,290.49,Online Travel Agent,Check-Out
BKG101881,Resort Hotel,2023-02-13,2023-05-13,2023-05-22,89,India,1,0.0,Suite,294.76,Direct,Check-Out
BKG101882,Resort Hotel,2022-10-20,2022-11-18,2022-11-20,29,Brazil,3,1.0,,123.33,Corporate,Canceled
BKG101883,Resort Hotel,2023-12-19,2024-05-15,2024-05-22,148,Australia,2,1.0,Deluxe,130.87,Corporate,Check-Out
BKG101884,City Hotel,2022-07-04,2022-07-14,2022-07-21,10,Brazil,4,0.0,Standard,157.22,Corporate,Check-Out
BKG101885,Resort Hotel,2022-07-29,2022-08-25,2022-08-29,27,UK,1,0.0,Standard,139.06,,Check-Out
BKG101886,Resort Hotel,2022-06-05,2022-06-29,2022-07-02,24,UAE,1,0.0,Deluxe,277.26,Offline Agent,Check-Out
BKG101887,Resort Hotel,2023-07-03,2023-11-07,2023-11-14,127,Singapore,3,0.0,Suite,90.15,Corporate,Check-Out
BKG101888,Resort Hotel,2022-03-01,2022-06-08,2022-06-13,99,India,3,,Family,302.78,Direct,Check-Out
BKG101889,City Hotel,2023-05-30,2023-10-04,2023-10-12,127,Australia,4,0.0,Family,301.25,,Canceled
BKG101890,Resort Hotel,2023-02-13,2023-05-03,2023-05-05,79,USA,4,0.0,Deluxe,123.14,Offline Agent,Canceled
BKG101891,Resort Hotel,2022-07-03,2022-07-22,2022-07-26,19,India,2,0.0,Suite,148.64,Direct,Check-Out
BKG101892,Resort Hotel,2023-06-29,2023-08-23,2023-08-25,55,USA,3,1.0,Family,331.92,Offline Agent,Check-Out
BKG101893,Resort Hotel,2024-02-18,2024-06-01,2024-06-11,104,UK,3,2.0,Deluxe,260.29,Online Travel Agent,Canceled
BKG101894,Resort Hotel,2022-01-21,2022-02-04,2022-02-08,14,,4,1.0,Standard,178.85,Online Travel Agent,Check-Out
BKG101895,Resort Hotel,2022-07-21,2022-08-31,2022-09-09,41,USA,3,0.0,Standard,217.75,Corporate,Check-Out
BKG101896,Resort Hotel,2022-12-01,2023-01-15,2023-01-20,45,UAE,2,2.0,Deluxe,320.75,Offline Agent,Canceled
BKG101897,City Hotel,2023-09-23,2023-11-05,2023-11-15,43,UK,1,0.0,Family,190.82,Offline Agent,Canceled
BKG101898,City Hotel,2024-05-28,2024-07-25,2024-07-28,58,Germany,2,2.0,Deluxe,236.73,Offline Agent,Check-Out
BKG101899,City Hotel,2024-02-04,2024-02-25,2024-03-05,21,UK,3,0.0,Family,316.15,Offline Agent,Check-Out
BKG101900,Resort Hotel,2023-03-21,2023-08-09,2023-08-14,141,UK,1,0.0,Deluxe,342.21,Direct,Canceled
BKG101901,Resort Hotel,2024-01-05,2024-06-08,2024-06-11,155,UAE,1,2.0,Deluxe,306.25,Offline Agent,Canceled
BKG101902,Resort Hotel,2024-01-16,2024-02-01,2024-02-10,16,Australia,4,0.0,,265.39,Offline Agent,Check-Out
BKG101903,Resort Hotel,2023-10-29,2023-11-09,2023-11-16,11,France,3,2.0,Deluxe,108.44,Online Travel Agent,Check-Out
BKG101904,Resort Hotel,2023-04-24,2023-09-26,2023-10-04,155,UAE,4,0.0,Family,193.59,Direct,Check-Out
BKG101905,Resort Hotel,2022-11-03,2023-01-31,2023-02-08,89,Australia,2,0.0,Family,347.3,Corporate,Check-Out
BKG101906,City Hotel,2024-04-21,2024-08-01,2024-08-10,102,Brazil,4,0.0,Standard,237.37,Direct,Check-Out
BKG101907,City Hotel,2022-07-29,2022-10-15,2022-10-25,78,Australia,2,0.0,Standard,154.58,Offline Agent,Canceled
BKG101908,City Hotel,2022-05-20,2022-10-15,2022-10-25,148,UK,1,1.0,Family,137.75,Offline Agent,Check-Out
BKG101909,Resort Hotel,2022-11-08,2022-11-24,2022-12-02,16,Singapore,4,1.0,Family,66.26,Corporate,Check-Out
BKG101910,City Hotel,2023-05-25,2023-07-29,2023-08-07,65,Australia,3,2.0,,306.68,Online Travel Agent,No-Show
BKG101911,Resort Hotel,2022-07-18,2022-12-20,2022-12-29,155,France,3,0.0,Family,179.18,Corporate,Check-Out
BKG101912,Resort Hotel,2024-01-21,2024-06-17,2024-06-26,148,France,1,1.0,Suite,144.96,Corporate,Check-Out
BKG101913,Resort Hotel,2023-09-12,2023-10-24,2023-11-02,42,USA,4,0.0,Standard,154.73,Direct,Check-Out
BKG101914,Resort Hotel,2023-04-15,2023-04-25,2023-05-02,10,India,4,0.0,Deluxe,220.33,Corporate,Check-Out
BKG101915,Resort Hotel,2022-09-16,2022-12-16,2022-12-25,91,India,1,0.0,Suite,60.16,Offline Agent,Check-Out
BKG101916,City Hotel,2024-04-14,2024-08-30,2024-09-08,138,France,2,2.0,Standard,232.55,Corporate,Check-Out
BKG101917,Resort Hotel,2024-06-05,2024-08-04,2024-08-05,60,India,2,1.0,,288.61,Direct,Check-Out
BKG101918,City Hotel,2022-12-20,2023-03-29,2023-04-05,99,Germany,1,2.0,Standard,317.7,Corporate,Check-Out
BKG101919,City Hotel,2022-04-10,2022-08-30,2022-09-04,142,Australia,2,1.0,,343.84,Online Travel Agent,Check-Out
BKG101920,Resort Hotel,2023-05-07,2023-05-11,2023-05-13,4,India,4,0.0,Standard,180.19,Direct,Check-Out
BKG101921,City Hotel,2023-12-06,2024-01-06,2024-01-07,31,France,2,0.0,,326.49,Online Travel Agent,Check-Out
BKG101922,City Hotel,2022-10-08,2023-03-27,2023-04-02,170,UAE,4,2.0,Deluxe,321.69,Corporate,Canceled
BKG101923,City Hotel,2023-01-22,2023-02-27,2023-03-02,36,,1,0.0,Deluxe,323.95,Corporate,Canceled
BKG101924,City Hotel,2024-02-26,2024-04-11,2024-04-14,45,Germany,2,0.0,Deluxe,236.61,Corporate,Check-Out
BKG101925,City Hotel,2022-01-31,2022-04-07,2022-04-15,66,Singapore,3,1.0,Suite,321.22,Corporate,Check-Out
BKG101926,Resort Hotel,2022-08-17,2023-01-17,2023-01-24,153,Singapore,3,0.0,Deluxe,87.95,,Check-Out
BKG101927,Resort Hotel,2024-04-30,2024-05-20,2024-05-23,20,USA,3,0.0,Deluxe,271.31,Online Travel Agent,Check-Out
BKG101928,Resort Hotel,2022-09-13,2022-12-22,2022-12-25,100,Canada,2,0.0,Deluxe,329.85,Direct,Check-Out
BKG101929,Resort Hotel,2023-04-20,2023-08-24,2023-08-27,126,Brazil,4,0.0,Suite,215.46,Corporate,Canceled
BKG101930,City Hotel,2022-11-25,2023-04-15,2023-04-21,141,UK,2,0.0,Suite,229.49,Direct,Canceled
BKG101931,City Hotel,2022-11-17,2022-12-12,2022-12-19,25,Brazil,1,2.0,Standard,155.03,Offline Agent,Check-Out
BKG101932,Resort Hotel,2022-12-11,2022-12-24,2023-01-02,13,France,1,0.0,Family,149.47,Offline Agent,Check-Out
BKG101933,City Hotel,2023-04-28,2023-06-25,2023-07-01,58,Canada,2,,Suite,283.99,Online Travel Agent,Canceled
BKG101934,City Hotel,2024-05-14,2024-09-09,2024-09-11,118,Germany,3,2.0,Suite,147.08,Corporate,Canceled
BKG101935,Resort Hotel,2023-09-10,2023-11-01,2023-11-02,52,Germany,3,0.0,Deluxe,201.62,Online Travel Agent,Check-Out
BKG101936,Resort Hotel,2023-03-08,2023-03-29,2023-03-31,21,Australia,2,,Standard,299.39,Offline Agent,Check-Out
BKG101937,City Hotel,2022-06-29,2022-11-18,2022-11-20,142,Germany,3,0.0,Standard,199.18,,Canceled
BKG101938,City Hotel,2023-03-22,2023-05-08,2023-05-14,47,France,1,0.0,Family,112.65,Corporate,Canceled
BKG101939,Resort Hotel,2022-08-06,2022-10-28,2022-11-01,83,,4,2.0,Family,74.5,Offline Agent,Check-Out
BKG101940,City Hotel,2022-10-13,2023-01-18,2023-01-26,97,UK,1,,Family,188.38,Online Travel Agent,No-Show
BKG101941,City Hotel,2022-08-18,2022-10-10,2022-10-17,53,Australia,2,2.0,Family,235.33,Corporate,No-Show
BKG101942,City Hotel,2022-12-16,2022-12-29,2023-01-08,13,Canada,1,0.0,Deluxe,92.53,Online Travel Agent,Check-Out
BKG101943,City Hotel,2022-08-28,2023-02-19,2023-02-25,175,Singapore,2,0.0,Suite,264.24,Corporate,Check-Out
BKG101944,City Hotel,2022-10-29,2023-02-05,2023-02-10,99,Brazil,3,2.0,Suite,277.81,Offline Agent,Check-Out
BKG101945,Resort Hotel,2024-06-16,2024-09-18,2024-09-26,94,Singapore,3,2.0,Standard,161.07,Online Travel Agent,Check-Out
BKG101946,Resort Hotel,2022-03-15,2022-07-05,2022-07-15,112,UK,4,2.0,Suite,236.67,Direct,Check-Out
BKG101947,City Hotel,2024-05-30,2024-09-22,2024-09-24,115,France,4,0.0,Suite,328.61,Online Travel Agent,Canceled
BKG101948,City Hotel,2024-03-24,2024-05-15,2024-05-22,52,Singapore,4,0.0,Standard,211.69,Online Travel Agent,Check-Out
BKG101949,City Hotel,2022-08-11,2023-01-21,2023-01-22,163,Singapore,2,2.0,Standard,205.81,Online Travel Agent,Check-Out
BKG101950,City Hotel,2023-09-17,2024-01-20,2024-01-29,125,Brazil,1,0.0,Standard,334.13,Online Travel Agent,Canceled
BKG101951,Resort Hotel,2023-09-25,2024-03-11,2024-03-21,168,UAE,2,,Suite,189.14,Direct,Check-Out
BKG101952,City Hotel,2023-03-12,2023-06-28,2023-07-08,108,USA,2,0.0,Suite,298.7,Online Travel Agent,Canceled
BKG101953,Resort Hotel,2023-04-21,2023-04-24,2023-04-30,3,USA,2,0.0,Standard,255.27,Direct,Canceled
BKG101954,City Hotel,2022-03-23,2022-03-25,2022-03-29,2,UK,2,2.0,Suite,345.58,Corporate,Check-Out
BKG101955,Resort Hotel,2024-01-11,2024-04-29,2024-04-30,109,Singapore,1,2.0,Standard,155.15,Online Travel Agent,Check-Out
BKG101956,Resort Hotel,2022-03-04,2022-04-07,2022-04-12,34,UAE,2,1.0,Family,119.91,Direct,Check-Out
BKG101957,City Hotel,2023-02-16,2023-03-23,2023-03-31,35,Brazil,1,0.0,Deluxe,260.16,Direct,Check-Out
BKG101958,City Hotel,2024-03-28,2024-09-02,2024-09-03,158,USA,1,0.0,Suite,217.92,Corporate,Check-Out
BKG101959,City Hotel,2022-09-10,2022-10-02,2022-10-08,22,Brazil,4,1.0,Deluxe,129.43,Corporate,Check-Out
BKG101960,Resort Hotel,2024-06-17,2024-07-16,2024-07-18,29,UK,4,0.0,Deluxe,131.37,Offline Agent,Check-Out
BKG101961,City Hotel,2023-04-13,2023-04-20,2023-04-23,7,Germany,4,1.0,Suite,178.86,Direct,Check-Out
BKG101962,Resort Hotel,2023-01-22,2023-03-28,2023-04-02,65,Brazil,1,1.0,Family,82.2,Corporate,Check-Out
BKG101963,Resort Hotel,2022-07-29,2022-10-22,2022-10-31,85,,3,1.0,Standard,300.19,Online Travel Agent,Check-Out
BKG101964,Resort Hotel,2023-07-28,2023-12-14,2023-12-15,139,France,2,1.0,Deluxe,344.24,Offline Agent,Check-Out
BKG101965,City Hotel,2023-03-09,2023-04-12,2023-04-21,34,,1,0.0,Standard,243.79,Direct,Check-Out
BKG101966,City Hotel,2024-03-24,2024-05-17,2024-05-18,54,Canada,4,2.0,Family,291.21,Corporate,Check-Out
BKG101967,City Hotel,2024-05-31,2024-11-15,2024-11-25,168,Brazil,1,,Family,110.37,Corporate,Canceled
BKG101968,City Hotel,2024-02-12,2024-05-11,2024-05-13,89,UK,2,0.0,Family,215.91,Online Travel Agent,Check-Out
BKG101969,City Hotel,2022-07-21,2022-07-26,2022-08-02,5,India,1,0.0,Deluxe,279.69,Corporate,Canceled
BKG101970,City Hotel,2023-08-28,2024-01-03,2024-01-12,128,Canada,1,,Suite,203.09,Direct,Canceled
BKG101971,City Hotel,2022-08-08,2022-11-19,2022-11-24,103,,4,1.0,Deluxe,64.04,Online Travel Agent,Check-Out
BKG101972,City Hotel,2023-09-30,2023-10-28,2023-11-03,28,India,2,2.0,Deluxe,299.51,Direct,Check-Out
BKG101973,Resort Hotel,2022-12-24,2023-03-01,2023-03-04,67,Germany,1,0.0,Standard,79.67,Online Travel Agent,Canceled
BKG101974,City Hotel,2022-12-31,2023-04-25,2023-05-03,115,,2,0.0,Standard,137.87,Online Travel Agent,Canceled
BKG101975,Resort Hotel,2023-05-22,2023-11-14,2023-11-24,176,France,3,0.0,Suite,223.86,Direct,Canceled
BKG101976,Resort Hotel,2023-10-21,2023-11-09,2023-11-10,19,UK,4,2.0,Suite,149.77,Offline Agent,Check-Out
BKG101977,City Hotel,2024-01-18,2024-06-08,2024-06-16,142,Germany,2,1.0,Deluxe,345.06,Direct,Check-Out
BKG101978,Resort Hotel,2023-05-23,2023-08-07,2023-08-10,76,UK,2,0.0,Family,64.06,Online Travel Agent,Check-Out
BKG101979,City Hotel,2024-04-28,2024-10-04,2024-10-05,159,USA,1,0.0,Family,148.59,Direct,Check-Out
BKG101980,Resort Hotel,2022-01-13,2022-02-20,2022-03-01,38,,4,1.0,Deluxe,261.39,Online Travel Agent,Check-Out
BKG101981,City Hotel,2022-12-10,2023-02-08,2023-02-15,60,Germany,4,0.0,Family,80.32,Online Travel Agent,Check-Out
BKG101982,City Hotel,2023-04-22,2023-08-21,2023-08-31,121,Germany,3,0.0,,77.38,Corporate,No-Show
BKG101983,Resort Hotel,2023-07-31,2023-08-03,2023-08-04,3,Germany,4,0.0,,238.45,Offline Agent,Check-Out
BKG101984,City Hotel,2022-04-06,2022-05-03,2022-05-07,27,,4,,Family,71.96,Offline Agent,Check-Out
BKG101985,Resort Hotel,2022-05-03,2022-05-09,2022-05-14,6,Canada,3,0.0,Standard,275.61,Direct,Check-Out
BKG101986,City Hotel,2022-03-12,2022-07-11,2022-07-12,121,India,4,,Deluxe,148.85,,Canceled
BKG101987,City Hotel,2022-10-28,2022-11-30,2022-12-03,33,India,3,0.0,,86.92,Corporate,Check-Out
BKG101988,City Hotel,2023-08-25,2023-11-02,2023-11-04,69,Canada,2,0.0,Family,229.17,Direct,Check-Out
BKG101989,Resort Hotel,2022-01-24,2022-03-18,2022-03-21,53,UK,4,0.0,Family,151.58,Offline Agent,Check-Out
BKG101990,City Hotel,2023-04-22,2023-09-23,2023-09-28,154,UAE,1,0.0,Suite,138.4,Online Travel Agent,Check-Out
BKG101991,Resort Hotel,2022-05-15,2022-06-11,2022-06-13,27,UK,1,0.0,Family,336.97,Offline Agent,No-Show
BKG101992,City Hotel,2023-12-21,2024-03-03,2024-03-13,73,Singapore,4,0.0,Family,198.9,Direct,Check-Out
BKG101993,Resort Hotel,2023-01-24,2023-02-08,2023-02-09,15,Singapore,3,0.0,Deluxe,192.29,,Canceled
BKG101994,City Hotel,2023-07-25,2023-08-16,2023-08-26,22,Brazil,1,2.0,Deluxe,69.43,Online Travel Agent,Check-Out
BKG101995,Resort Hotel,2022-02-14,2022-02-26,2022-03-05,12,Germany,2,1.0,Suite,236.3,Direct,Check-Out
BKG101996,Resort Hotel,2022-10-03,2023-02-10,2023-02-17,130,,3,1.0,Deluxe,333.92,Online Travel Agent,Check-Out
BKG101997,Resort Hotel,2023-06-25,2023-10-08,2023-10-14,105,UK,3,1.0,Standard,114.37,Direct,Check-Out
BKG101998,Resort Hotel,2024-01-15,2024-05-19,2024-05-22,125,Germany,1,0.0,,321.77,Online Travel Agent,Check-Out
BKG101999,City Hotel,2022-01-19,2022-06-08,2022-06-17,140,Canada,4,0.0,Deluxe,290.05,Online Travel Agent,Check-Out
BKG102000,City Hotel,2022-01-04,2022-05-16,2022-05-25,132,India,1,0.0,Standard,133.12,Online Travel Agent,Check-Out
BKG102001,Resort Hotel,2024-02-11,2024-07-20,2024-07-23,160,Canada,2,0.0,Family,258.8,Online Travel Agent,Check-Out
BKG102002,City Hotel,2023-07-09,2023-10-03,2023-10-08,86,Australia,1,2.0,Deluxe,183.32,Online Travel Agent,Check-Out
BKG102003,Resort Hotel,2023-09-04,2024-02-01,2024-02-10,150,USA,3,0.0,Deluxe,132.22,Offline Agent,Check-Out
BKG102004,City Hotel,2022-04-09,2022-08-20,2022-08-22,133,,3,0.0,Suite,252.02,Direct,Canceled
BKG102005,Resort Hotel,2024-04-04,2024-06-22,2024-06-25,79,USA,1,0.0,Suite,244.42,Direct,Check-Out
BKG102006,City Hotel,2022-09-02,2022-11-12,2022-11-19,71,Brazil,4,0.0,Suite,189.48,Corporate,Check-Out
BKG102007,Resort Hotel,2023-12-22,2024-02-29,2024-03-07,69,USA,4,1.0,Standard,103.0,Direct,Check-Out
BKG102008,Resort Hotel,2023-10-22,2023-10-26,2023-10-29,4,Germany,1,2.0,Family,104.14,,No-Show
BKG102009,Resort Hotel,2022-06-02,2022-09-10,2022-09-13,100,Canada,1,2.0,Suite,160.53,Corporate,Canceled
BKG102010,Resort Hotel,2023-04-24,2023-06-21,2023-06-27,58,UAE,2,1.0,Family,150.36,Online Travel Agent,Check-Out
BKG102011,City Hotel,2022-03-31,2022-05-10,2022-05-20,40,USA,1,2.0,Standard,335.62,Offline Agent,Canceled
BKG102012,City Hotel,2023-10-06,2023-11-20,2023-11-26,45,USA,3,2.0,Standard,65.19,,Check-Out
BKG102013,Resort Hotel,2022-06-27,2022-08-22,2022-08-23,56,USA,3,1.0,Deluxe,178.44,Direct,Check-Out
BKG102014,Resort Hotel,2023-04-15,2023-05-07,2023-05-08,22,Brazil,1,0.0,Family,118.15,Online Travel Agent,Check-Out
BKG102015,City Hotel,2022-05-09,2022-05-16,2022-05-21,7,Australia,3,0.0,Suite,204.35,Direct,No-Show
BKG102016,City Hotel,2024-03-01,2024-05-06,2024-05-11,66,UK,4,0.0,Deluxe,341.49,Offline Agent,Check-Out
BKG102017,Resort Hotel,2022-08-13,2023-01-22,2023-01-27,162,UAE,4,0.0,Deluxe,91.05,Online Travel Agent,Check-Out
BKG102018,City Hotel,2024-01-07,2024-06-15,2024-06-19,160,Germany,3,1.0,Suite,305.15,Offline Agent,Check-Out
BKG102019,Resort Hotel,2023-02-24,2023-07-10,2023-07-13,136,Canada,2,,Deluxe,279.49,Offline Agent,Check-Out
BKG102020,City Hotel,2022-01-04,2022-05-14,2022-05-21,130,UK,4,1.0,Deluxe,331.13,Corporate,No-Show
BKG102021,City Hotel,2023-09-29,2024-01-20,2024-01-27,113,,4,2.0,Suite,308.32,Offline Agent,Check-Out
BKG102022,Resort Hotel,2022-03-24,2022-09-09,2022-09-12,169,Australia,1,0.0,Standard,164.87,Corporate,Check-Out
BKG102023,City Hotel,2023-05-10,2023-07-26,2023-07-29,77,Germany,2,0.0,Suite,150.83,Online Travel Agent,Check-Out
BKG102024,City Hotel,2023-03-06,2023-06-10,2023-06-19,96,Australia,2,0.0,Suite,103.74,Corporate,Check-Out
BKG102025,City Hotel,2022-09-20,2023-02-14,2023-02-17,147,,1,1.0,Standard,251.38,Online Travel Agent,Check-Out
BKG102026,Resort Hotel,2023-12-29,2024-06-02,2024-06-10,156,Canada,2,2.0,Deluxe,219.63,,Canceled
BKG102027,City Hotel,2023-03-16,2023-05-14,2023-05-19,59,Singapore,2,0.0,Deluxe,256.38,Online Travel Agent,Check-Out
BKG102028,Resort Hotel,2022-10-11,2023-03-10,2023-03-17,150,UAE,1,1.0,,177.49,Online Travel Agent,No-Show
BKG102029,City Hotel,2022-07-06,2022-07-29,2022-08-01,23,USA,3,0.0,Deluxe,116.86,Direct,Canceled
BKG102030,City Hotel,2022-05-02,2022-08-12,2022-08-13,102,India,3,2.0,Deluxe,275.75,Offline Agent,Check-Out
BKG102031,Resort Hotel,2024-01-01,2024-06-13,2024-06-22,164,,4,0.0,Standard,346.36,Direct,Check-Out
BKG102032,City Hotel,2023-04-03,2023-08-21,2023-08-31,140,India,1,0.0,Standard,85.94,Direct,Check-Out
BKG102033,City Hotel,2023-05-02,2023-05-31,2023-06-04,29,Singapore,1,1.0,,276.79,Online Travel Agent,Canceled
BKG102034,Resort Hotel,2022-04-18,2022-09-26,2022-10-03,161,Singapore,2,0.0,Suite,258.29,Online Travel Agent,Check-Out
BKG102035,Resort Hotel,2022-10-19,2023-03-30,2023-04-07,162,USA,3,0.0,Deluxe,327.17,Offline Agent,Check-Out
BKG102036,Resort Hotel,2022-12-12,2023-04-26,2023-04-29,135,Singapore,1,0.0,Family,197.04,Online Travel Agent,Check-Out
BKG102037,City Hotel,2024-03-09,2024-07-06,2024-07-16,119,USA,1,0.0,Family,195.7,Online Travel Agent,Check-Out
BKG102038,Resort Hotel,2023-06-09,2023-07-07,2023-07-17,28,Brazil,4,0.0,,97.64,Corporate,Check-Out
BKG102039,Resort Hotel,2024-03-04,2024-04-03,2024-04-12,30,India,2,1.0,Family,158.27,Offline Agent,Check-Out
BKG102040,City Hotel,2022-04-19,2022-04-20,2022-04-23,1,UAE,3,2.0,Family,64.33,Online Travel Agent,Check-Out
BKG102041,City Hotel,2023-10-29,2024-01-02,2024-01-07,65,UK,2,0.0,Deluxe,121.85,Online Travel Agent,Check-Out
BKG102042,City Hotel,2022-02-08,2022-05-17,2022-05-27,98,France,4,2.0,Family,162.2,Offline Agent,Check-Out
BKG102043,Resort Hotel,2024-03-31,2024-07-22,2024-07-28,113,Germany,1,1.0,Suite,239.73,Direct,Check-Out
BKG102044,Resort Hotel,2022-02-26,2022-03-27,2022-04-03,29,Canada,3,,Standard,172.63,Direct,Check-Out
BKG102045,Resort Hotel,2022-02-17,2022-08-02,2022-08-11,166,USA,3,0.0,,141.8,Direct,Check-Out
BKG102046,City Hotel,2024-05-25,2024-08-07,2024-08-16,74,USA,1,0.0,Family,66.84,Online Travel Agent,Canceled
BKG102047,Resort Hotel,2022-11-20,2023-01-17,2023-01-18,58,Australia,2,0.0,Family,166.81,,Canceled
BKG102048,Resort Hotel,2024-01-02,2024-05-21,2024-05-28,140,Germany,3,1.0,Suite,266.75,Direct,Check-Out
BKG102049,City Hotel,2022-04-03,2022-04-26,2022-04-27,23,Canada,3,0.0,Family,297.85,Corporate,Canceled
BKG102050,Resort Hotel,2022-06-09,2022-10-12,2022-10-21,125,,4,0.0,Suite,152.82,Corporate,Canceled
BKG102051,City Hotel,2024-06-03,2024-07-01,2024-07-04,28,USA,1,1.0,Deluxe,323.21,Direct,Check-Out
BKG102052,Resort Hotel,2024-02-23,2024-07-16,2024-07-24,144,Australia,1,0.0,Standard,165.06,Offline Agent,Check-Out
BKG102053,City Hotel,2024-01-22,2024-04-29,2024-04-30,98,UAE,2,0.0,Suite,288.16,Offline Agent,Canceled
BKG102054,Resort Hotel,2023-04-25,2023-05-31,2023-06-01,36,Canada,3,0.0,Deluxe,188.05,Online Travel Agent,Canceled
BKG102055,City Hotel,2023-04-20,2023-05-21,2023-05-27,31,Singapore,4,0.0,Deluxe,278.86,Offline Agent,Check-Out
BKG102056,Resort Hotel,2022-03-04,2022-04-28,2022-04-30,55,Singapore,4,0.0,Standard,149.0,Direct,Canceled
BKG102057,City Hotel,2022-10-31,2022-11-18,2022-11-23,18,,3,1.0,Deluxe,254.8,Direct,Check-Out
BKG102058,Resort Hotel,2024-02-29,2024-06-08,2024-06-17,100,Singapore,4,0.0,Suite,319.12,Online Travel Agent,Check-Out
BKG102059,City Hotel,2023-03-15,2023-05-18,2023-05-21,64,Germany,1,1.0,Deluxe,249.28,Offline Agent,Canceled
BKG102060,City Hotel,2024-05-30,2024-11-26,2024-11-30,180,,3,0.0,Family,270.72,Direct,Check-Out
BKG102061,Resort Hotel,2022-05-09,2022-07-03,2022-07-12,55,Australia,4,2.0,Standard,302.41,Corporate,Check-Out
BKG102062,City Hotel,2023-06-20,2023-09-28,2023-10-08,100,UAE,2,0.0,Deluxe,76.68,Corporate,Check-Out
BKG102063,City Hotel,2024-03-18,2024-03-24,2024-04-02,6,USA,2,1.0,Suite,118.0,Offline Agent,Check-Out
BKG102064,Resort Hotel,2022-09-21,2022-09-23,2022-09-29,2,Canada,2,0.0,Family,179.33,Offline Agent,Canceled
BKG102065,Resort Hotel,2022-12-19,2023-02-22,2023-02-25,65,Germany,4,0.0,Suite,230.14,Direct,Canceled
BKG102066,Resort Hotel,2023-05-04,2023-06-26,2023-07-03,53,India,2,1.0,Deluxe,271.31,Direct,Canceled
BKG102067,City Hotel,2022-05-31,2022-10-01,2022-10-03,123,Canada,1,0.0,Family,302.42,Online Travel Agent,No-Show
BKG102068,City Hotel,2022-04-20,2022-08-06,2022-08-09,108,USA,1,0.0,Suite,105.71,Corporate,Canceled
BKG102069,Resort Hotel,2023-02-18,2023-07-15,2023-07-24,147,Australia,2,0.0,Standard,168.69,Direct,Check-Out
BKG102070,Resort Hotel,2024-04-05,2024-05-20,2024-05-23,45,,1,0.0,Suite,276.59,Direct,Check-Out
BKG102071,Resort Hotel,2022-10-03,2023-02-06,2023-02-08,126,Canada,1,1.0,Family,218.45,Online Travel Agent,Canceled
BKG102072,Resort Hotel,2024-04-05,2024-04-25,2024-05-02,20,UAE,2,1.0,Standard,317.26,Online Travel Agent,Check-Out
BKG102073,City Hotel,2022-07-23,2022-09-14,2022-09-17,53,Australia,4,1.0,Deluxe,113.23,Online Travel Agent,Canceled
BKG102074,Resort Hotel,2023-03-28,2023-05-07,2023-05-17,40,Singapore,3,1.0,Standard,185.64,Direct,No-Show
BKG102075,City Hotel,2022-02-03,2022-05-15,2022-05-21,101,Brazil,3,0.0,Suite,105.32,Online Travel Agent,Check-Out
BKG102076,City Hotel,2022-08-13,2023-01-14,2023-01-18,154,UK,2,1.0,Standard,263.21,Direct,Canceled
BKG102077,City Hotel,2022-05-01,2022-08-08,2022-08-12,99,,3,0.0,Deluxe,146.55,Offline Agent,Canceled
BKG102078,City Hotel,2023-04-09,2023-07-19,2023-07-25,101,UAE,2,1.0,Deluxe,310.27,Offline Agent,Check-Out
BKG102079,Resort Hotel,2024-02-06,2024-07-15,2024-07-25,160,Singapore,3,0.0,Family,191.27,Corporate,Canceled
BKG102080,Resort Hotel,2023-03-05,2023-07-09,2023-07-15,126,USA,4,0.0,Deluxe,109.2,Online Travel Agent,Check-Out
BKG102081,City Hotel,2024-03-01,2024-03-20,2024-03-26,19,France,3,0.0,Standard,239.71,Direct,Check-Out
BKG102082,Resort Hotel,2022-06-10,2022-09-07,2022-09-11,89,,2,0.0,Suite,110.26,Online Travel Agent,Check-Out
BKG102083,Resort Hotel,2024-04-09,2024-07-13,2024-07-19,95,UAE,3,0.0,Suite,92.92,Corporate,Canceled
BKG102084,City Hotel,2023-12-01,2023-12-09,2023-12-13,8,Germany,4,2.0,Deluxe,206.25,Direct,Check-Out
BKG102085,Resort Hotel,2022-06-16,2022-08-30,2022-09-03,75,India,4,0.0,Standard,231.71,Corporate,Check-Out
BKG102086,City Hotel,2024-01-29,2024-06-14,2024-06-18,137,France,1,0.0,Standard,301.18,Direct,Canceled
BKG102087,Resort Hotel,2022-02-28,2022-06-21,2022-06-27,113,India,4,0.0,Standard,323.23,Direct,Check-Out
BKG102088,City Hotel,2023-05-24,2023-09-03,2023-09-07,102,France,1,1.0,Deluxe,193.34,Online Travel Agent,Canceled
BKG102089,City Hotel,2023-01-29,2023-03-16,2023-03-26,46,,3,0.0,Standard,224.24,Direct,Check-Out
BKG102090,City Hotel,2023-04-03,2023-04-22,2023-04-26,19,UK,1,1.0,Family,167.99,Corporate,Check-Out
BKG102091,Resort Hotel,2022-06-04,2022-11-21,2022-11-30,170,India,4,0.0,Family,171.1,,Check-Out
BKG102092,City Hotel,2024-02-24,2024-04-22,2024-04-23,58,UAE,1,2.0,Deluxe,232.0,Corporate,Check-Out
BKG102093,City Hotel,2022-06-20,2022-12-17,2022-12-19,180,UAE,1,0.0,Standard,260.41,Corporate,Check-Out
BKG102094,Resort Hotel,2022-08-03,2022-09-07,2022-09-09,35,,1,0.0,Family,128.95,Offline Agent,Canceled
BKG102095,Resort Hotel,2023-04-18,2023-09-28,2023-10-01,163,UAE,3,1.0,Suite,235.58,Direct,Check-Out
BKG102096,City Hotel,2022-04-06,2022-08-12,2022-08-21,128,Singapore,2,0.0,Standard,242.2,Direct,Canceled
BKG102097,City Hotel,2022-01-08,2022-03-26,2022-04-04,77,Australia,4,1.0,Deluxe,72.02,Direct,Canceled
BKG102098,Resort Hotel,2024-02-15,2024-03-29,2024-04-08,43,UK,4,0.0,Suite,87.63,Offline Agent,Canceled
BKG102099,City Hotel,2023-11-13,2024-01-26,2024-02-02,74,Singapore,3,,Suite,316.19,Direct,Canceled
BKG102100,Resort Hotel,2023-07-09,2023-08-21,2023-08-27,43,India,4,1.0,Suite,99.14,,Check-Out
BKG102101,City Hotel,2023-11-06,2024-04-03,2024-04-06,149,UAE,3,0.0,Standard,327.95,Offline Agent,Check-Out
BKG102102,Resort Hotel,2022-06-12,2022-07-26,2022-07-29,44,UAE,3,0.0,Family,278.94,Direct,Canceled
BKG102103,City Hotel,2022-11-04,2023-02-26,2023-03-01,114,UK,4,0.0,Standard,230.8,,Canceled
BKG102104,Resort Hotel,2022-06-23,2022-08-03,2022-08-07,41,Brazil,3,0.0,Standard,143.37,Online Travel Agent,Check-Out
BKG102105,City Hotel,2023-11-02,2024-02-16,2024-02-23,106,Australia,2,1.0,Standard,71.53,Corporate,Canceled
BKG102106,Resort Hotel,2022-12-17,2022-12-30,2023-01-09,13,Canada,3,1.0,Suite,116.32,Online Travel Agent,Check-Out
BKG102107,Resort Hotel,2022-08-26,2023-01-30,2023-02-01,157,UAE,1,0.0,Deluxe,226.73,Direct,Check-Out
BKG102108,Resort Hotel,2022-11-02,2023-02-28,2023-03-02,118,India,1,2.0,Family,124.44,Online Travel Agent,Canceled
BKG102109,City Hotel,2022-05-28,2022-09-23,2022-10-01,118,USA,1,0.0,Family,175.99,Online Travel Agent,Check-Out
BKG102110,City Hotel,2023-03-23,2023-04-25,2023-05-02,33,India,3,0.0,Standard,265.53,Corporate,Check-Out
BKG102111,City Hotel,2022-06-27,2022-08-17,2022-08-22,51,UK,4,0.0,Deluxe,188.96,Online Travel Agent,Check-Out
BKG102112,City Hotel,2024-06-07,2024-07-27,2024-08-03,50,,1,0.0,Standard,246.45,,Check-Out
BKG102113,City Hotel,2022-07-24,2022-08-18,2022-08-25,25,USA,3,0.0,Deluxe,320.98,Offline Agent,Check-Out
BKG102114,Resort Hotel,2023-04-27,2023-10-12,2023-10-19,168,Australia,3,,Deluxe,335.8,Corporate,Check-Out
BKG102115,City Hotel,2022-07-04,2022-12-10,2022-12-11,159,UAE,3,1.0,Suite,294.57,Online Travel Agent,Check-Out
BKG102116,Resort Hotel,2023-03-28,2023-04-02,2023-04-04,5,UK,4,2.0,,238.49,Direct,Check-Out
BKG102117,City Hotel,2022-06-22,2022-09-03,2022-09-12,73,USA,2,1.0,Family,149.22,Direct,Check-Out
BKG102118,City Hotel,2022-12-20,2023-04-08,2023-04-14,109,,2,2.0,Standard,298.94,Direct,Check-Out
BKG102119,Resort Hotel,2022-10-28,2023-03-14,2023-03-20,137,Australia,2,1.0,Standard,304.2,Corporate,Check-Out
BKG102120,Resort Hotel,2022-06-27,2022-08-16,2022-08-25,50,,4,,Suite,78.33,Direct,Check-Out
BKG102121,City Hotel,2022-12-12,2023-05-21,2023-05-27,160,France,4,0.0,Deluxe,110.57,Corporate,Canceled
BKG102122,City Hotel,2023-09-10,2023-09-14,2023-09-15,4,Australia,2,1.0,Standard,214.75,Corporate,Check-Out
BKG102123,City Hotel,2023-10-26,2024-04-05,2024-04-12,162,,1,0.0,Deluxe,124.42,Offline Agent,Check-Out
BKG102124,City Hotel,2024-01-16,2024-04-21,2024-04-23,96,Australia,4,0.0,Family,314.76,Direct,Check-Out
BKG102125,Resort Hotel,2023-02-02,2023-04-02,2023-04-09,59,Singapore,1,,Suite,251.15,Online Travel Agent,Canceled
BKG102126,Resort Hotel,2022-06-02,2022-09-25,2022-10-03,115,Singapore,2,2.0,Suite,304.51,Corporate,Check-Out
BKG102127,Resort Hotel,2023-04-11,2023-09-24,2023-10-03,166,UAE,4,0.0,,144.12,Offline Agent,Check-Out
BKG102128,Resort Hotel,2022-02-07,2022-04-06,2022-04-10,58,Germany,4,0.0,Standard,325.31,Offline Agent,Check-Out
BKG102129,Resort Hotel,2023-03-27,2023-09-13,2023-09-17,170,Singapore,1,1.0,Deluxe,196.59,,Canceled
BKG102130,City Hotel,2023-03-07,2023-06-20,2023-06-28,105,Singapore,3,0.0,Family,238.15,Corporate,Check-Out
BKG102131,Resort Hotel,2024-02-18,2024-05-12,2024-05-22,84,Brazil,1,1.0,Family,196.51,Direct,Check-Out
BKG102132,City Hotel,2024-04-12,2024-05-25,2024-06-03,43,UAE,4,1.0,,66.98,Corporate,Check-Out
BKG102133,City Hotel,2022-05-23,2022-06-22,2022-06-30,30,USA,1,0.0,Family,247.89,Offline Agent,Check-Out
BKG102134,Resort Hotel,2023-02-05,2023-03-29,2023-04-01,52,Brazil,1,0.0,Standard,176.64,Offline Agent,Check-Out
BKG102135,Resort Hotel,2024-04-09,2024-09-04,2024-09-14,148,,2,2.0,Deluxe,303.4,Offline Agent,Check-Out
BKG102136,City Hotel,2022-06-07,2022-09-22,2022-09-28,107,India,2,0.0,Family,194.46,Corporate,Check-Out
BKG102137,Resort Hotel,2022-06-25,2022-10-06,2022-10-16,103,USA,3,0.0,Deluxe,68.76,,Check-Out
BKG102138,City Hotel,2023-10-18,2024-03-19,2024-03-20,153,,1,0.0,,164.05,Offline Agent,Check-Out
BKG102139,City Hotel,2022-03-07,2022-08-11,2022-08-17,157,Brazil,4,0.0,Deluxe,60.58,Corporate,Check-Out
BKG102140,Resort Hotel,2023-06-09,2023-08-19,2023-08-23,71,,1,0.0,Standard,287.01,Offline Agent,Check-Out
BKG102141,Resort Hotel,2024-05-30,2024-05-31,2024-06-07,1,UAE,4,0.0,,252.36,,Check-Out
BKG102142,Resort Hotel,2024-05-21,2024-07-24,2024-08-03,64,Germany,2,2.0,Family,87.01,Online Travel Agent,Check-Out
BKG102143,Resort Hotel,2022-02-25,2022-07-28,2022-07-31,153,Germany,4,0.0,Standard,72.33,Online Travel Agent,Check-Out
BKG102144,Resort Hotel,2024-06-05,2024-06-21,2024-06-29,16,Brazil,2,1.0,Family,103.56,Direct,Check-Out
BKG102145,Resort Hotel,2024-02-28,2024-05-13,2024-05-18,75,Canada,3,0.0,,251.55,Corporate,No-Show
BKG102146,Resort Hotel,2022-07-08,2022-12-19,2022-12-27,164,Australia,3,0.0,Standard,81.83,Offline Agent,Canceled
BKG102147,Resort Hotel,2022-06-25,2022-10-23,2022-10-30,120,Singapore,4,0.0,Deluxe,64.51,Online Travel Agent,Check-Out
BKG102148,City Hotel,2022-05-03,2022-08-27,2022-08-28,116,France,2,1.0,,116.44,Direct,Check-Out
BKG102149,City Hotel,2023-09-02,2023-12-08,2023-12-11,97,India,3,0.0,Standard,349.51,Direct,Check-Out
BKG102150,City Hotel,2024-02-04,2024-04-19,2024-04-22,75,Germany,3,0.0,Family,250.71,Online Travel Agent,Check-Out
BKG102151,City Hotel,2022-06-09,2022-08-05,2022-08-13,57,Brazil,3,0.0,Family,62.6,Offline Agent,Canceled
BKG102152,City Hotel,2023-12-23,2024-01-07,2024-01-11,15,Germany,4,1.0,Family,60.22,Corporate,Check-Out
BKG102153,City Hotel,2024-02-23,2024-08-17,2024-08-22,176,France,1,0.0,Standard,162.91,Offline Agent,Canceled
BKG102154,City Hotel,2024-03-08,2024-05-18,2024-05-19,71,Singapore,2,1.0,Deluxe,299.85,Online Travel Agent,Check-Out
BKG102155,City Hotel,2024-01-05,2024-05-29,2024-06-06,145,Australia,4,0.0,Family,210.15,Direct,No-Show
BKG102156,City Hotel,2022-05-11,2022-07-09,2022-07-16,59,Brazil,1,1.0,Family,176.94,Corporate,Check-Out
BKG102157,Resort Hotel,2022-05-13,2022-08-16,2022-08-26,95,,3,2.0,Standard,296.81,,Check-Out
BKG102158,Resort Hotel,2023-06-22,2023-09-29,2023-10-02,99,,2,1.0,Family,223.47,Offline Agent,Check-Out
BKG102159,City Hotel,2023-04-10,2023-09-02,2023-09-12,145,Australia,4,0.0,Deluxe,114.85,Direct,Check-Out
BKG102160,City Hotel,2024-02-09,2024-06-29,2024-07-07,141,Canada,4,2.0,Deluxe,209.28,,Canceled
BKG102161,Resort Hotel,2023-03-21,2023-03-24,2023-03-29,3,India,1,0.0,,133.89,Direct,Check-Out
BKG102162,Resort Hotel,2022-07-24,2022-12-25,2023-01-03,154,Australia,2,2.0,Standard,84.54,Online Travel Agent,Check-Out
BKG102163,Resort Hotel,2022-03-10,2022-05-23,2022-05-28,74,Brazil,1,1.0,Standard,329.68,Corporate,Canceled
BKG102164,City Hotel,2023-11-09,2024-01-06,2024-01-07,58,USA,3,2.0,Standard,80.51,Direct,Check-Out
BKG102165,Resort Hotel,2023-08-12,2023-12-16,2023-12-22,126,Brazil,2,2.0,,196.32,Corporate,Canceled
BKG102166,City Hotel,2023-01-28,2023-04-14,2023-04-17,76,Brazil,2,0.0,Deluxe,323.49,Online Travel Agent,Check-Out
BKG102167,City Hotel,2022-08-28,2022-11-22,2022-11-26,86,Australia,1,2.0,Standard,330.42,Corporate,Check-Out
BKG102168,Resort Hotel,2023-09-28,2024-01-08,2024-01-11,102,India,1,0.0,Standard,176.67,Offline Agent,Check-Out
BKG102169,Resort Hotel,2022-09-09,2023-02-16,2023-02-17,160,Singapore,4,2.0,Family,178.46,Corporate,No-Show
BKG102170,City Hotel,2022-06-06,2022-11-19,2022-11-24,166,Canada,1,0.0,Suite,131.89,Online Travel Agent,Canceled
BKG102171,City Hotel,2022-11-22,2023-01-18,2023-01-20,57,Australia,2,1.0,Standard,251.54,Online Travel Agent,Check-Out
BKG102172,City Hotel,2023-05-17,2023-09-20,2023-09-24,126,,2,0.0,Deluxe,203.94,Offline Agent,Check-Out
BKG102173,Resort Hotel,2023-08-13,2024-01-29,2024-02-01,169,Brazil,1,0.0,Deluxe,261.55,Offline Agent,Check-Out
BKG102174,City Hotel,2023-04-16,2023-04-26,2023-04-30,10,France,3,0.0,Family,295.01,,Check-Out
BKG102175,City Hotel,2022-01-01,2022-03-11,2022-03-19,69,UK,4,0.0,Deluxe,188.74,Corporate,No-Show
BKG102176,Resort Hotel,2022-01-06,2022-07-02,2022-07-10,177,Canada,4,0.0,,82.1,Corporate,Check-Out
BKG102177,City Hotel,2023-12-13,2024-02-12,2024-02-15,61,Germany,3,0.0,Suite,137.72,Online Travel Agent,Check-Out
BKG102178,Resort Hotel,2022-03-17,2022-08-06,2022-08-12,142,USA,1,0.0,Suite,160.43,Offline Agent,Check-Out
BKG102179,Resort Hotel,2024-01-06,2024-06-12,2024-06-19,158,Australia,3,0.0,Standard,234.66,,Canceled
BKG102180,Resort Hotel,2022-01-03,2022-01-15,2022-01-20,12,France,1,2.0,Suite,131.29,Corporate,Check-Out
BKG102181,Resort Hotel,2022-10-10,2022-10-14,2022-10-18,4,Germany,2,,Family,83.62,Offline Agent,Canceled
BKG102182,City Hotel,2024-02-25,2024-03-06,2024-03-10,10,India,3,2.0,Family,220.86,Online Travel Agent,Check-Out
BKG102183,City Hotel,2022-11-26,2023-01-05,2023-01-15,40,France,3,,Family,341.54,Direct,Canceled
BKG102184,Resort Hotel,2024-01-10,2024-03-10,2024-03-16,60,Brazil,4,0.0,Family,118.03,Corporate,Check-Out
BKG102185,City Hotel,2022-01-22,2022-05-30,2022-06-08,128,India,1,1.0,Deluxe,201.34,Online Travel Agent,No-Show
BKG102186,City Hotel,2024-01-03,2024-02-02,2024-02-12,30,Germany,1,2.0,Standard,303.34,Online Travel Agent,Check-Out
BKG102187,City Hotel,2024-05-26,2024-07-02,2024-07-09,37,Singapore,4,0.0,Suite,87.91,Online Travel Agent,Check-Out
BKG102188,City Hotel,2024-03-30,2024-07-10,2024-07-14,102,,2,0.0,Suite,92.32,Offline Agent,Canceled
BKG102189,City Hotel,2023-11-20,2023-12-30,2024-01-02,40,India,1,,Family,125.51,Offline Agent,No-Show
BKG102190,Resort Hotel,2023-01-08,2023-03-20,2023-03-25,71,Germany,4,0.0,Standard,310.43,Offline Agent,Canceled
BKG102191,City Hotel,2022-10-24,2023-01-31,2023-02-02,99,Canada,3,0.0,Family,227.21,,Check-Out
BKG102192,Resort Hotel,2023-02-22,2023-04-09,2023-04-13,46,UAE,3,2.0,Deluxe,169.02,Online Travel Agent,Check-Out
BKG102193,City Hotel,2023-01-29,2023-02-16,2023-02-25,18,Singapore,3,0.0,Family,97.62,Online Travel Agent,Check-Out
BKG102194,Resort Hotel,2023-02-02,2023-06-14,2023-06-21,132,,1,0.0,,329.16,Online Travel Agent,Check-Out
BKG102195,Resort Hotel,2022-09-02,2022-12-22,2022-12-23,111,Australia,3,0.0,Suite,97.49,Online Travel Agent,Check-Out
BKG102196,Resort Hotel,2023-08-25,2023-09-24,2023-09-25,30,UK,2,,Standard,72.7,Direct,Check-Out
BKG102197,Resort Hotel,2022-05-27,2022-08-28,2022-08-31,93,Germany,1,2.0,Family,136.06,Corporate,Check-Out
BKG102198,Resort Hotel,2023-12-14,2024-05-14,2024-05-20,152,Australia,2,0.0,Standard,226.6,Online Travel Agent,Check-Out
BKG102199,City Hotel,2023-07-01,2023-10-19,2023-10-20,110,France,2,,Suite,161.16,Corporate,Canceled
BKG102200,City Hotel,2023-10-08,2024-03-07,2024-03-10,151,France,1,0.0,Suite,142.89,Direct,Check-Out
BKG102201,City Hotel,2022-05-08,2022-09-27,2022-09-28,142,UAE,1,2.0,,232.62,Corporate,Canceled
BKG102202,Resort Hotel,2024-05-15,2024-07-26,2024-08-01,72,Brazil,4,1.0,Suite,105.5,Direct,Check-Out
BKG102203,Resort Hotel,2023-09-24,2024-01-28,2024-01-29,126,Australia,3,1.0,Standard,170.17,,Canceled
BKG102204,City Hotel,2022-11-14,2023-04-01,2023-04-08,138,UK,1,1.0,Family,63.04,Offline Agent,Check-Out
BKG102205,Resort Hotel,2022-07-21,2022-10-19,2022-10-21,90,UAE,3,,Deluxe,165.9,Online Travel Agent,Check-Out
BKG102206,City Hotel,2022-08-24,2023-02-13,2023-02-15,173,Australia,4,1.0,Standard,294.6,Corporate,Check-Out
BKG102207,Resort Hotel,2023-08-09,2023-08-24,2023-08-30,15,Germany,2,0.0,Deluxe,134.14,Corporate,Check-Out
BKG102208,City Hotel,2023-08-04,2023-10-10,2023-10-11,67,Germany,4,0.0,Standard,272.26,Corporate,Check-Out
BKG102209,Resort Hotel,2023-04-24,2023-09-20,2023-09-21,149,Singapore,3,1.0,Family,95.7,Offline Agent,No-Show
BKG102210,Resort Hotel,2022-11-04,2023-02-15,2023-02-25,103,Singapore,2,1.0,Deluxe,155.73,Direct,Canceled
BKG102211,Resort Hotel,2024-01-01,2024-06-04,2024-06-12,155,UAE,3,2.0,Family,193.4,Online Travel Agent,Canceled
BKG102212,Resort Hotel,2022-09-06,2023-03-02,2023-03-10,177,India,4,0.0,Standard,217.2,Direct,Check-Out
BKG102213,Resort Hotel,2023-09-10,2023-12-11,2023-12-18,92,Brazil,4,0.0,Family,122.93,Direct,Canceled
BKG102214,Resort Hotel,2022-05-17,2022-07-09,2022-07-19,53,,4,0.0,Deluxe,135.13,Corporate,Check-Out
BKG102215,Resort Hotel,2022-06-17,2022-09-26,2022-10-04,101,France,4,2.0,Deluxe,309.25,Offline Agent,Check-Out
BKG102216,Resort Hotel,2022-08-31,2023-02-06,2023-02-09,159,India,2,2.0,Deluxe,311.57,Direct,Check-Out
BKG102217,Resort Hotel,2022-01-23,2022-06-19,2022-06-21,147,Germany,3,0.0,Deluxe,78.93,Corporate,Check-Out
BKG102218,Resort Hotel,2022-08-06,2022-10-21,2022-10-29,76,Brazil,1,2.0,Standard,231.39,Offline Agent,Check-Out
BKG102219,City Hotel,2022-11-25,2022-12-16,2022-12-22,21,India,3,0.0,Family,96.78,Corporate,Check-Out
BKG102220,Resort Hotel,2023-12-08,2024-05-11,2024-05-21,155,USA,1,0.0,Standard,219.82,Online Travel Agent,Canceled
BKG102221,City Hotel,2023-02-07,2023-04-20,2023-04-24,72,UK,2,0.0,,113.45,Offline Agent,Check-Out
BKG102222,Resort Hotel,2023-04-24,2023-06-18,2023-06-22,55,Australia,1,1.0,Family,317.14,Corporate,Canceled
BKG102223,Resort Hotel,2022-01-29,2022-05-22,2022-05-23,113,Australia,2,2.0,Standard,164.84,Corporate,Check-Out
BKG102224,Resort Hotel,2022-06-23,2022-11-29,2022-12-08,159,India,3,0.0,Family,242.75,Corporate,Canceled
BKG102225,City Hotel,2022-05-16,2022-09-19,2022-09-24,126,Singapore,1,1.0,Deluxe,197.24,Offline Agent,Check-Out
BKG102226,Resort Hotel,2022-05-22,2022-08-25,2022-09-04,95,India,1,1.0,Deluxe,300.82,Offline Agent,Check-Out
BKG102227,Resort Hotel,2023-06-05,2023-11-21,2023-11-27,169,France,4,0.0,Family,334.3,Corporate,Check-Out
BKG102228,Resort Hotel,2023-05-13,2023-10-25,2023-11-04,165,Brazil,2,0.0,Family,211.59,Corporate,Canceled
BKG102229,City Hotel,2023-09-05,2023-09-24,2023-09-29,19,UAE,4,0.0,Standard,230.89,Corporate,Check-Out
BKG102230,City Hotel,2024-03-30,2024-09-15,2024-09-19,169,France,2,1.0,Deluxe,284.77,Direct,Check-Out
BKG102231,Resort Hotel,2022-08-16,2023-01-14,2023-01-19,151,Singapore,4,0.0,,97.92,Online Travel Agent,Check-Out
BKG102232,Resort Hotel,2022-10-23,2023-03-15,2023-03-21,143,UK,2,0.0,Family,64.72,Offline Agent,Canceled
BKG102233,City Hotel,2024-06-15,2024-07-26,2024-07-29,41,Canada,2,2.0,Suite,341.93,Direct,Canceled
BKG102234,City Hotel,2023-10-15,2023-11-25,2023-12-01,41,USA,4,1.0,,276.49,Direct,Check-Out
BKG102235,City Hotel,2023-06-23,2023-12-04,2023-12-13,164,USA,4,,,155.65,Online Travel Agent,Check-Out
BKG102236,City Hotel,2022-03-20,2022-05-10,2022-05-15,51,Australia,3,1.0,Standard,148.72,Corporate,Check-Out
BKG102237,City Hotel,2023-12-05,2024-03-27,2024-04-06,113,,3,2.0,Deluxe,284.76,Online Travel Agent,Canceled
BKG102238,Resort Hotel,2024-05-28,2024-09-18,2024-09-21,113,Singapore,2,1.0,Standard,293.16,Direct,Check-Out
BKG102239,City Hotel,2023-01-29,2023-05-11,2023-05-14,102,,1,0.0,Family,181.42,Offline Agent,No-Show
BKG102240,City Hotel,2022-12-05,2023-04-11,2023-04-20,127,Canada,4,0.0,Suite,155.06,Online Travel Agent,No-Show
BKG102241,Resort Hotel,2022-06-26,2022-08-30,2022-09-07,65,Australia,4,0.0,Family,61.66,Corporate,Check-Out
BKG102242,City Hotel,2024-04-08,2024-07-23,2024-08-01,106,,2,0.0,Family,258.16,Offline Agent,Check-Out
BKG102243,City Hotel,2022-11-29,2022-12-26,2022-12-29,27,USA,2,0.0,Family,309.86,Corporate,Check-Out
BKG102244,Resort Hotel,2024-03-31,2024-05-21,2024-05-25,51,Singapore,4,2.0,Deluxe,349.45,Corporate,Canceled
BKG102245,City Hotel,2024-06-07,2024-06-17,2024-06-19,10,Germany,4,0.0,Standard,337.92,Corporate,Canceled
BKG102246,City Hotel,2022-10-02,2022-11-10,2022-11-14,39,India,4,0.0,,110.27,Online Travel Agent,No-Show
BKG102247,Resort Hotel,2024-03-06,2024-05-16,2024-05-18,71,Brazil,2,0.0,Family,253.71,Online Travel Agent,Canceled
BKG102248,City Hotel,2023-05-03,2023-10-02,2023-10-10,152,UK,4,,Suite,303.8,Online Travel Agent,Check-Out
BKG102249,Resort Hotel,2023-02-03,2023-07-09,2023-07-14,156,Canada,1,,Deluxe,152.15,Corporate,Canceled
BKG102250,Resort Hotel,2023-01-22,2023-07-17,2023-07-25,176,Brazil,3,2.0,Suite,342.37,Offline Agent,Check-Out
BKG102251,Resort Hotel,2022-08-17,2023-01-10,2023-01-15,146,UK,1,,,229.5,Online Travel Agent,Check-Out
BKG102252,Resort Hotel,2023-09-24,2023-11-27,2023-12-02,64,UAE,2,0.0,,292.41,Corporate,Check-Out
BKG102253,Resort Hotel,2023-09-18,2023-09-22,2023-09-30,4,USA,2,0.0,Family,104.53,Offline Agent,Check-Out
BKG102254,Resort Hotel,2023-06-30,2023-10-19,2023-10-27,111,France,3,2.0,Standard,165.94,Offline Agent,Canceled
BKG102255,Resort Hotel,2023-12-05,2024-04-16,2024-04-19,133,Brazil,2,0.0,Suite,205.25,Offline Agent,Check-Out
BKG102256,Resort Hotel,2024-04-05,2024-06-14,2024-06-16,70,UK,4,0.0,Family,130.96,Online Travel Agent,Canceled
BKG102257,City Hotel,2023-01-05,2023-05-25,2023-06-01,140,France,3,0.0,Deluxe,193.18,Online Travel Agent,Canceled
BKG102258,Resort Hotel,2023-03-31,2023-05-19,2023-05-20,49,,4,1.0,Suite,112.72,Online Travel Agent,No-Show
BKG102259,City Hotel,2023-06-27,2023-07-20,2023-07-28,23,UAE,2,0.0,Suite,285.89,Corporate,Check-Out
BKG102260,City Hotel,2023-07-16,2023-12-14,2023-12-15,151,UK,4,0.0,Deluxe,128.31,Offline Agent,Check-Out
BKG102261,Resort Hotel,2023-10-02,2024-02-07,2024-02-17,128,Canada,1,,,316.33,Online Travel Agent,Canceled
BKG102262,City Hotel,2024-03-26,2024-07-13,2024-07-19,109,,3,2.0,Suite,242.03,Offline Agent,No-Show
BKG102263,City Hotel,2023-08-18,2023-11-08,2023-11-13,82,UAE,1,1.0,Deluxe,182.01,Online Travel Agent,No-Show
BKG102264,City Hotel,2024-06-18,2024-11-04,2024-11-13,139,Singapore,1,1.0,Standard,277.19,Corporate,Check-Out
BKG102265,City Hotel,2022-11-25,2023-03-31,2023-04-10,126,Singapore,1,2.0,Family,228.5,Direct,Check-Out
BKG102266,City Hotel,2023-07-18,2023-09-09,2023-09-18,53,Germany,3,2.0,Standard,208.4,,No-Show
BKG102267,City Hotel,2023-12-03,2024-04-03,2024-04-10,122,USA,1,0.0,Deluxe,128.96,Online Travel Agent,Canceled
BKG102268,Resort Hotel,2024-03-16,2024-09-02,2024-09-12,170,UK,1,0.0,Family,274.09,Online Travel Agent,Check-Out
BKG102269,Resort Hotel,2022-05-18,2022-05-24,2022-06-01,6,USA,1,1.0,,172.53,Offline Agent,Check-Out
BKG102270,Resort Hotel,2022-08-13,2022-12-14,2022-12-17,123,Germany,2,1.0,Suite,220.45,Offline Agent,Check-Out
BKG102271,City Hotel,2023-09-15,2024-01-09,2024-01-10,116,UAE,2,0.0,Family,72.83,Offline Agent,Canceled
BKG102272,Resort Hotel,2024-03-12,2024-05-08,2024-05-12,57,Canada,3,0.0,Family,260.25,Direct,Canceled
BKG102273,Resort Hotel,2024-02-24,2024-04-07,2024-04-11,43,UAE,1,0.0,Family,155.49,Online Travel Agent,Check-Out
BKG102274,Resort Hotel,2023-10-22,2023-11-14,2023-11-23,23,Singapore,4,2.0,Suite,235.02,Corporate,Check-Out
BKG102275,City Hotel,2022-11-15,2023-02-17,2023-02-26,94,USA,2,0.0,Suite,341.84,Offline Agent,No-Show
BKG102276,City Hotel,2023-10-30,2024-04-26,2024-04-28,179,India,2,0.0,Deluxe,343.56,Offline Agent,Check-Out
BKG102277,Resort Hotel,2023-03-31,2023-04-29,2023-05-05,29,Brazil,4,2.0,Family,234.5,Offline Agent,Check-Out
BKG102278,City Hotel,2023-07-05,2023-07-18,2023-07-21,13,UAE,2,0.0,Family,293.25,Corporate,Check-Out
BKG102279,City Hotel,2023-04-30,2023-09-24,2023-09-29,147,Australia,1,0.0,Suite,297.63,Online Travel Agent,Check-Out
BKG102280,City Hotel,2022-08-12,2022-09-15,2022-09-25,34,Singapore,3,1.0,Deluxe,123.4,Online Travel Agent,Check-Out
BKG102281,Resort Hotel,2023-05-26,2023-08-27,2023-09-04,93,Canada,2,2.0,Deluxe,323.9,Online Travel Agent,Check-Out
BKG102282,City Hotel,2023-07-27,2023-09-18,2023-09-19,53,Singapore,2,2.0,Suite,300.66,Corporate,Check-Out
BKG102283,City Hotel,2024-04-21,2024-06-18,2024-06-22,58,USA,2,0.0,Suite,86.24,Corporate,Check-Out
BKG102284,City Hotel,2023-08-21,2023-12-09,2023-12-16,110,France,1,1.0,Family,324.01,Offline Agent,Canceled
BKG102285,City Hotel,2023-02-03,2023-03-20,2023-03-22,45,USA,3,2.0,,163.45,Corporate,Canceled
BKG102286,Resort Hotel,2023-09-17,2023-10-16,2023-10-23,29,,1,1.0,Deluxe,60.85,Online Travel Agent,Check-Out
BKG102287,Resort Hotel,2022-04-07,2022-07-19,2022-07-29,103,Germany,1,0.0,Suite,318.46,Corporate,Check-Out
BKG102288,City Hotel,2023-01-31,2023-07-28,2023-07-29,178,Canada,3,2.0,Suite,118.98,Online Travel Agent,Canceled
BKG102289,Resort Hotel,2022-05-12,2022-10-10,2022-10-13,151,Germany,4,0.0,Standard,252.69,Direct,Check-Out
BKG102290,City Hotel,2024-05-23,2024-11-01,2024-11-07,162,UK,1,2.0,Standard,270.54,Direct,Check-Out
BKG102291,Resort Hotel,2023-04-09,2023-08-04,2023-08-06,117,India,4,1.0,Deluxe,180.02,Corporate,Canceled
BKG102292,Resort Hotel,2022-09-04,2022-11-14,2022-11-17,71,UK,1,0.0,Deluxe,290.1,Corporate,Check-Out
BKG102293,Resort Hotel,2023-07-12,2023-07-22,2023-07-24,10,Australia,2,1.0,Family,341.87,Corporate,Check-Out
BKG102294,Resort Hotel,2022-01-17,2022-02-10,2022-02-18,24,France,4,2.0,Suite,80.93,Offline Agent,Check-Out
BKG102295,City Hotel,2022-10-28,2022-11-03,2022-11-13,6,USA,2,0.0,Family,131.14,Corporate,Canceled
BKG102296,Resort Hotel,2023-01-05,2023-04-26,2023-05-01,111,Singapore,2,1.0,Family,295.93,Direct,Check-Out
BKG102297,City Hotel,2022-05-12,2022-08-17,2022-08-21,97,Australia,1,2.0,Suite,229.52,Corporate,Check-Out
BKG102298,City Hotel,2022-06-11,2022-11-21,2022-11-24,163,USA,4,1.0,Suite,168.93,Online Travel Agent,Check-Out
BKG102299,City Hotel,2024-05-28,2024-10-15,2024-10-21,140,UAE,1,0.0,Standard,275.46,Direct,Canceled
BKG102300,Resort Hotel,2024-03-11,2024-05-19,2024-05-24,69,UK,3,2.0,Deluxe,175.81,Online Travel Agent,Check-Out
BKG102301,City Hotel,2024-02-13,2024-04-14,2024-04-18,61,Australia,1,0.0,Standard,328.29,,Check-Out
BKG102302,City Hotel,2022-10-27,2023-03-24,2023-03-28,148,Brazil,2,0.0,Family,86.91,Offline Agent,Check-Out
BKG102303,City Hotel,2022-11-21,2023-01-14,2023-01-16,54,France,2,0.0,,143.96,Offline Agent,Check-Out
BKG102304,City Hotel,2023-03-22,2023-07-08,2023-07-10,108,Singapore,2,0.0,Standard,262.53,Online Travel Agent,Check-Out
BKG102305,Resort Hotel,2023-12-15,2024-04-30,2024-05-08,137,UAE,2,0.0,Standard,150.49,Online Travel Agent,Check-Out
BKG102306,Resort Hotel,2023-03-20,2023-07-21,2023-07-30,123,Canada,4,0.0,Standard,243.08,Offline Agent,Check-Out
BKG102307,City Hotel,2023-09-22,2024-03-11,2024-03-18,171,Canada,3,1.0,Standard,147.35,Offline Agent,Check-Out
BKG102308,Resort Hotel,2023-10-30,2023-10-30,2023-11-02,0,USA,4,2.0,,250.4,Corporate,Check-Out
BKG102309,Resort Hotel,2024-01-31,2024-03-21,2024-03-22,50,India,4,0.0,Deluxe,75.31,Offline Agent,Canceled
BKG102310,Resort Hotel,2023-10-25,2024-04-18,2024-04-24,176,UK,1,0.0,Suite,325.5,Online Travel Agent,Check-Out
BKG102311,Resort Hotel,2024-03-18,2024-04-26,2024-04-27,39,UAE,4,,Standard,199.32,Corporate,Check-Out
BKG102312,City Hotel,2023-08-26,2024-01-17,2024-01-20,144,Australia,1,0.0,Deluxe,345.1,Direct,Canceled
BKG102313,Resort Hotel,2023-06-16,2023-07-22,2023-07-25,36,UAE,2,0.0,Deluxe,140.58,Direct,Check-Out
BKG102314,Resort Hotel,2022-06-30,2022-07-12,2022-07-18,12,Brazil,4,0.0,Standard,249.95,Online Travel Agent,Check-Out
BKG102315,Resort Hotel,2022-08-01,2022-10-05,2022-10-14,65,Germany,3,0.0,,124.85,Direct,Check-Out
BKG102316,City Hotel,2023-06-14,2023-09-18,2023-09-20,96,UAE,2,0.0,Family,130.54,Corporate,Check-Out
BKG102317,City Hotel,2022-08-10,2022-10-26,2022-10-29,77,Brazil,4,0.0,Family,284.03,Offline Agent,Canceled
BKG102318,Resort Hotel,2022-06-27,2022-09-02,2022-09-12,67,India,4,1.0,Suite,116.06,Direct,Check-Out
BKG102319,City Hotel,2023-04-10,2023-09-19,2023-09-27,162,,2,0.0,Family,251.94,Direct,Check-Out
BKG102320,City Hotel,2024-05-04,2024-05-27,2024-06-02,23,UAE,2,1.0,Suite,344.73,Online Travel Agent,Check-Out
BKG102321,Resort Hotel,2024-02-22,2024-05-31,2024-06-03,99,Brazil,3,0.0,Family,312.98,Offline Agent,Check-Out
BKG102322,City Hotel,2022-09-30,2023-01-29,2023-02-04,121,UK,2,0.0,Suite,177.25,Offline Agent,Canceled
BKG102323,City Hotel,2022-10-05,2023-01-13,2023-01-20,100,UK,3,0.0,Suite,158.04,Direct,Check-Out
BKG102324,City Hotel,2022-07-27,2022-11-03,2022-11-11,99,USA,2,,Deluxe,89.94,Offline Agent,Canceled
BKG102325,City Hotel,2023-12-16,2024-04-01,2024-04-05,107,Australia,2,,,138.72,Offline Agent,Check-Out
BKG102326,Resort Hotel,2023-08-15,2023-08-21,2023-08-28,6,France,1,1.0,,271.91,Direct,Check-Out
BKG102327,Resort Hotel,2024-02-10,2024-06-28,2024-06-30,139,Singapore,4,0.0,Standard,162.8,Online Travel Agent,Check-Out
BKG102328,Resort Hotel,2024-03-11,2024-07-20,2024-07-24,131,Canada,4,0.0,Deluxe,68.48,Offline Agent,Check-Out
BKG102329,City Hotel,2022-03-02,2022-06-30,2022-07-03,120,Canada,1,,Standard,139.42,Direct,Check-Out
BKG102330,City Hotel,2022-10-09,2023-03-04,2023-03-08,146,Australia,1,0.0,Deluxe,343.97,Corporate,Canceled
BKG102331,Resort Hotel,2023-03-29,2023-07-08,2023-07-11,101,Australia,3,0.0,Suite,303.12,Corporate,Canceled
BKG102332,City Hotel,2022-07-30,2022-09-16,2022-09-26,48,India,1,1.0,Deluxe,100.22,Offline Agent,Canceled
BKG102333,City Hotel,2022-09-26,2023-02-02,2023-02-04,129,,1,0.0,Family,246.19,Online Travel Agent,Check-Out
BKG102334,City Hotel,2023-04-08,2023-09-27,2023-09-28,172,Germany,4,2.0,Standard,125.02,Online Travel Agent,Check-Out
BKG102335,City Hotel,2023-02-03,2023-03-02,2023-03-05,27,Germany,3,,Suite,67.99,Online Travel Agent,Canceled
BKG102336,Resort Hotel,2022-03-25,2022-05-13,2022-05-17,49,Canada,2,0.0,Family,341.9,Offline Agent,Check-Out
BKG102337,City Hotel,2022-07-30,2023-01-21,2023-01-26,175,USA,1,0.0,Standard,73.22,Online Travel Agent,Canceled
BKG102338,Resort Hotel,2023-05-21,2023-10-21,2023-10-25,153,USA,1,0.0,,348.25,Online Travel Agent,No-Show
BKG102339,City Hotel,2023-08-16,2024-01-30,2024-02-09,167,UK,1,0.0,Standard,73.79,Direct,Check-Out
BKG102340,Resort Hotel,2024-04-30,2024-08-14,2024-08-21,106,USA,1,1.0,Standard,325.63,Direct,Check-Out
BKG102341,Resort Hotel,2022-05-05,2022-06-25,2022-06-30,51,India,3,0.0,Deluxe,220.52,Corporate,Check-Out
BKG102342,Resort Hotel,2023-03-12,2023-03-27,2023-04-04,15,Germany,1,1.0,Family,302.83,Online Travel Agent,Check-Out
BKG102343,Resort Hotel,2024-03-17,2024-07-18,2024-07-20,123,USA,1,,Suite,93.64,Online Travel Agent,No-Show
BKG102344,Resort Hotel,2022-11-07,2023-03-05,2023-03-06,118,France,2,2.0,Standard,221.14,Online Travel Agent,Check-Out
BKG102345,Resort Hotel,2023-07-01,2023-10-26,2023-10-31,117,Brazil,3,0.0,Deluxe,323.51,Offline Agent,Check-Out
BKG102346,Resort Hotel,2023-06-07,2023-09-09,2023-09-17,94,Brazil,4,0.0,Standard,309.45,Direct,Check-Out
BKG102347,City Hotel,2022-03-23,2022-04-01,2022-04-09,9,,3,2.0,Suite,341.48,Direct,Check-Out
BKG102348,Resort Hotel,2022-06-05,2022-07-05,2022-07-11,30,USA,3,0.0,Suite,82.08,Direct,Check-Out
BKG102349,City Hotel,2023-02-25,2023-07-27,2023-08-03,152,UAE,2,1.0,Suite,79.26,,No-Show
BKG102350,City Hotel,2022-06-29,2022-12-13,2022-12-21,167,France,3,0.0,Family,60.58,Online Travel Agent,Canceled
BKG102351,City Hotel,2023-04-23,2023-09-19,2023-09-28,149,Australia,3,2.0,Family,212.46,Corporate,Check-Out
BKG102352,City Hotel,2023-09-05,2023-10-31,2023-11-01,56,Australia,1,0.0,Family,90.73,Corporate,Canceled
BKG102353,Resort Hotel,2023-02-16,2023-04-10,2023-04-16,53,UK,3,2.0,Family,145.91,Online Travel Agent,Check-Out
BKG102354,City Hotel,2023-02-04,2023-05-18,2023-05-21,103,,3,1.0,Standard,166.42,Offline Agent,Check-Out
BKG102355,Resort Hotel,2022-02-13,2022-03-06,2022-03-11,21,Australia,3,0.0,Family,303.26,Direct,Check-Out
BKG102356,Resort Hotel,2024-03-17,2024-09-12,2024-09-21,179,,4,,Family,314.32,Online Travel Agent,Check-Out
BKG102357,City Hotel,2024-04-03,2024-04-28,2024-05-06,25,,2,2.0,,100.81,Direct,Check-Out
BKG102358,Resort Hotel,2022-04-24,2022-05-25,2022-05-31,31,UK,2,0.0,Deluxe,126.52,,Check-Out
BKG102359,City Hotel,2023-07-03,2023-09-12,2023-09-20,71,Brazil,3,0.0,Suite,212.54,Online Travel Agent,Check-Out
BKG102360,Resort Hotel,2022-04-05,2022-04-14,2022-04-23,9,Germany,3,1.0,Suite,235.55,Online Travel Agent,Canceled
BKG102361,City Hotel,2022-09-10,2022-12-07,2022-12-08,88,UK,3,0.0,Deluxe,152.42,,Canceled
BKG102362,Resort Hotel,2022-01-08,2022-04-29,2022-05-04,111,Brazil,1,0.0,Family,337.39,Direct,Check-Out
BKG102363,City Hotel,2023-07-08,2023-07-12,2023-07-14,4,UAE,1,0.0,Deluxe,89.67,Corporate,Check-Out
BKG102364,City Hotel,2022-12-07,2023-01-08,2023-01-17,32,Canada,1,0.0,Suite,143.49,Direct,Check-Out
BKG102365,City Hotel,2022-06-29,2022-07-20,2022-07-29,21,Canada,2,0.0,Standard,171.8,Direct,Check-Out
BKG102366,City Hotel,2023-08-23,2023-09-21,2023-09-24,29,France,1,0.0,Deluxe,298.93,Offline Agent,Check-Out
BKG102367,City Hotel,2022-01-15,2022-04-06,2022-04-12,81,Brazil,3,0.0,,325.34,Online Travel Agent,Check-Out
BKG102368,City Hotel,2022-10-12,2022-11-28,2022-12-08,47,,1,1.0,Standard,234.8,Corporate,Check-Out
BKG102369,Resort Hotel,2022-06-06,2022-10-17,2022-10-27,133,Australia,4,0.0,Suite,169.41,Offline Agent,Check-Out
BKG102370,Resort Hotel,2022-08-28,2022-12-21,2022-12-26,115,Australia,3,1.0,Suite,319.17,Direct,Check-Out
BKG102371,Resort Hotel,2022-04-06,2022-06-02,2022-06-09,57,UK,1,0.0,Suite,230.45,Direct,Check-Out
BKG102372,Resort Hotel,2023-06-09,2023-08-19,2023-08-23,71,Brazil,4,1.0,Family,238.63,Corporate,Check-Out
BKG102373,Resort Hotel,2023-04-16,2023-08-21,2023-08-24,127,Germany,3,,Deluxe,214.14,Corporate,Check-Out
BKG102374,Resort Hotel,2022-11-05,2023-03-16,2023-03-17,131,France,1,0.0,Standard,83.2,Corporate,Check-Out
BKG102375,City Hotel,2024-06-13,2024-09-22,2024-10-02,101,Canada,1,0.0,Suite,215.03,Online Travel Agent,Check-Out
BKG102376,Resort Hotel,2024-05-04,2024-09-08,2024-09-18,127,UAE,4,0.0,Family,107.02,Online Travel Agent,Check-Out
BKG102377,City Hotel,2024-02-21,2024-04-15,2024-04-19,54,,2,2.0,,290.5,Direct,Canceled
BKG102378,Resort Hotel,2022-11-26,2023-05-08,2023-05-17,163,France,2,2.0,Standard,172.19,Direct,Check-Out
BKG102379,City Hotel,2023-02-06,2023-03-25,2023-04-04,47,France,1,1.0,Deluxe,105.8,Direct,Canceled
BKG102380,Resort Hotel,2022-01-28,2022-04-15,2022-04-17,77,USA,4,1.0,Suite,217.06,Direct,Check-Out
BKG102381,Resort Hotel,2023-02-20,2023-05-28,2023-06-07,97,Australia,2,1.0,Deluxe,308.95,Direct,Canceled
BKG102382,Resort Hotel,2024-02-09,2024-02-17,2024-02-21,8,France,1,0.0,Suite,230.05,Online Travel Agent,Check-Out
BKG102383,Resort Hotel,2022-02-16,2022-06-03,2022-06-05,107,Germany,1,0.0,Suite,227.17,Direct,Check-Out
BKG102384,Resort Hotel,2023-05-14,2023-06-04,2023-06-14,21,UK,1,0.0,Suite,76.86,Offline Agent,Check-Out
BKG102385,Resort Hotel,2022-05-30,2022-07-16,2022-07-22,47,Singapore,4,0.0,Suite,263.0,Corporate,No-Show
BKG102386,City Hotel,2022-11-13,2022-11-13,2022-11-21,0,Germany,2,0.0,Deluxe,60.14,,Check-Out
BKG102387,City Hotel,2023-01-30,2023-07-15,2023-07-23,166,UAE,4,2.0,Family,282.83,Corporate,Check-Out
BKG102388,City Hotel,2022-10-22,2022-12-23,2022-12-31,62,Germany,1,0.0,,238.33,Online Travel Agent,Check-Out
BKG102389,Resort Hotel,2023-05-26,2023-09-12,2023-09-19,109,Canada,4,0.0,Family,76.94,Online Travel Agent,Check-Out
BKG102390,Resort Hotel,2024-03-13,2024-08-07,2024-08-10,147,Australia,1,0.0,Standard,198.27,Online Travel Agent,Check-Out
BKG102391,City Hotel,2022-09-09,2022-09-26,2022-09-28,17,India,4,1.0,Family,241.56,Offline Agent,Check-Out
BKG102392,City Hotel,2022-07-29,2022-10-22,2022-10-26,85,USA,2,0.0,Suite,117.54,Direct,Check-Out
BKG102393,Resort Hotel,2022-05-22,2022-08-26,2022-09-04,96,Canada,3,2.0,Standard,166.61,Online Travel Agent,Check-Out
BKG102394,Resort Hotel,2022-06-05,2022-11-07,2022-11-12,155,Canada,2,0.0,Suite,71.61,Direct,Check-Out
BKG102395,City Hotel,2023-07-05,2023-11-26,2023-11-29,144,Australia,2,0.0,Suite,120.08,Offline Agent,Check-Out
BKG102396,Resort Hotel,2022-08-02,2022-09-03,2022-09-11,32,Canada,3,0.0,Family,202.36,Corporate,Check-Out
BKG102397,City Hotel,2022-12-16,2023-02-07,2023-02-16,53,India,2,0.0,Family,87.33,Corporate,Check-Out
BKG102398,Resort Hotel,2023-03-15,2023-06-23,2023-06-28,100,UAE,2,1.0,Standard,189.08,Direct,Check-Out
BKG102399,City Hotel,2022-10-14,2023-01-02,2023-01-08,80,Australia,2,0.0,Suite,201.81,Offline Agent,Check-Out
BKG102400,City Hotel,2023-02-25,2023-05-02,2023-05-11,66,UK,4,2.0,Deluxe,145.12,Corporate,Canceled
BKG102401,Resort Hotel,2023-08-15,2023-10-27,2023-11-02,73,UAE,1,0.0,Standard,148.98,Offline Agent,Check-Out
BKG102402,Resort Hotel,2023-08-05,2023-11-20,2023-11-26,107,UK,4,2.0,Standard,329.35,,Canceled
BKG102403,Resort Hotel,2024-02-08,2024-06-01,2024-06-08,114,UAE,4,0.0,Standard,233.21,Offline Agent,Check-Out
BKG102404,Resort Hotel,2022-08-09,2022-10-13,2022-10-18,65,France,2,0.0,Family,97.99,Corporate,Canceled
BKG102405,Resort Hotel,2022-07-10,2022-08-16,2022-08-20,37,France,3,1.0,Suite,193.83,,Canceled
BKG102406,Resort Hotel,2023-04-20,2023-05-25,2023-05-31,35,Canada,1,2.0,Standard,144.48,Direct,Check-Out
BKG102407,Resort Hotel,2023-09-18,2024-01-31,2024-02-03,135,,1,0.0,Deluxe,191.31,Offline Agent,Check-Out
BKG102408,City Hotel,2022-06-09,2022-12-03,2022-12-04,177,Canada,3,0.0,Family,78.57,,Check-Out
BKG102409,Resort Hotel,2022-07-21,2022-11-02,2022-11-06,104,USA,2,2.0,Standard,183.64,Direct,Canceled
BKG102410,City Hotel,2024-04-25,2024-06-02,2024-06-03,38,UK,1,2.0,Family,144.73,Corporate,Canceled
BKG102411,City Hotel,2024-06-09,2024-10-26,2024-10-30,139,Brazil,2,0.0,Family,182.63,Online Travel Agent,Canceled
BKG102412,Resort Hotel,2023-06-06,2023-07-18,2023-07-27,42,Germany,4,1.0,Family,269.9,,Canceled
BKG102413,Resort Hotel,2023-10-18,2024-04-08,2024-04-13,173,India,3,1.0,Suite,314.25,Offline Agent,Check-Out
BKG102414,City Hotel,2024-01-03,2024-01-16,2024-01-18,13,USA,2,0.0,Deluxe,135.85,Corporate,Check-Out
BKG102415,Resort Hotel,2023-10-31,2023-10-31,2023-11-02,0,Canada,1,0.0,Suite,144.61,Online Travel Agent,Check-Out
BKG102416,Resort Hotel,2022-02-19,2022-04-15,2022-04-24,55,India,1,,Suite,134.03,Online Travel Agent,Check-Out
BKG102417,Resort Hotel,2022-03-07,2022-06-04,2022-06-11,89,UAE,4,,Deluxe,158.58,Online Travel Agent,Check-Out
BKG102418,Resort Hotel,2023-10-24,2023-12-18,2023-12-26,55,Germany,3,1.0,Standard,152.72,,Check-Out
BKG102419,City Hotel,2023-02-17,2023-06-29,2023-07-05,132,Canada,4,0.0,Suite,189.74,Online Travel Agent,Check-Out
BKG102420,Resort Hotel,2023-09-15,2023-09-24,2023-09-27,9,Canada,4,0.0,Standard,177.39,,Check-Out
BKG102421,Resort Hotel,2023-01-10,2023-05-22,2023-05-29,132,USA,4,2.0,Family,343.55,Offline Agent,Check-Out
BKG102422,City Hotel,2023-08-17,2023-12-28,2024-01-01,133,India,2,0.0,Suite,180.01,Online Travel Agent,Check-Out
BKG102423,Resort Hotel,2023-07-04,2023-08-26,2023-09-01,53,Brazil,2,0.0,Suite,163.4,Offline Agent,Check-Out
BKG102424,Resort Hotel,2023-12-24,2024-01-31,2024-02-09,38,Germany,3,0.0,Deluxe,165.78,Corporate,Check-Out
BKG102425,City Hotel,2023-02-14,2023-08-01,2023-08-04,168,UAE,1,1.0,Standard,322.57,Online Travel Agent,Check-Out
BKG102426,Resort Hotel,2023-07-07,2023-09-13,2023-09-20,68,India,4,2.0,Deluxe,200.61,Online Travel Agent,Check-Out
BKG102427,City Hotel,2023-06-12,2023-09-07,2023-09-11,87,Australia,2,1.0,Deluxe,111.84,Corporate,Check-Out
BKG102428,City Hotel,2023-10-16,2024-01-18,2024-01-19,94,France,2,0.0,Family,96.48,Online Travel Agent,No-Show
BKG102429,City Hotel,2022-01-05,2022-05-24,2022-06-01,139,UK,2,0.0,Standard,215.2,Offline Agent,Canceled
BKG102430,Resort Hotel,2022-08-18,2023-01-07,2023-01-10,142,USA,4,1.0,Suite,196.05,Direct,Check-Out
BKG102431,Resort Hotel,2023-12-11,2024-04-12,2024-04-21,123,India,4,0.0,Family,60.32,Online Travel Agent,Check-Out
BKG102432,City Hotel,2022-02-19,2022-03-27,2022-04-01,36,Canada,2,0.0,Deluxe,145.61,Online Travel Agent,Check-Out
BKG102433,City Hotel,2023-11-06,2024-03-08,2024-03-16,123,USA,4,0.0,Family,279.64,Online Travel Agent,Check-Out
BKG102434,City Hotel,2023-12-28,2024-06-01,2024-06-08,156,Australia,3,1.0,Suite,176.76,Online Travel Agent,Check-Out
BKG102435,City Hotel,2024-01-11,2024-07-03,2024-07-10,174,India,2,0.0,Standard,143.4,Corporate,Check-Out
BKG102436,City Hotel,2024-04-23,2024-07-04,2024-07-07,72,Brazil,4,0.0,Deluxe,116.92,Direct,Check-Out
BKG102437,Resort Hotel,2022-04-01,2022-08-27,2022-08-29,148,Canada,3,0.0,,345.38,,Check-Out
BKG102438,City Hotel,2023-05-05,2023-10-23,2023-10-27,171,Canada,4,0.0,Standard,281.06,Online Travel Agent,Canceled
BKG102439,Resort Hotel,2022-12-03,2022-12-12,2022-12-14,9,Australia,1,0.0,Standard,175.12,Online Travel Agent,Check-Out
BKG102440,City Hotel,2022-05-18,2022-08-28,2022-09-03,102,,2,0.0,Family,304.96,Direct,Check-Out
BKG102441,Resort Hotel,2022-10-23,2023-03-01,2023-03-10,129,Brazil,2,0.0,Deluxe,202.68,Online Travel Agent,Check-Out
BKG102442,City Hotel,2023-02-17,2023-06-17,2023-06-27,120,Australia,1,0.0,Suite,171.48,Direct,Canceled
BKG102443,City Hotel,2022-01-24,2022-03-18,2022-03-20,53,Australia,4,0.0,Suite,297.01,Direct,Canceled
BKG102444,Resort Hotel,2022-05-26,2022-08-13,2022-08-20,79,Canada,3,0.0,Deluxe,308.91,Corporate,Check-Out
BKG102445,Resort Hotel,2024-04-10,2024-04-18,2024-04-21,8,,1,2.0,Suite,173.43,Offline Agent,Canceled
BKG102446,City Hotel,2022-11-24,2022-12-16,2022-12-26,22,Germany,1,2.0,Deluxe,282.05,,Canceled
BKG102447,City Hotel,2023-02-15,2023-07-31,2023-08-04,166,Australia,1,0.0,Deluxe,346.62,Offline Agent,Check-Out
BKG102448,Resort Hotel,2024-02-20,2024-04-11,2024-04-12,51,Brazil,1,0.0,Standard,76.49,Direct,Check-Out
BKG102449,Resort Hotel,2023-03-31,2023-08-11,2023-08-13,133,UK,1,0.0,,307.55,Corporate,Check-Out
BKG102450,Resort Hotel,2022-10-13,2022-10-29,2022-11-04,16,India,2,2.0,Suite,258.05,,Check-Out
BKG102451,Resort Hotel,2023-03-04,2023-06-20,2023-06-22,108,Singapore,2,1.0,Standard,174.23,Direct,No-Show
BKG102452,City Hotel,2023-11-22,2024-05-02,2024-05-09,162,Canada,1,0.0,Suite,307.38,Offline Agent,Canceled
BKG102453,City Hotel,2024-06-11,2024-09-07,2024-09-11,88,Singapore,1,0.0,Deluxe,70.54,Direct,Check-Out
BKG102454,City Hotel,2023-09-20,2024-01-08,2024-01-16,110,UK,2,2.0,Standard,189.88,,Canceled
BKG102455,City Hotel,2022-05-24,2022-11-10,2022-11-17,170,India,2,1.0,Standard,349.62,Offline Agent,Canceled
BKG102456,Resort Hotel,2023-03-14,2023-07-14,2023-07-16,122,Singapore,4,1.0,Deluxe,175.46,Offline Agent,Canceled
BKG102457,City Hotel,2023-03-19,2023-08-05,2023-08-14,139,UK,3,0.0,Family,85.46,Offline Agent,Check-Out
BKG102458,Resort Hotel,2022-06-12,2022-07-29,2022-08-05,47,Brazil,4,1.0,Deluxe,188.72,,Check-Out
BKG102459,Resort Hotel,2022-03-29,2022-07-08,2022-07-14,101,Canada,2,0.0,Suite,219.59,Direct,Canceled
BKG102460,City Hotel,2023-08-03,2023-12-18,2023-12-20,137,Canada,2,0.0,Family,159.01,Direct,Check-Out
BKG102461,Resort Hotel,2023-09-10,2024-01-14,2024-01-21,126,Singapore,3,0.0,Suite,219.22,Online Travel Agent,Check-Out
BKG102462,City Hotel,2022-03-16,2022-05-29,2022-05-31,74,UAE,4,,Family,318.66,Direct,Check-Out
BKG102463,Resort Hotel,2024-04-22,2024-05-27,2024-06-06,35,Singapore,3,1.0,Family,161.77,Online Travel Agent,Check-Out
BKG102464,City Hotel,2024-05-11,2024-07-28,2024-08-06,78,India,4,0.0,,76.26,Direct,Check-Out
BKG102465,City Hotel,2023-09-01,2024-02-28,2024-03-02,180,,4,2.0,Family,302.23,,Check-Out
BKG102466,Resort Hotel,2023-10-20,2023-10-24,2023-10-27,4,UAE,2,0.0,Standard,95.81,,Check-Out
BKG102467,Resort Hotel,2023-02-05,2023-07-15,2023-07-16,160,Australia,4,0.0,Suite,109.57,Direct,No-Show
BKG102468,Resort Hotel,2022-06-15,2022-08-12,2022-08-16,58,Singapore,4,2.0,Standard,121.14,Offline Agent,Check-Out
BKG102469,City Hotel,2022-02-12,2022-02-15,2022-02-23,3,UK,2,0.0,,332.72,Offline Agent,Check-Out
BKG102470,City Hotel,2023-12-20,2024-05-14,2024-05-22,146,India,3,0.0,Suite,196.18,Offline Agent,Canceled
BKG102471,City Hotel,2023-12-08,2023-12-31,2024-01-05,23,Australia,3,1.0,,334.35,Corporate,Check-Out
BKG102472,City Hotel,2023-01-25,2023-06-12,2023-06-20,138,UAE,2,0.0,Deluxe,247.32,Corporate,Check-Out
BKG102473,City Hotel,2022-03-09,2022-05-19,2022-05-26,71,UAE,4,2.0,Deluxe,342.8,Corporate,Check-Out
BKG102474,City Hotel,2024-03-16,2024-05-30,2024-06-08,75,UK,2,0.0,Family,249.93,Offline Agent,Check-Out
BKG102475,City Hotel,2023-02-06,2023-04-23,2023-05-02,76,Canada,3,0.0,Suite,104.73,Offline Agent,Check-Out
BKG102476,City Hotel,2023-06-05,2023-11-07,2023-11-12,155,Brazil,2,0.0,Deluxe,284.21,Corporate,Check-Out
BKG102477,Resort Hotel,2024-06-11,2024-09-29,2024-10-09,110,France,3,2.0,Suite,69.19,Online Travel Agent,Check-Out
BKG102478,City Hotel,2024-01-09,2024-01-17,2024-01-27,8,UK,2,2.0,Standard,138.05,Online Travel Agent,Check-Out
BKG102479,City Hotel,2022-10-15,2022-11-28,2022-12-08,44,Canada,2,2.0,Deluxe,73.25,Offline Agent,Canceled
BKG102480,Resort Hotel,2024-05-14,2024-10-12,2024-10-18,151,Germany,3,0.0,Standard,253.42,Online Travel Agent,Check-Out
BKG102481,Resort Hotel,2022-12-10,2023-05-02,2023-05-08,143,India,1,0.0,Suite,71.15,Corporate,Check-Out
BKG102482,Resort Hotel,2022-07-09,2022-11-29,2022-12-01,143,UK,3,0.0,Family,159.59,Corporate,Canceled
BKG102483,City Hotel,2023-12-05,2024-05-25,2024-05-29,172,Germany,2,1.0,,239.93,Online Travel Agent,Check-Out
BKG102484,Resort Hotel,2022-09-02,2023-02-17,2023-02-23,168,Australia,1,0.0,Suite,348.19,Direct,Canceled
BKG102485,City Hotel,2024-04-16,2024-06-22,2024-06-25,67,USA,4,1.0,Standard,322.77,Corporate,Check-Out
BKG102486,Resort Hotel,2023-06-26,2023-08-14,2023-08-23,49,,3,0.0,Family,144.84,,Canceled
BKG102487,City Hotel,2024-04-23,2024-09-30,2024-10-02,160,France,2,0.0,Suite,87.19,Corporate,Check-Out
BKG102488,Resort Hotel,2023-12-02,2024-01-27,2024-02-04,56,Singapore,1,1.0,Standard,99.36,Offline Agent,Check-Out
BKG102489,Resort Hotel,2022-09-11,2023-01-02,2023-01-07,113,USA,4,0.0,Suite,349.33,Offline Agent,Check-Out
BKG102490,City Hotel,2023-03-10,2023-04-21,2023-04-28,42,India,3,0.0,Suite,110.4,,Check-Out
BKG102491,Resort Hotel,2024-03-13,2024-08-27,2024-09-04,167,Australia,4,0.0,Deluxe,64.09,Online Travel Agent,Check-Out
BKG102492,Resort Hotel,2023-03-18,2023-05-18,2023-05-19,61,Australia,2,2.0,Family,233.34,Online Travel Agent,Check-Out
BKG102493,City Hotel,2022-02-03,2022-04-28,2022-05-08,84,Canada,2,0.0,,325.17,Online Travel Agent,Canceled
BKG102494,Resort Hotel,2024-02-18,2024-04-13,2024-04-18,55,France,2,2.0,Suite,326.73,Online Travel Agent,Check-Out
BKG102495,Resort Hotel,2023-10-28,2023-12-05,2023-12-06,38,Australia,2,0.0,Suite,236.26,Corporate,Check-Out
BKG102496,City Hotel,2023-11-27,2024-01-03,2024-01-12,37,UK,2,0.0,Family,91.05,Corporate,Canceled
BKG102497,Resort Hotel,2023-03-29,2023-07-03,2023-07-11,96,UAE,2,2.0,,236.79,Online Travel Agent,Canceled
BKG102498,Resort Hotel,2023-10-06,2023-12-11,2023-12-15,66,,1,2.0,Deluxe,306.74,Offline Agent,Canceled
BKG102499,City Hotel,2023-01-17,2023-03-15,2023-03-17,57,,1,,Standard,252.7,Online Travel Agent,Check-Out
BKG102500,City Hotel,2023-02-22,2023-03-31,2023-04-10,37,UAE,1,1.0,Standard,235.44,Offline Agent,Check-Out
BKG102501,Resort Hotel,2022-06-15,2022-10-23,2022-10-25,130,India,4,0.0,Family,258.74,Direct,Canceled
BKG102502,Resort Hotel,2022-06-09,2022-07-19,2022-07-21,40,UAE,2,1.0,Family,224.49,Direct,Check-Out
BKG102503,City Hotel,2023-03-22,2023-07-23,2023-07-25,123,,1,0.0,Standard,99.7,Offline Agent,Check-Out
BKG102504,Resort Hotel,2022-12-21,2023-05-22,2023-06-01,152,France,1,,Suite,310.38,Corporate,Check-Out
BKG102505,Resort Hotel,2024-04-08,2024-05-23,2024-05-24,45,Singapore,2,1.0,Family,275.3,,Canceled
BKG102506,City Hotel,2024-02-02,2024-04-21,2024-04-27,79,Canada,1,0.0,Family,232.39,Online Travel Agent,Check-Out
BKG102507,Resort Hotel,2024-03-08,2024-03-20,2024-03-25,12,France,1,2.0,Family,286.45,Offline Agent,Check-Out
BKG102508,Resort Hotel,2022-11-01,2023-04-10,2023-04-12,160,India,2,0.0,Standard,288.75,Direct,Canceled
BKG102509,City Hotel,2023-11-12,2023-12-15,2023-12-23,33,USA,2,0.0,Deluxe,74.06,,Check-Out
BKG102510,Resort Hotel,2022-03-03,2022-03-28,2022-04-06,25,Germany,3,0.0,Deluxe,103.18,Corporate,Canceled
BKG102511,City Hotel,2022-06-27,2022-07-05,2022-07-14,8,Singapore,2,,Standard,315.63,Offline Agent,Check-Out
BKG102512,City Hotel,2024-05-11,2024-05-13,2024-05-17,2,Brazil,1,1.0,Standard,347.2,Offline Agent,Canceled
BKG102513,Resort Hotel,2023-08-30,2024-02-26,2024-03-02,180,India,4,1.0,Standard,199.82,Corporate,Check-Out
BKG102514,City Hotel,2022-09-21,2023-03-18,2023-03-20,178,USA,1,1.0,Family,324.86,Direct,Check-Out
BKG102515,City Hotel,2023-01-09,2023-01-16,2023-01-25,7,India,3,0.0,Suite,112.29,Online Travel Agent,Canceled
BKG102516,City Hotel,2024-03-10,2024-08-06,2024-08-08,149,Australia,3,,Family,164.92,Direct,Check-Out
BKG102517,City Hotel,2022-12-19,2023-03-15,2023-03-22,86,Canada,1,2.0,Standard,113.96,Direct,Check-Out
BKG102518,Resort Hotel,2024-01-22,2024-07-15,2024-07-17,175,Brazil,4,0.0,Suite,305.47,Offline Agent,Check-Out
BKG102519,Resort Hotel,2024-01-30,2024-05-11,2024-05-18,102,UAE,4,2.0,Suite,123.44,Offline Agent,Check-Out
BKG102520,Resort Hotel,2022-04-11,2022-05-31,2022-06-09,50,UK,4,0.0,Deluxe,298.72,Direct,Check-Out
BKG102521,City Hotel,2024-01-05,2024-03-18,2024-03-25,73,Australia,1,0.0,Deluxe,146.16,Offline Agent,Check-Out
BKG102522,City Hotel,2024-01-15,2024-03-10,2024-03-11,55,Australia,3,0.0,Standard,80.77,Corporate,Check-Out
BKG102523,Resort Hotel,2023-11-19,2023-12-15,2023-12-21,26,Brazil,2,0.0,Family,208.29,Offline Agent,Check-Out
BKG102524,City Hotel,2023-03-02,2023-05-08,2023-05-16,67,Singapore,1,0.0,Family,172.61,Offline Agent,Canceled
BKG102525,Resort Hotel,2022-08-10,2022-11-14,2022-11-23,96,Canada,2,0.0,Deluxe,68.21,Offline Agent,Canceled
BKG102526,Resort Hotel,2023-12-08,2023-12-28,2024-01-03,20,UK,2,0.0,Family,286.04,Online Travel Agent,Check-Out
BKG102527,Resort Hotel,2023-09-05,2023-11-01,2023-11-06,57,Australia,1,0.0,Deluxe,323.27,Online Travel Agent,Check-Out
BKG102528,Resort Hotel,2023-04-08,2023-05-21,2023-05-24,43,,2,0.0,Standard,199.15,Online Travel Agent,Check-Out
BKG102529,City Hotel,2023-08-21,2023-12-01,2023-12-02,102,Brazil,4,0.0,Family,256.37,Corporate,Check-Out
BKG102530,Resort Hotel,2023-04-05,2023-09-11,2023-09-21,159,USA,1,0.0,Family,106.76,,Check-Out
BKG102531,Resort Hotel,2023-07-14,2023-10-26,2023-11-01,104,Singapore,4,0.0,Standard,209.87,Online Travel Agent,Check-Out
BKG102532,City Hotel,2023-05-20,2023-07-13,2023-07-19,54,Germany,4,0.0,Standard,87.47,Direct,Check-Out
BKG102533,City Hotel,2023-01-11,2023-04-11,2023-04-19,90,Brazil,2,1.0,Family,89.97,Direct,Check-Out
BKG102534,Resort Hotel,2023-07-29,2023-12-05,2023-12-07,129,Singapore,1,2.0,Standard,303.36,Offline Agent,Check-Out
BKG102535,Resort Hotel,2022-06-20,2022-12-15,2022-12-16,178,,1,0.0,Standard,246.47,Offline Agent,No-Show
BKG102536,Resort Hotel,2022-12-23,2023-02-09,2023-02-12,48,Australia,1,1.0,Standard,124.32,Direct,Check-Out
BKG102537,Resort Hotel,2023-09-21,2024-02-02,2024-02-08,134,France,3,2.0,Standard,70.62,Direct,Check-Out
BKG102538,City Hotel,2022-06-17,2022-11-17,2022-11-23,153,Singapore,3,0.0,Deluxe,209.61,Corporate,Check-Out
BKG102539,City Hotel,2024-04-20,2024-06-19,2024-06-29,60,Germany,1,0.0,,199.73,Direct,Canceled
BKG102540,Resort Hotel,2024-03-06,2024-06-01,2024-06-03,87,UAE,4,0.0,Standard,80.22,Corporate,Canceled
BKG102541,City Hotel,2024-06-07,2024-09-22,2024-09-25,107,India,1,0.0,Standard,264.93,Offline Agent,Check-Out
BKG102542,City Hotel,2023-09-05,2023-11-10,2023-11-16,66,UAE,3,0.0,Deluxe,299.2,Online Travel Agent,Check-Out
BKG102543,City Hotel,2022-08-11,2022-08-24,2022-09-03,13,Brazil,2,,Family,319.48,Corporate,Canceled
BKG102544,City Hotel,2023-09-29,2023-10-10,2023-10-20,11,UK,4,0.0,Suite,165.09,Online Travel Agent,Check-Out
BKG102545,Resort Hotel,2024-02-07,2024-07-12,2024-07-22,156,UAE,2,0.0,Standard,193.66,Offline Agent,Check-Out
BKG102546,City Hotel,2022-03-07,2022-03-24,2022-03-28,17,Canada,2,2.0,Standard,196.44,Offline Agent,Check-Out
BKG102547,Resort Hotel,2022-05-04,2022-09-03,2022-09-07,122,France,3,0.0,,264.84,Direct,Check-Out
BKG102548,Resort Hotel,2024-01-23,2024-04-01,2024-04-03,69,UK,2,0.0,Deluxe,179.42,Offline Agent,Check-Out
BKG102549,Resort Hotel,2022-01-15,2022-02-08,2022-02-17,24,France,1,,Suite,144.15,Direct,Check-Out
BKG102550,City Hotel,2023-11-16,2023-11-23,2023-11-26,7,,3,,Suite,294.47,,Check-Out
BKG102551,City Hotel,2023-12-20,2024-01-12,2024-01-14,23,France,4,0.0,Standard,344.16,Corporate,Check-Out
BKG102552,City Hotel,2023-05-22,2023-08-19,2023-08-23,89,,1,,Deluxe,195.56,Corporate,Canceled
BKG102553,Resort Hotel,2022-04-06,2022-09-28,2022-10-08,175,Australia,1,2.0,Standard,323.7,Online Travel Agent,Check-Out
BKG102554,Resort Hotel,2022-07-24,2022-10-13,2022-10-20,81,India,3,2.0,Deluxe,137.48,Direct,Check-Out
BKG102555,Resort Hotel,2023-12-30,2024-04-05,2024-04-12,97,Brazil,4,2.0,,110.25,Direct,Check-Out
BKG102556,Resort Hotel,2023-01-28,2023-02-20,2023-03-02,23,Brazil,3,0.0,Standard,302.08,Direct,Canceled
BKG102557,City Hotel,2022-11-09,2022-12-11,2022-12-16,32,UK,2,0.0,Deluxe,60.64,Corporate,Check-Out
BKG102558,City Hotel,2022-07-26,2022-10-10,2022-10-19,76,UAE,2,0.0,Standard,134.63,Offline Agent,Check-Out
BKG102559,Resort Hotel,2023-09-19,2023-11-23,2023-11-24,65,France,4,0.0,Deluxe,295.46,Direct,Check-Out
BKG102560,City Hotel,2023-09-28,2023-11-01,2023-11-10,34,Germany,3,0.0,Suite,66.04,Online Travel Agent,Check-Out
BKG102561,City Hotel,2022-12-22,2023-02-01,2023-02-10,41,,3,2.0,Deluxe,138.87,Offline Agent,Canceled
BKG102562,Resort Hotel,2023-09-12,2023-12-29,2024-01-03,108,Canada,3,0.0,Family,153.59,Corporate,Check-Out
BKG102563,City Hotel,2023-04-14,2023-05-15,2023-05-24,31,France,2,0.0,Deluxe,70.91,Offline Agent,Check-Out
BKG102564,City Hotel,2022-10-09,2022-12-20,2022-12-30,72,Australia,4,1.0,Family,209.74,Corporate,Check-Out
BKG102565,City Hotel,2023-02-23,2023-08-21,2023-08-23,179,Brazil,4,0.0,Standard,312.93,Online Travel Agent,Canceled
BKG102566,Resort Hotel,2023-09-29,2024-01-19,2024-01-21,112,Singapore,1,,Suite,339.38,Offline Agent,Check-Out
BKG102567,Resort Hotel,2023-02-06,2023-06-08,2023-06-14,122,UAE,4,1.0,Standard,271.09,Offline Agent,Canceled
BKG102568,Resort Hotel,2023-12-04,2023-12-28,2024-01-04,24,Germany,4,0.0,,135.62,Direct,No-Show
BKG102569,City Hotel,2023-01-12,2023-06-17,2023-06-24,156,UAE,3,0.0,Standard,316.05,Corporate,Canceled
BKG102570,Resort Hotel,2023-02-23,2023-07-20,2023-07-24,147,France,4,0.0,Deluxe,150.15,Offline Agent,Check-Out
BKG102571,Resort Hotel,2024-05-01,2024-10-27,2024-11-05,179,France,2,0.0,Standard,292.45,Direct,Check-Out
BKG102572,Resort Hotel,2024-06-01,2024-11-22,2024-11-26,174,Australia,3,1.0,Suite,184.07,Online Travel Agent,Check-Out
BKG102573,City Hotel,2024-02-18,2024-04-21,2024-04-30,63,Singapore,3,2.0,Standard,130.9,Offline Agent,Check-Out
BKG102574,Resort Hotel,2023-06-09,2023-09-06,2023-09-10,89,UK,1,0.0,Family,66.3,Offline Agent,Check-Out
BKG102575,City Hotel,2022-03-28,2022-08-31,2022-09-04,156,UK,1,0.0,Family,246.38,Offline Agent,Check-Out
BKG102576,Resort Hotel,2023-01-21,2023-05-22,2023-05-23,121,India,2,1.0,Deluxe,154.99,Offline Agent,Check-Out
BKG102577,City Hotel,2022-11-08,2023-05-01,2023-05-06,174,Germany,2,2.0,Deluxe,134.87,Online Travel Agent,Check-Out
BKG102578,City Hotel,2023-11-22,2023-12-30,2024-01-03,38,USA,2,0.0,Family,187.53,Online Travel Agent,Check-Out
BKG102579,City Hotel,2022-08-14,2022-09-14,2022-09-22,31,Canada,3,0.0,Family,311.25,Direct,Check-Out
BKG102580,Resort Hotel,2022-05-20,2022-08-27,2022-08-31,99,Singapore,4,1.0,Family,216.07,Offline Agent,Check-Out
BKG102581,City Hotel,2023-05-23,2023-08-26,2023-09-05,95,Singapore,3,0.0,Suite,248.52,Direct,Check-Out
BKG102582,Resort Hotel,2024-05-18,2024-07-05,2024-07-13,48,Germany,4,0.0,Family,314.67,Offline Agent,Check-Out
BKG102583,Resort Hotel,2023-07-25,2023-11-23,2023-11-28,121,Canada,1,0.0,Family,312.91,,Check-Out
BKG102584,Resort Hotel,2022-11-12,2023-04-13,2023-04-21,152,UAE,3,0.0,Family,146.43,Direct,Check-Out
BKG102585,Resort Hotel,2022-08-01,2022-08-16,2022-08-26,15,Brazil,1,0.0,Suite,246.57,Online Travel Agent,Canceled
BKG102586,City Hotel,2023-01-17,2023-04-28,2023-05-04,101,,2,0.0,Deluxe,276.01,Corporate,Check-Out
BKG102587,Resort Hotel,2023-03-09,2023-06-10,2023-06-14,93,Australia,3,0.0,Family,325.0,Online Travel Agent,Check-Out
BKG102588,Resort Hotel,2023-11-19,2023-11-22,2023-11-23,3,USA,3,1.0,Standard,68.38,Direct,Canceled
BKG102589,City Hotel,2023-08-22,2024-02-08,2024-02-14,170,,4,0.0,Standard,82.81,Online Travel Agent,Check-Out
BKG102590,City Hotel,2023-12-01,2024-02-20,2024-02-29,81,,2,1.0,Family,288.39,Online Travel Agent,Check-Out
BKG102591,City Hotel,2022-11-10,2023-03-10,2023-03-18,120,Singapore,4,0.0,Family,208.11,Online Travel Agent,Check-Out
BKG102592,Resort Hotel,2023-04-18,2023-09-14,2023-09-21,149,Brazil,4,1.0,Standard,218.79,Corporate,Canceled
BKG102593,Resort Hotel,2023-01-13,2023-04-26,2023-05-02,103,France,3,0.0,Deluxe,212.76,Direct,Check-Out
BKG102594,City Hotel,2022-01-04,2022-02-19,2022-03-01,46,India,2,1.0,Suite,182.62,Corporate,Canceled
BKG102595,Resort Hotel,2023-11-28,2024-01-28,2024-02-07,61,France,4,0.0,Standard,325.24,Corporate,Check-Out
BKG102596,City Hotel,2024-06-15,2024-07-07,2024-07-16,22,France,4,1.0,Family,69.35,Direct,Check-Out
BKG102597,City Hotel,2023-08-28,2023-09-20,2023-09-25,23,Canada,4,2.0,Suite,158.48,Corporate,Canceled
BKG102598,Resort Hotel,2022-01-03,2022-02-20,2022-02-26,48,Germany,3,0.0,Family,89.9,Direct,Canceled
BKG102599,City Hotel,2022-03-26,2022-08-10,2022-08-17,137,Canada,4,0.0,Suite,328.44,Online Travel Agent,Check-Out
BKG102600,City Hotel,2022-07-28,2022-10-29,2022-10-31,93,,2,0.0,Suite,100.99,Offline Agent,Canceled
BKG102601,City Hotel,2023-07-02,2023-07-22,2023-07-28,20,UK,2,2.0,Standard,331.34,Offline Agent,Check-Out
BKG102602,Resort Hotel,2022-12-02,2023-02-27,2023-03-09,87,UK,1,2.0,,211.53,,Check-Out
BKG102603,Resort Hotel,2023-06-16,2023-07-14,2023-07-21,28,Germany,4,0.0,Deluxe,279.79,Online Travel Agent,Check-Out
BKG102604,Resort Hotel,2022-11-15,2023-03-31,2023-04-10,136,India,1,,Deluxe,318.54,Online Travel Agent,Canceled
BKG102605,Resort Hotel,2024-06-05,2024-09-11,2024-09-15,98,France,3,0.0,Deluxe,264.04,Online Travel Agent,Check-Out
BKG102606,Resort Hotel,2024-06-16,2024-09-18,2024-09-28,94,Brazil,4,0.0,Standard,343.64,Direct,Check-Out
BKG102607,Resort Hotel,2022-11-18,2022-12-27,2023-01-04,39,France,2,0.0,Family,86.3,Online Travel Agent,Check-Out
BKG102608,Resort Hotel,2022-03-27,2022-06-20,2022-06-26,85,UAE,3,0.0,Deluxe,306.2,Online Travel Agent,Check-Out
BKG102609,Resort Hotel,2024-04-07,2024-06-24,2024-06-29,78,USA,1,1.0,,187.88,Offline Agent,Check-Out
BKG102610,City Hotel,2023-07-17,2023-10-02,2023-10-08,77,Germany,3,,Suite,177.97,Corporate,No-Show
BKG102611,Resort Hotel,2022-11-07,2022-12-07,2022-12-16,30,Australia,2,2.0,Suite,231.39,Corporate,Check-Out
BKG102612,Resort Hotel,2023-03-03,2023-05-20,2023-05-22,78,Australia,1,0.0,Family,181.61,Online Travel Agent,Check-Out
BKG102613,Resort Hotel,2024-02-11,2024-08-08,2024-08-17,179,USA,2,,Family,252.6,Direct,Check-Out
BKG102614,City Hotel,2023-05-31,2023-07-02,2023-07-05,32,UK,1,1.0,Family,163.19,Offline Agent,No-Show
BKG102615,Resort Hotel,2022-02-01,2022-06-16,2022-06-20,135,India,3,,,226.15,Corporate,Check-Out
BKG102616,City Hotel,2022-05-23,2022-11-08,2022-11-14,169,India,4,,Deluxe,280.42,,Check-Out
BKG102617,City Hotel,2022-02-17,2022-08-01,2022-08-09,165,UK,3,2.0,Suite,158.48,,Check-Out
BKG102618,Resort Hotel,2022-05-06,2022-06-12,2022-06-22,37,India,3,0.0,Suite,145.62,Online Travel Agent,Canceled
BKG102619,Resort Hotel,2022-05-31,2022-11-08,2022-11-17,161,France,4,0.0,Standard,293.74,Direct,Canceled
BKG102620,City Hotel,2024-05-01,2024-06-16,2024-06-21,46,Canada,1,1.0,Suite,287.12,Offline Agent,No-Show
BKG102621,Resort Hotel,2023-02-13,2023-08-09,2023-08-19,177,France,3,,Standard,268.22,Corporate,Check-Out
BKG102622,City Hotel,2023-12-06,2024-02-10,2024-02-14,66,UAE,1,0.0,Family,321.17,Direct,Check-Out
BKG102623,Resort Hotel,2023-07-27,2023-11-29,2023-12-08,125,USA,4,1.0,,160.8,Offline Agent,Check-Out
BKG102624,Resort Hotel,2022-02-23,2022-06-09,2022-06-12,106,,2,2.0,Deluxe,66.68,Offline Agent,Check-Out
BKG102625,Resort Hotel,2022-10-14,2023-02-14,2023-02-24,123,Brazil,3,1.0,Standard,321.74,Direct,Check-Out
BKG102626,City Hotel,2022-08-01,2022-10-24,2022-10-26,84,Germany,3,2.0,,230.19,Corporate,Check-Out
BKG102627,City Hotel,2023-08-27,2023-09-27,2023-10-02,31,Germany,4,2.0,Suite,272.01,Offline Agent,Check-Out
BKG102628,Resort Hotel,2022-09-03,2023-01-31,2023-02-06,150,Brazil,1,1.0,Suite,197.53,,Check-Out
BKG102629,City Hotel,2024-01-18,2024-04-27,2024-05-05,100,Singapore,1,,Family,134.2,Corporate,Check-Out
BKG102630,Resort Hotel,2023-11-08,2023-12-16,2023-12-26,38,UK,2,0.0,,284.55,Online Travel Agent,Canceled
BKG102631,Resort Hotel,2022-04-24,2022-09-05,2022-09-09,134,Australia,2,0.0,Suite,168.32,Offline Agent,Check-Out
BKG102632,Resort Hotel,2022-11-02,2023-04-25,2023-05-02,174,Brazil,4,1.0,Family,245.35,Corporate,Check-Out
BKG102633,City Hotel,2023-07-19,2023-09-13,2023-09-21,56,UAE,3,0.0,Deluxe,226.61,Online Travel Agent,Check-Out
BKG102634,City Hotel,2023-10-14,2023-12-04,2023-12-06,51,Brazil,4,0.0,Deluxe,320.19,Offline Agent,Check-Out
BKG102635,City Hotel,2023-12-27,2024-04-22,2024-04-27,117,Singapore,1,0.0,Family,264.67,Direct,Check-Out
BKG102636,Resort Hotel,2022-11-27,2022-12-27,2022-12-29,30,France,4,1.0,Family,134.58,Corporate,Canceled
BKG102637,City Hotel,2022-03-15,2022-06-14,2022-06-21,91,Singapore,3,0.0,,237.3,Direct,Canceled
BKG102638,Resort Hotel,2022-01-09,2022-01-21,2022-01-31,12,India,2,0.0,Standard,273.56,Offline Agent,Canceled
BKG102639,Resort Hotel,2024-05-07,2024-05-16,2024-05-18,9,UK,3,2.0,Suite,197.87,Direct,Check-Out
BKG102640,City Hotel,2022-10-15,2023-03-02,2023-03-06,138,Australia,3,2.0,Standard,108.54,Corporate,Check-Out
BKG102641,Resort Hotel,2023-12-12,2023-12-24,2023-12-26,12,Germany,1,0.0,Suite,62.35,Online Travel Agent,Check-Out
BKG102642,City Hotel,2024-05-24,2024-08-17,2024-08-21,85,Australia,4,0.0,Family,168.67,Online Travel Agent,Canceled
BKG102643,Resort Hotel,2022-12-01,2023-02-05,2023-02-10,66,Australia,4,0.0,Standard,160.06,Offline Agent,Check-Out
BKG102644,City Hotel,2022-10-01,2023-01-12,2023-01-15,103,Germany,4,0.0,Family,73.94,Corporate,Check-Out
BKG102645,City Hotel,2022-03-06,2022-04-02,2022-04-12,27,Australia,2,2.0,Family,298.09,Direct,Canceled
BKG102646,Resort Hotel,2023-01-09,2023-01-19,2023-01-22,10,Singapore,1,,Deluxe,341.26,Online Travel Agent,Check-Out
BKG102647,City Hotel,2023-04-10,2023-07-06,2023-07-12,87,UK,2,0.0,Family,325.11,,Check-Out
BKG102648,City Hotel,2023-09-14,2023-12-17,2023-12-24,94,India,4,,Family,137.43,Online Travel Agent,Canceled
BKG102649,City Hotel,2024-04-30,2024-07-26,2024-07-28,87,Canada,1,2.0,Suite,206.41,Corporate,Check-Out
BKG102650,Resort Hotel,2023-08-10,2024-01-30,2024-02-04,173,UAE,3,0.0,Deluxe,290.1,Online Travel Agent,Check-Out
BKG102651,Resort Hotel,2022-10-10,2023-03-17,2023-03-26,158,Singapore,2,2.0,Suite,280.21,Offline Agent,Check-Out
BKG102652,Resort Hotel,2023-04-01,2023-07-21,2023-07-27,111,Canada,4,0.0,Standard,228.88,Corporate,Check-Out
BKG102653,City Hotel,2024-01-13,2024-06-17,2024-06-22,156,Singapore,2,,Family,124.57,Offline Agent,Check-Out
BKG102654,City Hotel,2024-05-30,2024-09-12,2024-09-22,105,Brazil,2,0.0,Standard,270.52,Offline Agent,Check-Out
BKG102655,City Hotel,2023-12-12,2024-02-11,2024-02-16,61,Canada,1,0.0,Standard,121.05,Online Travel Agent,Check-Out
BKG102656,Resort Hotel,2022-04-23,2022-05-24,2022-05-30,31,France,3,1.0,Suite,191.91,Direct,Check-Out
BKG102657,City Hotel,2024-04-18,2024-10-03,2024-10-08,168,Canada,4,0.0,Suite,110.16,Offline Agent,Check-Out
BKG102658,City Hotel,2022-08-17,2022-11-12,2022-11-17,87,UAE,4,0.0,Family,87.62,Direct,Check-Out
BKG102659,City Hotel,2022-11-18,2022-12-26,2022-12-30,38,UAE,2,2.0,Standard,166.35,Corporate,Check-Out
BKG102660,City Hotel,2023-09-05,2023-11-21,2023-11-29,77,Australia,3,2.0,Standard,88.34,Direct,Canceled
BKG102661,Resort Hotel,2023-06-28,2023-09-03,2023-09-05,67,France,2,1.0,Family,108.62,Online Travel Agent,Check-Out
BKG102662,City Hotel,2023-04-22,2023-05-18,2023-05-23,26,,4,2.0,Suite,349.16,Offline Agent,Check-Out
BKG102663,City Hotel,2023-05-16,2023-11-09,2023-11-13,177,Brazil,3,0.0,Suite,221.23,Online Travel Agent,Check-Out
BKG102664,City Hotel,2022-08-10,2022-12-15,2022-12-20,127,India,3,1.0,Deluxe,70.75,Offline Agent,Check-Out
BKG102665,City Hotel,2022-03-21,2022-07-16,2022-07-22,117,,1,,Family,279.81,Offline Agent,Check-Out
BKG102666,Resort Hotel,2023-10-24,2024-01-01,2024-01-11,69,Singapore,1,1.0,Suite,217.47,Corporate,Check-Out
BKG102667,Resort Hotel,2023-02-12,2023-08-11,2023-08-14,180,Singapore,1,0.0,Family,227.71,Offline Agent,Check-Out
BKG102668,City Hotel,2022-09-13,2022-12-12,2022-12-16,90,,4,1.0,Family,349.96,,Check-Out
BKG102669,Resort Hotel,2023-04-11,2023-05-13,2023-05-16,32,Germany,2,0.0,Suite,285.94,Online Travel Agent,Canceled
BKG102670,City Hotel,2023-09-19,2023-09-20,2023-09-22,1,France,3,,Deluxe,73.67,Offline Agent,Check-Out
BKG102671,City Hotel,2023-09-22,2023-11-19,2023-11-26,58,Canada,4,0.0,,150.96,Corporate,Check-Out
BKG102672,Resort Hotel,2022-01-23,2022-03-14,2022-03-15,50,UAE,1,1.0,Family,255.33,Corporate,Check-Out
BKG102673,City Hotel,2022-06-07,2022-09-14,2022-09-15,99,Germany,2,0.0,Family,112.63,Corporate,Canceled
BKG102674,Resort Hotel,2024-03-30,2024-04-16,2024-04-19,17,USA,4,1.0,Deluxe,332.3,Direct,No-Show
BKG102675,Resort Hotel,2024-03-26,2024-05-07,2024-05-09,42,Australia,3,0.0,Standard,153.46,,Check-Out
BKG102676,City Hotel,2024-03-19,2024-08-30,2024-09-08,164,Australia,2,0.0,Suite,294.9,Offline Agent,No-Show
BKG102677,Resort Hotel,2023-10-07,2024-03-16,2024-03-21,161,UAE,4,0.0,Suite,263.02,Corporate,Check-Out
BKG102678,City Hotel,2022-03-20,2022-04-17,2022-04-26,28,,1,2.0,Deluxe,253.06,Offline Agent,Canceled
BKG102679,Resort Hotel,2022-07-12,2022-11-19,2022-11-20,130,Brazil,3,0.0,Deluxe,76.8,Offline Agent,Canceled
BKG102680,City Hotel,2024-01-10,2024-04-28,2024-05-07,109,Canada,3,0.0,Standard,215.75,Corporate,Check-Out
BKG102681,Resort Hotel,2022-05-18,2022-06-29,2022-06-30,42,Germany,1,0.0,,251.94,Corporate,Check-Out
BKG102682,Resort Hotel,2022-03-03,2022-03-27,2022-03-29,24,Australia,2,1.0,Standard,109.01,Direct,Check-Out
BKG102683,Resort Hotel,2023-05-09,2023-08-18,2023-08-23,101,Australia,4,1.0,Family,73.4,Offline Agent,Check-Out
BKG102684,City Hotel,2023-07-11,2023-09-09,2023-09-17,60,India,4,0.0,Family,274.73,Offline Agent,Check-Out
BKG102685,Resort Hotel,2023-12-07,2023-12-23,2023-12-30,16,France,2,0.0,Family,204.71,,Check-Out
BKG102686,Resort Hotel,2022-04-16,2022-08-22,2022-08-29,128,Australia,2,0.0,Suite,125.59,Corporate,Canceled
BKG102687,Resort Hotel,2022-09-20,2023-02-24,2023-03-03,157,Australia,4,0.0,Standard,91.66,Corporate,Canceled
BKG102688,City Hotel,2023-12-03,2024-01-31,2024-02-10,59,Brazil,1,1.0,Standard,287.54,Offline Agent,Check-Out
BKG102689,City Hotel,2022-08-23,2022-11-07,2022-11-10,76,India,3,0.0,Standard,264.5,Online Travel Agent,Canceled
BKG102690,Resort Hotel,2023-01-18,2023-06-10,2023-06-20,143,Brazil,1,0.0,Family,175.16,Offline Agent,No-Show
BKG102691,Resort Hotel,2023-04-19,2023-06-28,2023-07-01,70,Brazil,1,0.0,Deluxe,327.46,Offline Agent,Canceled
BKG102692,Resort Hotel,2024-03-10,2024-06-05,2024-06-08,87,Australia,4,0.0,Standard,100.77,Offline Agent,Check-Out
BKG102693,City Hotel,2022-10-10,2023-02-18,2023-02-19,131,Singapore,2,2.0,Deluxe,127.25,Corporate,Check-Out
BKG102694,Resort Hotel,2024-05-09,2024-10-15,2024-10-17,159,UAE,1,1.0,Standard,165.01,Offline Agent,Check-Out
BKG102695,Resort Hotel,2022-09-17,2022-12-22,2023-01-01,96,USA,2,,Suite,95.41,Online Travel Agent,Canceled
BKG102696,City Hotel,2024-02-23,2024-03-16,2024-03-19,22,UAE,2,0.0,Family,85.17,Online Travel Agent,Canceled
BKG102697,Resort Hotel,2022-12-14,2023-05-17,2023-05-25,154,Canada,1,1.0,Standard,329.39,Direct,Check-Out
BKG102698,Resort Hotel,2023-02-25,2023-07-03,2023-07-11,128,,1,2.0,Family,148.0,Online Travel Agent,Check-Out
BKG102699,Resort Hotel,2023-02-06,2023-04-11,2023-04-20,64,Germany,2,2.0,Family,231.27,Offline Agent,Check-Out
BKG102700,City Hotel,2022-04-29,2022-09-18,2022-09-26,142,India,4,1.0,Standard,194.79,Offline Agent,Check-Out
BKG102701,City Hotel,2022-11-14,2023-02-05,2023-02-15,83,Germany,4,0.0,Standard,304.4,Direct,Check-Out
BKG102702,City Hotel,2022-09-28,2023-02-23,2023-03-02,148,France,4,0.0,Suite,324.6,Online Travel Agent,Canceled
BKG102703,City Hotel,2022-11-06,2023-03-24,2023-03-29,138,Germany,1,2.0,Standard,148.01,Online Travel Agent,No-Show
BKG102704,City Hotel,2023-02-01,2023-02-06,2023-02-12,5,Brazil,3,0.0,,200.26,Corporate,Canceled
BKG102705,City Hotel,2023-02-28,2023-03-30,2023-04-01,30,Australia,1,0.0,,200.39,Offline Agent,Check-Out
BKG102706,City Hotel,2023-11-21,2024-02-18,2024-02-25,89,UK,3,1.0,Deluxe,103.46,Offline Agent,Check-Out
BKG102707,Resort Hotel,2022-08-04,2022-10-18,2022-10-27,75,Germany,3,0.0,,333.55,Corporate,No-Show
BKG102708,City Hotel,2023-01-25,2023-06-09,2023-06-15,135,Brazil,4,0.0,Deluxe,304.43,Offline Agent,Check-Out
BKG102709,City Hotel,2023-06-16,2023-07-19,2023-07-26,33,Canada,4,0.0,Family,241.19,Offline Agent,Check-Out
BKG102710,City Hotel,2023-04-25,2023-05-05,2023-05-09,10,Canada,4,0.0,Deluxe,169.11,Offline Agent,Check-Out
BKG102711,Resort Hotel,2024-03-15,2024-04-05,2024-04-06,21,UK,4,0.0,Family,346.62,Direct,Check-Out
BKG102712,Resort Hotel,2024-03-23,2024-03-31,2024-04-07,8,Germany,2,0.0,Deluxe,118.5,Online Travel Agent,Canceled
BKG102713,Resort Hotel,2022-08-09,2023-01-13,2023-01-23,157,Australia,2,0.0,Standard,141.18,Offline Agent,Check-Out
BKG102714,Resort Hotel,2022-09-22,2022-11-19,2022-11-20,58,Germany,4,2.0,Suite,159.7,Offline Agent,Check-Out
BKG102715,City Hotel,2023-02-06,2023-04-29,2023-05-02,82,Germany,3,0.0,,99.6,Online Travel Agent,Check-Out
BKG102716,City Hotel,2023-01-27,2023-04-04,2023-04-09,67,Germany,3,0.0,Standard,214.2,Online Travel Agent,No-Show
BKG102717,City Hotel,2023-10-09,2024-02-19,2024-02-20,133,UK,3,0.0,Standard,165.01,Corporate,Check-Out
BKG102718,Resort Hotel,2023-03-31,2023-07-14,2023-07-19,105,Canada,2,0.0,Family,156.58,Offline Agent,Check-Out
BKG102719,Resort Hotel,2022-01-29,2022-07-21,2022-07-24,173,UK,1,0.0,Standard,269.41,Direct,Canceled
BKG102720,City Hotel,2023-05-08,2023-05-16,2023-05-18,8,Germany,3,,,176.37,,Check-Out
BKG102721,Resort Hotel,2024-03-06,2024-07-07,2024-07-10,123,France,4,0.0,Deluxe,299.65,Corporate,Check-Out
BKG102722,City Hotel,2024-03-27,2024-07-09,2024-07-12,104,France,1,1.0,,325.56,Online Travel Agent,Check-Out
BKG102723,City Hotel,2022-08-29,2022-10-17,2022-10-20,49,USA,1,1.0,Standard,61.3,Direct,Check-Out
BKG102724,Resort Hotel,2022-11-16,2023-02-10,2023-02-12,86,India,2,0.0,Standard,102.67,Offline Agent,Check-Out
BKG102725,Resort Hotel,2023-01-11,2023-03-21,2023-03-23,69,USA,4,0.0,Standard,213.65,Corporate,Check-Out
BKG102726,City Hotel,2022-05-15,2022-09-11,2022-09-17,119,Brazil,1,0.0,Family,163.1,Corporate,Check-Out
BKG102727,City Hotel,2024-04-25,2024-05-08,2024-05-12,13,France,4,0.0,,199.57,Direct,Check-Out
BKG102728,Resort Hotel,2023-01-17,2023-05-26,2023-06-03,129,Australia,2,0.0,Standard,259.75,Offline Agent,Check-Out
BKG102729,Resort Hotel,2022-04-01,2022-06-06,2022-06-12,66,,4,2.0,Family,104.52,,Check-Out
BKG102730,Resort Hotel,2023-11-11,2024-03-26,2024-04-01,136,USA,1,2.0,Suite,243.94,Online Travel Agent,Canceled
BKG102731,Resort Hotel,2023-08-03,2023-11-21,2023-11-29,110,UAE,4,0.0,Standard,68.04,Direct,Check-Out
BKG102732,Resort Hotel,2024-05-18,2024-10-08,2024-10-11,143,Brazil,3,0.0,Family,129.1,Online Travel Agent,Canceled
BKG102733,Resort Hotel,2023-08-13,2024-01-25,2024-01-29,165,,4,2.0,Standard,158.74,Corporate,Check-Out
BKG102734,Resort Hotel,2023-10-09,2024-01-12,2024-01-18,95,Brazil,1,0.0,Family,184.51,Online Travel Agent,Check-Out
BKG102735,Resort Hotel,2022-06-18,2022-06-22,2022-06-30,4,France,3,1.0,Deluxe,147.78,,Check-Out
BKG102736,City Hotel,2023-04-24,2023-06-23,2023-07-03,60,Brazil,4,0.0,Standard,171.79,Direct,Check-Out
BKG102737,City Hotel,2022-07-02,2022-09-16,2022-09-26,76,Canada,4,1.0,Family,128.33,Direct,Canceled
BKG102738,City Hotel,2022-09-22,2022-12-07,2022-12-11,76,France,3,0.0,Family,242.6,,Check-Out
BKG102739,City Hotel,2024-06-06,2024-09-10,2024-09-16,96,France,4,,Deluxe,157.89,Online Travel Agent,Canceled
BKG102740,Resort Hotel,2023-09-21,2024-02-14,2024-02-15,146,France,2,0.0,Deluxe,329.15,Corporate,Check-Out
BKG102741,Resort Hotel,2024-06-03,2024-09-18,2024-09-19,107,Brazil,1,0.0,Standard,224.61,Offline Agent,Check-Out
BKG102742,Resort Hotel,2023-05-10,2023-07-07,2023-07-15,58,Australia,4,,Family,143.52,Direct,Check-Out
BKG102743,Resort Hotel,2022-09-25,2023-02-24,2023-02-27,152,India,1,0.0,Standard,179.65,Corporate,Canceled
BKG102744,Resort Hotel,2023-10-07,2023-10-22,2023-10-24,15,USA,3,0.0,Family,195.36,Direct,Canceled
BKG102745,City Hotel,2023-02-10,2023-04-30,2023-05-02,79,Australia,3,1.0,Standard,338.4,Online Travel Agent,Check-Out
BKG102746,City Hotel,2023-06-19,2023-08-26,2023-08-29,68,Canada,2,0.0,Suite,343.88,Direct,Check-Out
BKG102747,City Hotel,2023-07-06,2023-12-16,2023-12-20,163,Canada,3,2.0,Family,181.0,Online Travel Agent,No-Show
BKG102748,Resort Hotel,2022-09-13,2023-02-12,2023-02-13,152,France,2,0.0,Family,185.07,Direct,Check-Out
BKG102749,Resort Hotel,2022-01-11,2022-01-21,2022-01-25,10,India,2,2.0,Family,223.2,Corporate,Canceled
BKG102750,City Hotel,2023-02-21,2023-03-10,2023-03-15,17,Germany,3,0.0,Suite,190.97,Corporate,Check-Out
BKG102751,City Hotel,2022-02-23,2022-05-06,2022-05-09,72,Brazil,2,0.0,Deluxe,176.16,Online Travel Agent,Canceled
BKG102752,Resort Hotel,2023-03-30,2023-07-01,2023-07-06,93,Brazil,2,2.0,,116.97,Online Travel Agent,Check-Out
BKG102753,City Hotel,2024-05-24,2024-07-17,2024-07-27,54,Singapore,2,0.0,Deluxe,110.61,,Check-Out
BKG102754,City Hotel,2022-09-12,2023-01-20,2023-01-22,130,Germany,2,0.0,Suite,65.71,Corporate,Check-Out
BKG102755,City Hotel,2024-05-08,2024-10-28,2024-11-01,173,,1,,,345.87,Direct,Check-Out
BKG102756,Resort Hotel,2024-02-16,2024-06-16,2024-06-21,121,Canada,1,2.0,Deluxe,216.23,Online Travel Agent,Check-Out
BKG102757,Resort Hotel,2022-12-22,2023-01-02,2023-01-08,11,UK,1,,Suite,73.98,,Canceled
BKG102758,City Hotel,2023-05-15,2023-06-06,2023-06-12,22,India,3,0.0,Suite,214.95,Online Travel Agent,Check-Out
BKG102759,Resort Hotel,2022-06-05,2022-11-17,2022-11-22,165,Brazil,3,1.0,Deluxe,148.61,Corporate,Canceled
BKG102760,Resort Hotel,2024-05-26,2024-06-17,2024-06-20,22,Canada,3,0.0,Standard,208.1,Online Travel Agent,Canceled
BKG102761,City Hotel,2024-04-22,2024-07-19,2024-07-20,88,Brazil,3,0.0,Suite,271.48,Online Travel Agent,Check-Out
BKG102762,City Hotel,2024-06-14,2024-10-12,2024-10-14,120,UAE,3,1.0,Family,308.91,,Canceled
BKG102763,Resort Hotel,2023-02-06,2023-05-27,2023-05-31,110,France,2,2.0,Family,243.22,Direct,Check-Out
BKG102764,Resort Hotel,2024-03-13,2024-07-01,2024-07-03,110,Singapore,4,0.0,Suite,305.16,Offline Agent,Check-Out
BKG102765,City Hotel,2022-05-15,2022-05-17,2022-05-18,2,India,4,1.0,Suite,332.47,Direct,Check-Out
BKG102766,City Hotel,2023-09-14,2024-02-04,2024-02-11,143,,3,1.0,,232.74,Direct,Check-Out
BKG102767,Resort Hotel,2023-12-11,2024-03-28,2024-03-29,108,USA,1,2.0,Suite,71.0,Offline Agent,Canceled
BKG102768,Resort Hotel,2024-05-19,2024-05-31,2024-06-04,12,Singapore,2,1.0,Deluxe,301.01,Online Travel Agent,Check-Out
BKG102769,Resort Hotel,2023-02-05,2023-07-23,2023-07-25,168,Australia,4,0.0,Family,220.91,Corporate,Check-Out
BKG102770,City Hotel,2024-04-16,2024-10-08,2024-10-14,175,India,4,,Family,73.27,,No-Show
BKG102771,Resort Hotel,2024-02-16,2024-07-07,2024-07-16,142,India,2,1.0,Family,198.8,Direct,Canceled
BKG102772,Resort Hotel,2022-06-10,2022-06-10,2022-06-19,0,Canada,1,,Deluxe,189.75,Corporate,Check-Out
BKG102773,Resort Hotel,2022-01-19,2022-05-18,2022-05-27,119,India,2,0.0,Family,338.23,Offline Agent,No-Show
BKG102774,City Hotel,2023-06-17,2023-11-17,2023-11-27,153,France,3,0.0,Deluxe,246.05,Offline Agent,Check-Out
BKG102775,City Hotel,2022-03-23,2022-05-28,2022-06-04,66,,4,0.0,Family,223.65,,Check-Out
BKG102776,City Hotel,2024-06-08,2024-10-29,2024-11-04,143,UAE,4,,Family,84.36,Online Travel Agent,Check-Out
BKG102777,Resort Hotel,2023-09-15,2023-12-17,2023-12-24,93,Singapore,2,0.0,Standard,132.19,Offline Agent,Check-Out
BKG102778,City Hotel,2022-05-31,2022-06-04,2022-06-05,4,Australia,2,0.0,Suite,213.48,Direct,Check-Out
BKG102779,Resort Hotel,2023-04-26,2023-10-23,2023-10-31,180,USA,4,0.0,Family,65.34,Offline Agent,Check-Out
BKG102780,City Hotel,2023-05-08,2023-06-04,2023-06-14,27,Singapore,2,1.0,Family,91.24,Direct,Check-Out
BKG102781,City Hotel,2022-04-16,2022-05-22,2022-05-27,36,UAE,1,0.0,Suite,336.64,,Check-Out
BKG102782,Resort Hotel,2022-12-17,2023-03-02,2023-03-12,75,Brazil,1,2.0,Deluxe,348.12,Offline Agent,Check-Out
BKG102783,Resort Hotel,2023-04-15,2023-06-14,2023-06-23,60,Australia,4,,Deluxe,149.86,Online Travel Agent,Check-Out
BKG102784,Resort Hotel,2024-03-23,2024-06-03,2024-06-07,72,France,2,0.0,Deluxe,67.97,Corporate,Check-Out
BKG102785,City Hotel,2022-11-11,2023-04-18,2023-04-22,158,USA,1,1.0,Family,260.58,Offline Agent,Check-Out
BKG102786,Resort Hotel,2022-10-05,2023-01-18,2023-01-25,105,UAE,2,2.0,Standard,239.57,Offline Agent,Check-Out
BKG102787,Resort Hotel,2022-12-11,2023-01-19,2023-01-27,39,UK,3,1.0,Deluxe,76.15,,Check-Out
BKG102788,Resort Hotel,2022-10-21,2022-10-30,2022-11-05,9,UK,4,1.0,Suite,190.97,Online Travel Agent,Check-Out
BKG102789,Resort Hotel,2023-06-16,2023-11-07,2023-11-08,144,Singapore,3,0.0,Standard,327.68,Corporate,Check-Out
BKG102790,Resort Hotel,2023-02-17,2023-06-07,2023-06-08,110,Canada,1,0.0,Suite,123.08,Corporate,Check-Out
BKG102791,City Hotel,2023-09-21,2023-09-29,2023-10-09,8,UK,4,0.0,,180.72,Offline Agent,Check-Out
BKG102792,Resort Hotel,2024-04-29,2024-09-17,2024-09-22,141,UK,3,0.0,Suite,105.03,Direct,Check-Out
BKG102793,Resort Hotel,2023-07-12,2023-10-20,2023-10-24,100,Canada,1,0.0,Standard,311.81,Corporate,Check-Out
BKG102794,City Hotel,2022-08-20,2022-09-07,2022-09-09,18,Brazil,1,0.0,Standard,170.28,Corporate,Canceled
BKG102795,Resort Hotel,2023-09-11,2023-11-13,2023-11-23,63,France,4,0.0,Family,171.14,Online Travel Agent,Canceled
BKG102796,City Hotel,2023-08-05,2023-09-05,2023-09-07,31,Brazil,2,0.0,Deluxe,305.63,Corporate,Canceled
BKG102797,Resort Hotel,2023-02-24,2023-07-17,2023-07-26,143,Germany,2,0.0,Suite,78.38,Online Travel Agent,Check-Out
BKG102798,Resort Hotel,2022-07-22,2022-08-08,2022-08-17,17,France,1,0.0,Standard,333.72,Corporate,Canceled
BKG102799,City Hotel,2023-12-16,2024-06-13,2024-06-17,180,Brazil,2,0.0,Standard,244.49,Corporate,Check-Out
BKG102800,City Hotel,2022-02-09,2022-06-17,2022-06-23,128,India,4,0.0,Family,226.03,Offline Agent,Check-Out
BKG102801,Resort Hotel,2023-11-08,2024-03-15,2024-03-23,128,France,2,0.0,Suite,66.32,Offline Agent,Check-Out
BKG102802,City Hotel,2023-05-01,2023-06-02,2023-06-05,32,Brazil,4,0.0,Suite,251.8,Online Travel Agent,Check-Out
BKG102803,City Hotel,2022-10-02,2022-10-08,2022-10-12,6,India,2,1.0,Deluxe,137.0,Direct,Check-Out
BKG102804,City Hotel,2023-12-27,2024-02-23,2024-03-01,58,France,3,0.0,Standard,113.89,Online Travel Agent,Canceled
BKG102805,Resort Hotel,2022-01-18,2022-03-16,2022-03-19,57,Singapore,4,1.0,Standard,161.67,Corporate,Check-Out
BKG102806,City Hotel,2023-02-11,2023-04-13,2023-04-15,61,UAE,1,0.0,Suite,67.76,Offline Agent,Canceled
BKG102807,City Hotel,2022-06-19,2022-09-09,2022-09-13,82,India,4,0.0,Standard,172.66,Corporate,Check-Out
BKG102808,City Hotel,2023-06-18,2023-09-28,2023-10-06,102,Singapore,3,2.0,Suite,169.79,Online Travel Agent,Check-Out
BKG102809,City Hotel,2023-10-28,2023-12-30,2024-01-06,63,Canada,1,0.0,Standard,346.59,Online Travel Agent,Check-Out
BKG102810,Resort Hotel,2024-02-23,2024-04-19,2024-04-27,56,,3,2.0,Standard,323.16,Offline Agent,Check-Out
BKG102811,City Hotel,2022-04-24,2022-05-12,2022-05-20,18,India,1,2.0,Standard,264.01,Corporate,Check-Out
BKG102812,City Hotel,2022-06-24,2022-07-17,2022-07-22,23,UAE,3,0.0,Family,84.98,Offline Agent,Check-Out
BKG102813,City Hotel,2022-08-26,2022-10-24,2022-11-02,59,UAE,3,2.0,Deluxe,271.82,Direct,Check-Out
BKG102814,Resort Hotel,2022-04-22,2022-08-22,2022-08-23,122,India,2,0.0,Suite,164.46,Direct,Check-Out
BKG102815,City Hotel,2023-02-18,2023-05-18,2023-05-22,89,Canada,4,0.0,Deluxe,337.6,Online Travel Agent,No-Show
BKG102816,City Hotel,2022-08-10,2023-01-02,2023-01-07,145,UK,4,0.0,Deluxe,139.18,Corporate,Canceled
BKG102817,City Hotel,2023-01-21,2023-04-15,2023-04-19,84,,2,1.0,Family,251.07,,Check-Out
BKG102818,City Hotel,2022-03-22,2022-05-22,2022-05-27,61,Brazil,2,0.0,Family,319.42,Offline Agent,Canceled
BKG102819,City Hotel,2023-03-17,2023-03-18,2023-03-24,1,Germany,3,,Suite,245.91,Offline Agent,Check-Out
BKG102820,Resort Hotel,2022-05-02,2022-06-02,2022-06-09,31,UAE,2,0.0,Suite,67.1,Offline Agent,Check-Out
BKG102821,City Hotel,2022-08-02,2022-12-31,2023-01-09,151,,4,0.0,Suite,89.47,Offline Agent,Check-Out
BKG102822,City Hotel,2024-06-13,2024-08-11,2024-08-21,59,USA,2,0.0,Family,251.81,Offline Agent,No-Show
BKG102823,Resort Hotel,2023-08-21,2023-09-28,2023-10-04,38,UAE,3,0.0,Standard,235.26,,Check-Out
BKG102824,Resort Hotel,2022-02-24,2022-02-25,2022-02-26,1,USA,1,0.0,,253.49,Offline Agent,Check-Out
BKG102825,City Hotel,2022-03-14,2022-08-10,2022-08-18,149,Brazil,2,2.0,Standard,134.8,Direct,Canceled
BKG102826,Resort Hotel,2024-05-25,2024-07-23,2024-07-24,59,Singapore,1,2.0,Suite,208.48,Offline Agent,Canceled
BKG102827,Resort Hotel,2023-10-02,2023-10-15,2023-10-24,13,USA,4,1.0,Standard,97.08,Corporate,Check-Out
BKG102828,City Hotel,2023-06-26,2023-07-27,2023-08-04,31,UAE,4,0.0,Suite,242.16,Offline Agent,Check-Out
BKG102829,Resort Hotel,2022-05-22,2022-06-23,2022-06-25,32,USA,2,0.0,Family,66.09,Corporate,Check-Out
BKG102830,City Hotel,2023-01-29,2023-02-14,2023-02-18,16,USA,1,0.0,Family,114.98,Direct,Check-Out
BKG102831,City Hotel,2022-07-13,2022-10-02,2022-10-12,81,France,1,1.0,Standard,305.81,Direct,Check-Out
BKG102832,Resort Hotel,2024-03-11,2024-08-05,2024-08-07,147,Singapore,2,0.0,Deluxe,343.48,Offline Agent,Canceled
BKG102833,City Hotel,2022-04-15,2022-05-29,2022-06-05,44,UK,2,1.0,Deluxe,229.12,,Check-Out
BKG102834,City Hotel,2023-09-22,2024-01-06,2024-01-11,106,Germany,3,0.0,Family,258.3,Offline Agent,Check-Out
BKG102835,City Hotel,2024-06-12,2024-07-11,2024-07-13,29,France,3,0.0,Standard,124.03,Online Travel Agent,Check-Out
BKG102836,Resort Hotel,2023-05-27,2023-09-26,2023-09-28,122,Australia,3,,Deluxe,263.72,Offline Agent,Check-Out
BKG102837,Resort Hotel,2023-09-17,2023-09-30,2023-10-03,13,India,3,2.0,Suite,88.41,,No-Show
BKG102838,City Hotel,2023-04-25,2023-06-07,2023-06-09,43,,4,0.0,Standard,317.03,Direct,Check-Out
BKG102839,Resort Hotel,2022-11-28,2023-04-07,2023-04-12,130,Brazil,1,2.0,Suite,290.93,Corporate,Check-Out
BKG102840,Resort Hotel,2023-08-27,2024-01-19,2024-01-27,145,Brazil,4,0.0,Suite,269.23,Offline Agent,Canceled
BKG102841,City Hotel,2022-11-20,2023-02-16,2023-02-18,88,USA,2,0.0,Standard,268.75,Online Travel Agent,Check-Out
BKG102842,City Hotel,2022-08-10,2022-11-18,2022-11-26,100,UK,1,0.0,Suite,266.04,Offline Agent,No-Show
BKG102843,City Hotel,2023-04-20,2023-08-08,2023-08-10,110,UK,1,0.0,Deluxe,165.78,Direct,Check-Out
BKG102844,Resort Hotel,2022-01-15,2022-06-03,2022-06-04,139,Singapore,3,1.0,Deluxe,337.31,Direct,Check-Out
BKG102845,Resort Hotel,2023-10-15,2024-03-06,2024-03-09,143,USA,4,0.0,,338.85,Offline Agent,Check-Out
BKG102846,Resort Hotel,2023-06-19,2023-10-31,2023-11-04,134,Australia,1,0.0,Suite,244.64,Corporate,Check-Out
BKG102847,City Hotel,2022-06-02,2022-07-19,2022-07-20,47,India,4,0.0,Suite,61.91,,Check-Out
BKG102848,City Hotel,2022-09-17,2023-03-08,2023-03-10,172,Germany,4,0.0,Family,202.12,,Check-Out
BKG102849,Resort Hotel,2023-10-02,2023-12-24,2023-12-30,83,,3,0.0,Suite,258.49,,Check-Out
BKG102850,Resort Hotel,2022-04-28,2022-10-03,2022-10-08,158,Germany,3,0.0,Standard,97.36,Online Travel Agent,Check-Out
BKG102851,Resort Hotel,2022-01-11,2022-05-06,2022-05-09,115,Singapore,2,0.0,Deluxe,153.45,Online Travel Agent,Canceled
BKG102852,City Hotel,2022-07-14,2023-01-01,2023-01-06,171,UAE,2,0.0,Deluxe,117.27,Online Travel Agent,No-Show
BKG102853,City Hotel,2024-02-25,2024-07-20,2024-07-23,146,Australia,1,2.0,Deluxe,92.44,,Check-Out
BKG102854,City Hotel,2024-03-14,2024-07-01,2024-07-11,109,India,4,2.0,,196.66,Direct,Canceled
BKG102855,City Hotel,2022-09-18,2022-12-22,2022-12-27,95,USA,3,0.0,Family,333.43,Offline Agent,Check-Out
BKG102856,City Hotel,2023-04-21,2023-04-22,2023-04-23,1,Singapore,3,0.0,Standard,288.75,Online Travel Agent,Check-Out
BKG102857,City Hotel,2023-11-03,2023-11-27,2023-12-05,24,UK,4,0.0,,101.38,Direct,Check-Out
BKG102858,City Hotel,2022-05-02,2022-08-01,2022-08-02,91,,3,0.0,Family,249.72,Online Travel Agent,Canceled
BKG102859,City Hotel,2024-03-02,2024-04-20,2024-04-22,49,UK,3,0.0,Deluxe,265.42,Direct,Check-Out
BKG102860,Resort Hotel,2024-03-23,2024-08-11,2024-08-12,141,Canada,3,2.0,,302.86,Corporate,Check-Out
BKG102861,City Hotel,2022-10-05,2022-10-19,2022-10-24,14,Germany,4,1.0,Suite,110.56,,Canceled
BKG102862,City Hotel,2022-03-31,2022-04-29,2022-05-05,29,UK,2,0.0,Family,152.61,Offline Agent,Canceled
BKG102863,City Hotel,2023-07-20,2023-12-04,2023-12-07,137,France,4,0.0,,124.1,Direct,Check-Out
BKG102864,City Hotel,2023-01-03,2023-05-19,2023-05-28,136,USA,1,2.0,Suite,196.56,Direct,Check-Out
BKG102865,Resort Hotel,2022-08-14,2022-11-16,2022-11-22,94,India,3,,Suite,232.91,Corporate,Check-Out
BKG102866,Resort Hotel,2023-03-30,2023-06-20,2023-06-28,82,,4,2.0,Deluxe,236.11,Offline Agent,No-Show
BKG102867,City Hotel,2024-03-27,2024-08-14,2024-08-18,140,Australia,1,0.0,,279.99,Offline Agent,Canceled
BKG102868,City Hotel,2022-11-29,2023-05-22,2023-05-24,174,Singapore,1,1.0,Family,60.16,Online Travel Agent,Canceled
BKG102869,Resort Hotel,2022-04-22,2022-07-20,2022-07-23,89,Australia,2,0.0,Family,285.21,Online Travel Agent,Check-Out
BKG102870,Resort Hotel,2023-06-11,2023-07-31,2023-08-05,50,UK,4,1.0,Deluxe,257.42,Online Travel Agent,Check-Out
BKG102871,City Hotel,2023-05-23,2023-08-02,2023-08-09,71,Brazil,1,0.0,Deluxe,276.83,,Check-Out
BKG102872,City Hotel,2022-12-03,2023-05-30,2023-06-06,178,Singapore,1,0.0,Suite,121.26,Direct,Check-Out
BKG102873,City Hotel,2024-01-22,2024-07-04,2024-07-13,164,Germany,4,,Family,249.07,Offline Agent,Check-Out
BKG102874,City Hotel,2022-02-22,2022-07-17,2022-07-18,145,Brazil,1,1.0,Suite,128.79,Corporate,Check-Out
BKG102875,Resort Hotel,2023-12-02,2024-05-14,2024-05-19,164,Canada,3,0.0,Family,91.99,Direct,Canceled
BKG102876,City Hotel,2022-05-19,2022-08-25,2022-08-31,98,UAE,3,0.0,Standard,146.34,Offline Agent,Check-Out
BKG102877,Resort Hotel,2024-03-30,2024-06-04,2024-06-08,66,Brazil,3,2.0,Suite,249.16,Online Travel Agent,Check-Out
BKG102878,City Hotel,2023-09-13,2024-03-11,2024-03-21,180,Canada,4,0.0,Deluxe,206.82,Offline Agent,Check-Out
BKG102879,Resort Hotel,2023-11-13,2024-04-02,2024-04-04,141,France,4,1.0,Standard,212.61,,Canceled
BKG102880,City Hotel,2023-12-12,2024-02-03,2024-02-04,53,Canada,4,,Family,293.85,Online Travel Agent,Canceled
BKG102881,Resort Hotel,2023-12-04,2024-05-15,2024-05-19,163,Canada,3,0.0,,246.16,Offline Agent,Check-Out
BKG102882,Resort Hotel,2022-06-02,2022-07-20,2022-07-24,48,,3,0.0,,63.96,Direct,No-Show
BKG102883,Resort Hotel,2022-12-08,2023-05-31,2023-06-01,174,Australia,2,0.0,,85.23,Direct,Check-Out
BKG102884,Resort Hotel,2022-09-01,2022-11-20,2022-11-26,80,France,1,0.0,Standard,240.69,Direct,Check-Out
BKG102885,City Hotel,2022-05-12,2022-07-13,2022-07-18,62,Brazil,4,1.0,Suite,81.7,,Check-Out
BKG102886,Resort Hotel,2023-12-29,2024-03-29,2024-04-04,91,UK,3,0.0,Standard,261.51,Online Travel Agent,Check-Out
BKG102887,City Hotel,2023-04-27,2023-06-30,2023-07-02,64,UAE,2,1.0,Suite,342.57,Offline Agent,Canceled
BKG102888,Resort Hotel,2022-04-24,2022-06-03,2022-06-05,40,Canada,2,2.0,Standard,87.04,Offline Agent,Check-Out
BKG102889,Resort Hotel,2023-03-25,2023-07-06,2023-07-08,103,India,2,0.0,Suite,312.1,Offline Agent,Check-Out
BKG102890,City Hotel,2023-03-06,2023-07-26,2023-08-01,142,UAE,2,0.0,Suite,331.67,Corporate,Check-Out
BKG102891,City Hotel,2022-02-22,2022-03-26,2022-04-02,32,Canada,2,0.0,,184.32,Corporate,Canceled
BKG102892,Resort Hotel,2022-08-10,2022-10-08,2022-10-11,59,Brazil,4,1.0,Standard,308.77,Corporate,Check-Out
BKG102893,City Hotel,2023-02-25,2023-03-06,2023-03-07,9,UK,2,0.0,Family,176.09,Online Travel Agent,Check-Out
BKG102894,City Hotel,2023-12-04,2024-01-20,2024-01-23,47,India,1,2.0,,188.8,Online Travel Agent,Check-Out
BKG102895,Resort Hotel,2023-09-13,2023-09-22,2023-09-29,9,UAE,4,0.0,Standard,326.13,Direct,Check-Out
BKG102896,City Hotel,2022-08-01,2022-12-28,2023-01-01,149,Australia,3,0.0,Family,237.36,,Canceled
BKG102897,Resort Hotel,2023-01-27,2023-03-14,2023-03-16,46,,2,0.0,Standard,278.92,Direct,Check-Out
BKG102898,City Hotel,2023-01-22,2023-07-07,2023-07-17,166,Germany,2,0.0,,60.71,Offline Agent,Check-Out
BKG102899,Resort Hotel,2022-06-27,2022-10-11,2022-10-12,106,Singapore,1,2.0,Deluxe,96.52,Offline Agent,Check-Out
BKG102900,City Hotel,2022-10-14,2022-11-29,2022-12-07,46,Canada,1,0.0,Family,142.96,Direct,Canceled
BKG102901,Resort Hotel,2022-05-29,2022-06-13,2022-06-20,15,USA,2,0.0,Deluxe,106.05,Offline Agent,No-Show
BKG102902,City Hotel,2023-07-21,2023-08-03,2023-08-08,13,Singapore,3,,Suite,264.07,,Canceled
BKG102903,Resort Hotel,2022-10-05,2023-02-07,2023-02-14,125,Australia,1,,Suite,180.92,Offline Agent,Check-Out
BKG102904,City Hotel,2023-10-05,2023-12-09,2023-12-15,65,Singapore,2,0.0,Family,193.7,Corporate,Check-Out
BKG102905,City Hotel,2023-07-15,2023-11-29,2023-12-04,137,Australia,1,1.0,,61.05,Offline Agent,Check-Out
BKG102906,City Hotel,2024-03-05,2024-03-18,2024-03-25,13,UK,1,0.0,Suite,322.42,,Check-Out
BKG102907,Resort Hotel,2022-03-04,2022-08-04,2022-08-07,153,Australia,2,1.0,Suite,259.24,,Check-Out
BKG102908,City Hotel,2022-01-02,2022-03-30,2022-04-03,87,India,4,,Suite,247.19,Offline Agent,Canceled
BKG102909,City Hotel,2023-02-12,2023-06-30,2023-07-09,138,Australia,1,0.0,Suite,81.54,Offline Agent,No-Show
BKG102910,Resort Hotel,2023-08-15,2023-11-17,2023-11-19,94,USA,2,1.0,Deluxe,228.96,Corporate,Check-Out
BKG102911,City Hotel,2023-12-03,2024-03-04,2024-03-08,92,India,3,0.0,Standard,84.13,,No-Show
BKG102912,Resort Hotel,2023-07-24,2024-01-14,2024-01-19,174,Canada,1,2.0,Standard,187.6,Offline Agent,Check-Out
BKG102913,Resort Hotel,2022-04-16,2022-07-18,2022-07-21,93,India,1,1.0,Family,195.53,Corporate,Check-Out
BKG102914,City Hotel,2022-08-20,2022-10-16,2022-10-23,57,UK,3,1.0,Suite,233.16,Offline Agent,Check-Out
BKG102915,Resort Hotel,2022-02-24,2022-05-18,2022-05-20,83,India,1,0.0,Family,328.65,Online Travel Agent,Canceled
BKG102916,Resort Hotel,2023-05-24,2023-10-13,2023-10-19,142,UK,1,0.0,Suite,63.43,Corporate,Check-Out
BKG102917,Resort Hotel,2022-06-17,2022-12-09,2022-12-13,175,Brazil,2,,,83.75,,Canceled
BKG102918,City Hotel,2024-03-20,2024-08-21,2024-08-29,154,Germany,3,1.0,Family,255.59,Corporate,Check-Out
BKG102919,City Hotel,2024-02-06,2024-05-31,2024-06-05,115,Brazil,3,0.0,Suite,160.5,Direct,Check-Out
BKG102920,Resort Hotel,2022-03-27,2022-07-08,2022-07-13,103,,1,0.0,Suite,285.78,Online Travel Agent,Canceled
BKG102921,Resort Hotel,2024-03-16,2024-09-06,2024-09-12,174,Canada,1,0.0,Family,129.12,Offline Agent,Canceled
BKG102922,City Hotel,2024-02-29,2024-08-22,2024-09-01,175,India,4,1.0,Suite,214.74,Corporate,Check-Out
BKG102923,City Hotel,2022-04-01,2022-07-27,2022-08-01,117,Singapore,1,0.0,Standard,211.08,Corporate,Check-Out
BKG102924,City Hotel,2023-09-19,2023-09-27,2023-10-06,8,Singapore,1,0.0,Family,337.24,Direct,Check-Out
BKG102925,Resort Hotel,2022-02-16,2022-08-07,2022-08-13,172,,4,0.0,Family,137.0,Direct,Check-Out
BKG102926,Resort Hotel,2023-01-18,2023-03-21,2023-03-27,62,USA,2,1.0,Standard,273.62,Online Travel Agent,Check-Out
BKG102927,City Hotel,2022-02-28,2022-08-26,2022-09-04,179,Australia,3,0.0,Family,339.03,Corporate,Check-Out
BKG102928,City Hotel,2024-04-18,2024-05-30,2024-06-01,42,USA,2,0.0,Deluxe,299.76,Online Travel Agent,Canceled
BKG102929,Resort Hotel,2023-04-10,2023-10-04,2023-10-08,177,UK,3,2.0,Deluxe,62.41,Offline Agent,Check-Out
BKG102930,City Hotel,2022-12-21,2023-05-27,2023-06-04,157,France,2,0.0,Deluxe,157.13,Offline Agent,Canceled
BKG102931,City Hotel,2023-07-16,2023-08-11,2023-08-21,26,Canada,2,0.0,Suite,307.62,Corporate,Check-Out
BKG102932,City Hotel,2023-01-31,2023-02-01,2023-02-06,1,USA,2,2.0,Family,131.89,Corporate,Check-Out
BKG102933,Resort Hotel,2024-03-24,2024-05-09,2024-05-11,46,Canada,3,1.0,Suite,82.77,Online Travel Agent,Canceled
BKG102934,City Hotel,2022-12-19,2023-01-24,2023-02-03,36,Brazil,2,1.0,Family,189.34,Offline Agent,Canceled
BKG102935,City Hotel,2022-12-05,2023-02-18,2023-02-23,75,France,3,2.0,Standard,134.81,Direct,Check-Out
BKG102936,Resort Hotel,2022-04-29,2022-10-02,2022-10-05,156,UAE,2,1.0,Family,348.47,Direct,Check-Out
BKG102937,Resort Hotel,2022-12-07,2023-05-25,2023-05-27,169,Singapore,2,0.0,Standard,169.29,Online Travel Agent,Check-Out
BKG102938,City Hotel,2022-10-13,2023-02-25,2023-03-02,135,UAE,3,1.0,Family,235.17,Online Travel Agent,Canceled
BKG102939,Resort Hotel,2022-03-13,2022-06-13,2022-06-20,92,India,4,0.0,Family,264.52,Online Travel Agent,Check-Out
BKG102940,Resort Hotel,2022-12-10,2023-05-16,2023-05-21,157,Australia,1,0.0,Standard,340.66,Direct,Canceled
BKG102941,City Hotel,2023-04-06,2023-09-15,2023-09-20,162,,2,0.0,Family,75.33,Online Travel Agent,Check-Out
BKG102942,City Hotel,2023-10-13,2024-03-27,2024-03-30,166,Australia,3,0.0,Deluxe,192.4,Online Travel Agent,Canceled
BKG102943,City Hotel,2022-04-18,2022-05-21,2022-05-23,33,Singapore,2,2.0,Deluxe,262.57,Offline Agent,Check-Out
BKG102944,City Hotel,2024-03-28,2024-04-09,2024-04-16,12,UAE,4,0.0,Suite,152.5,Offline Agent,Check-Out
BKG102945,Resort Hotel,2022-12-29,2023-04-18,2023-04-24,110,UK,3,0.0,Deluxe,211.64,,Check-Out
BKG102946,City Hotel,2022-06-25,2022-12-11,2022-12-20,169,Brazil,4,1.0,Suite,229.36,Offline Agent,Check-Out
BKG102947,Resort Hotel,2024-01-02,2024-06-05,2024-06-14,155,Singapore,3,0.0,Suite,215.69,Offline Agent,Canceled
BKG102948,Resort Hotel,2022-12-03,2023-01-11,2023-01-12,39,,2,0.0,Family,254.26,Online Travel Agent,Canceled
BKG102949,City Hotel,2024-02-12,2024-03-25,2024-03-29,42,Australia,2,0.0,Family,120.32,Corporate,Check-Out
BKG102950,City Hotel,2023-03-30,2023-07-31,2023-08-09,123,,4,0.0,Family,183.97,Direct,Check-Out
BKG102951,City Hotel,2024-01-27,2024-05-02,2024-05-03,96,,2,0.0,Deluxe,61.82,Corporate,Check-Out
BKG102952,Resort Hotel,2022-03-23,2022-03-24,2022-03-31,1,France,2,2.0,Suite,125.99,Corporate,Check-Out
BKG102953,City Hotel,2022-12-17,2023-04-04,2023-04-07,108,Canada,2,0.0,Standard,309.05,Online Travel Agent,Check-Out
BKG102954,Resort Hotel,2022-08-07,2022-11-01,2022-11-10,86,UK,3,2.0,Family,196.25,Direct,Canceled
BKG102955,Resort Hotel,2023-11-17,2023-12-19,2023-12-22,32,France,3,1.0,Deluxe,327.61,Corporate,Check-Out
BKG102956,City Hotel,2024-01-15,2024-02-23,2024-02-29,39,Singapore,3,0.0,Deluxe,144.2,,Canceled
BKG102957,City Hotel,2023-04-15,2023-09-28,2023-09-29,166,,3,0.0,Standard,90.16,Corporate,Canceled
BKG102958,City Hotel,2023-03-08,2023-08-18,2023-08-23,163,UAE,4,1.0,Family,127.53,Online Travel Agent,Check-Out
BKG102959,Resort Hotel,2022-10-13,2023-02-21,2023-02-26,131,UK,4,1.0,Deluxe,276.37,Online Travel Agent,No-Show
BKG102960,City Hotel,2022-06-16,2022-08-27,2022-09-05,72,India,3,0.0,Standard,215.05,Offline Agent,Canceled
BKG102961,City Hotel,2022-09-02,2023-02-22,2023-03-04,173,UK,3,0.0,,228.98,Corporate,Check-Out
BKG102962,Resort Hotel,2023-02-27,2023-03-05,2023-03-14,6,India,3,0.0,Deluxe,77.16,Direct,Check-Out
BKG102963,City Hotel,2022-01-30,2022-07-26,2022-07-28,177,UK,2,2.0,,204.65,Direct,Check-Out
BKG102964,Resort Hotel,2023-07-17,2023-12-23,2023-12-24,159,India,3,2.0,Standard,284.77,Online Travel Agent,Check-Out
BKG102965,City Hotel,2022-08-12,2022-10-03,2022-10-11,52,India,3,0.0,Deluxe,154.56,Offline Agent,Check-Out
BKG102966,City Hotel,2023-06-08,2023-10-03,2023-10-05,117,Brazil,3,1.0,Suite,166.09,,Check-Out
BKG102967,City Hotel,2023-08-19,2024-02-05,2024-02-10,170,Brazil,3,1.0,Suite,158.78,Corporate,Check-Out
BKG102968,Resort Hotel,2022-12-17,2023-03-09,2023-03-13,82,,4,0.0,Standard,223.31,Corporate,Check-Out
BKG102969,Resort Hotel,2024-06-15,2024-08-27,2024-08-29,73,UAE,2,2.0,Deluxe,160.04,Corporate,Check-Out
BKG102970,City Hotel,2022-03-05,2022-06-29,2022-07-08,116,USA,2,0.0,Standard,174.36,Direct,Check-Out
BKG102971,Resort Hotel,2024-05-02,2024-08-05,2024-08-13,95,Germany,3,0.0,Standard,152.7,Direct,Check-Out
BKG102972,Resort Hotel,2023-01-30,2023-07-08,2023-07-13,159,France,4,0.0,Standard,67.46,,Canceled
BKG102973,City Hotel,2023-01-07,2023-06-30,2023-07-04,174,France,2,0.0,Standard,287.87,Direct,Check-Out
BKG102974,Resort Hotel,2024-03-02,2024-06-21,2024-06-25,111,UK,3,0.0,Standard,227.0,Online Travel Agent,Check-Out
BKG102975,Resort Hotel,2024-04-30,2024-10-15,2024-10-18,168,India,3,1.0,Suite,225.79,Offline Agent,Check-Out
BKG102976,City Hotel,2022-09-16,2022-10-08,2022-10-11,22,India,2,0.0,Standard,154.23,Online Travel Agent,No-Show
BKG102977,City Hotel,2024-03-11,2024-04-09,2024-04-13,29,Canada,3,,Standard,135.98,Direct,Check-Out
BKG102978,City Hotel,2024-02-25,2024-08-18,2024-08-28,175,Singapore,4,0.0,Family,318.82,Online Travel Agent,Check-Out
BKG102979,Resort Hotel,2022-09-02,2022-11-15,2022-11-18,74,Brazil,1,,Standard,103.71,Direct,Check-Out
BKG102980,Resort Hotel,2022-08-18,2022-08-28,2022-08-30,10,UK,3,2.0,Standard,309.2,Online Travel Agent,Check-Out
BKG102981,Resort Hotel,2023-11-25,2024-03-09,2024-03-14,105,Brazil,3,0.0,Standard,114.59,,Check-Out
BKG102982,Resort Hotel,2022-08-11,2022-09-29,2022-10-05,49,USA,4,2.0,Family,270.85,Direct,Check-Out
BKG102983,Resort Hotel,2023-03-18,2023-08-25,2023-09-01,160,Canada,4,0.0,Standard,347.59,Online Travel Agent,Canceled
BKG102984,City Hotel,2022-08-11,2023-02-03,2023-02-12,176,France,1,2.0,,93.39,Corporate,Canceled
BKG102985,Resort Hotel,2022-01-31,2022-02-28,2022-03-04,28,France,2,0.0,Suite,66.65,Corporate,Check-Out
BKG102986,City Hotel,2023-05-20,2023-06-08,2023-06-13,19,Canada,4,1.0,Suite,160.03,Direct,Check-Out
BKG102987,City Hotel,2024-05-30,2024-11-13,2024-11-21,167,Germany,2,0.0,Standard,81.82,Offline Agent,Check-Out
BKG102988,Resort Hotel,2022-07-20,2023-01-05,2023-01-13,169,UAE,1,0.0,Family,249.17,Online Travel Agent,No-Show
BKG102989,City Hotel,2024-02-17,2024-07-12,2024-07-22,146,Canada,4,0.0,Standard,77.52,Online Travel Agent,Check-Out
BKG102990,Resort Hotel,2023-09-15,2023-11-25,2023-12-02,71,UK,4,1.0,Deluxe,259.06,Direct,Check-Out
BKG102991,Resort Hotel,2022-03-02,2022-03-09,2022-03-17,7,India,1,0.0,Family,211.65,Online Travel Agent,Check-Out
BKG102992,City Hotel,2022-02-19,2022-07-12,2022-07-19,143,Germany,2,0.0,Standard,112.96,Offline Agent,Check-Out
BKG102993,Resort Hotel,2023-07-02,2023-11-04,2023-11-09,125,Brazil,3,2.0,Deluxe,261.11,Direct,Check-Out
BKG102994,City Hotel,2023-09-07,2023-09-08,2023-09-18,1,Singapore,4,0.0,,101.22,Corporate,Check-Out
BKG102995,Resort Hotel,2022-12-12,2023-02-20,2023-02-26,70,Brazil,3,0.0,Family,121.36,Online Travel Agent,No-Show
BKG102996,Resort Hotel,2022-11-15,2023-03-27,2023-03-30,132,Singapore,2,1.0,Family,203.73,Direct,Check-Out
BKG102997,Resort Hotel,2023-07-31,2024-01-09,2024-01-13,162,France,2,0.0,Deluxe,214.25,Offline Agent,Check-Out
BKG102998,City Hotel,2023-01-08,2023-05-20,2023-05-25,132,Singapore,4,,Family,320.59,Offline Agent,Canceled
BKG102999,Resort Hotel,2022-09-30,2022-10-25,2022-11-01,25,India,2,1.0,Family,282.35,Direct,Check-Out
BKG103000,Resort Hotel,2022-12-07,2023-03-05,2023-03-08,88,France,4,1.0,Suite,175.89,Corporate,Check-Out
BKG103001,Resort Hotel,2022-04-16,2022-05-14,2022-05-19,28,Singapore,3,0.0,Standard,167.26,Corporate,Canceled
BKG103002,Resort Hotel,2023-12-21,2024-03-27,2024-03-29,97,USA,1,1.0,Suite,216.31,Offline Agent,Canceled
BKG103003,Resort Hotel,2024-05-30,2024-07-19,2024-07-26,50,Australia,1,0.0,Standard,209.76,Corporate,Check-Out
BKG103004,Resort Hotel,2023-12-28,2024-06-06,2024-06-11,161,Australia,4,0.0,Deluxe,323.83,,Check-Out
BKG103005,Resort Hotel,2022-09-19,2022-11-17,2022-11-25,59,Germany,4,0.0,Suite,346.71,Corporate,Check-Out
BKG103006,Resort Hotel,2022-11-19,2023-01-29,2023-02-04,71,India,3,1.0,Deluxe,288.5,Online Travel Agent,Canceled
BKG103007,Resort Hotel,2022-04-05,2022-09-05,2022-09-12,153,,2,0.0,Family,204.0,Offline Agent,Canceled
BKG103008,Resort Hotel,2023-12-05,2024-01-06,2024-01-08,32,Singapore,4,0.0,Suite,173.27,Online Travel Agent,Canceled
BKG103009,Resort Hotel,2022-11-29,2023-05-21,2023-05-29,173,Brazil,1,2.0,Standard,116.17,Offline Agent,Check-Out
BKG103010,City Hotel,2023-01-05,2023-01-13,2023-01-22,8,India,1,,Deluxe,114.8,Corporate,Canceled
BKG103011,City Hotel,2023-10-06,2023-12-09,2023-12-18,64,,3,0.0,Standard,312.77,Online Travel Agent,Check-Out
BKG103012,Resort Hotel,2022-06-26,2022-10-28,2022-11-07,124,France,3,2.0,Deluxe,157.26,Corporate,Check-Out
BKG103013,Resort Hotel,2023-09-20,2023-12-28,2024-01-04,99,Canada,3,0.0,Suite,100.07,Offline Agent,Check-Out
BKG103014,Resort Hotel,2022-12-18,2023-01-30,2023-02-08,43,Canada,1,0.0,Deluxe,92.55,Corporate,Check-Out
BKG103015,City Hotel,2023-08-17,2024-02-02,2024-02-07,169,USA,3,2.0,Family,113.4,Direct,Check-Out
BKG103016,Resort Hotel,2024-04-23,2024-06-03,2024-06-10,41,India,3,2.0,Standard,235.75,Online Travel Agent,Check-Out
BKG103017,City Hotel,2023-04-22,2023-09-11,2023-09-13,142,Canada,2,,Family,142.32,,Canceled
BKG103018,City Hotel,2022-09-03,2022-09-13,2022-09-18,10,UK,3,2.0,Deluxe,141.73,Corporate,Canceled
BKG103019,City Hotel,2024-03-03,2024-04-10,2024-04-19,38,UAE,2,0.0,Family,200.18,Offline Agent,Check-Out
BKG103020,City Hotel,2023-07-23,2023-08-23,2023-08-27,31,Australia,1,0.0,Suite,180.22,Offline Agent,No-Show
BKG103021,Resort Hotel,2023-04-29,2023-05-23,2023-05-25,24,Singapore,3,2.0,Family,222.51,Online Travel Agent,Check-Out
BKG103022,Resort Hotel,2023-06-19,2023-11-18,2023-11-23,152,USA,1,0.0,Family,201.42,Online Travel Agent,Check-Out
BKG103023,Resort Hotel,2023-02-15,2023-04-21,2023-04-26,65,India,4,0.0,Family,340.67,Corporate,Canceled
BKG103024,City Hotel,2022-06-26,2022-09-11,2022-09-19,77,UK,2,2.0,Deluxe,326.0,Offline Agent,No-Show
BKG103025,City Hotel,2023-11-17,2024-03-19,2024-03-24,123,Singapore,4,1.0,,61.37,Direct,Check-Out
BKG103026,Resort Hotel,2022-06-26,2022-09-19,2022-09-21,85,Singapore,2,0.0,Deluxe,277.78,Direct,Check-Out
BKG103027,Resort Hotel,2023-08-09,2024-01-05,2024-01-06,149,UK,4,,Family,179.46,Corporate,Canceled
BKG103028,City Hotel,2024-05-13,2024-07-04,2024-07-13,52,Canada,2,2.0,Standard,247.51,Offline Agent,Check-Out
BKG103029,Resort Hotel,2024-02-16,2024-08-05,2024-08-14,171,India,2,0.0,Deluxe,282.88,Offline Agent,Check-Out
BKG103030,City Hotel,2024-02-15,2024-07-15,2024-07-16,151,Singapore,4,0.0,Standard,295.12,Offline Agent,Canceled
BKG103031,Resort Hotel,2023-12-23,2024-04-12,2024-04-22,111,Brazil,2,,,70.61,Corporate,Check-Out
BKG103032,City Hotel,2023-09-01,2023-10-10,2023-10-17,39,UK,4,0.0,Family,216.84,Corporate,Check-Out
BKG103033,Resort Hotel,2023-05-02,2023-07-14,2023-07-19,73,Australia,3,,Family,151.83,,Check-Out
BKG103034,City Hotel,2022-10-10,2022-11-01,2022-11-11,22,Canada,2,2.0,Family,89.86,Corporate,Check-Out
BKG103035,Resort Hotel,2024-04-05,2024-04-15,2024-04-19,10,India,3,0.0,Deluxe,281.77,Offline Agent,No-Show
BKG103036,City Hotel,2023-02-11,2023-07-17,2023-07-21,156,France,1,0.0,Suite,96.25,Direct,No-Show
BKG103037,Resort Hotel,2023-01-16,2023-05-09,2023-05-13,113,Canada,2,0.0,Suite,237.42,Online Travel Agent,Canceled
BKG103038,Resort Hotel,2022-08-21,2022-11-14,2022-11-16,85,France,4,2.0,Family,159.42,Offline Agent,Canceled
BKG103039,Resort Hotel,2023-01-12,2023-02-12,2023-02-15,31,India,3,2.0,Suite,118.03,Direct,Check-Out
BKG103040,City Hotel,2024-02-25,2024-06-08,2024-06-18,104,,2,0.0,Deluxe,99.44,Corporate,Check-Out
BKG103041,Resort Hotel,2023-06-30,2023-09-28,2023-10-05,90,Germany,2,,Family,126.95,,Check-Out
BKG103042,Resort Hotel,2024-02-08,2024-07-05,2024-07-09,148,Canada,1,0.0,Standard,127.59,Online Travel Agent,Check-Out
BKG103043,Resort Hotel,2023-08-22,2023-11-09,2023-11-12,79,Germany,2,,Family,331.33,Online Travel Agent,Check-Out
BKG103044,Resort Hotel,2022-07-15,2022-09-12,2022-09-16,59,Singapore,1,,,317.3,Corporate,Check-Out
BKG103045,Resort Hotel,2024-02-24,2024-03-16,2024-03-19,21,France,3,1.0,Family,318.35,Direct,Check-Out
BKG103046,City Hotel,2023-08-30,2024-01-11,2024-01-17,134,Singapore,1,1.0,Standard,335.35,Offline Agent,Check-Out
BKG103047,Resort Hotel,2024-05-14,2024-11-10,2024-11-16,180,USA,3,0.0,Suite,271.09,Offline Agent,Check-Out
BKG103048,City Hotel,2023-07-07,2023-09-01,2023-09-09,56,Germany,2,1.0,Deluxe,143.92,Offline Agent,Check-Out
BKG103049,Resort Hotel,2023-09-09,2023-12-27,2024-01-05,109,Singapore,3,2.0,Deluxe,119.21,Online Travel Agent,Check-Out
BKG103050,Resort Hotel,2023-04-13,2023-09-17,2023-09-27,157,USA,4,2.0,Suite,310.13,Online Travel Agent,Check-Out
BKG103051,City Hotel,2022-04-07,2022-09-06,2022-09-15,152,UAE,3,2.0,Suite,299.04,Online Travel Agent,Check-Out
BKG103052,City Hotel,2024-01-15,2024-01-22,2024-01-25,7,Singapore,3,0.0,Family,174.88,Online Travel Agent,Check-Out
BKG103053,City Hotel,2023-04-14,2023-06-10,2023-06-15,57,Brazil,4,1.0,Family,196.6,Direct,Check-Out
BKG103054,City Hotel,2023-08-21,2023-11-20,2023-11-30,91,UK,1,,Suite,127.02,Direct,Canceled
BKG103055,City Hotel,2023-01-26,2023-03-10,2023-03-13,43,Germany,1,0.0,Family,162.22,Corporate,Check-Out
BKG103056,City Hotel,2023-11-24,2024-03-09,2024-03-13,106,India,3,2.0,Deluxe,157.68,Corporate,Check-Out
BKG103057,City Hotel,2024-02-01,2024-04-14,2024-04-21,73,Germany,3,1.0,Standard,285.82,Offline Agent,Check-Out
BKG103058,Resort Hotel,2023-05-18,2023-07-12,2023-07-13,55,India,1,0.0,Deluxe,274.12,Offline Agent,Canceled
BKG103059,City Hotel,2023-01-25,2023-07-15,2023-07-22,171,Canada,2,,Deluxe,161.77,Direct,Check-Out
BKG103060,Resort Hotel,2024-01-18,2024-03-10,2024-03-15,52,Australia,4,0.0,Family,223.64,Online Travel Agent,Canceled
BKG103061,City Hotel,2023-08-18,2023-09-18,2023-09-19,31,Australia,1,0.0,Standard,219.13,,Check-Out
BKG103062,City Hotel,2024-05-29,2024-07-07,2024-07-14,39,Singapore,3,,Deluxe,327.95,Offline Agent,Check-Out
BKG103063,Resort Hotel,2023-09-21,2023-12-22,2023-12-27,92,Brazil,1,1.0,Standard,347.6,Direct,Check-Out
BKG103064,City Hotel,2023-03-01,2023-05-14,2023-05-20,74,Germany,1,0.0,Suite,142.81,Offline Agent,Check-Out
BKG103065,Resort Hotel,2023-08-12,2023-10-27,2023-11-01,76,Singapore,4,0.0,Family,259.71,Online Travel Agent,Canceled
BKG103066,City Hotel,2024-03-16,2024-06-07,2024-06-10,83,USA,1,0.0,Deluxe,172.81,Offline Agent,Check-Out
BKG103067,Resort Hotel,2022-11-07,2023-03-02,2023-03-10,115,Canada,1,2.0,Suite,213.31,Direct,Canceled
BKG103068,Resort Hotel,2022-12-30,2023-01-10,2023-01-20,11,Singapore,4,2.0,Standard,152.48,Offline Agent,Check-Out
BKG103069,City Hotel,2022-11-28,2022-12-12,2022-12-15,14,France,2,0.0,Family,208.34,Direct,Check-Out
BKG103070,City Hotel,2022-08-16,2022-10-31,2022-11-04,76,UK,3,0.0,Standard,213.23,Direct,Canceled
BKG103071,Resort Hotel,2023-12-04,2024-03-04,2024-03-11,91,India,1,0.0,Standard,206.28,Direct,Check-Out
BKG103072,City Hotel,2022-11-14,2023-03-01,2023-03-11,107,Brazil,3,,Standard,183.88,Direct,Check-Out
BKG103073,Resort Hotel,2022-09-23,2023-01-13,2023-01-18,112,USA,4,1.0,Family,273.05,Online Travel Agent,Check-Out
BKG103074,City Hotel,2022-04-29,2022-07-24,2022-07-25,86,UAE,2,2.0,Suite,296.68,Offline Agent,Canceled
BKG103075,City Hotel,2023-12-30,2024-06-26,2024-06-28,179,USA,1,,Suite,288.47,Direct,Check-Out
BKG103076,Resort Hotel,2023-01-17,2023-02-19,2023-02-28,33,Singapore,4,1.0,,60.37,Corporate,Canceled
BKG103077,Resort Hotel,2024-02-24,2024-03-01,2024-03-04,6,USA,3,1.0,Standard,115.98,Online Travel Agent,Check-Out
BKG103078,City Hotel,2022-10-29,2023-01-27,2023-02-04,90,Singapore,1,2.0,Standard,86.87,Offline Agent,Canceled
BKG103079,Resort Hotel,2023-11-01,2023-11-24,2023-12-04,23,Germany,3,2.0,Family,224.78,Corporate,Check-Out
BKG103080,City Hotel,2022-12-31,2023-03-27,2023-03-29,86,Singapore,1,2.0,Family,124.56,,Check-Out
BKG103081,Resort Hotel,2024-03-25,2024-09-10,2024-09-18,169,France,1,1.0,Deluxe,62.26,Direct,Canceled
BKG103082,Resort Hotel,2024-02-09,2024-06-30,2024-07-06,142,Brazil,1,1.0,,326.34,Online Travel Agent,Check-Out
BKG103083,City Hotel,2023-08-29,2023-10-24,2023-10-28,56,Brazil,2,0.0,Suite,281.1,Direct,No-Show
BKG103084,Resort Hotel,2022-02-13,2022-07-07,2022-07-12,144,Canada,1,,Standard,333.66,Offline Agent,Check-Out
BKG103085,City Hotel,2023-06-19,2023-11-08,2023-11-14,142,Singapore,4,0.0,Standard,267.74,Offline Agent,Check-Out
BKG103086,Resort Hotel,2022-03-11,2022-09-03,2022-09-06,176,India,4,0.0,Family,269.04,Corporate,Canceled
BKG103087,City Hotel,2023-03-16,2023-06-05,2023-06-13,81,India,1,0.0,Standard,91.95,Online Travel Agent,Canceled
BKG103088,City Hotel,2023-11-15,2023-12-18,2023-12-22,33,,2,0.0,Family,77.19,Direct,Check-Out
BKG103089,City Hotel,2024-03-17,2024-04-24,2024-04-28,38,Brazil,1,0.0,,296.64,Online Travel Agent,Canceled
BKG103090,Resort Hotel,2023-08-20,2024-02-16,2024-02-23,180,France,1,2.0,Suite,281.21,Online Travel Agent,Check-Out
BKG103091,Resort Hotel,2022-04-02,2022-04-18,2022-04-21,16,Singapore,1,0.0,,289.86,Offline Agent,Canceled
BKG103092,City Hotel,2024-03-05,2024-03-31,2024-04-09,26,India,1,0.0,Standard,133.98,Offline Agent,Canceled
BKG103093,City Hotel,2022-09-20,2022-09-29,2022-10-08,9,France,2,0.0,Suite,183.21,Corporate,Check-Out
BKG103094,Resort Hotel,2023-02-18,2023-02-20,2023-03-02,2,,3,2.0,Suite,70.07,Corporate,Check-Out
BKG103095,City Hotel,2023-09-01,2024-01-21,2024-01-25,142,France,3,2.0,Deluxe,249.62,Corporate,Check-Out
BKG103096,City Hotel,2022-05-27,2022-11-13,2022-11-23,170,Canada,1,0.0,Family,239.89,Direct,Check-Out
BKG103097,City Hotel,2022-07-15,2023-01-03,2023-01-12,172,Brazil,3,1.0,,177.81,Corporate,Check-Out
BKG103098,City Hotel,2022-04-09,2022-07-18,2022-07-23,100,USA,4,0.0,Family,212.09,Corporate,Check-Out
BKG103099,City Hotel,2023-01-20,2023-06-01,2023-06-07,132,UK,1,0.0,Family,340.17,Offline Agent,Check-Out
BKG103100,Resort Hotel,2024-02-16,2024-05-25,2024-06-01,99,Germany,2,2.0,Suite,175.72,Direct,Check-Out
BKG103101,Resort Hotel,2023-02-14,2023-07-04,2023-07-14,140,Australia,4,1.0,Suite,248.64,Offline Agent,Check-Out
BKG103102,City Hotel,2023-05-25,2023-09-27,2023-10-02,125,,1,0.0,Deluxe,78.24,Direct,Check-Out
BKG103103,City Hotel,2022-06-01,2022-08-22,2022-08-25,82,,3,0.0,,338.7,Offline Agent,Canceled
BKG103104,Resort Hotel,2022-01-01,2022-05-14,2022-05-20,133,Canada,3,2.0,Deluxe,173.24,Online Travel Agent,Check-Out
BKG103105,Resort Hotel,2024-05-19,2024-06-02,2024-06-08,14,UAE,2,0.0,Deluxe,241.52,Online Travel Agent,Check-Out
BKG103106,Resort Hotel,2022-05-02,2022-09-10,2022-09-15,131,France,3,1.0,Deluxe,64.83,Direct,Check-Out
BKG103107,City Hotel,2024-01-14,2024-02-14,2024-02-15,31,France,1,0.0,Deluxe,327.19,Online Travel Agent,Canceled
BKG103108,City Hotel,2022-10-11,2023-04-07,2023-04-09,178,Singapore,3,0.0,Deluxe,294.16,Corporate,Check-Out
BKG103109,Resort Hotel,2024-03-30,2024-05-19,2024-05-27,50,France,4,2.0,Standard,281.0,Direct,Check-Out
BKG103110,City Hotel,2022-04-28,2022-08-15,2022-08-24,109,Brazil,2,0.0,Standard,86.89,Online Travel Agent,Check-Out
BKG103111,Resort Hotel,2022-02-13,2022-08-06,2022-08-16,174,Australia,4,0.0,Suite,309.84,Offline Agent,Check-Out
BKG103112,City Hotel,2023-09-24,2024-01-13,2024-01-17,111,France,3,0.0,Suite,206.14,Direct,Check-Out
BKG103113,City Hotel,2024-02-25,2024-08-22,2024-08-27,179,UK,2,0.0,Suite,277.21,Corporate,Check-Out
BKG103114,City Hotel,2022-07-10,2022-08-11,2022-08-17,32,Singapore,2,0.0,Deluxe,93.86,Online Travel Agent,Check-Out
BKG103115,Resort Hotel,2022-09-13,2022-11-16,2022-11-22,64,Singapore,3,0.0,Family,220.67,Direct,Check-Out
BKG103116,City Hotel,2022-09-26,2023-01-16,2023-01-23,112,India,4,1.0,Deluxe,170.11,Offline Agent,Check-Out
BKG103117,Resort Hotel,2023-12-25,2024-06-20,2024-06-29,178,India,4,0.0,,269.66,,Check-Out
BKG103118,City Hotel,2023-12-02,2024-01-26,2024-02-02,55,UK,3,2.0,Family,114.98,Direct,Check-Out
BKG103119,City Hotel,2023-11-02,2023-11-10,2023-11-18,8,Germany,3,0.0,Standard,134.51,Online Travel Agent,Check-Out
BKG103120,City Hotel,2023-02-01,2023-02-21,2023-02-26,20,France,3,0.0,Suite,101.28,,Check-Out
BKG103121,City Hotel,2022-07-29,2022-09-21,2022-09-23,54,,4,0.0,Deluxe,295.12,Direct,Canceled
BKG103122,City Hotel,2024-03-15,2024-08-10,2024-08-18,148,India,2,2.0,Standard,185.32,Online Travel Agent,Canceled
BKG103123,City Hotel,2024-02-04,2024-03-27,2024-04-01,52,UAE,2,0.0,Suite,147.44,Offline Agent,Check-Out
BKG103124,Resort Hotel,2024-01-22,2024-06-05,2024-06-14,135,UK,1,1.0,Standard,208.4,Corporate,Check-Out
BKG103125,Resort Hotel,2022-06-07,2022-10-12,2022-10-22,127,,3,0.0,Deluxe,192.34,Offline Agent,Canceled
BKG103126,Resort Hotel,2023-08-21,2023-09-01,2023-09-05,11,Germany,2,0.0,,106.45,Corporate,Check-Out
BKG103127,Resort Hotel,2024-06-19,2024-10-09,2024-10-10,112,France,3,1.0,Deluxe,119.95,Offline Agent,Check-Out
BKG103128,Resort Hotel,2022-11-14,2023-03-11,2023-03-19,117,Germany,4,0.0,Family,61.85,Offline Agent,Check-Out
BKG103129,City Hotel,2024-02-20,2024-05-20,2024-05-27,90,Australia,1,0.0,Deluxe,254.94,Direct,Canceled
BKG103130,Resort Hotel,2023-07-17,2023-08-25,2023-08-27,39,Singapore,2,2.0,Family,96.85,Direct,Check-Out
BKG103131,Resort Hotel,2024-03-20,2024-05-25,2024-06-02,66,Brazil,2,1.0,Deluxe,135.81,Direct,Canceled
BKG103132,Resort Hotel,2022-11-03,2023-02-03,2023-02-13,92,Australia,4,2.0,Family,108.17,Offline Agent,Check-Out
BKG103133,City Hotel,2022-10-07,2023-02-23,2023-03-01,139,France,2,0.0,Deluxe,112.69,Corporate,Check-Out
BKG103134,City Hotel,2024-01-15,2024-03-25,2024-04-04,70,Australia,1,0.0,Suite,340.31,Online Travel Agent,Check-Out
BKG103135,City Hotel,2022-09-25,2022-11-10,2022-11-12,46,,1,1.0,Standard,277.31,Offline Agent,Canceled
BKG103136,Resort Hotel,2022-01-20,2022-04-08,2022-04-17,78,USA,2,1.0,Family,133.2,Corporate,Check-Out
BKG103137,Resort Hotel,2023-01-06,2023-05-27,2023-06-02,141,Canada,3,0.0,Deluxe,81.24,Online Travel Agent,Check-Out
BKG103138,Resort Hotel,2024-05-23,2024-09-04,2024-09-08,104,Canada,4,0.0,Family,227.1,Offline Agent,Check-Out
BKG103139,City Hotel,2023-05-20,2023-09-18,2023-09-26,121,USA,3,2.0,Deluxe,120.78,Corporate,Check-Out
BKG103140,Resort Hotel,2022-09-21,2023-02-20,2023-02-22,152,Singapore,3,,Suite,284.58,Direct,Check-Out
BKG103141,City Hotel,2023-05-19,2023-06-21,2023-06-25,33,Australia,2,2.0,Standard,236.01,Corporate,Canceled
BKG103142,City Hotel,2022-02-03,2022-02-27,2022-03-01,24,France,1,0.0,Standard,236.84,Corporate,Check-Out
BKG103143,Resort Hotel,2024-02-07,2024-03-28,2024-04-04,50,France,3,1.0,Standard,239.36,Online Travel Agent,Check-Out
BKG103144,City Hotel,2024-01-14,2024-05-27,2024-06-03,134,Canada,1,1.0,Standard,285.43,Corporate,Canceled
BKG103145,City Hotel,2024-03-30,2024-09-14,2024-09-24,168,Germany,1,0.0,,344.56,Offline Agent,Check-Out
BKG103146,Resort Hotel,2023-08-10,2023-11-15,2023-11-23,97,Brazil,2,1.0,Family,191.11,Online Travel Agent,Check-Out
BKG103147,Resort Hotel,2022-07-05,2022-08-23,2022-08-31,49,India,2,1.0,Suite,148.61,Offline Agent,Check-Out
BKG103148,Resort Hotel,2023-03-26,2023-05-05,2023-05-10,40,UAE,3,,Suite,345.41,Offline Agent,Check-Out
BKG103149,City Hotel,2022-06-10,2022-10-13,2022-10-21,125,France,1,0.0,Standard,93.53,Offline Agent,Check-Out
BKG103150,City Hotel,2022-07-30,2023-01-06,2023-01-09,160,Singapore,4,0.0,Suite,296.98,Offline Agent,Check-Out
BKG103151,City Hotel,2023-12-06,2024-04-21,2024-04-30,137,Brazil,4,0.0,Family,70.13,Direct,Canceled
BKG103152,Resort Hotel,2023-05-28,2023-09-01,2023-09-09,96,Australia,3,0.0,Suite,335.18,Corporate,Canceled
BKG103153,City Hotel,2022-02-22,2022-04-06,2022-04-13,43,Australia,2,0.0,Suite,202.1,Offline Agent,Canceled
BKG103154,City Hotel,2024-03-28,2024-06-03,2024-06-09,67,Brazil,4,1.0,Suite,171.65,Offline Agent,Canceled
BKG103155,City Hotel,2022-12-24,2023-03-24,2023-03-28,90,India,3,,Deluxe,323.07,Corporate,Check-Out
BKG103156,Resort Hotel,2023-01-09,2023-03-11,2023-03-19,61,Singapore,4,0.0,Suite,234.15,Offline Agent,Check-Out
BKG103157,Resort Hotel,2022-08-21,2023-02-01,2023-02-11,164,Canada,3,0.0,Suite,314.48,Corporate,Check-Out
BKG103158,Resort Hotel,2022-02-03,2022-06-06,2022-06-15,123,Germany,1,0.0,Suite,126.58,Offline Agent,Check-Out
BKG103159,City Hotel,2022-07-11,2022-12-13,2022-12-15,155,Singapore,2,1.0,Standard,234.24,Corporate,Canceled
BKG103160,City Hotel,2022-01-30,2022-05-31,2022-06-04,121,USA,4,0.0,Suite,76.06,Online Travel Agent,Canceled
BKG103161,Resort Hotel,2023-01-31,2023-03-27,2023-03-30,55,UK,3,0.0,Family,151.13,Corporate,Check-Out
BKG103162,City Hotel,2024-06-09,2024-10-23,2024-10-31,136,Australia,4,0.0,Family,118.61,Corporate,Check-Out
BKG103163,Resort Hotel,2022-09-30,2023-03-26,2023-04-02,177,Canada,4,0.0,Deluxe,131.82,Offline Agent,Check-Out
BKG103164,Resort Hotel,2022-12-10,2023-05-11,2023-05-14,152,India,1,2.0,Standard,142.27,Online Travel Agent,Check-Out
BKG103165,City Hotel,2023-05-16,2023-09-04,2023-09-05,111,USA,4,2.0,Family,91.95,Corporate,No-Show
BKG103166,Resort Hotel,2022-09-26,2023-02-24,2023-03-04,151,Singapore,4,2.0,Deluxe,243.82,Direct,Canceled
BKG103167,City Hotel,2022-01-23,2022-05-12,2022-05-14,109,,3,0.0,Suite,122.34,Corporate,Canceled
BKG103168,City Hotel,2023-04-30,2023-09-12,2023-09-22,135,UK,2,0.0,Family,66.65,Online Travel Agent,Check-Out
BKG103169,City Hotel,2023-04-24,2023-05-01,2023-05-08,7,India,4,0.0,,185.49,,Check-Out
BKG103170,City Hotel,2023-12-18,2024-05-04,2024-05-06,138,USA,2,2.0,Deluxe,112.88,Online Travel Agent,Check-Out
BKG103171,City Hotel,2023-05-19,2023-09-14,2023-09-19,118,USA,3,2.0,Deluxe,246.94,Direct,Check-Out
BKG103172,Resort Hotel,2023-05-28,2023-09-19,2023-09-20,114,Canada,3,2.0,,285.77,Online Travel Agent,Check-Out
BKG103173,City Hotel,2024-02-11,2024-05-24,2024-05-30,103,India,1,0.0,Family,297.41,Online Travel Agent,No-Show
BKG103174,City Hotel,2023-06-25,2023-08-16,2023-08-25,52,Singapore,3,1.0,Deluxe,213.96,Online Travel Agent,Check-Out
BKG103175,City Hotel,2023-06-14,2023-09-11,2023-09-19,89,France,2,1.0,Standard,329.61,Corporate,Canceled
BKG103176,Resort Hotel,2023-09-28,2023-10-31,2023-11-08,33,Germany,2,2.0,Standard,76.75,,Check-Out
BKG103177,Resort Hotel,2024-04-18,2024-08-25,2024-08-29,129,Australia,4,0.0,Family,131.25,Corporate,Canceled
BKG103178,City Hotel,2023-05-30,2023-08-06,2023-08-11,68,Brazil,3,0.0,Deluxe,219.74,Online Travel Agent,Check-Out
BKG103179,City Hotel,2022-07-10,2022-12-17,2022-12-18,160,UK,4,0.0,Family,186.36,Online Travel Agent,Check-Out
BKG103180,City Hotel,2023-01-06,2023-02-15,2023-02-19,40,Australia,1,0.0,Deluxe,236.04,Direct,Check-Out
BKG103181,Resort Hotel,2023-09-07,2023-10-19,2023-10-23,42,,3,1.0,Standard,162.26,Offline Agent,Check-Out
BKG103182,City Hotel,2023-08-31,2023-09-30,2023-10-06,30,Germany,3,0.0,Deluxe,293.25,Online Travel Agent,Check-Out
BKG103183,City Hotel,2024-06-06,2024-11-13,2024-11-23,160,India,3,0.0,Standard,87.09,Corporate,Check-Out
BKG103184,City Hotel,2022-03-22,2022-09-08,2022-09-17,170,Singapore,2,0.0,Deluxe,279.84,Online Travel Agent,Check-Out
BKG103185,City Hotel,2024-06-14,2024-07-15,2024-07-16,31,France,2,0.0,Suite,323.77,Offline Agent,Check-Out
BKG103186,Resort Hotel,2023-06-13,2023-09-12,2023-09-20,91,Brazil,4,2.0,Deluxe,189.65,,Canceled
BKG103187,City Hotel,2022-12-04,2023-05-16,2023-05-22,163,USA,2,2.0,Deluxe,300.66,Offline Agent,Check-Out
BKG103188,Resort Hotel,2023-11-26,2024-01-13,2024-01-22,48,Brazil,2,1.0,Suite,330.22,,Check-Out
BKG103189,Resort Hotel,2022-07-09,2022-10-09,2022-10-15,92,UAE,4,1.0,Suite,284.46,Online Travel Agent,Check-Out
BKG103190,City Hotel,2023-06-10,2023-07-11,2023-07-21,31,France,4,2.0,,155.22,Offline Agent,Check-Out
BKG103191,Resort Hotel,2024-03-29,2024-06-23,2024-06-24,86,UAE,3,2.0,Standard,220.78,Direct,Check-Out
BKG103192,Resort Hotel,2022-10-23,2023-02-04,2023-02-09,104,Canada,1,0.0,Family,326.06,Corporate,Check-Out
BKG103193,Resort Hotel,2022-12-27,2023-05-29,2023-06-02,153,,3,0.0,Deluxe,207.41,Direct,Check-Out
BKG103194,City Hotel,2024-03-05,2024-05-28,2024-06-02,84,,4,1.0,Suite,242.0,Direct,Check-Out
BKG103195,City Hotel,2024-06-19,2024-07-19,2024-07-22,30,Brazil,2,2.0,Deluxe,189.74,Offline Agent,Check-Out
BKG103196,City Hotel,2023-09-23,2023-10-02,2023-10-03,9,UAE,4,0.0,Suite,266.1,Corporate,Check-Out
BKG103197,Resort Hotel,2024-01-25,2024-05-10,2024-05-18,106,Germany,3,0.0,Suite,186.55,Offline Agent,Check-Out
BKG103198,City Hotel,2023-05-16,2023-06-15,2023-06-18,30,India,3,0.0,Deluxe,229.98,Offline Agent,Check-Out
BKG103199,Resort Hotel,2022-09-27,2023-03-05,2023-03-06,159,UK,4,0.0,Family,95.94,Direct,Check-Out
BKG103200,Resort Hotel,2023-02-11,2023-05-14,2023-05-18,92,Germany,1,0.0,Suite,296.94,Online Travel Agent,Check-Out
BKG103201,City Hotel,2023-10-15,2023-10-27,2023-10-28,12,,3,0.0,Deluxe,338.51,Corporate,Check-Out
BKG103202,City Hotel,2023-09-30,2023-12-25,2023-12-31,86,Singapore,4,,Deluxe,337.88,Direct,Check-Out
BKG103203,City Hotel,2023-11-05,2024-03-07,2024-03-14,123,India,4,2.0,Suite,75.65,Online Travel Agent,Check-Out
BKG103204,City Hotel,2023-03-04,2023-03-17,2023-03-22,13,UAE,2,0.0,Family,197.36,Corporate,Canceled
BKG103205,City Hotel,2022-04-06,2022-09-13,2022-09-23,160,Singapore,4,2.0,Family,127.14,Online Travel Agent,Canceled
BKG103206,City Hotel,2023-09-23,2024-03-15,2024-03-19,174,India,1,1.0,Standard,70.45,Online Travel Agent,Check-Out
BKG103207,Resort Hotel,2024-03-20,2024-08-08,2024-08-12,141,UK,1,0.0,Standard,91.33,Direct,Check-Out
BKG103208,City Hotel,2022-02-19,2022-02-27,2022-03-09,8,Germany,2,0.0,Family,265.21,Online Travel Agent,Check-Out
BKG103209,Resort Hotel,2022-01-03,2022-06-22,2022-06-26,170,Singapore,4,2.0,Deluxe,109.17,Corporate,Check-Out
BKG103210,Resort Hotel,2023-04-06,2023-08-17,2023-08-19,133,France,4,1.0,Deluxe,185.36,Online Travel Agent,Check-Out
BKG103211,City Hotel,2022-11-03,2023-03-14,2023-03-16,131,Australia,2,0.0,Suite,114.04,Offline Agent,Check-Out
BKG103212,Resort Hotel,2024-01-16,2024-04-30,2024-05-05,105,UK,3,0.0,Family,134.72,Offline Agent,Check-Out
BKG103213,City Hotel,2023-03-29,2023-08-28,2023-09-03,152,France,1,2.0,Deluxe,197.57,Corporate,Check-Out
BKG103214,Resort Hotel,2023-04-02,2023-09-18,2023-09-20,169,Brazil,3,0.0,,171.37,Direct,Check-Out
BKG103215,Resort Hotel,2022-12-01,2023-02-23,2023-03-02,84,Brazil,4,0.0,Suite,249.54,Online Travel Agent,Canceled
BKG103216,City Hotel,2023-10-04,2024-01-08,2024-01-18,96,France,1,2.0,Family,332.24,Offline Agent,Check-Out
BKG103217,Resort Hotel,2024-04-07,2024-08-17,2024-08-19,132,Brazil,1,2.0,Deluxe,112.8,Direct,Check-Out
BKG103218,Resort Hotel,2023-10-28,2024-04-06,2024-04-09,161,UK,3,1.0,Standard,222.45,Direct,Check-Out
BKG103219,Resort Hotel,2022-08-24,2022-12-26,2023-01-04,124,Germany,3,0.0,Family,344.56,Offline Agent,Canceled
BKG103220,City Hotel,2023-12-25,2024-05-06,2024-05-12,133,UAE,4,2.0,Suite,130.94,Offline Agent,Check-Out
BKG103221,City Hotel,2022-11-30,2023-05-21,2023-05-29,172,Singapore,4,0.0,Family,299.45,Online Travel Agent,Check-Out
BKG103222,City Hotel,2022-12-28,2023-03-24,2023-03-26,86,Australia,2,,Suite,244.79,Corporate,Canceled
BKG103223,City Hotel,2022-09-28,2022-11-21,2022-11-28,54,Australia,2,0.0,Standard,195.4,Corporate,No-Show
BKG103224,City Hotel,2022-12-30,2023-02-17,2023-02-22,49,UK,3,0.0,,72.27,Offline Agent,Check-Out
BKG103225,Resort Hotel,2023-04-12,2023-05-07,2023-05-13,25,Brazil,2,0.0,Standard,132.37,Corporate,Check-Out
BKG103226,Resort Hotel,2023-11-05,2023-11-10,2023-11-16,5,Germany,4,0.0,Suite,241.93,Corporate,Check-Out
BKG103227,City Hotel,2022-03-31,2022-09-07,2022-09-12,160,Australia,2,0.0,,301.56,Direct,Check-Out
BKG103228,Resort Hotel,2023-05-17,2023-11-04,2023-11-14,171,Singapore,1,0.0,,97.37,Online Travel Agent,Check-Out
BKG103229,City Hotel,2024-02-01,2024-06-09,2024-06-19,129,UK,1,1.0,Deluxe,72.53,Online Travel Agent,Check-Out
BKG103230,Resort Hotel,2022-12-24,2023-04-20,2023-04-25,117,UAE,4,0.0,Deluxe,239.26,Offline Agent,Check-Out
BKG103231,City Hotel,2022-07-04,2022-10-01,2022-10-11,89,Germany,4,0.0,Suite,337.67,Direct,Check-Out
BKG103232,Resort Hotel,2024-06-07,2024-06-08,2024-06-16,1,,4,0.0,Standard,95.82,,Check-Out
BKG103233,City Hotel,2022-06-06,2022-07-11,2022-07-13,35,UAE,4,2.0,Deluxe,230.43,Offline Agent,Check-Out
BKG103234,Resort Hotel,2023-04-03,2023-06-03,2023-06-06,61,Canada,1,0.0,Suite,131.29,Direct,Canceled
BKG103235,Resort Hotel,2022-07-03,2022-10-16,2022-10-23,105,UK,4,0.0,Deluxe,175.46,Direct,Check-Out
BKG103236,City Hotel,2023-02-28,2023-05-30,2023-06-05,91,Canada,1,1.0,,281.22,Corporate,Check-Out
BKG103237,City Hotel,2023-03-08,2023-07-02,2023-07-05,116,India,1,,Deluxe,177.5,Offline Agent,Canceled
BKG103238,Resort Hotel,2022-04-26,2022-04-27,2022-04-28,1,Australia,3,1.0,,219.46,Corporate,Check-Out
BKG103239,City Hotel,2022-03-19,2022-04-06,2022-04-09,18,Canada,1,2.0,Deluxe,86.48,Direct,No-Show
BKG103240,City Hotel,2023-01-09,2023-02-26,2023-03-08,48,France,2,0.0,Suite,64.84,Corporate,No-Show
BKG103241,City Hotel,2024-06-10,2024-09-25,2024-10-01,107,Germany,4,0.0,,319.95,Online Travel Agent,Canceled
BKG103242,City Hotel,2022-08-21,2022-08-29,2022-09-01,8,Australia,3,0.0,Suite,174.82,Corporate,Canceled
BKG103243,Resort Hotel,2023-08-11,2023-08-17,2023-08-20,6,UAE,1,0.0,Suite,79.96,,Canceled
BKG103244,City Hotel,2022-04-11,2022-04-23,2022-05-03,12,Germany,2,0.0,Deluxe,142.49,Offline Agent,Check-Out
BKG103245,Resort Hotel,2022-09-01,2022-09-02,2022-09-08,1,Canada,4,0.0,Standard,262.97,Online Travel Agent,Check-Out
BKG103246,City Hotel,2023-07-08,2023-09-18,2023-09-20,72,India,4,0.0,Deluxe,127.65,Online Travel Agent,Canceled
BKG103247,City Hotel,2022-01-11,2022-03-21,2022-03-29,69,Brazil,1,0.0,Deluxe,297.49,Direct,Canceled
BKG103248,City Hotel,2023-10-05,2024-02-26,2024-03-05,144,Australia,1,1.0,Standard,246.16,Offline Agent,Check-Out
BKG103249,Resort Hotel,2023-04-01,2023-07-05,2023-07-06,95,Brazil,3,2.0,Deluxe,87.37,Online Travel Agent,Canceled
BKG103250,City Hotel,2022-03-12,2022-03-26,2022-04-01,14,Brazil,3,2.0,Deluxe,84.35,Direct,Canceled
BKG103251,City Hotel,2022-03-17,2022-07-19,2022-07-29,124,India,2,1.0,,143.38,Corporate,Check-Out
BKG103252,City Hotel,2022-12-25,2023-06-23,2023-06-28,180,Brazil,3,0.0,Deluxe,343.94,Corporate,Check-Out
BKG103253,City Hotel,2023-11-11,2024-03-17,2024-03-24,127,UK,3,0.0,Standard,227.2,Offline Agent,Check-Out
BKG103254,Resort Hotel,2023-10-26,2024-01-16,2024-01-23,82,Australia,2,0.0,Standard,190.55,Direct,No-Show
BKG103255,Resort Hotel,2024-04-30,2024-10-08,2024-10-15,161,USA,1,0.0,Standard,222.72,Direct,Check-Out
BKG103256,Resort Hotel,2022-01-04,2022-06-03,2022-06-05,150,,3,2.0,Standard,61.01,Online Travel Agent,Canceled
BKG103257,City Hotel,2022-05-20,2022-09-24,2022-10-01,127,Canada,2,2.0,Family,67.0,Offline Agent,Canceled
BKG103258,Resort Hotel,2022-03-28,2022-06-07,2022-06-17,71,USA,4,0.0,Standard,262.32,Corporate,Check-Out
BKG103259,City Hotel,2023-11-03,2024-04-04,2024-04-11,153,,3,1.0,Deluxe,68.17,Corporate,No-Show
BKG103260,Resort Hotel,2023-01-06,2023-04-15,2023-04-25,99,India,1,2.0,Suite,297.06,Online Travel Agent,No-Show
BKG103261,Resort Hotel,2023-01-13,2023-04-25,2023-04-29,102,UAE,4,0.0,Standard,271.88,Online Travel Agent,Check-Out
BKG103262,City Hotel,2022-04-19,2022-08-05,2022-08-13,108,Germany,3,2.0,Suite,180.66,,Check-Out
BKG103263,City Hotel,2024-01-19,2024-02-16,2024-02-24,28,Canada,4,0.0,Family,207.78,,Check-Out
BKG103264,City Hotel,2023-09-21,2024-02-27,2024-03-04,159,Australia,3,0.0,Family,215.74,Online Travel Agent,Check-Out
BKG103265,City Hotel,2022-05-29,2022-06-07,2022-06-09,9,Australia,2,0.0,Standard,262.14,Direct,Check-Out
BKG103266,Resort Hotel,2023-05-18,2023-06-15,2023-06-25,28,Germany,1,2.0,Suite,181.87,Direct,Check-Out
BKG103267,Resort Hotel,2022-08-06,2023-01-13,2023-01-15,160,India,2,,Suite,198.73,Offline Agent,Check-Out
BKG103268,City Hotel,2023-06-12,2023-10-12,2023-10-18,122,UK,2,0.0,Family,155.53,Direct,Check-Out
BKG103269,Resort Hotel,2023-09-05,2024-02-24,2024-02-29,172,USA,4,0.0,Deluxe,199.22,Direct,Check-Out
BKG103270,Resort Hotel,2024-05-25,2024-11-11,2024-11-21,170,Canada,2,0.0,Deluxe,276.34,Direct,Canceled
BKG103271,City Hotel,2022-05-21,2022-10-16,2022-10-20,148,UAE,1,,Standard,246.99,Direct,Check-Out
BKG103272,City Hotel,2022-10-11,2023-04-04,2023-04-12,175,Canada,3,0.0,Family,151.72,Online Travel Agent,Check-Out
BKG103273,City Hotel,2022-07-28,2022-08-15,2022-08-18,18,Germany,3,0.0,Suite,147.52,Direct,Check-Out
BKG103274,Resort Hotel,2023-12-14,2024-01-02,2024-01-04,19,Canada,3,1.0,,162.0,Online Travel Agent,Check-Out
BKG103275,City Hotel,2023-06-12,2023-06-20,2023-06-24,8,Canada,4,2.0,Suite,263.53,Offline Agent,Check-Out
BKG103276,City Hotel,2023-09-19,2023-11-23,2023-11-27,65,Canada,2,2.0,Standard,89.12,Corporate,Check-Out
BKG103277,City Hotel,2023-02-14,2023-07-10,2023-07-15,146,France,2,2.0,Standard,246.53,Online Travel Agent,Canceled
BKG103278,City Hotel,2022-03-11,2022-03-15,2022-03-20,4,France,2,1.0,Deluxe,286.06,Corporate,Check-Out
BKG103279,Resort Hotel,2023-08-22,2023-09-29,2023-10-01,38,Singapore,1,0.0,,306.73,Online Travel Agent,Check-Out
BKG103280,City Hotel,2022-06-09,2022-11-16,2022-11-26,160,Germany,2,0.0,Suite,190.01,Online Travel Agent,Check-Out
BKG103281,City Hotel,2022-11-29,2023-04-05,2023-04-06,127,India,2,0.0,Standard,192.84,Offline Agent,Check-Out
BKG103282,City Hotel,2024-06-18,2024-12-10,2024-12-13,175,UAE,4,0.0,Suite,147.55,Offline Agent,No-Show
BKG103283,City Hotel,2022-01-04,2022-02-18,2022-02-20,45,Brazil,2,0.0,Deluxe,265.62,Direct,Check-Out
BKG103284,Resort Hotel,2023-08-07,2023-10-18,2023-10-19,72,France,4,0.0,Deluxe,277.72,Corporate,Check-Out
BKG103285,Resort Hotel,2022-03-05,2022-08-11,2022-08-17,159,Australia,3,1.0,Standard,258.7,Direct,Canceled
BKG103286,City Hotel,2023-06-23,2023-07-12,2023-07-13,19,USA,4,2.0,Family,348.61,Direct,Check-Out
BKG103287,Resort Hotel,2022-03-18,2022-05-23,2022-05-25,66,France,2,0.0,Standard,324.66,Offline Agent,Check-Out
BKG103288,City Hotel,2022-03-10,2022-06-16,2022-06-25,98,USA,1,2.0,Suite,157.86,Corporate,Check-Out
BKG103289,Resort Hotel,2022-08-12,2023-01-31,2023-02-04,172,UK,4,1.0,Suite,164.3,,Check-Out
BKG103290,Resort Hotel,2023-03-18,2023-09-12,2023-09-18,178,,1,1.0,Family,247.57,Direct,Check-Out
BKG103291,Resort Hotel,2023-12-22,2024-03-15,2024-03-18,84,Brazil,3,2.0,Standard,111.7,Online Travel Agent,Check-Out
BKG103292,Resort Hotel,2022-06-13,2022-11-06,2022-11-16,146,France,3,2.0,Standard,92.74,Online Travel Agent,Check-Out
BKG103293,Resort Hotel,2023-06-10,2023-09-10,2023-09-17,92,Australia,2,2.0,Suite,95.09,,Check-Out
BKG103294,Resort Hotel,2022-05-04,2022-06-14,2022-06-15,41,UK,1,1.0,Standard,147.57,Corporate,Canceled
BKG103295,City Hotel,2023-03-23,2023-08-28,2023-09-06,158,Singapore,4,1.0,Standard,165.56,,Check-Out
BKG103296,City Hotel,2024-03-29,2024-08-29,2024-08-31,153,Brazil,2,1.0,Standard,192.55,Offline Agent,Check-Out
BKG103297,Resort Hotel,2022-10-07,2023-04-02,2023-04-12,177,,1,0.0,Standard,115.5,Online Travel Agent,Check-Out
BKG103298,City Hotel,2022-03-05,2022-07-15,2022-07-21,132,Singapore,2,0.0,Deluxe,89.68,,Check-Out
BKG103299,City Hotel,2023-07-11,2023-09-13,2023-09-14,64,Australia,2,,,315.61,Offline Agent,Check-Out
BKG103300,City Hotel,2022-03-25,2022-09-02,2022-09-06,161,Germany,2,0.0,Suite,348.55,Direct,Check-Out
BKG103301,City Hotel,2023-03-11,2023-07-01,2023-07-02,112,UK,4,1.0,Deluxe,171.61,Offline Agent,Check-Out
BKG103302,City Hotel,2023-03-13,2023-06-22,2023-06-30,101,Canada,3,0.0,Deluxe,341.69,,Check-Out
BKG103303,Resort Hotel,2023-10-28,2024-01-22,2024-01-25,86,India,3,0.0,Suite,65.93,Online Travel Agent,Check-Out
BKG103304,Resort Hotel,2023-11-21,2024-04-22,2024-04-30,153,UAE,2,0.0,Suite,291.5,Direct,Check-Out
BKG103305,City Hotel,2022-10-24,2022-11-09,2022-11-16,16,Germany,2,2.0,Suite,111.59,Direct,Check-Out
BKG103306,City Hotel,2023-11-05,2023-12-01,2023-12-10,26,Germany,2,2.0,Deluxe,227.2,Offline Agent,Check-Out
BKG103307,Resort Hotel,2023-03-13,2023-07-23,2023-07-24,132,UAE,4,0.0,Family,139.52,Direct,Check-Out
BKG103308,City Hotel,2023-09-21,2024-02-22,2024-02-28,154,Brazil,2,0.0,,297.98,Online Travel Agent,Check-Out
BKG103309,City Hotel,2022-11-23,2023-01-25,2023-01-30,63,India,4,0.0,Family,160.39,Offline Agent,Check-Out
BKG103310,City Hotel,2024-01-11,2024-06-01,2024-06-10,142,Germany,3,,Suite,141.94,Offline Agent,Check-Out
BKG103311,Resort Hotel,2023-03-03,2023-08-30,2023-09-06,180,UAE,2,0.0,Suite,128.93,Online Travel Agent,Check-Out
BKG103312,Resort Hotel,2024-04-22,2024-06-26,2024-07-05,65,UK,3,0.0,Suite,140.59,Corporate,Check-Out
BKG103313,City Hotel,2022-07-20,2022-09-06,2022-09-07,48,USA,3,,Family,79.52,Direct,Check-Out
BKG103314,City Hotel,2022-12-29,2023-01-26,2023-01-28,28,UAE,1,2.0,Standard,179.11,Direct,No-Show
BKG103315,Resort Hotel,2024-04-06,2024-07-24,2024-07-28,109,UAE,4,0.0,Standard,272.9,Corporate,Check-Out
BKG103316,City Hotel,2022-09-01,2023-01-06,2023-01-09,127,Canada,2,0.0,Family,135.64,Online Travel Agent,No-Show
BKG103317,Resort Hotel,2022-07-23,2023-01-12,2023-01-15,173,Canada,2,2.0,Standard,92.49,Direct,Check-Out
BKG103318,Resort Hotel,2024-05-31,2024-08-17,2024-08-25,78,,3,0.0,Deluxe,336.72,Offline Agent,Canceled
BKG103319,City Hotel,2023-08-19,2023-12-05,2023-12-09,108,,4,,,80.4,Direct,No-Show
BKG103320,Resort Hotel,2022-04-18,2022-04-22,2022-05-01,4,Australia,4,0.0,Suite,342.46,,Check-Out
BKG103321,Resort Hotel,2022-01-27,2022-02-02,2022-02-06,6,Australia,1,,Suite,292.34,Corporate,Canceled
BKG103322,City Hotel,2023-11-25,2023-12-04,2023-12-05,9,USA,2,0.0,Suite,205.23,Online Travel Agent,Check-Out
BKG103323,City Hotel,2023-04-04,2023-04-15,2023-04-18,11,Singapore,3,1.0,Family,78.18,Direct,Check-Out
BKG103324,Resort Hotel,2022-03-07,2022-05-18,2022-05-28,72,India,4,,,120.79,Direct,Check-Out
BKG103325,Resort Hotel,2023-11-12,2024-03-17,2024-03-22,126,USA,2,0.0,Standard,148.97,Offline Agent,Check-Out
BKG103326,Resort Hotel,2024-06-10,2024-06-21,2024-06-22,11,France,3,1.0,Standard,60.56,Direct,Check-Out
BKG103327,Resort Hotel,2022-12-11,2023-03-14,2023-03-20,93,Canada,4,2.0,Deluxe,148.0,,Check-Out
BKG103328,City Hotel,2023-09-04,2023-12-04,2023-12-11,91,Australia,4,0.0,Standard,250.51,Offline Agent,Canceled
BKG103329,City Hotel,2024-05-19,2024-09-12,2024-09-20,116,USA,4,1.0,Deluxe,273.31,Offline Agent,Check-Out
BKG103330,Resort Hotel,2022-03-20,2022-04-21,2022-04-25,32,Brazil,1,2.0,Family,341.58,Direct,Check-Out
BKG103331,City Hotel,2023-06-03,2023-10-02,2023-10-06,121,UAE,1,0.0,Suite,164.76,Offline Agent,Canceled
BKG103332,Resort Hotel,2024-04-07,2024-04-28,2024-05-06,21,Canada,2,,Family,92.91,Corporate,Canceled
BKG103333,City Hotel,2022-02-11,2022-04-15,2022-04-17,63,Brazil,3,1.0,,293.41,Online Travel Agent,Canceled
BKG103334,Resort Hotel,2023-07-07,2023-12-17,2023-12-23,163,UAE,2,1.0,Suite,268.88,Corporate,Check-Out
BKG103335,City Hotel,2024-02-25,2024-04-25,2024-05-05,60,France,2,1.0,Standard,83.53,Offline Agent,Check-Out
BKG103336,City Hotel,2022-11-18,2023-03-05,2023-03-13,107,USA,1,0.0,Suite,343.37,Direct,Check-Out
BKG103337,City Hotel,2023-11-04,2024-01-14,2024-01-17,71,UAE,1,0.0,Deluxe,164.12,Corporate,Check-Out
BKG103338,Resort Hotel,2024-02-17,2024-02-26,2024-03-05,9,UK,4,1.0,Standard,195.72,Online Travel Agent,Canceled
BKG103339,City Hotel,2023-04-12,2023-05-17,2023-05-18,35,Canada,3,0.0,Standard,283.02,Online Travel Agent,Canceled
BKG103340,Resort Hotel,2022-10-30,2023-02-10,2023-02-12,103,France,4,0.0,Standard,253.91,Online Travel Agent,No-Show
BKG103341,City Hotel,2022-11-15,2023-04-05,2023-04-12,141,,4,1.0,Suite,83.73,Direct,No-Show
BKG103342,City Hotel,2022-05-10,2022-07-23,2022-07-28,74,Canada,4,0.0,Standard,261.75,Online Travel Agent,Canceled
BKG103343,Resort Hotel,2022-05-01,2022-09-06,2022-09-14,128,UAE,4,0.0,Family,126.97,Online Travel Agent,Check-Out
BKG103344,City Hotel,2023-11-07,2024-01-21,2024-01-25,75,Australia,1,1.0,Family,130.84,Offline Agent,Check-Out
BKG103345,Resort Hotel,2022-09-20,2023-02-20,2023-02-21,153,Singapore,2,0.0,Standard,135.63,Offline Agent,Check-Out
BKG103346,Resort Hotel,2023-09-02,2024-01-08,2024-01-18,128,France,2,0.0,Family,177.14,Online Travel Agent,Check-Out
BKG103347,City Hotel,2023-06-25,2023-07-26,2023-07-28,31,France,2,0.0,Deluxe,87.04,Direct,Check-Out
BKG103348,Resort Hotel,2024-04-13,2024-06-19,2024-06-25,67,UK,4,0.0,Family,88.1,Corporate,Check-Out
BKG103349,City Hotel,2024-04-16,2024-08-15,2024-08-16,121,France,1,0.0,Deluxe,138.66,Direct,Check-Out
BKG103350,City Hotel,2023-01-26,2023-07-19,2023-07-27,174,Germany,3,0.0,Family,342.03,Direct,Check-Out
BKG103351,City Hotel,2024-06-15,2024-11-28,2024-12-01,166,France,2,0.0,,81.18,Online Travel Agent,Check-Out
BKG103352,Resort Hotel,2024-05-06,2024-05-12,2024-05-15,6,Germany,1,1.0,Family,63.36,Direct,Check-Out
BKG103353,City Hotel,2022-02-03,2022-05-06,2022-05-09,92,France,2,,,343.55,Offline Agent,Canceled
BKG103354,Resort Hotel,2023-03-25,2023-09-08,2023-09-12,167,UAE,3,0.0,Family,222.56,Online Travel Agent,Check-Out
BKG103355,City Hotel,2023-02-24,2023-03-23,2023-03-29,27,USA,3,0.0,Suite,273.02,Corporate,Check-Out
BKG103356,City Hotel,2023-03-26,2023-06-15,2023-06-24,81,India,2,1.0,,213.69,Corporate,Canceled
BKG103357,Resort Hotel,2023-08-18,2024-02-02,2024-02-07,168,Germany,1,,Suite,291.73,,Check-Out
BKG103358,City Hotel,2024-04-25,2024-07-23,2024-08-01,89,UK,1,0.0,Standard,335.21,Corporate,Check-Out
BKG103359,Resort Hotel,2024-04-05,2024-08-09,2024-08-15,126,Brazil,1,1.0,Family,267.66,Direct,Check-Out
BKG103360,City Hotel,2024-03-18,2024-06-01,2024-06-04,75,Canada,3,,Family,141.34,Offline Agent,Check-Out
BKG103361,Resort Hotel,2024-03-08,2024-05-17,2024-05-27,70,India,4,0.0,Suite,290.35,Offline Agent,Check-Out
BKG103362,Resort Hotel,2022-02-24,2022-03-08,2022-03-15,12,Australia,1,1.0,Suite,224.81,Offline Agent,Check-Out
BKG103363,City Hotel,2024-01-30,2024-07-19,2024-07-27,171,Canada,3,0.0,Deluxe,292.67,Corporate,Canceled
BKG103364,Resort Hotel,2024-06-05,2024-08-18,2024-08-25,74,India,1,2.0,Suite,89.2,Online Travel Agent,Check-Out
BKG103365,Resort Hotel,2024-05-30,2024-08-30,2024-09-04,92,USA,3,0.0,Family,234.89,Online Travel Agent,Check-Out
BKG103366,Resort Hotel,2023-09-22,2023-11-17,2023-11-20,56,Australia,3,1.0,Deluxe,69.01,Corporate,Check-Out
BKG103367,City Hotel,2024-03-24,2024-04-19,2024-04-27,26,India,3,0.0,Deluxe,96.07,Direct,Check-Out
BKG103368,City Hotel,2023-10-27,2023-12-25,2024-01-04,59,France,3,0.0,Deluxe,255.46,Offline Agent,Check-Out
BKG103369,City Hotel,2023-01-02,2023-02-10,2023-02-14,39,Brazil,4,0.0,Suite,288.04,Offline Agent,Canceled
BKG103370,City Hotel,2022-12-11,2023-02-27,2023-03-09,78,Singapore,3,2.0,Standard,162.67,,Check-Out
BKG103371,Resort Hotel,2022-07-17,2022-08-13,2022-08-21,27,Singapore,3,0.0,Deluxe,187.44,Direct,Canceled
BKG103372,Resort Hotel,2023-12-01,2024-02-10,2024-02-11,71,Australia,2,,Deluxe,233.91,Offline Agent,Check-Out
BKG103373,City Hotel,2023-04-18,2023-07-31,2023-08-05,104,Australia,1,,Suite,343.76,Corporate,Check-Out
BKG103374,Resort Hotel,2022-06-17,2022-11-05,2022-11-12,141,India,2,2.0,Suite,83.04,Online Travel Agent,Canceled
BKG103375,City Hotel,2023-12-26,2024-01-28,2024-02-06,33,UAE,2,0.0,Suite,198.28,Direct,Canceled
BKG103376,City Hotel,2023-06-23,2023-07-27,2023-08-04,34,UK,4,1.0,,199.64,Direct,Check-Out
BKG103377,Resort Hotel,2022-09-29,2022-11-23,2022-11-27,55,Canada,4,0.0,Deluxe,272.11,Offline Agent,Canceled
BKG103378,Resort Hotel,2023-08-16,2023-10-02,2023-10-04,47,Australia,3,,Standard,71.91,Offline Agent,Check-Out
BKG103379,City Hotel,2022-06-19,2022-07-06,2022-07-11,17,Brazil,2,0.0,Family,336.59,Corporate,Check-Out
BKG103380,Resort Hotel,2023-05-24,2023-06-10,2023-06-16,17,UAE,3,1.0,Deluxe,132.1,Online Travel Agent,Check-Out
BKG103381,City Hotel,2023-07-27,2023-09-14,2023-09-16,49,India,4,0.0,,68.79,Direct,Canceled
BKG103382,Resort Hotel,2023-04-24,2023-08-17,2023-08-21,115,France,1,0.0,Standard,237.57,Corporate,Check-Out
BKG103383,Resort Hotel,2022-02-22,2022-04-03,2022-04-11,40,Singapore,3,2.0,Deluxe,245.28,Offline Agent,Check-Out
BKG103384,Resort Hotel,2022-01-19,2022-01-19,2022-01-29,0,Singapore,1,,Family,103.72,Online Travel Agent,Canceled
BKG103385,City Hotel,2024-02-11,2024-03-13,2024-03-22,31,Brazil,3,0.0,Family,112.2,Online Travel Agent,Check-Out
BKG103386,City Hotel,2022-08-03,2022-08-22,2022-08-28,19,Canada,4,0.0,Standard,93.35,Direct,Check-Out
BKG103387,City Hotel,2022-01-15,2022-06-05,2022-06-14,141,USA,1,1.0,Family,310.48,Corporate,Check-Out
BKG103388,City Hotel,2024-03-25,2024-06-04,2024-06-06,71,Canada,2,0.0,Suite,73.65,Offline Agent,Check-Out
BKG103389,Resort Hotel,2023-12-01,2024-04-17,2024-04-23,138,France,1,2.0,Suite,158.25,Online Travel Agent,Check-Out
BKG103390,City Hotel,2024-04-28,2024-08-18,2024-08-21,112,Australia,2,1.0,Deluxe,179.57,Offline Agent,Check-Out
BKG103391,Resort Hotel,2023-03-16,2023-06-10,2023-06-12,86,India,1,0.0,Suite,282.48,Direct,Check-Out
BKG103392,Resort Hotel,2022-10-04,2023-03-22,2023-03-28,169,USA,1,0.0,,322.93,Offline Agent,Check-Out
BKG103393,Resort Hotel,2022-07-18,2022-10-01,2022-10-11,75,Australia,2,2.0,Family,322.23,,Check-Out
BKG103394,City Hotel,2022-02-04,2022-05-28,2022-06-06,113,Singapore,4,2.0,Suite,208.12,Offline Agent,Check-Out
BKG103395,Resort Hotel,2022-03-19,2022-04-10,2022-04-11,22,Australia,4,1.0,Suite,192.74,Online Travel Agent,Check-Out
BKG103396,City Hotel,2023-10-02,2023-12-01,2023-12-11,60,Germany,4,,Family,237.23,Offline Agent,Check-Out
BKG103397,City Hotel,2022-06-13,2022-08-23,2022-09-02,71,UAE,2,0.0,Deluxe,185.04,Corporate,No-Show
BKG103398,Resort Hotel,2023-03-26,2023-08-12,2023-08-13,139,Canada,3,1.0,Deluxe,60.8,Offline Agent,Check-Out
BKG103399,Resort Hotel,2024-04-01,2024-08-09,2024-08-17,130,Australia,3,,Deluxe,288.05,Online Travel Agent,Canceled
BKG103400,City Hotel,2024-03-03,2024-04-28,2024-05-01,56,USA,4,0.0,Deluxe,339.53,Corporate,Check-Out
BKG103401,City Hotel,2023-05-11,2023-06-27,2023-06-29,47,Canada,2,0.0,Suite,61.41,Online Travel Agent,Check-Out
BKG103402,City Hotel,2022-05-26,2022-11-22,2022-11-27,180,India,2,,Standard,284.92,,Canceled
BKG103403,Resort Hotel,2022-12-08,2023-04-12,2023-04-21,125,Germany,2,,Standard,249.48,,Canceled
BKG103404,Resort Hotel,2022-10-03,2022-10-21,2022-10-25,18,Brazil,4,0.0,Suite,249.73,Offline Agent,Canceled
BKG103405,Resort Hotel,2023-07-03,2023-09-09,2023-09-19,68,Canada,4,1.0,Standard,296.75,Offline Agent,Check-Out
BKG103406,Resort Hotel,2023-05-26,2023-08-03,2023-08-10,69,Canada,1,0.0,Standard,288.28,Online Travel Agent,Canceled
BKG103407,City Hotel,2024-01-21,2024-06-20,2024-06-22,151,Germany,4,0.0,Family,318.6,Offline Agent,Check-Out
BKG103408,City Hotel,2024-01-16,2024-06-27,2024-07-04,163,Australia,2,,Deluxe,324.02,Online Travel Agent,Canceled
BKG103409,City Hotel,2023-05-05,2023-09-07,2023-09-12,125,Singapore,1,0.0,Family,133.94,Offline Agent,Check-Out
BKG103410,Resort Hotel,2022-06-02,2022-08-15,2022-08-24,74,Canada,4,0.0,Suite,79.45,Direct,Check-Out
BKG103411,City Hotel,2022-09-14,2022-10-11,2022-10-21,27,Brazil,4,0.0,Deluxe,181.3,Online Travel Agent,Check-Out
BKG103412,Resort Hotel,2022-05-20,2022-07-11,2022-07-15,52,India,2,0.0,Family,151.07,Online Travel Agent,Check-Out
BKG103413,City Hotel,2022-05-22,2022-11-07,2022-11-08,169,UAE,3,0.0,Family,334.94,Offline Agent,Canceled
BKG103414,City Hotel,2023-05-10,2023-05-28,2023-06-03,18,Australia,3,,Family,272.89,,Check-Out
BKG103415,Resort Hotel,2023-03-04,2023-07-22,2023-08-01,140,Australia,2,2.0,Suite,84.51,Corporate,Check-Out
BKG103416,City Hotel,2023-02-15,2023-06-20,2023-06-28,125,Australia,4,0.0,Family,296.76,Corporate,Check-Out
BKG103417,City Hotel,2023-02-08,2023-02-19,2023-02-28,11,UK,3,,Family,62.44,Corporate,Check-Out
BKG103418,City Hotel,2022-11-25,2023-01-11,2023-01-13,47,Singapore,4,0.0,Deluxe,77.99,,No-Show
BKG103419,City Hotel,2023-04-25,2023-07-26,2023-07-31,92,,3,0.0,Suite,108.32,Online Travel Agent,Check-Out
BKG103420,City Hotel,2023-09-14,2023-10-27,2023-11-06,43,France,4,0.0,Standard,247.15,Online Travel Agent,Check-Out
BKG103421,Resort Hotel,2023-05-06,2023-06-10,2023-06-15,35,Germany,4,1.0,Deluxe,118.63,Online Travel Agent,Check-Out
BKG103422,Resort Hotel,2022-02-26,2022-04-16,2022-04-18,49,,2,2.0,Standard,298.02,Online Travel Agent,Check-Out
BKG103423,City Hotel,2022-04-25,2022-09-02,2022-09-07,130,UAE,1,1.0,Family,162.56,Corporate,Check-Out
BKG103424,City Hotel,2023-12-15,2024-02-27,2024-03-04,74,USA,2,2.0,Suite,173.88,Direct,Check-Out
BKG103425,Resort Hotel,2023-04-14,2023-06-17,2023-06-23,64,Canada,4,2.0,Deluxe,121.23,Offline Agent,Canceled
BKG103426,City Hotel,2022-04-02,2022-09-17,2022-09-21,168,Brazil,3,0.0,Family,340.98,,Check-Out
BKG103427,City Hotel,2022-07-28,2022-12-13,2022-12-23,138,USA,3,2.0,Family,186.84,Direct,Check-Out
BKG103428,Resort Hotel,2023-11-30,2024-03-08,2024-03-09,99,Australia,1,2.0,Deluxe,238.27,Corporate,Canceled
BKG103429,City Hotel,2023-09-10,2023-11-27,2023-12-05,78,Singapore,4,0.0,Suite,231.65,Direct,Check-Out
BKG103430,City Hotel,2024-05-30,2024-08-30,2024-09-01,92,Canada,4,2.0,Standard,192.7,Online Travel Agent,Canceled
BKG103431,City Hotel,2022-01-05,2022-02-07,2022-02-15,33,UK,1,2.0,Standard,280.11,Direct,Check-Out
BKG103432,City Hotel,2023-11-08,2024-03-03,2024-03-06,116,USA,1,0.0,,96.02,Corporate,Canceled
BKG103433,Resort Hotel,2024-01-19,2024-04-25,2024-04-28,97,UK,3,0.0,,180.95,Online Travel Agent,Check-Out
BKG103434,City Hotel,2023-03-12,2023-06-24,2023-06-28,104,India,2,2.0,Deluxe,121.52,Corporate,Check-Out
BKG103435,Resort Hotel,2022-05-15,2022-08-21,2022-08-24,98,France,3,0.0,,255.34,Direct,Check-Out
BKG103436,Resort Hotel,2023-05-22,2023-08-10,2023-08-16,80,India,3,0.0,Deluxe,255.04,Corporate,Check-Out
BKG103437,Resort Hotel,2022-07-14,2022-10-10,2022-10-11,88,Germany,4,0.0,Deluxe,167.03,Online Travel Agent,Canceled
BKG103438,City Hotel,2023-10-18,2024-03-10,2024-03-20,144,,4,0.0,Suite,100.52,Direct,Check-Out
BKG103439,Resort Hotel,2023-09-27,2023-09-30,2023-10-08,3,Germany,4,0.0,Suite,254.09,Direct,Canceled
BKG103440,City Hotel,2022-05-13,2022-09-15,2022-09-23,125,France,2,1.0,Family,186.49,Offline Agent,Check-Out
BKG103441,City Hotel,2022-05-11,2022-09-01,2022-09-07,113,Singapore,4,0.0,Standard,157.89,Corporate,Check-Out
BKG103442,Resort Hotel,2022-04-10,2022-05-26,2022-06-02,46,Brazil,4,1.0,Deluxe,90.67,,Check-Out
BKG103443,Resort Hotel,2022-07-03,2022-10-29,2022-10-30,118,Germany,2,0.0,Suite,160.27,Direct,Check-Out
BKG103444,City Hotel,2023-08-07,2023-08-19,2023-08-26,12,Singapore,2,1.0,Deluxe,239.43,Corporate,Canceled
BKG103445,Resort Hotel,2023-04-30,2023-06-17,2023-06-21,48,Germany,1,0.0,Family,234.88,Online Travel Agent,Check-Out
BKG103446,City Hotel,2022-04-23,2022-05-30,2022-06-07,37,UAE,3,2.0,Family,130.3,Online Travel Agent,Canceled
BKG103447,Resort Hotel,2024-04-01,2024-05-17,2024-05-19,46,UK,1,1.0,Standard,332.72,Offline Agent,Canceled
BKG103448,City Hotel,2024-01-09,2024-06-29,2024-07-05,172,France,1,0.0,Deluxe,61.12,Offline Agent,Check-Out
BKG103449,Resort Hotel,2022-08-09,2022-11-17,2022-11-22,100,Brazil,3,0.0,Family,120.98,Online Travel Agent,Check-Out
BKG103450,Resort Hotel,2022-06-10,2022-12-03,2022-12-04,176,Canada,1,1.0,Family,242.48,Direct,Check-Out
BKG103451,City Hotel,2023-04-18,2023-08-26,2023-08-27,130,USA,4,2.0,Standard,152.69,Direct,Check-Out
BKG103452,Resort Hotel,2024-02-08,2024-05-13,2024-05-17,95,India,1,0.0,Family,72.64,Direct,Check-Out
BKG103453,City Hotel,2022-05-24,2022-08-19,2022-08-28,87,France,4,1.0,Family,330.23,Corporate,Check-Out
BKG103454,Resort Hotel,2022-05-04,2022-09-03,2022-09-06,122,,3,1.0,Suite,249.72,Offline Agent,Check-Out
BKG103455,City Hotel,2022-08-14,2022-09-30,2022-10-05,47,Singapore,4,0.0,Suite,248.07,Online Travel Agent,Check-Out
BKG103456,City Hotel,2024-02-06,2024-05-21,2024-05-25,105,Germany,3,0.0,Suite,195.01,Online Travel Agent,Canceled
BKG103457,City Hotel,2023-06-12,2023-09-13,2023-09-15,93,UAE,4,1.0,Suite,224.98,Offline Agent,Check-Out
BKG103458,City Hotel,2023-02-26,2023-03-01,2023-03-02,3,UK,2,0.0,,189.83,Offline Agent,Canceled
BKG103459,Resort Hotel,2023-06-13,2023-08-17,2023-08-20,65,UK,1,0.0,Suite,223.55,Online Travel Agent,Canceled
BKG103460,Resort Hotel,2022-12-13,2023-03-13,2023-03-21,90,Germany,3,0.0,Family,191.42,,Check-Out
BKG103461,Resort Hotel,2022-10-07,2022-10-24,2022-10-29,17,UK,2,1.0,Family,149.0,Online Travel Agent,Check-Out
BKG103462,Resort Hotel,2022-08-14,2022-12-16,2022-12-19,124,India,2,2.0,Deluxe,222.27,Corporate,Check-Out
BKG103463,City Hotel,2022-06-02,2022-08-20,2022-08-24,79,India,2,0.0,Standard,236.13,Corporate,Check-Out
BKG103464,City Hotel,2022-05-17,2022-10-06,2022-10-11,142,Germany,1,1.0,Standard,293.53,Offline Agent,Check-Out
BKG103465,Resort Hotel,2022-08-06,2023-01-21,2023-01-26,168,,4,1.0,Family,192.79,Direct,Check-Out
BKG103466,Resort Hotel,2023-02-13,2023-06-03,2023-06-10,110,Australia,4,2.0,Standard,149.5,Corporate,Check-Out
BKG103467,City Hotel,2023-02-23,2023-07-02,2023-07-05,129,Brazil,3,,Deluxe,213.52,Corporate,Canceled
BKG103468,Resort Hotel,2023-03-14,2023-04-25,2023-05-05,42,Germany,4,0.0,Deluxe,169.33,Corporate,Check-Out
BKG103469,City Hotel,2024-04-14,2024-05-24,2024-06-01,40,Singapore,2,0.0,Deluxe,268.17,Offline Agent,No-Show
BKG103470,Resort Hotel,2024-01-16,2024-07-08,2024-07-13,174,France,4,0.0,Suite,115.81,Offline Agent,Check-Out
BKG103471,City Hotel,2022-04-18,2022-04-29,2022-05-05,11,USA,1,0.0,Standard,233.85,Offline Agent,Canceled
BKG103472,City Hotel,2023-02-10,2023-03-25,2023-04-03,43,Brazil,4,2.0,Deluxe,261.67,Corporate,No-Show
BKG103473,City Hotel,2023-09-11,2023-11-15,2023-11-16,65,Brazil,2,2.0,Suite,164.47,Offline Agent,Canceled
BKG103474,Resort Hotel,2022-08-24,2023-02-10,2023-02-15,170,Germany,3,0.0,Standard,306.53,Direct,Check-Out
BKG103475,Resort Hotel,2022-05-05,2022-08-14,2022-08-24,101,UK,2,0.0,Deluxe,195.99,Offline Agent,No-Show
BKG103476,Resort Hotel,2023-09-09,2023-11-11,2023-11-21,63,UK,1,0.0,Standard,285.01,Online Travel Agent,Check-Out
BKG103477,Resort Hotel,2022-04-09,2022-08-15,2022-08-21,128,Germany,2,0.0,Standard,61.71,Corporate,Check-Out
BKG103478,City Hotel,2022-03-16,2022-05-04,2022-05-08,49,India,4,0.0,Deluxe,256.88,Online Travel Agent,Check-Out
BKG103479,City Hotel,2022-02-16,2022-04-03,2022-04-07,46,,1,2.0,Deluxe,232.49,Online Travel Agent,Canceled
BKG103480,City Hotel,2022-07-07,2022-12-13,2022-12-19,159,Canada,1,0.0,Suite,88.33,Offline Agent,Canceled
BKG103481,Resort Hotel,2023-12-16,2024-06-09,2024-06-10,176,Canada,1,0.0,Family,260.18,Corporate,Canceled
BKG103482,Resort Hotel,2022-08-06,2022-09-19,2022-09-24,44,Singapore,3,2.0,Family,129.15,Online Travel Agent,Check-Out
BKG103483,Resort Hotel,2022-03-16,2022-06-04,2022-06-09,80,USA,4,0.0,Family,186.26,Online Travel Agent,Canceled
BKG103484,Resort Hotel,2023-12-08,2024-04-27,2024-05-05,141,India,1,,Suite,199.96,Online Travel Agent,Check-Out
BKG103485,Resort Hotel,2022-09-01,2023-02-16,2023-02-25,168,France,1,2.0,Standard,330.6,Direct,Canceled
BKG103486,Resort Hotel,2022-06-21,2022-07-19,2022-07-26,28,UK,1,0.0,Suite,168.65,Online Travel Agent,Check-Out
BKG103487,City Hotel,2022-05-23,2022-11-13,2022-11-19,174,,2,1.0,Standard,171.47,Direct,Check-Out
BKG103488,City Hotel,2022-04-25,2022-05-20,2022-05-27,25,UK,4,2.0,Deluxe,160.43,Direct,Canceled
BKG103489,Resort Hotel,2023-05-21,2023-11-10,2023-11-11,173,USA,1,0.0,Family,176.26,Offline Agent,Canceled
BKG103490,City Hotel,2024-01-30,2024-06-15,2024-06-22,137,,2,2.0,Suite,62.05,Direct,Check-Out
BKG103491,Resort Hotel,2024-06-14,2024-08-18,2024-08-21,65,UK,4,1.0,Deluxe,127.82,Online Travel Agent,Check-Out
BKG103492,Resort Hotel,2022-11-03,2022-11-24,2022-12-02,21,France,3,0.0,Standard,245.81,Corporate,Canceled
BKG103493,City Hotel,2022-03-21,2022-08-23,2022-09-01,155,India,3,0.0,Family,77.59,Corporate,Canceled
BKG103494,City Hotel,2022-01-03,2022-05-18,2022-05-23,135,Canada,3,0.0,Family,218.85,Online Travel Agent,Check-Out
BKG103495,Resort Hotel,2023-05-24,2023-09-30,2023-10-05,129,India,4,1.0,Deluxe,236.89,Online Travel Agent,Check-Out
BKG103496,Resort Hotel,2023-02-07,2023-04-17,2023-04-22,69,UAE,1,0.0,Suite,330.79,Online Travel Agent,Check-Out
BKG103497,Resort Hotel,2022-06-17,2022-10-08,2022-10-11,113,UK,4,2.0,Deluxe,344.75,Online Travel Agent,Check-Out
BKG103498,Resort Hotel,2023-12-08,2024-04-26,2024-04-30,140,UK,2,0.0,Standard,164.69,Direct,Check-Out
BKG103499,Resort Hotel,2023-03-14,2023-05-03,2023-05-10,50,UAE,1,0.0,Standard,316.88,Direct,Check-Out
BKG103500,City Hotel,2023-02-15,2023-05-06,2023-05-08,80,Canada,1,1.0,Standard,245.03,Online Travel Agent,Check-Out
BKG103501,City Hotel,2023-11-16,2024-02-24,2024-02-29,100,Germany,3,1.0,Standard,224.35,,Canceled
BKG103502,City Hotel,2024-03-15,2024-05-19,2024-05-20,65,Singapore,4,2.0,Standard,67.32,Direct,Check-Out
BKG103503,City Hotel,2023-11-05,2024-03-17,2024-03-19,133,,1,0.0,Family,88.94,,Canceled
BKG103504,City Hotel,2023-02-16,2023-06-14,2023-06-22,118,UK,4,0.0,Suite,229.5,Offline Agent,Canceled
BKG103505,City Hotel,2022-04-09,2022-08-10,2022-08-11,123,UAE,2,0.0,Standard,190.46,Offline Agent,Canceled
BKG103506,City Hotel,2023-04-23,2023-05-03,2023-05-06,10,UAE,2,0.0,Deluxe,220.98,Corporate,Check-Out
BKG103507,Resort Hotel,2024-06-13,2024-07-24,2024-08-01,41,UK,4,0.0,Standard,153.55,Corporate,Check-Out
BKG103508,City Hotel,2023-10-22,2024-04-15,2024-04-18,176,Germany,3,2.0,Suite,223.57,Offline Agent,Check-Out
BKG103509,City Hotel,2023-04-15,2023-05-28,2023-06-07,43,Canada,2,0.0,Standard,242.3,Direct,Canceled
BKG103510,City Hotel,2022-09-19,2022-09-26,2022-10-06,7,Germany,2,2.0,Suite,205.88,Offline Agent,Check-Out
BKG103511,Resort Hotel,2022-10-20,2022-12-27,2022-12-30,68,UAE,4,,Family,229.81,Corporate,Check-Out
BKG103512,Resort Hotel,2022-09-03,2023-02-04,2023-02-06,154,Canada,4,1.0,Deluxe,177.53,Corporate,No-Show
BKG103513,Resort Hotel,2024-06-06,2024-08-02,2024-08-06,57,India,3,,Standard,332.33,Offline Agent,Check-Out
BKG103514,Resort Hotel,2022-09-09,2022-11-17,2022-11-18,69,USA,1,0.0,Suite,260.44,Offline Agent,Check-Out
BKG103515,Resort Hotel,2022-09-19,2023-03-14,2023-03-20,176,Singapore,2,1.0,Family,121.42,Direct,Canceled
BKG103516,City Hotel,2022-07-19,2022-10-20,2022-10-28,93,UAE,1,0.0,,140.02,Corporate,Check-Out
BKG103517,City Hotel,2024-06-11,2024-08-24,2024-08-27,74,France,1,0.0,Suite,90.52,Corporate,No-Show
BKG103518,City Hotel,2022-12-07,2023-04-08,2023-04-13,122,UK,2,0.0,Suite,243.22,Offline Agent,Check-Out
BKG103519,City Hotel,2022-04-23,2022-07-25,2022-07-27,93,France,2,2.0,,92.26,Direct,Canceled
BKG103520,City Hotel,2023-11-08,2024-02-15,2024-02-20,99,UK,2,2.0,Suite,232.91,Offline Agent,Canceled
BKG103521,Resort Hotel,2022-11-27,2023-01-20,2023-01-30,54,UAE,4,0.0,Deluxe,281.76,Online Travel Agent,Check-Out
BKG103522,Resort Hotel,2022-11-20,2022-12-20,2022-12-25,30,France,3,0.0,Family,291.11,Direct,Canceled
BKG103523,City Hotel,2022-08-29,2022-09-10,2022-09-16,12,Germany,4,2.0,Standard,109.74,Online Travel Agent,Canceled
BKG103524,Resort Hotel,2022-04-04,2022-05-09,2022-05-14,35,Canada,4,0.0,Family,322.19,Direct,Check-Out
BKG103525,City Hotel,2024-02-02,2024-02-14,2024-02-16,12,Brazil,3,,Family,63.84,,Canceled
BKG103526,Resort Hotel,2023-01-22,2023-06-23,2023-06-30,152,,2,1.0,,324.81,Offline Agent,Check-Out
BKG103527,Resort Hotel,2023-12-18,2024-05-26,2024-05-27,160,France,4,0.0,Family,62.6,Online Travel Agent,Check-Out
BKG103528,Resort Hotel,2022-01-10,2022-02-05,2022-02-07,26,USA,2,0.0,Family,60.65,Online Travel Agent,Check-Out
BKG103529,City Hotel,2022-09-18,2022-10-01,2022-10-04,13,Singapore,4,0.0,Deluxe,221.8,Direct,Check-Out
BKG103530,City Hotel,2022-06-26,2022-07-11,2022-07-20,15,UK,4,0.0,Suite,136.64,,Canceled
BKG103531,Resort Hotel,2023-09-26,2024-01-05,2024-01-12,101,India,4,2.0,Standard,313.78,Online Travel Agent,Check-Out
BKG103532,City Hotel,2022-10-12,2022-12-20,2022-12-23,69,Germany,3,1.0,Family,64.01,Direct,Check-Out
BKG103533,Resort Hotel,2024-05-14,2024-09-27,2024-10-04,136,,1,0.0,Suite,227.86,Corporate,Check-Out
BKG103534,City Hotel,2022-11-28,2023-05-15,2023-05-23,168,Brazil,4,0.0,Deluxe,319.66,Direct,Check-Out
BKG103535,Resort Hotel,2022-11-18,2023-03-25,2023-04-02,127,,4,2.0,Family,245.98,Offline Agent,Check-Out
BKG103536,City Hotel,2022-11-16,2023-04-25,2023-04-27,160,Singapore,1,0.0,Standard,230.12,Corporate,Check-Out
BKG103537,City Hotel,2022-10-15,2022-12-12,2022-12-22,58,India,1,0.0,Deluxe,158.89,Corporate,Canceled
BKG103538,City Hotel,2023-10-10,2024-01-22,2024-02-01,104,Germany,4,,Suite,267.84,Corporate,Check-Out
BKG103539,Resort Hotel,2023-02-07,2023-02-11,2023-02-19,4,India,3,0.0,Standard,291.19,Corporate,Check-Out
BKG103540,City Hotel,2022-06-19,2022-12-05,2022-12-08,169,USA,4,0.0,Standard,303.15,Direct,Canceled
BKG103541,Resort Hotel,2022-12-20,2023-05-18,2023-05-23,149,UAE,1,2.0,Family,161.22,Corporate,Check-Out
BKG103542,City Hotel,2022-06-11,2022-08-20,2022-08-24,70,India,4,1.0,Family,281.5,Offline Agent,Canceled
BKG103543,City Hotel,2023-01-07,2023-03-30,2023-04-07,82,,2,1.0,,313.89,,Check-Out
BKG103544,Resort Hotel,2022-06-24,2022-08-06,2022-08-12,43,USA,3,1.0,Family,192.81,Corporate,Canceled
BKG103545,City Hotel,2024-05-22,2024-07-01,2024-07-09,40,UAE,2,2.0,Deluxe,139.39,Direct,Canceled
BKG103546,Resort Hotel,2023-02-11,2023-06-18,2023-06-23,127,Singapore,1,0.0,Suite,77.46,Corporate,Check-Out
BKG103547,Resort Hotel,2022-01-01,2022-01-16,2022-01-25,15,UK,3,0.0,Suite,159.32,Direct,Check-Out
BKG103548,City Hotel,2024-01-28,2024-04-18,2024-04-26,81,USA,3,0.0,Deluxe,302.78,Offline Agent,Check-Out
BKG103549,Resort Hotel,2022-09-11,2022-12-05,2022-12-08,85,Australia,3,1.0,Deluxe,80.39,Online Travel Agent,Check-Out
BKG103550,Resort Hotel,2023-06-08,2023-09-06,2023-09-09,90,France,1,1.0,Family,289.28,Online Travel Agent,Check-Out
BKG103551,Resort Hotel,2023-09-06,2024-01-11,2024-01-20,127,Australia,4,,Suite,190.16,,Check-Out
BKG103552,Resort Hotel,2023-12-10,2024-04-17,2024-04-18,129,Canada,3,0.0,,266.45,Offline Agent,Check-Out
BKG103553,City Hotel,2022-09-09,2022-10-30,2022-11-03,51,France,1,2.0,Standard,296.41,Corporate,Check-Out
BKG103554,Resort Hotel,2023-10-31,2024-02-18,2024-02-19,110,USA,2,0.0,Deluxe,242.83,Offline Agent,Canceled
BKG103555,City Hotel,2023-07-08,2023-07-20,2023-07-23,12,Canada,1,0.0,Family,228.3,Offline Agent,Canceled
BKG103556,City Hotel,2024-03-12,2024-07-08,2024-07-16,118,Australia,2,1.0,Suite,159.2,Corporate,Check-Out
BKG103557,Resort Hotel,2022-12-05,2023-05-12,2023-05-13,158,Brazil,2,0.0,Suite,320.86,Corporate,Check-Out
BKG103558,Resort Hotel,2024-03-01,2024-03-29,2024-03-31,28,Brazil,1,0.0,Suite,170.73,Corporate,Check-Out
BKG103559,Resort Hotel,2024-04-22,2024-05-04,2024-05-13,12,USA,2,0.0,Deluxe,260.43,Corporate,Check-Out
BKG103560,Resort Hotel,2022-03-13,2022-05-31,2022-06-09,79,Canada,3,0.0,Standard,276.55,Direct,Check-Out
BKG103561,City Hotel,2022-01-18,2022-05-08,2022-05-11,110,USA,4,0.0,Suite,171.8,Online Travel Agent,Canceled
BKG103562,City Hotel,2022-11-01,2023-01-18,2023-01-27,78,France,4,1.0,Deluxe,105.58,Corporate,Check-Out
BKG103563,City Hotel,2023-04-10,2023-10-05,2023-10-15,178,India,4,0.0,Family,75.81,Corporate,Canceled
BKG103564,City Hotel,2022-06-22,2022-09-18,2022-09-21,88,Singapore,1,0.0,Deluxe,126.38,Offline Agent,Check-Out
BKG103565,Resort Hotel,2022-04-25,2022-06-05,2022-06-11,41,Brazil,2,2.0,Suite,136.7,Corporate,No-Show
BKG103566,City Hotel,2023-01-29,2023-07-21,2023-07-27,173,France,1,,Suite,140.13,Offline Agent,Check-Out
BKG103567,City Hotel,2022-11-26,2023-01-01,2023-01-05,36,UK,1,0.0,Suite,134.77,Direct,No-Show
BKG103568,City Hotel,2024-06-18,2024-10-30,2024-11-06,134,Canada,4,2.0,Standard,165.99,Online Travel Agent,Check-Out
BKG103569,City Hotel,2023-04-27,2023-08-29,2023-09-08,124,Australia,3,0.0,Family,96.23,Online Travel Agent,Canceled
BKG103570,City Hotel,2023-09-23,2024-03-14,2024-03-18,173,India,4,1.0,Deluxe,101.54,Online Travel Agent,Check-Out
BKG103571,Resort Hotel,2023-12-09,2024-02-26,2024-02-28,79,Canada,4,1.0,Deluxe,321.09,Corporate,Canceled
BKG103572,City Hotel,2023-03-10,2023-03-20,2023-03-24,10,India,1,1.0,Family,88.35,Direct,Canceled
BKG103573,Resort Hotel,2024-02-03,2024-02-25,2024-03-03,22,Canada,3,0.0,Suite,199.62,Corporate,Check-Out
BKG103574,City Hotel,2024-01-05,2024-05-12,2024-05-16,128,Singapore,2,2.0,Suite,278.79,,No-Show
BKG103575,Resort Hotel,2023-11-28,2023-12-11,2023-12-18,13,UAE,4,2.0,Suite,331.31,Offline Agent,Check-Out
BKG103576,City Hotel,2022-11-29,2023-03-02,2023-03-09,93,Singapore,4,0.0,Suite,309.29,Online Travel Agent,Check-Out
BKG103577,City Hotel,2023-03-07,2023-05-07,2023-05-14,61,Brazil,3,1.0,Suite,245.38,Corporate,Check-Out
BKG103578,City Hotel,2023-02-28,2023-03-29,2023-03-31,29,Germany,2,0.0,Deluxe,230.23,Direct,Check-Out
BKG103579,City Hotel,2023-01-16,2023-02-04,2023-02-13,19,USA,2,0.0,Deluxe,174.53,Online Travel Agent,Canceled
BKG103580,City Hotel,2023-10-19,2024-02-05,2024-02-15,109,Brazil,4,0.0,Family,221.83,Corporate,Check-Out
BKG103581,City Hotel,2023-08-08,2023-12-15,2023-12-25,129,Germany,4,0.0,Standard,84.73,Corporate,Check-Out
BKG103582,Resort Hotel,2023-10-05,2023-10-18,2023-10-23,13,UK,2,1.0,Suite,225.5,Online Travel Agent,Check-Out
BKG103583,City Hotel,2022-05-17,2022-07-16,2022-07-17,60,Brazil,1,0.0,Standard,199.98,,Check-Out
BKG103584,City Hotel,2022-07-28,2022-08-24,2022-09-03,27,Germany,1,2.0,Family,299.39,Online Travel Agent,Canceled
BKG103585,Resort Hotel,2023-01-07,2023-06-26,2023-07-02,170,,2,1.0,Deluxe,61.28,Online Travel Agent,Check-Out
BKG103586,City Hotel,2022-12-23,2023-04-08,2023-04-16,106,,2,0.0,Suite,202.2,Direct,Canceled
BKG103587,Resort Hotel,2023-06-18,2023-09-05,2023-09-07,79,Germany,1,0.0,Deluxe,315.16,Offline Agent,Check-Out
BKG103588,City Hotel,2022-08-12,2022-09-13,2022-09-18,32,Germany,2,1.0,Suite,148.34,Direct,Check-Out
BKG103589,Resort Hotel,2022-08-23,2022-11-18,2022-11-25,87,India,1,0.0,Deluxe,221.47,Online Travel Agent,Check-Out
BKG103590,City Hotel,2023-03-16,2023-09-04,2023-09-14,172,UK,3,2.0,Standard,253.2,Corporate,Check-Out
BKG103591,Resort Hotel,2023-10-28,2024-04-15,2024-04-17,170,Singapore,1,0.0,Standard,250.2,Offline Agent,Check-Out
BKG103592,Resort Hotel,2023-09-10,2023-09-17,2023-09-21,7,,4,1.0,Suite,171.63,Offline Agent,Check-Out
BKG103593,City Hotel,2022-03-17,2022-08-30,2022-09-03,166,Brazil,2,1.0,Suite,335.98,Corporate,Check-Out
BKG103594,City Hotel,2022-07-25,2023-01-16,2023-01-24,175,India,1,0.0,Deluxe,253.67,Offline Agent,Check-Out
BKG103595,City Hotel,2022-12-20,2023-05-31,2023-06-04,162,UAE,1,,Deluxe,105.04,Offline Agent,No-Show
BKG103596,Resort Hotel,2022-12-04,2023-03-20,2023-03-28,106,Germany,1,,Standard,243.09,Corporate,Check-Out
BKG103597,City Hotel,2023-04-11,2023-08-31,2023-09-01,142,UAE,4,0.0,Deluxe,96.48,Corporate,Canceled
BKG103598,Resort Hotel,2023-09-30,2023-12-13,2023-12-22,74,Singapore,1,2.0,Deluxe,163.11,Online Travel Agent,Canceled
BKG103599,City Hotel,2022-03-17,2022-06-08,2022-06-10,83,Australia,3,2.0,Suite,195.37,Online Travel Agent,Check-Out
BKG103600,City Hotel,2024-01-14,2024-02-04,2024-02-11,21,UK,3,1.0,Deluxe,180.04,Direct,Canceled
BKG103601,Resort Hotel,2024-04-04,2024-07-12,2024-07-14,99,UK,3,0.0,Suite,265.45,Corporate,Check-Out
BKG103602,City Hotel,2022-10-31,2022-12-18,2022-12-23,48,Australia,3,1.0,Standard,199.27,Direct,Canceled
BKG103603,Resort Hotel,2023-07-03,2023-10-22,2023-10-28,111,Brazil,3,0.0,Standard,285.31,Corporate,Check-Out
BKG103604,City Hotel,2024-01-08,2024-04-19,2024-04-27,102,Brazil,2,0.0,Deluxe,334.37,Offline Agent,Canceled
BKG103605,Resort Hotel,2022-04-30,2022-09-25,2022-09-30,148,Australia,1,0.0,Family,244.76,,Check-Out
BKG103606,City Hotel,2022-12-02,2023-05-22,2023-05-26,171,Singapore,4,0.0,Standard,264.59,Offline Agent,Check-Out
BKG103607,Resort Hotel,2023-11-16,2023-12-21,2023-12-22,35,USA,2,0.0,Deluxe,219.67,Online Travel Agent,Canceled
BKG103608,Resort Hotel,2023-08-15,2024-01-20,2024-01-27,158,Canada,4,1.0,Deluxe,184.3,Online Travel Agent,Check-Out
BKG103609,City Hotel,2023-03-31,2023-05-27,2023-06-01,57,,3,2.0,Family,124.9,Offline Agent,Check-Out
BKG103610,City Hotel,2023-10-18,2023-11-12,2023-11-22,25,Canada,1,0.0,Suite,177.63,Direct,Check-Out
BKG103611,City Hotel,2023-05-16,2023-09-15,2023-09-16,122,Germany,3,0.0,Deluxe,173.42,Online Travel Agent,Check-Out
BKG103612,City Hotel,2024-01-14,2024-06-14,2024-06-15,152,Germany,3,0.0,Standard,346.44,Corporate,Check-Out
BKG103613,City Hotel,2023-05-30,2023-09-16,2023-09-25,109,,1,0.0,Standard,306.45,Direct,No-Show
BKG103614,City Hotel,2024-03-31,2024-05-15,2024-05-22,45,Singapore,4,0.0,Standard,151.71,Online Travel Agent,Check-Out
BKG103615,City Hotel,2023-06-13,2023-06-26,2023-07-01,13,USA,1,0.0,Suite,286.08,Offline Agent,Canceled
BKG103616,Resort Hotel,2022-01-14,2022-01-24,2022-01-25,10,Canada,1,2.0,Deluxe,254.74,Corporate,Check-Out
BKG103617,City Hotel,2023-03-28,2023-05-26,2023-05-31,59,Brazil,4,0.0,Deluxe,130.76,Online Travel Agent,Check-Out
BKG103618,City Hotel,2022-10-10,2022-11-05,2022-11-09,26,Canada,1,2.0,Standard,214.03,Direct,Check-Out
BKG103619,City Hotel,2022-07-25,2022-07-28,2022-08-03,3,UK,3,0.0,Suite,330.43,Online Travel Agent,Check-Out
BKG103620,Resort Hotel,2023-08-20,2024-02-03,2024-02-04,167,Brazil,2,0.0,Suite,234.34,Direct,Check-Out
BKG103621,Resort Hotel,2022-10-17,2022-11-02,2022-11-05,16,Germany,3,2.0,Deluxe,190.06,Direct,Check-Out
BKG103622,Resort Hotel,2023-12-28,2024-04-20,2024-04-27,114,Australia,4,1.0,Deluxe,307.25,,Canceled
BKG103623,City Hotel,2024-05-07,2024-05-25,2024-05-29,18,Singapore,3,0.0,Deluxe,247.82,Offline Agent,Check-Out
BKG103624,Resort Hotel,2023-11-17,2024-05-14,2024-05-18,179,Australia,1,2.0,Deluxe,88.98,,Check-Out
BKG103625,City Hotel,2023-08-06,2024-01-23,2024-01-27,170,Germany,4,0.0,Deluxe,112.3,Online Travel Agent,Check-Out
BKG103626,Resort Hotel,2022-12-23,2023-03-12,2023-03-21,79,Germany,1,,Standard,154.45,Online Travel Agent,Canceled
BKG103627,City Hotel,2023-06-06,2023-09-20,2023-09-21,106,Canada,3,1.0,Family,300.47,,Check-Out
BKG103628,Resort Hotel,2023-12-23,2024-06-10,2024-06-19,170,UK,2,,Family,313.63,Corporate,Canceled
BKG103629,Resort Hotel,2022-10-04,2022-10-12,2022-10-18,8,Germany,2,0.0,Family,257.08,Online Travel Agent,Check-Out
BKG103630,Resort Hotel,2023-05-16,2023-09-28,2023-10-06,135,France,1,,Family,312.85,Direct,Check-Out
BKG103631,City Hotel,2022-12-16,2023-04-14,2023-04-16,119,Canada,2,1.0,Suite,141.72,Corporate,Check-Out
BKG103632,Resort Hotel,2024-02-02,2024-04-21,2024-04-27,79,UAE,2,1.0,,163.36,Corporate,No-Show
BKG103633,City Hotel,2022-11-01,2023-04-23,2023-05-02,173,Brazil,2,0.0,Standard,100.45,Online Travel Agent,Canceled
BKG103634,City Hotel,2023-01-10,2023-02-05,2023-02-07,26,Germany,1,0.0,Deluxe,273.39,Corporate,Check-Out
BKG103635,City Hotel,2023-04-16,2023-08-03,2023-08-08,109,India,4,1.0,Family,348.02,Online Travel Agent,No-Show
BKG103636,Resort Hotel,2023-07-12,2023-09-01,2023-09-10,51,France,2,0.0,Family,309.25,Corporate,Canceled
BKG103637,City Hotel,2022-07-01,2022-11-02,2022-11-08,124,UAE,4,0.0,Family,132.1,Direct,Check-Out
BKG103638,City Hotel,2024-05-24,2024-07-15,2024-07-24,52,UK,2,0.0,Suite,147.19,Corporate,Check-Out
BKG103639,Resort Hotel,2022-12-14,2023-01-02,2023-01-08,19,,3,1.0,Deluxe,307.44,Online Travel Agent,Canceled
BKG103640,Resort Hotel,2022-07-27,2022-09-07,2022-09-12,42,Singapore,2,1.0,Family,85.72,Direct,Canceled
BKG103641,Resort Hotel,2023-12-06,2024-04-14,2024-04-21,130,Germany,4,0.0,,199.61,Online Travel Agent,Check-Out
BKG103642,Resort Hotel,2023-07-24,2023-10-20,2023-10-25,88,Australia,4,2.0,Standard,279.65,Direct,Canceled
BKG103643,Resort Hotel,2024-03-26,2024-08-29,2024-09-01,156,UK,2,2.0,Deluxe,335.91,Direct,Check-Out
BKG103644,City Hotel,2023-12-15,2023-12-15,2023-12-22,0,USA,2,0.0,Suite,129.79,Corporate,Check-Out
BKG103645,Resort Hotel,2022-10-12,2022-10-28,2022-11-06,16,,2,0.0,Suite,216.24,Online Travel Agent,Check-Out
BKG103646,Resort Hotel,2022-08-26,2022-11-22,2022-11-29,88,Singapore,2,0.0,Deluxe,118.88,Offline Agent,Check-Out
BKG103647,City Hotel,2022-12-01,2023-05-20,2023-05-25,170,UAE,1,0.0,Family,345.32,Online Travel Agent,Check-Out
BKG103648,Resort Hotel,2024-03-23,2024-07-29,2024-08-08,128,UAE,4,0.0,Standard,86.79,,Check-Out
BKG103649,Resort Hotel,2023-07-07,2023-10-19,2023-10-28,104,France,3,1.0,Family,144.73,Offline Agent,Check-Out
BKG103650,Resort Hotel,2023-11-28,2024-04-10,2024-04-19,134,UAE,2,0.0,Family,65.88,Direct,Check-Out
BKG103651,Resort Hotel,2024-03-21,2024-09-03,2024-09-08,166,Australia,4,1.0,Deluxe,330.54,Online Travel Agent,Check-Out
BKG103652,City Hotel,2022-09-07,2022-09-11,2022-09-20,4,UK,3,1.0,Family,72.15,Direct,Check-Out
BKG103653,City Hotel,2022-01-15,2022-03-16,2022-03-20,60,,4,0.0,Suite,236.51,Online Travel Agent,Check-Out
BKG103654,Resort Hotel,2023-03-20,2023-05-20,2023-05-25,61,India,2,,Standard,126.33,Offline Agent,Check-Out
BKG103655,City Hotel,2024-02-27,2024-06-02,2024-06-09,96,UAE,2,0.0,Suite,212.01,Online Travel Agent,Check-Out
BKG103656,City Hotel,2022-01-03,2022-05-19,2022-05-25,136,UK,4,2.0,Deluxe,325.0,Corporate,Check-Out
BKG103657,Resort Hotel,2024-05-07,2024-06-02,2024-06-03,26,Australia,3,2.0,Family,183.83,Online Travel Agent,Canceled
BKG103658,Resort Hotel,2024-03-20,2024-04-04,2024-04-07,15,USA,4,0.0,Family,145.9,,Check-Out
BKG103659,Resort Hotel,2022-12-10,2023-01-30,2023-02-08,51,France,1,1.0,Suite,318.45,Online Travel Agent,No-Show
BKG103660,Resort Hotel,2023-03-03,2023-06-10,2023-06-18,99,UK,3,0.0,Standard,346.16,Offline Agent,Check-Out
BKG103661,Resort Hotel,2024-06-14,2024-07-29,2024-08-03,45,UAE,2,0.0,Suite,284.51,Corporate,Canceled
BKG103662,Resort Hotel,2022-01-15,2022-05-12,2022-05-14,117,Brazil,1,0.0,Suite,259.23,Online Travel Agent,Check-Out
BKG103663,City Hotel,2023-11-09,2024-04-25,2024-04-26,168,Canada,3,0.0,Standard,303.75,Corporate,Check-Out
BKG103664,City Hotel,2022-08-28,2022-10-23,2022-10-27,56,Canada,1,1.0,Suite,281.55,Corporate,Check-Out
BKG103665,Resort Hotel,2024-04-09,2024-04-25,2024-04-28,16,UK,2,0.0,Standard,278.59,Direct,Check-Out
BKG103666,City Hotel,2023-11-19,2024-04-07,2024-04-09,140,UK,3,0.0,Standard,73.79,Offline Agent,Canceled
BKG103667,Resort Hotel,2023-07-15,2023-07-15,2023-07-17,0,UAE,2,1.0,Standard,236.11,Corporate,Canceled
BKG103668,City Hotel,2023-05-04,2023-07-01,2023-07-04,58,Germany,3,2.0,Standard,78.37,Direct,Canceled
BKG103669,City Hotel,2023-12-06,2024-01-18,2024-01-24,43,,1,0.0,Deluxe,201.04,Direct,Check-Out
BKG103670,City Hotel,2022-10-16,2022-12-30,2022-12-31,75,France,2,1.0,Deluxe,246.28,Corporate,Check-Out
BKG103671,Resort Hotel,2024-01-19,2024-06-10,2024-06-16,143,Singapore,1,,Family,125.18,Corporate,Canceled
BKG103672,Resort Hotel,2022-10-22,2023-03-13,2023-03-20,142,Singapore,2,0.0,Suite,231.33,Online Travel Agent,Check-Out
BKG103673,Resort Hotel,2022-02-28,2022-05-08,2022-05-17,69,UAE,4,,Standard,157.03,Direct,Canceled
BKG103674,City Hotel,2023-04-23,2023-08-25,2023-08-28,124,France,1,0.0,Suite,238.14,Corporate,Check-Out
BKG103675,City Hotel,2023-12-09,2024-02-06,2024-02-16,59,France,1,0.0,Standard,196.78,Online Travel Agent,Check-Out
BKG103676,City Hotel,2022-09-20,2022-12-20,2022-12-27,91,Germany,3,2.0,Family,174.88,Corporate,Canceled
BKG103677,Resort Hotel,2023-09-06,2023-12-11,2023-12-18,96,Australia,4,0.0,Family,188.32,Online Travel Agent,Canceled
BKG103678,Resort Hotel,2024-05-21,2024-09-18,2024-09-23,120,Singapore,1,,Standard,61.94,Direct,Check-Out
BKG103679,Resort Hotel,2023-09-01,2023-10-24,2023-11-02,53,Singapore,2,,Suite,303.66,Online Travel Agent,Check-Out
BKG103680,City Hotel,2023-08-18,2023-10-20,2023-10-26,63,Brazil,1,1.0,Suite,65.28,Offline Agent,No-Show
BKG103681,Resort Hotel,2023-01-18,2023-02-20,2023-02-27,33,Germany,4,2.0,Standard,144.0,Offline Agent,Check-Out
BKG103682,Resort Hotel,2023-04-27,2023-09-07,2023-09-09,133,Germany,4,,Suite,103.35,Direct,Check-Out
BKG103683,Resort Hotel,2022-10-02,2022-11-11,2022-11-21,40,Brazil,2,2.0,Suite,123.86,Direct,Check-Out
BKG103684,City Hotel,2022-05-19,2022-11-13,2022-11-20,178,Germany,1,2.0,Deluxe,249.5,Offline Agent,Canceled
BKG103685,City Hotel,2022-10-25,2023-04-23,2023-04-24,180,France,1,0.0,Family,133.65,Corporate,Check-Out
BKG103686,Resort Hotel,2023-05-17,2023-07-07,2023-07-15,51,Brazil,4,0.0,Family,139.88,Offline Agent,Check-Out
BKG103687,City Hotel,2023-09-10,2023-11-28,2023-12-04,79,Germany,4,0.0,Family,226.74,Online Travel Agent,Canceled
BKG103688,Resort Hotel,2022-02-02,2022-07-21,2022-07-25,169,Australia,3,0.0,Standard,159.51,Online Travel Agent,Check-Out
BKG103689,City Hotel,2024-02-03,2024-02-08,2024-02-13,5,Australia,1,1.0,Suite,340.25,Direct,Check-Out
BKG103690,City Hotel,2024-05-26,2024-07-06,2024-07-08,41,Brazil,4,1.0,Standard,292.54,Offline Agent,Check-Out
BKG103691,Resort Hotel,2023-04-19,2023-06-04,2023-06-08,46,USA,4,0.0,Standard,149.38,Corporate,Check-Out
BKG103692,Resort Hotel,2022-12-06,2023-03-28,2023-04-06,112,UK,4,1.0,,330.58,,Canceled
BKG103693,Resort Hotel,2023-12-12,2024-01-21,2024-01-30,40,UK,1,2.0,Family,340.95,Corporate,Canceled
BKG103694,Resort Hotel,2022-06-18,2022-08-23,2022-09-02,66,Singapore,1,2.0,Suite,314.96,Online Travel Agent,Canceled
BKG103695,Resort Hotel,2022-12-23,2023-06-14,2023-06-23,173,India,3,0.0,Suite,116.06,Direct,Check-Out
BKG103696,City Hotel,2023-03-03,2023-04-24,2023-04-26,52,India,3,0.0,,223.99,Online Travel Agent,Check-Out
BKG103697,Resort Hotel,2023-09-30,2023-12-04,2023-12-09,65,India,1,0.0,Standard,277.42,Corporate,Check-Out
BKG103698,Resort Hotel,2023-04-01,2023-07-04,2023-07-11,94,India,1,0.0,Family,129.15,Corporate,No-Show
BKG103699,Resort Hotel,2022-02-11,2022-06-04,2022-06-14,113,UK,4,0.0,Suite,229.45,Corporate,Check-Out
BKG103700,Resort Hotel,2022-07-31,2022-10-07,2022-10-12,68,UAE,4,2.0,Standard,298.62,Offline Agent,Check-Out
BKG103701,City Hotel,2024-04-11,2024-07-25,2024-08-01,105,Singapore,3,0.0,,189.15,Direct,No-Show
BKG103702,Resort Hotel,2023-05-11,2023-05-28,2023-05-29,17,,3,0.0,Standard,342.44,Offline Agent,Check-Out
BKG103703,Resort Hotel,2023-05-23,2023-09-17,2023-09-19,117,USA,3,0.0,Family,267.27,Corporate,Canceled
BKG103704,Resort Hotel,2023-12-19,2023-12-24,2023-12-29,5,India,1,0.0,Suite,161.56,Online Travel Agent,Check-Out
BKG103705,City Hotel,2022-04-12,2022-07-25,2022-08-01,104,India,4,1.0,Family,162.12,,No-Show
BKG103706,City Hotel,2023-04-04,2023-08-29,2023-09-06,147,India,1,1.0,Family,184.69,Corporate,Check-Out
BKG103707,Resort Hotel,2023-12-15,2024-04-10,2024-04-13,117,Canada,1,0.0,Family,121.09,Offline Agent,Check-Out
BKG103708,City Hotel,2024-06-04,2024-07-16,2024-07-24,42,Germany,1,0.0,Standard,274.09,Offline Agent,Check-Out
BKG103709,City Hotel,2022-08-26,2023-01-20,2023-01-22,147,France,3,2.0,Family,149.6,Direct,Check-Out
BKG103710,Resort Hotel,2022-02-25,2022-05-08,2022-05-15,72,Germany,4,2.0,Family,105.7,Online Travel Agent,Check-Out
BKG103711,Resort Hotel,2022-04-21,2022-07-11,2022-07-17,81,Germany,1,0.0,Suite,173.93,Online Travel Agent,Canceled
BKG103712,Resort Hotel,2024-06-10,2024-10-08,2024-10-12,120,Australia,1,0.0,Family,104.87,Offline Agent,Check-Out
BKG103713,Resort Hotel,2022-11-27,2023-02-08,2023-02-09,73,France,3,0.0,Deluxe,273.41,Online Travel Agent,Check-Out
BKG103714,Resort Hotel,2023-02-26,2023-07-20,2023-07-25,144,Singapore,2,0.0,Family,124.86,,Check-Out
BKG103715,Resort Hotel,2023-11-13,2023-11-16,2023-11-22,3,UAE,1,0.0,Family,343.04,Direct,Check-Out
BKG103716,City Hotel,2022-08-17,2022-11-21,2022-11-29,96,UK,4,,Family,163.5,Online Travel Agent,Check-Out
BKG103717,Resort Hotel,2022-01-31,2022-05-23,2022-05-24,112,UAE,3,0.0,Deluxe,344.72,Corporate,Check-Out
BKG103718,Resort Hotel,2023-02-13,2023-06-29,2023-07-07,136,UAE,3,0.0,Family,86.86,Direct,Canceled
BKG103719,City Hotel,2022-11-22,2023-04-14,2023-04-21,143,India,2,1.0,Standard,131.49,,Check-Out
BKG103720,City Hotel,2022-12-09,2023-05-28,2023-06-03,170,UAE,1,0.0,Standard,85.34,Direct,Check-Out
BKG103721,Resort Hotel,2023-06-18,2023-08-21,2023-08-31,64,Canada,3,0.0,Deluxe,79.41,,Canceled
BKG103722,City Hotel,2022-09-15,2022-12-09,2022-12-18,85,Australia,1,,Deluxe,241.08,Online Travel Agent,Check-Out
BKG103723,Resort Hotel,2022-10-03,2023-01-17,2023-01-19,106,UAE,4,0.0,Deluxe,258.14,Offline Agent,Canceled
BKG103724,City Hotel,2022-09-12,2022-10-20,2022-10-23,38,India,2,0.0,Standard,321.85,Online Travel Agent,Check-Out
BKG103725,Resort Hotel,2023-06-25,2023-12-18,2023-12-20,176,Brazil,2,2.0,Suite,268.96,Online Travel Agent,Canceled
BKG103726,City Hotel,2023-07-23,2023-12-23,2023-12-28,153,,2,1.0,Standard,282.74,Direct,Canceled
BKG103727,Resort Hotel,2023-06-12,2023-07-10,2023-07-18,28,UAE,2,0.0,,271.07,Corporate,Canceled
BKG103728,Resort Hotel,2023-06-05,2023-06-15,2023-06-24,10,France,1,0.0,,64.66,Corporate,No-Show
BKG103729,Resort Hotel,2023-07-21,2023-08-18,2023-08-19,28,UAE,3,1.0,,344.47,Online Travel Agent,Check-Out
BKG103730,City Hotel,2022-04-19,2022-06-18,2022-06-20,60,Australia,1,,Standard,263.48,Direct,No-Show
BKG103731,City Hotel,2022-03-18,2022-04-28,2022-05-03,41,UK,4,1.0,Standard,300.54,Direct,Canceled
BKG103732,Resort Hotel,2024-01-12,2024-04-09,2024-04-19,88,Canada,2,1.0,Suite,285.42,Corporate,Check-Out
BKG103733,Resort Hotel,2023-12-08,2024-02-28,2024-03-09,82,India,1,0.0,Deluxe,172.75,Direct,Check-Out
BKG103734,City Hotel,2024-05-13,2024-07-18,2024-07-25,66,Canada,3,,Standard,340.9,Offline Agent,Check-Out
BKG103735,City Hotel,2023-05-18,2023-09-26,2023-09-28,131,India,2,0.0,,142.77,Direct,Canceled
BKG103736,City Hotel,2023-08-07,2024-01-26,2024-02-02,172,India,3,0.0,Family,175.4,Direct,Canceled
BKG103737,Resort Hotel,2023-12-25,2024-05-17,2024-05-23,144,India,2,0.0,Family,282.97,Direct,No-Show
BKG103738,Resort Hotel,2024-01-15,2024-06-04,2024-06-12,141,Australia,4,0.0,Standard,87.27,Direct,Check-Out
BKG103739,City Hotel,2023-08-06,2023-11-07,2023-11-13,93,USA,4,0.0,Standard,152.97,Corporate,Canceled
BKG103740,City Hotel,2022-07-24,2022-12-18,2022-12-22,147,,3,0.0,Suite,210.24,Direct,Check-Out
BKG103741,Resort Hotel,2023-05-01,2023-09-09,2023-09-18,131,Brazil,3,2.0,Deluxe,218.26,Online Travel Agent,Check-Out
BKG103742,City Hotel,2023-01-28,2023-05-03,2023-05-10,95,UK,2,0.0,Family,167.43,Offline Agent,Check-Out
BKG103743,City Hotel,2022-05-23,2022-07-23,2022-07-30,61,UAE,2,0.0,Deluxe,293.8,Corporate,Check-Out
BKG103744,City Hotel,2022-07-30,2023-01-02,2023-01-12,156,Singapore,3,0.0,Standard,244.09,Direct,Canceled
BKG103745,City Hotel,2024-03-13,2024-04-16,2024-04-25,34,USA,1,0.0,Standard,309.66,Offline Agent,Check-Out
BKG103746,City Hotel,2022-10-31,2023-01-31,2023-02-01,92,France,2,,Family,251.56,Direct,Canceled
BKG103747,Resort Hotel,2023-11-14,2024-01-07,2024-01-12,54,India,1,0.0,Deluxe,261.99,Direct,Canceled
BKG103748,Resort Hotel,2024-01-24,2024-07-21,2024-07-23,179,Australia,4,1.0,Family,340.24,Offline Agent,No-Show
BKG103749,Resort Hotel,2022-09-21,2023-01-19,2023-01-27,120,USA,2,0.0,Standard,266.6,Corporate,Check-Out
BKG103750,Resort Hotel,2022-08-24,2023-01-01,2023-01-06,130,Australia,2,1.0,Standard,305.39,Online Travel Agent,Check-Out
BKG103751,City Hotel,2023-04-03,2023-08-01,2023-08-09,120,UK,3,0.0,Deluxe,114.63,Corporate,Check-Out
BKG103752,City Hotel,2022-08-20,2023-01-24,2023-01-27,157,Canada,2,0.0,Family,97.16,Direct,Check-Out
BKG103753,Resort Hotel,2022-09-16,2022-12-17,2022-12-25,92,Singapore,3,0.0,,107.81,Direct,Check-Out
BKG103754,City Hotel,2022-10-16,2023-02-27,2023-03-04,134,Germany,4,0.0,Deluxe,125.91,Offline Agent,Canceled
BKG103755,Resort Hotel,2023-07-02,2023-11-04,2023-11-13,125,France,3,0.0,Family,295.29,Corporate,Canceled
BKG103756,City Hotel,2023-10-03,2024-03-28,2024-04-07,177,Canada,2,0.0,Family,252.38,Online Travel Agent,Canceled
BKG103757,Resort Hotel,2023-08-14,2024-02-09,2024-02-13,179,,2,2.0,Deluxe,158.7,Corporate,Check-Out
BKG103758,City Hotel,2022-03-25,2022-07-10,2022-07-18,107,Canada,3,1.0,Standard,276.38,Offline Agent,Check-Out
BKG103759,City Hotel,2023-03-01,2023-03-21,2023-03-25,20,Brazil,3,2.0,Deluxe,268.41,Online Travel Agent,Check-Out
BKG103760,City Hotel,2023-07-28,2023-10-21,2023-10-29,85,India,2,0.0,Standard,336.33,Corporate,Check-Out
BKG103761,Resort Hotel,2023-05-22,2023-09-23,2023-10-03,124,Singapore,4,0.0,Family,176.3,Corporate,Check-Out
BKG103762,City Hotel,2023-07-31,2024-01-06,2024-01-14,159,Singapore,4,,Deluxe,84.91,Direct,Check-Out
BKG103763,City Hotel,2023-07-18,2023-12-30,2024-01-01,165,UK,1,0.0,,88.25,Offline Agent,Check-Out
BKG103764,City Hotel,2023-02-09,2023-03-27,2023-04-02,46,USA,1,0.0,Suite,201.65,Online Travel Agent,Check-Out
BKG103765,City Hotel,2023-02-12,2023-06-05,2023-06-07,113,UAE,1,,Family,62.3,Direct,Check-Out
BKG103766,City Hotel,2023-11-06,2023-12-20,2023-12-28,44,UAE,3,,,338.0,Corporate,Canceled
BKG103767,City Hotel,2022-07-23,2022-08-03,2022-08-09,11,UK,1,1.0,Suite,96.05,Online Travel Agent,Check-Out
BKG103768,City Hotel,2022-08-11,2022-10-15,2022-10-19,65,Canada,2,0.0,Suite,127.28,Offline Agent,Check-Out
BKG103769,City Hotel,2023-05-25,2023-09-15,2023-09-19,113,,3,0.0,Family,172.52,Corporate,Check-Out
BKG103770,Resort Hotel,2023-11-13,2023-11-30,2023-12-01,17,France,3,2.0,Standard,186.9,Offline Agent,Canceled
BKG103771,Resort Hotel,2022-03-18,2022-08-26,2022-08-29,161,Canada,1,1.0,Suite,84.75,Offline Agent,Check-Out
BKG103772,Resort Hotel,2023-12-26,2024-04-09,2024-04-19,105,Canada,4,0.0,Standard,197.62,Direct,Check-Out
BKG103773,Resort Hotel,2022-08-24,2022-11-26,2022-12-03,94,,4,2.0,Deluxe,250.37,Direct,Check-Out
BKG103774,City Hotel,2022-07-21,2022-10-28,2022-11-07,99,Singapore,3,0.0,Family,316.24,Offline Agent,Check-Out
BKG103775,Resort Hotel,2022-11-24,2022-11-26,2022-12-04,2,Singapore,1,0.0,Deluxe,251.74,Corporate,Canceled
BKG103776,City Hotel,2024-05-11,2024-08-17,2024-08-22,98,,4,0.0,Suite,113.19,Direct,Check-Out
BKG103777,City Hotel,2023-11-18,2024-01-17,2024-01-19,60,UAE,4,0.0,Family,309.58,Corporate,Check-Out
BKG103778,City Hotel,2023-08-18,2023-08-27,2023-09-06,9,Australia,3,0.0,,242.57,Direct,No-Show
BKG103779,Resort Hotel,2022-03-05,2022-08-18,2022-08-25,166,India,2,1.0,Suite,102.08,Online Travel Agent,Check-Out
BKG103780,Resort Hotel,2022-02-27,2022-06-21,2022-06-30,114,USA,4,,Deluxe,312.62,Corporate,Canceled
BKG103781,Resort Hotel,2024-02-11,2024-04-01,2024-04-09,50,Canada,2,2.0,Deluxe,180.53,Corporate,Check-Out
BKG103782,City Hotel,2023-07-12,2023-10-20,2023-10-28,100,UAE,4,1.0,Suite,262.12,Online Travel Agent,Check-Out
BKG103783,Resort Hotel,2022-07-06,2022-12-30,2023-01-09,177,UAE,4,2.0,Suite,282.02,Direct,No-Show
BKG103784,Resort Hotel,2023-05-05,2023-05-07,2023-05-08,2,Germany,2,2.0,Deluxe,131.71,Offline Agent,Check-Out
BKG103785,Resort Hotel,2022-07-19,2022-11-16,2022-11-21,120,Australia,4,0.0,Suite,105.42,Online Travel Agent,Check-Out
BKG103786,City Hotel,2023-05-09,2023-05-30,2023-06-02,21,USA,1,2.0,Suite,137.11,Offline Agent,Canceled
BKG103787,Resort Hotel,2023-04-30,2023-08-19,2023-08-25,111,,3,2.0,Suite,234.01,Corporate,Canceled
BKG103788,City Hotel,2023-12-09,2024-04-26,2024-05-02,139,Germany,4,0.0,Standard,312.19,Direct,Canceled
BKG103789,Resort Hotel,2023-07-15,2023-08-29,2023-09-08,45,Singapore,2,0.0,Family,163.48,Offline Agent,Check-Out
BKG103790,Resort Hotel,2024-01-14,2024-03-03,2024-03-09,49,Australia,4,0.0,Suite,200.48,Offline Agent,Check-Out
BKG103791,Resort Hotel,2022-10-11,2023-04-02,2023-04-08,173,Singapore,3,0.0,Deluxe,191.91,Online Travel Agent,Canceled
BKG103792,City Hotel,2022-05-06,2022-09-23,2022-09-29,140,UAE,1,,Family,218.44,Corporate,Canceled
BKG103793,Resort Hotel,2022-12-26,2023-01-01,2023-01-07,6,,1,0.0,Standard,152.82,Offline Agent,Check-Out
BKG103794,Resort Hotel,2023-05-19,2023-07-24,2023-07-29,66,Canada,4,1.0,Family,83.02,Offline Agent,Check-Out
BKG103795,Resort Hotel,2023-01-29,2023-07-10,2023-07-15,162,Germany,4,0.0,Suite,130.25,Offline Agent,Check-Out
BKG103796,Resort Hotel,2024-02-01,2024-06-26,2024-07-03,146,UK,2,0.0,Family,336.28,Direct,Check-Out
BKG103797,City Hotel,2023-09-23,2023-10-12,2023-10-18,19,Germany,1,0.0,Family,123.39,Direct,Check-Out
BKG103798,Resort Hotel,2022-11-17,2022-11-29,2022-12-05,12,UAE,2,0.0,Standard,234.08,Corporate,Check-Out
BKG103799,Resort Hotel,2024-02-09,2024-05-25,2024-05-26,106,France,4,2.0,Suite,183.85,Offline Agent,Check-Out
BKG103800,Resort Hotel,2023-02-24,2023-05-31,2023-06-01,96,Canada,3,2.0,Suite,93.31,Offline Agent,No-Show
BKG103801,City Hotel,2022-08-26,2022-12-03,2022-12-10,99,Singapore,3,0.0,Family,238.06,Corporate,Check-Out
BKG103802,Resort Hotel,2023-09-02,2024-02-23,2024-02-29,174,Brazil,3,1.0,Suite,93.78,Corporate,Check-Out
BKG103803,City Hotel,2024-03-22,2024-08-22,2024-08-29,153,UK,1,1.0,Suite,130.52,Offline Agent,Check-Out
BKG103804,Resort Hotel,2023-05-04,2023-09-04,2023-09-09,123,UK,2,1.0,Deluxe,245.66,Corporate,Check-Out
BKG103805,City Hotel,2023-04-01,2023-07-04,2023-07-11,94,UAE,1,2.0,Suite,83.6,Offline Agent,Check-Out
BKG103806,Resort Hotel,2023-11-16,2024-04-01,2024-04-05,137,India,2,0.0,Standard,296.05,Corporate,Check-Out
BKG103807,City Hotel,2022-11-24,2023-02-05,2023-02-11,73,,1,1.0,Suite,126.73,Corporate,Check-Out
BKG103808,Resort Hotel,2024-01-17,2024-06-10,2024-06-12,145,France,2,0.0,Family,147.85,Direct,Canceled
BKG103809,Resort Hotel,2024-01-28,2024-05-27,2024-05-29,120,India,2,0.0,Family,236.92,Corporate,Check-Out
BKG103810,Resort Hotel,2023-01-16,2023-03-06,2023-03-12,49,Brazil,4,0.0,Family,330.48,Direct,Check-Out
BKG103811,City Hotel,2024-01-18,2024-07-16,2024-07-18,180,UAE,4,0.0,,212.35,Direct,Canceled
BKG103812,City Hotel,2024-03-16,2024-07-15,2024-07-19,121,Canada,4,1.0,Deluxe,131.79,Direct,Canceled
BKG103813,City Hotel,2024-05-15,2024-08-21,2024-08-28,98,,1,2.0,Suite,204.86,,No-Show
BKG103814,City Hotel,2024-03-20,2024-04-03,2024-04-08,14,,3,0.0,Family,251.91,Direct,Canceled
BKG103815,Resort Hotel,2024-01-17,2024-01-23,2024-01-25,6,UK,1,,Family,237.52,Corporate,Check-Out
BKG103816,City Hotel,2023-06-14,2023-07-24,2023-07-30,40,Brazil,3,1.0,Suite,128.9,Online Travel Agent,Canceled
BKG103817,Resort Hotel,2023-03-12,2023-07-17,2023-07-19,127,Brazil,1,1.0,Family,188.2,Direct,Check-Out
BKG103818,City Hotel,2023-10-15,2024-01-03,2024-01-12,80,India,1,2.0,Suite,288.09,Online Travel Agent,Check-Out
BKG103819,City Hotel,2023-12-30,2024-03-19,2024-03-23,80,UAE,1,0.0,Family,116.78,Direct,Check-Out
BKG103820,Resort Hotel,2022-08-11,2023-01-16,2023-01-22,158,UAE,1,,Standard,274.82,Direct,Canceled
BKG103821,Resort Hotel,2023-02-23,2023-07-28,2023-08-04,155,Singapore,4,0.0,Standard,78.8,Corporate,Check-Out
BKG103822,City Hotel,2022-09-06,2023-01-25,2023-02-02,141,Germany,1,0.0,Family,200.22,Direct,Check-Out
BKG103823,Resort Hotel,2024-01-13,2024-06-07,2024-06-10,146,Canada,3,0.0,,124.58,Online Travel Agent,Canceled
BKG103824,Resort Hotel,2023-03-13,2023-09-05,2023-09-09,176,India,1,2.0,Family,167.87,Corporate,Check-Out
BKG103825,Resort Hotel,2023-05-29,2023-07-20,2023-07-27,52,Singapore,1,1.0,Family,188.48,Offline Agent,Check-Out
BKG103826,City Hotel,2023-02-28,2023-03-11,2023-03-18,11,Brazil,4,1.0,Suite,167.7,Offline Agent,Canceled
BKG103827,City Hotel,2024-01-23,2024-04-15,2024-04-20,83,Canada,1,0.0,Deluxe,152.35,,No-Show
BKG103828,Resort Hotel,2022-10-28,2022-11-07,2022-11-10,10,India,3,,Suite,248.79,Corporate,Check-Out
BKG103829,City Hotel,2022-06-04,2022-07-28,2022-08-03,54,Canada,4,2.0,Deluxe,144.67,Online Travel Agent,Check-Out
BKG103830,Resort Hotel,2022-06-06,2022-08-18,2022-08-20,73,Canada,1,0.0,Suite,84.84,Direct,Check-Out
BKG103831,Resort Hotel,2023-01-24,2023-01-27,2023-02-05,3,USA,1,1.0,Suite,282.29,Corporate,Check-Out
BKG103832,City Hotel,2023-03-24,2023-04-15,2023-04-19,22,UAE,3,0.0,,264.34,Online Travel Agent,Check-Out
BKG103833,Resort Hotel,2024-04-29,2024-07-17,2024-07-23,79,UK,3,0.0,Family,335.2,Online Travel Agent,Check-Out
BKG103834,City Hotel,2023-08-08,2024-01-14,2024-01-15,159,Brazil,4,0.0,Deluxe,236.02,Corporate,Check-Out
BKG103835,City Hotel,2022-12-23,2023-06-19,2023-06-28,178,Germany,1,0.0,Deluxe,288.67,Offline Agent,Check-Out
BKG103836,Resort Hotel,2022-05-24,2022-07-05,2022-07-10,42,Canada,3,0.0,Standard,283.65,Direct,Check-Out
BKG103837,City Hotel,2022-03-08,2022-05-22,2022-05-25,75,Australia,3,0.0,Deluxe,247.6,Online Travel Agent,Canceled
BKG103838,Resort Hotel,2024-01-18,2024-01-26,2024-01-31,8,France,3,0.0,,231.59,Offline Agent,Check-Out
BKG103839,City Hotel,2024-05-12,2024-07-31,2024-08-02,80,USA,3,0.0,Family,259.35,Online Travel Agent,Check-Out
BKG103840,Resort Hotel,2023-05-30,2023-09-21,2023-09-25,114,Australia,1,1.0,,299.14,Online Travel Agent,Check-Out
BKG103841,Resort Hotel,2022-01-19,2022-03-18,2022-03-27,58,Singapore,3,1.0,Standard,234.79,Corporate,Check-Out
BKG103842,Resort Hotel,2023-01-26,2023-03-31,2023-04-06,64,,3,,Family,171.67,Direct,Check-Out
BKG103843,City Hotel,2024-06-05,2024-09-02,2024-09-06,89,,4,0.0,Family,96.9,Offline Agent,Check-Out
BKG103844,City Hotel,2024-06-06,2024-07-17,2024-07-27,41,Canada,3,1.0,Suite,289.62,Corporate,Check-Out
BKG103845,Resort Hotel,2022-03-03,2022-08-11,2022-08-21,161,Germany,4,0.0,Standard,195.21,Corporate,Canceled
BKG103846,Resort Hotel,2022-04-07,2022-07-24,2022-07-25,108,France,3,0.0,Suite,170.97,Offline Agent,Check-Out
BKG103847,City Hotel,2023-03-04,2023-05-28,2023-05-29,85,UK,3,0.0,Family,282.16,Corporate,Check-Out
BKG103848,City Hotel,2022-12-20,2023-06-12,2023-06-21,174,Brazil,2,,Suite,321.85,Corporate,Check-Out
BKG103849,City Hotel,2023-11-07,2024-04-27,2024-05-07,172,Singapore,1,0.0,Standard,330.29,,Check-Out
BKG103850,Resort Hotel,2023-05-12,2023-08-29,2023-09-01,109,Canada,1,2.0,Deluxe,114.91,Offline Agent,Canceled
BKG103851,Resort Hotel,2024-01-24,2024-03-06,2024-03-11,42,Canada,2,1.0,Suite,254.33,Online Travel Agent,Check-Out
BKG103852,Resort Hotel,2022-09-25,2022-12-03,2022-12-04,69,UAE,2,1.0,Deluxe,261.2,Corporate,Check-Out
BKG103853,City Hotel,2022-12-28,2023-03-25,2023-04-01,87,UK,1,2.0,Standard,117.26,Direct,Check-Out
BKG103854,City Hotel,2022-05-06,2022-10-29,2022-11-04,176,France,3,0.0,Deluxe,304.32,Corporate,Canceled
BKG103855,Resort Hotel,2024-06-06,2024-10-07,2024-10-13,123,Singapore,1,,Suite,176.57,Direct,Check-Out
BKG103856,Resort Hotel,2023-03-26,2023-05-05,2023-05-13,40,France,1,0.0,Standard,173.47,Direct,Check-Out
BKG103857,City Hotel,2022-08-05,2022-12-08,2022-12-17,125,UK,1,0.0,Family,103.92,Direct,Check-Out
BKG103858,City Hotel,2024-06-18,2024-09-30,2024-10-03,104,Canada,4,1.0,Suite,325.61,Offline Agent,Canceled
BKG103859,City Hotel,2022-12-10,2023-04-18,2023-04-27,129,Australia,1,2.0,Family,244.02,,Canceled
BKG103860,Resort Hotel,2023-08-21,2024-02-12,2024-02-15,175,USA,3,0.0,Deluxe,236.06,Offline Agent,Check-Out
BKG103861,Resort Hotel,2023-10-15,2024-02-18,2024-02-21,126,UAE,4,1.0,Deluxe,206.34,Offline Agent,Check-Out
BKG103862,Resort Hotel,2023-03-26,2023-09-07,2023-09-16,165,Australia,2,0.0,,69.21,Direct,Canceled
BKG103863,Resort Hotel,2023-05-11,2023-09-03,2023-09-13,115,Germany,1,0.0,,130.56,Direct,Check-Out
BKG103864,City Hotel,2023-11-01,2024-01-21,2024-01-23,81,Singapore,1,0.0,,175.42,Direct,Check-Out
BKG103865,City Hotel,2022-05-19,2022-10-03,2022-10-04,137,Germany,1,2.0,Standard,124.4,Online Travel Agent,Check-Out
BKG103866,City Hotel,2024-03-04,2024-08-22,2024-08-26,171,Canada,4,2.0,Deluxe,323.64,Corporate,Canceled
BKG103867,City Hotel,2024-05-30,2024-08-19,2024-08-29,81,India,1,0.0,Family,255.39,Direct,Check-Out
BKG103868,Resort Hotel,2023-01-25,2023-04-25,2023-04-26,90,Australia,3,1.0,Deluxe,70.98,Direct,Check-Out
BKG103869,City Hotel,2023-05-22,2023-10-10,2023-10-20,141,USA,2,0.0,Deluxe,330.6,Offline Agent,No-Show
BKG103870,Resort Hotel,2022-04-12,2022-06-13,2022-06-19,62,Singapore,1,,Suite,96.36,Online Travel Agent,Check-Out
BKG103871,Resort Hotel,2024-06-06,2024-10-06,2024-10-16,122,India,4,0.0,,174.46,Corporate,Check-Out
BKG103872,Resort Hotel,2023-03-09,2023-07-22,2023-07-29,135,Australia,4,,,74.39,Offline Agent,Check-Out
BKG103873,Resort Hotel,2024-04-08,2024-09-27,2024-09-30,172,Canada,1,0.0,Deluxe,72.17,Online Travel Agent,Check-Out
BKG103874,Resort Hotel,2023-04-10,2023-05-01,2023-05-06,21,Brazil,2,2.0,Deluxe,65.19,Online Travel Agent,Canceled
BKG103875,City Hotel,2022-12-16,2023-06-04,2023-06-11,170,India,2,1.0,Deluxe,290.87,Corporate,Check-Out
BKG103876,City Hotel,2023-06-10,2023-09-01,2023-09-09,83,Germany,2,0.0,Standard,127.0,,Canceled
BKG103877,Resort Hotel,2022-06-06,2022-11-05,2022-11-09,152,,2,0.0,Suite,226.72,Online Travel Agent,Check-Out
BKG103878,City Hotel,2023-08-30,2024-02-17,2024-02-21,171,France,3,1.0,Deluxe,283.55,Online Travel Agent,Check-Out
BKG103879,Resort Hotel,2023-02-16,2023-05-06,2023-05-12,79,Canada,3,1.0,Deluxe,218.36,Corporate,Canceled
BKG103880,City Hotel,2022-08-10,2022-11-20,2022-11-27,102,UAE,2,1.0,Standard,304.26,Corporate,Canceled
BKG103881,City Hotel,2022-12-11,2023-04-29,2023-05-03,139,Canada,4,0.0,Standard,71.22,Online Travel Agent,Canceled
BKG103882,City Hotel,2022-04-29,2022-08-20,2022-08-23,113,Brazil,1,0.0,Standard,290.14,Corporate,Check-Out
BKG103883,Resort Hotel,2022-08-31,2022-09-28,2022-10-04,28,USA,4,2.0,Standard,181.95,Online Travel Agent,Check-Out
BKG103884,Resort Hotel,2022-02-01,2022-02-24,2022-03-06,23,Australia,2,0.0,Deluxe,154.79,Direct,Canceled
BKG103885,City Hotel,2023-01-28,2023-02-10,2023-02-20,13,UK,2,0.0,Family,347.01,,Canceled
BKG103886,Resort Hotel,2022-08-21,2022-10-19,2022-10-21,59,Germany,4,0.0,Standard,144.92,Online Travel Agent,Check-Out
BKG103887,City Hotel,2022-03-29,2022-09-21,2022-09-29,176,UAE,1,2.0,Family,290.25,Corporate,Check-Out
BKG103888,Resort Hotel,2024-02-20,2024-03-19,2024-03-29,28,India,3,0.0,Suite,220.68,Offline Agent,Canceled
BKG103889,City Hotel,2024-03-28,2024-05-26,2024-06-01,59,,2,1.0,Suite,349.35,Online Travel Agent,Check-Out
BKG103890,Resort Hotel,2023-03-19,2023-05-19,2023-05-25,61,UK,2,0.0,Deluxe,91.73,Offline Agent,Check-Out
BKG103891,Resort Hotel,2022-04-11,2022-04-24,2022-05-01,13,UK,4,0.0,Suite,275.32,Direct,No-Show
BKG103892,City Hotel,2023-01-11,2023-05-05,2023-05-13,114,Brazil,4,0.0,Standard,83.53,Corporate,Check-Out
BKG103893,City Hotel,2023-05-26,2023-08-20,2023-08-24,86,UAE,2,,,266.87,Offline Agent,No-Show
BKG103894,Resort Hotel,2022-11-20,2023-04-03,2023-04-11,134,USA,1,1.0,Family,296.54,Online Travel Agent,Check-Out
BKG103895,Resort Hotel,2022-04-27,2022-05-20,2022-05-22,23,UK,3,0.0,Suite,269.76,Corporate,No-Show
BKG103896,Resort Hotel,2022-11-09,2023-02-23,2023-03-03,106,Canada,2,0.0,Standard,325.44,,Canceled
BKG103897,City Hotel,2024-01-02,2024-03-09,2024-03-11,67,France,1,1.0,Suite,176.66,Online Travel Agent,Check-Out
BKG103898,Resort Hotel,2023-05-03,2023-05-04,2023-05-08,1,Canada,3,,Family,318.91,,Check-Out
BKG103899,Resort Hotel,2023-02-01,2023-02-27,2023-03-03,26,Canada,1,0.0,Deluxe,90.02,Direct,Canceled
BKG103900,Resort Hotel,2023-11-12,2024-03-24,2024-03-26,133,UAE,4,0.0,Family,68.59,Offline Agent,Check-Out
BKG103901,Resort Hotel,2024-05-08,2024-08-24,2024-08-29,108,UAE,1,0.0,Suite,78.46,Direct,Canceled
BKG103902,City Hotel,2024-01-11,2024-01-25,2024-02-02,14,France,2,0.0,Deluxe,81.78,Corporate,Canceled
BKG103903,City Hotel,2022-06-26,2022-09-11,2022-09-13,77,UAE,1,0.0,Suite,314.77,Offline Agent,Canceled
BKG103904,Resort Hotel,2022-05-28,2022-08-06,2022-08-15,70,Australia,2,0.0,Suite,126.36,Direct,Canceled
BKG103905,City Hotel,2024-03-26,2024-04-15,2024-04-22,20,USA,3,1.0,Suite,75.9,,Check-Out
BKG103906,City Hotel,2023-12-07,2024-03-24,2024-03-31,108,France,3,,Family,78.74,Corporate,Check-Out
BKG103907,City Hotel,2024-02-19,2024-04-18,2024-04-20,59,India,4,0.0,Family,228.34,Online Travel Agent,Canceled
BKG103908,Resort Hotel,2023-10-24,2024-01-05,2024-01-07,73,Germany,1,0.0,Suite,197.98,Offline Agent,Canceled
BKG103909,Resort Hotel,2024-03-19,2024-05-19,2024-05-21,61,Canada,1,1.0,Family,217.56,Corporate,Check-Out
BKG103910,City Hotel,2023-01-20,2023-02-02,2023-02-04,13,France,2,0.0,Suite,139.54,Offline Agent,Check-Out
BKG103911,City Hotel,2023-05-26,2023-07-26,2023-07-30,61,Germany,3,0.0,Family,167.62,Offline Agent,Check-Out
BKG103912,City Hotel,2023-11-12,2024-02-29,2024-03-09,109,Germany,3,0.0,Standard,302.47,Offline Agent,Canceled
BKG103913,Resort Hotel,2022-11-24,2022-12-06,2022-12-11,12,USA,1,2.0,Standard,122.14,Corporate,Check-Out
BKG103914,City Hotel,2023-07-25,2023-12-18,2023-12-26,146,UK,3,0.0,Standard,273.95,Corporate,Canceled
BKG103915,Resort Hotel,2023-11-04,2024-02-02,2024-02-03,90,Singapore,3,1.0,Standard,327.29,Corporate,Check-Out
BKG103916,Resort Hotel,2022-06-06,2022-09-13,2022-09-20,99,France,1,1.0,Standard,334.43,Offline Agent,Canceled
BKG103917,City Hotel,2022-04-08,2022-05-01,2022-05-11,23,,3,0.0,Family,70.22,Online Travel Agent,Check-Out
BKG103918,Resort Hotel,2023-06-30,2023-12-14,2023-12-15,167,USA,4,2.0,Deluxe,291.73,Online Travel Agent,Check-Out
BKG103919,Resort Hotel,2023-08-20,2023-11-13,2023-11-23,85,,2,2.0,Deluxe,103.07,Online Travel Agent,Check-Out
BKG103920,Resort Hotel,2023-02-04,2023-06-08,2023-06-16,124,Singapore,2,0.0,Suite,60.67,Offline Agent,Check-Out
BKG103921,City Hotel,2022-06-29,2022-12-22,2022-12-30,176,UK,1,0.0,Family,86.66,Offline Agent,Check-Out
BKG103922,Resort Hotel,2022-07-26,2022-10-14,2022-10-22,80,USA,2,1.0,Suite,310.25,Direct,Check-Out
BKG103923,City Hotel,2022-09-16,2022-11-02,2022-11-03,47,France,4,2.0,Standard,129.15,Corporate,Check-Out
BKG103924,City Hotel,2023-04-12,2023-04-28,2023-05-08,16,Brazil,3,0.0,Deluxe,159.29,Corporate,Check-Out
BKG103925,City Hotel,2024-06-09,2024-11-20,2024-11-21,164,Canada,3,0.0,Deluxe,259.84,Offline Agent,Check-Out
BKG103926,City Hotel,2024-03-13,2024-04-28,2024-05-06,46,UK,2,1.0,Deluxe,229.64,Online Travel Agent,Check-Out
BKG103927,Resort Hotel,2023-11-29,2023-12-17,2023-12-20,18,USA,2,0.0,Standard,129.41,Direct,Check-Out
BKG103928,Resort Hotel,2022-02-21,2022-03-20,2022-03-21,27,UK,4,0.0,Suite,114.44,Offline Agent,No-Show
BKG103929,Resort Hotel,2022-10-13,2023-02-24,2023-03-01,134,UK,1,0.0,Deluxe,121.23,,Canceled
BKG103930,City Hotel,2023-07-26,2023-11-26,2023-11-30,123,,3,1.0,Standard,77.18,Direct,Check-Out
BKG103931,Resort Hotel,2023-06-24,2023-09-22,2023-10-01,90,USA,4,2.0,Deluxe,119.48,Online Travel Agent,Check-Out
BKG103932,Resort Hotel,2024-01-29,2024-06-18,2024-06-21,141,Brazil,2,1.0,,248.36,Offline Agent,Check-Out
BKG103933,City Hotel,2022-04-20,2022-09-26,2022-09-30,159,France,1,1.0,Deluxe,304.31,Online Travel Agent,Check-Out
BKG103934,Resort Hotel,2023-10-16,2023-12-26,2024-01-03,71,Germany,2,2.0,Family,95.76,Online Travel Agent,Check-Out
BKG103935,City Hotel,2023-08-12,2023-10-19,2023-10-26,68,France,2,0.0,Standard,304.27,Offline Agent,Canceled
BKG103936,Resort Hotel,2022-01-16,2022-01-19,2022-01-25,3,Germany,2,0.0,Suite,153.35,Online Travel Agent,Check-Out
BKG103937,Resort Hotel,2024-03-08,2024-07-16,2024-07-17,130,Singapore,2,2.0,Suite,249.05,Online Travel Agent,Canceled
BKG103938,Resort Hotel,2022-05-20,2022-10-03,2022-10-08,136,UAE,4,1.0,Family,231.55,Corporate,Check-Out
BKG103939,Resort Hotel,2022-03-13,2022-06-16,2022-06-23,95,Germany,3,0.0,Standard,153.13,Offline Agent,Canceled
BKG103940,City Hotel,2023-01-26,2023-05-11,2023-05-18,105,Germany,4,0.0,Deluxe,246.94,Online Travel Agent,Check-Out
BKG103941,City Hotel,2024-03-18,2024-04-04,2024-04-11,17,UAE,1,0.0,Deluxe,346.87,Online Travel Agent,Check-Out
BKG103942,Resort Hotel,2023-05-17,2023-07-08,2023-07-10,52,Canada,2,0.0,Family,258.7,Online Travel Agent,No-Show
BKG103943,Resort Hotel,2022-01-09,2022-03-05,2022-03-13,55,India,2,0.0,,180.11,Corporate,No-Show
BKG103944,Resort Hotel,2023-01-15,2023-05-27,2023-05-30,132,Australia,1,1.0,Deluxe,101.73,Corporate,Check-Out
BKG103945,City Hotel,2023-12-11,2024-02-25,2024-02-28,76,Germany,3,1.0,Deluxe,222.08,Corporate,Canceled
BKG103946,Resort Hotel,2022-11-25,2022-12-10,2022-12-17,15,UAE,3,0.0,Deluxe,226.9,Offline Agent,Canceled
BKG103947,Resort Hotel,2023-03-28,2023-09-03,2023-09-05,159,India,2,0.0,Suite,296.19,Offline Agent,Check-Out
BKG103948,City Hotel,2023-11-09,2024-04-11,2024-04-12,154,India,2,0.0,Standard,261.64,Offline Agent,Check-Out
BKG103949,City Hotel,2024-03-30,2024-06-05,2024-06-10,67,Singapore,3,1.0,Standard,154.73,Offline Agent,Check-Out
BKG103950,City Hotel,2022-07-09,2022-07-17,2022-07-23,8,USA,3,0.0,,328.7,,Check-Out
BKG103951,City Hotel,2024-03-27,2024-06-06,2024-06-07,71,Canada,2,0.0,Suite,93.94,,Check-Out
BKG103952,Resort Hotel,2022-01-25,2022-02-12,2022-02-16,18,UAE,3,0.0,Standard,147.93,Offline Agent,Check-Out
BKG103953,City Hotel,2022-01-20,2022-06-15,2022-06-17,146,France,3,0.0,Suite,336.5,Online Travel Agent,No-Show
BKG103954,City Hotel,2022-01-14,2022-01-24,2022-01-29,10,France,1,0.0,Suite,144.94,Corporate,Check-Out
BKG103955,City Hotel,2023-01-30,2023-06-14,2023-06-18,135,UK,3,2.0,Suite,294.82,Offline Agent,Check-Out
BKG103956,Resort Hotel,2023-07-19,2023-12-14,2023-12-24,148,UAE,2,0.0,Family,174.93,Offline Agent,Check-Out
BKG103957,Resort Hotel,2022-07-17,2022-11-29,2022-11-30,135,USA,4,2.0,Standard,156.11,Direct,Check-Out
BKG103958,Resort Hotel,2022-04-20,2022-07-27,2022-08-02,98,UAE,2,0.0,Suite,77.36,Online Travel Agent,Check-Out
BKG103959,City Hotel,2022-04-22,2022-07-17,2022-07-18,86,USA,4,0.0,Family,285.01,Corporate,Check-Out
BKG103960,Resort Hotel,2024-04-03,2024-08-04,2024-08-11,123,UK,2,0.0,Deluxe,241.49,Online Travel Agent,Check-Out
BKG103961,City Hotel,2023-02-16,2023-06-16,2023-06-17,120,USA,2,0.0,Family,149.11,Corporate,Canceled
BKG103962,Resort Hotel,2022-10-12,2023-01-17,2023-01-27,97,France,4,0.0,Suite,165.99,Online Travel Agent,Canceled
BKG103963,Resort Hotel,2023-07-10,2023-09-06,2023-09-09,58,Canada,1,0.0,Deluxe,308.29,Corporate,Canceled
BKG103964,Resort Hotel,2023-12-01,2024-05-23,2024-05-28,174,Brazil,4,2.0,Family,296.94,Corporate,No-Show
BKG103965,City Hotel,2022-04-05,2022-06-12,2022-06-17,68,Australia,3,,Suite,317.83,Corporate,Canceled
BKG103966,City Hotel,2022-08-29,2023-01-24,2023-01-27,148,Singapore,3,2.0,Standard,275.02,Offline Agent,Canceled
BKG103967,City Hotel,2023-05-05,2023-08-14,2023-08-22,101,Germany,4,0.0,Family,307.57,Online Travel Agent,Check-Out
BKG103968,City Hotel,2022-10-08,2022-11-14,2022-11-20,37,USA,1,2.0,Family,88.89,Direct,Canceled
BKG103969,City Hotel,2023-08-09,2023-12-01,2023-12-06,114,Australia,4,1.0,Family,293.95,Online Travel Agent,Check-Out
BKG103970,City Hotel,2022-03-25,2022-08-22,2022-08-24,150,UK,2,0.0,Suite,107.47,Direct,Check-Out
BKG103971,City Hotel,2023-03-22,2023-08-17,2023-08-25,148,Canada,1,2.0,Suite,290.13,Online Travel Agent,Check-Out
BKG103972,City Hotel,2023-01-19,2023-07-05,2023-07-12,167,Canada,2,2.0,Standard,249.11,Corporate,Canceled
BKG103973,City Hotel,2024-03-14,2024-07-06,2024-07-14,114,Canada,4,0.0,Family,138.79,Online Travel Agent,Check-Out
BKG103974,City Hotel,2023-01-09,2023-01-13,2023-01-15,4,Brazil,3,0.0,Suite,339.19,Online Travel Agent,Check-Out
BKG103975,Resort Hotel,2024-03-14,2024-08-19,2024-08-29,158,UAE,3,1.0,Family,295.55,Direct,Check-Out
BKG103976,City Hotel,2022-10-01,2023-02-18,2023-02-23,140,Australia,3,0.0,,272.44,Direct,Check-Out
BKG103977,City Hotel,2022-12-13,2023-06-07,2023-06-12,176,,2,0.0,Suite,265.49,Direct,Canceled
BKG103978,Resort Hotel,2023-12-04,2024-03-28,2024-03-31,115,Canada,4,1.0,Family,97.91,Corporate,Check-Out
BKG103979,City Hotel,2023-07-24,2023-11-28,2023-11-29,127,Australia,3,0.0,,273.26,Direct,Check-Out
BKG103980,City Hotel,2023-03-10,2023-08-13,2023-08-22,156,France,1,0.0,Suite,285.58,Direct,Check-Out
BKG103981,City Hotel,2024-02-28,2024-07-30,2024-08-04,153,,2,0.0,Family,73.39,Online Travel Agent,Check-Out
BKG103982,City Hotel,2022-08-18,2022-12-18,2022-12-26,122,Canada,4,2.0,Standard,134.25,Offline Agent,No-Show
BKG103983,City Hotel,2023-08-01,2023-08-17,2023-08-27,16,Brazil,1,1.0,Suite,115.98,,Canceled
BKG103984,Resort Hotel,2023-12-05,2024-04-03,2024-04-06,120,USA,3,2.0,,111.02,Online Travel Agent,Check-Out
BKG103985,Resort Hotel,2023-09-20,2024-01-19,2024-01-28,121,Germany,1,1.0,Standard,241.22,Offline Agent,Check-Out
BKG103986,City Hotel,2022-01-22,2022-06-05,2022-06-07,134,Brazil,2,0.0,Standard,278.72,Direct,Check-Out
BKG103987,City Hotel,2024-02-29,2024-06-30,2024-07-05,122,,2,0.0,Deluxe,301.05,Corporate,Check-Out
BKG103988,City Hotel,2022-04-11,2022-08-30,2022-08-31,141,Brazil,1,1.0,Standard,255.09,,Check-Out
BKG103989,Resort Hotel,2022-06-28,2022-11-21,2022-11-26,146,USA,4,0.0,Deluxe,71.43,Offline Agent,No-Show
BKG103990,Resort Hotel,2022-04-07,2022-06-13,2022-06-20,67,UK,3,2.0,Standard,161.17,,Canceled
BKG103991,City Hotel,2023-07-31,2023-08-15,2023-08-21,15,UK,4,,Deluxe,257.19,Corporate,Canceled
BKG103992,City Hotel,2023-07-26,2024-01-14,2024-01-18,172,UK,4,0.0,Suite,315.35,,Check-Out
BKG103993,City Hotel,2024-01-07,2024-05-08,2024-05-12,122,India,3,2.0,Deluxe,242.68,Online Travel Agent,Canceled
BKG103994,Resort Hotel,2024-01-19,2024-03-04,2024-03-12,45,Canada,4,0.0,,258.3,Online Travel Agent,Check-Out
BKG103995,City Hotel,2023-01-02,2023-01-13,2023-01-19,11,Brazil,3,0.0,,105.8,Corporate,Canceled
BKG103996,City Hotel,2023-11-02,2024-04-12,2024-04-17,162,Canada,2,,,101.64,Corporate,Canceled
BKG103997,City Hotel,2022-03-23,2022-05-05,2022-05-14,43,Canada,4,1.0,Suite,108.07,Offline Agent,Canceled
BKG103998,City Hotel,2023-01-28,2023-07-04,2023-07-06,157,UK,1,0.0,Family,65.22,Offline Agent,Check-Out
BKG103999,Resort Hotel,2024-05-04,2024-07-15,2024-07-17,72,UK,3,1.0,Standard,123.92,Corporate,Check-Out
BKG104000,Resort Hotel,2022-03-21,2022-09-17,2022-09-18,180,Brazil,4,0.0,Suite,224.37,Direct,Canceled
BKG104001,Resort Hotel,2022-09-12,2023-01-06,2023-01-07,116,France,2,1.0,Family,165.68,Direct,Canceled
BKG104002,Resort Hotel,2022-11-22,2022-11-29,2022-12-01,7,USA,2,0.0,Standard,120.62,Online Travel Agent,Canceled
BKG104003,Resort Hotel,2023-06-08,2023-08-24,2023-08-30,77,Germany,4,1.0,Family,304.57,Online Travel Agent,Check-Out
BKG104004,Resort Hotel,2024-01-12,2024-07-08,2024-07-10,178,Canada,4,0.0,Suite,224.5,Offline Agent,No-Show
BKG104005,City Hotel,2024-04-01,2024-08-06,2024-08-10,127,Germany,1,0.0,Family,333.68,Direct,Check-Out
BKG104006,City Hotel,2023-09-02,2024-01-03,2024-01-04,123,Brazil,1,0.0,Deluxe,88.33,Offline Agent,Check-Out
BKG104007,City Hotel,2024-04-26,2024-09-14,2024-09-24,141,India,2,,,335.3,Offline Agent,Check-Out
BKG104008,City Hotel,2023-06-21,2023-09-26,2023-10-02,97,India,3,2.0,,183.64,Corporate,Canceled
BKG104009,Resort Hotel,2022-10-05,2022-12-07,2022-12-13,63,,1,0.0,Standard,300.31,Online Travel Agent,No-Show
BKG104010,Resort Hotel,2022-12-14,2022-12-27,2022-12-29,13,Brazil,3,0.0,,327.59,Offline Agent,Check-Out
BKG104011,City Hotel,2022-06-04,2022-10-05,2022-10-12,123,Canada,2,0.0,Family,291.04,Offline Agent,Check-Out
BKG104012,City Hotel,2022-12-02,2023-02-05,2023-02-14,65,,3,1.0,Standard,103.4,,Check-Out
BKG104013,City Hotel,2022-11-14,2023-02-24,2023-03-01,102,Singapore,1,1.0,Family,231.29,Online Travel Agent,Canceled
BKG104014,Resort Hotel,2024-02-18,2024-06-22,2024-06-28,125,Canada,3,0.0,Family,274.23,Online Travel Agent,Canceled
BKG104015,Resort Hotel,2022-11-04,2023-03-27,2023-04-05,143,USA,1,1.0,Family,76.1,Corporate,Check-Out
BKG104016,City Hotel,2023-05-17,2023-05-27,2023-06-05,10,UAE,2,,Standard,202.65,Corporate,Check-Out
BKG104017,City Hotel,2022-10-24,2022-11-16,2022-11-21,23,UK,3,0.0,Family,241.0,Offline Agent,Canceled
BKG104018,Resort Hotel,2022-01-20,2022-06-04,2022-06-13,135,UAE,1,,Standard,305.93,Direct,Check-Out
BKG104019,City Hotel,2023-06-09,2023-11-24,2023-12-01,168,India,2,1.0,Suite,207.86,Direct,Check-Out
BKG104020,Resort Hotel,2023-02-25,2023-07-19,2023-07-28,144,Canada,1,0.0,Family,103.46,Online Travel Agent,Check-Out
BKG104021,City Hotel,2022-01-11,2022-01-22,2022-01-29,11,Brazil,1,0.0,Family,123.79,Direct,Check-Out
BKG104022,Resort Hotel,2022-08-20,2023-01-19,2023-01-27,152,UAE,4,1.0,Suite,273.79,Online Travel Agent,Canceled
BKG104023,City Hotel,2024-03-13,2024-04-03,2024-04-09,21,India,1,0.0,Standard,290.99,Offline Agent,Check-Out
BKG104024,City Hotel,2022-04-24,2022-09-08,2022-09-09,137,UK,1,1.0,Suite,324.65,Corporate,Check-Out
BKG104025,Resort Hotel,2023-03-24,2023-04-19,2023-04-28,26,Australia,4,,Family,199.84,Offline Agent,Check-Out
BKG104026,City Hotel,2022-04-05,2022-09-06,2022-09-09,154,Brazil,2,2.0,Standard,280.32,,Check-Out
BKG104027,Resort Hotel,2023-10-13,2024-03-12,2024-03-15,151,UAE,1,,Family,105.95,Direct,Check-Out
BKG104028,Resort Hotel,2024-04-28,2024-08-24,2024-08-29,118,UK,1,2.0,Standard,256.58,Corporate,Check-Out
BKG104029,Resort Hotel,2024-04-07,2024-06-14,2024-06-19,68,USA,4,1.0,Deluxe,231.36,Direct,Check-Out
BKG104030,Resort Hotel,2023-02-19,2023-03-24,2023-03-25,33,Singapore,2,1.0,Standard,87.85,Direct,Check-Out
BKG104031,Resort Hotel,2024-04-23,2024-10-08,2024-10-09,168,India,1,1.0,Family,313.75,,Check-Out
BKG104032,Resort Hotel,2022-08-20,2022-11-23,2022-11-29,95,Australia,3,2.0,Family,90.63,Offline Agent,Canceled
BKG104033,City Hotel,2023-03-23,2023-09-19,2023-09-26,180,Singapore,2,2.0,Family,177.7,Direct,Check-Out
BKG104034,Resort Hotel,2022-02-25,2022-03-30,2022-04-05,33,UK,2,1.0,Standard,208.9,Direct,Check-Out
BKG104035,Resort Hotel,2024-06-13,2024-08-22,2024-08-28,70,Australia,1,2.0,Suite,348.31,Online Travel Agent,Check-Out
BKG104036,Resort Hotel,2023-07-27,2023-11-22,2023-11-26,118,France,4,0.0,Standard,296.99,Online Travel Agent,No-Show
BKG104037,City Hotel,2023-10-18,2023-10-19,2023-10-26,1,Germany,4,0.0,Deluxe,216.57,Online Travel Agent,Canceled
BKG104038,City Hotel,2022-10-11,2023-01-29,2023-01-30,110,India,2,0.0,Family,302.6,Online Travel Agent,Check-Out
BKG104039,Resort Hotel,2023-08-02,2024-01-23,2024-01-27,174,France,4,0.0,Suite,240.91,Offline Agent,Canceled
BKG104040,Resort Hotel,2022-02-22,2022-08-03,2022-08-09,162,UK,2,0.0,Family,136.21,Online Travel Agent,Check-Out
BKG104041,Resort Hotel,2023-04-12,2023-07-29,2023-08-03,108,India,3,,Suite,349.36,Online Travel Agent,Canceled
BKG104042,City Hotel,2022-05-02,2022-10-08,2022-10-17,159,Germany,3,1.0,Standard,155.24,Corporate,Check-Out
BKG104043,City Hotel,2022-11-11,2022-11-17,2022-11-24,6,India,2,,Family,107.74,Direct,Check-Out
BKG104044,City Hotel,2022-08-18,2022-10-04,2022-10-05,47,USA,3,0.0,Suite,339.0,Corporate,Canceled
BKG104045,Resort Hotel,2022-04-30,2022-06-17,2022-06-23,48,Canada,2,0.0,Family,195.75,Corporate,Check-Out
BKG104046,Resort Hotel,2023-01-06,2023-02-06,2023-02-10,31,,1,2.0,Standard,244.18,Corporate,Canceled
BKG104047,Resort Hotel,2024-04-21,2024-07-04,2024-07-06,74,Canada,2,0.0,,340.65,Online Travel Agent,No-Show
BKG104048,Resort Hotel,2024-01-23,2024-04-27,2024-04-29,95,Germany,3,1.0,Deluxe,228.34,,Check-Out
BKG104049,City Hotel,2023-10-02,2023-11-08,2023-11-15,37,Brazil,3,1.0,Deluxe,125.58,Online Travel Agent,Check-Out
BKG104050,City Hotel,2022-06-04,2022-11-23,2022-11-29,172,India,2,0.0,Suite,234.79,Offline Agent,Check-Out
BKG104051,Resort Hotel,2024-04-10,2024-04-21,2024-04-29,11,Germany,1,0.0,Family,147.48,Direct,Check-Out
BKG104052,Resort Hotel,2022-11-01,2023-04-07,2023-04-09,157,Brazil,2,0.0,Deluxe,215.21,Offline Agent,Check-Out
BKG104053,City Hotel,2022-10-22,2022-12-09,2022-12-16,48,Germany,3,0.0,Standard,340.7,Corporate,Canceled
BKG104054,Resort Hotel,2022-11-19,2023-05-15,2023-05-25,177,UAE,3,0.0,Standard,336.17,Corporate,No-Show
BKG104055,City Hotel,2022-10-28,2023-02-02,2023-02-06,97,,1,2.0,Deluxe,189.85,Direct,No-Show
BKG104056,Resort Hotel,2024-02-17,2024-02-28,2024-03-02,11,Germany,2,0.0,Deluxe,141.55,Direct,Check-Out
BKG104057,Resort Hotel,2023-08-07,2023-11-13,2023-11-14,98,Canada,2,0.0,Standard,67.86,Corporate,Check-Out
BKG104058,City Hotel,2024-03-07,2024-05-25,2024-05-29,79,Canada,4,1.0,Standard,184.33,Offline Agent,Check-Out
BKG104059,City Hotel,2023-02-03,2023-02-13,2023-02-16,10,Australia,4,0.0,Deluxe,198.22,Offline Agent,Check-Out
BKG104060,Resort Hotel,2023-01-01,2023-02-22,2023-03-02,52,Germany,2,2.0,Deluxe,76.79,Online Travel Agent,Check-Out
BKG104061,Resort Hotel,2022-01-31,2022-02-23,2022-03-05,23,Canada,2,0.0,Suite,194.6,Online Travel Agent,Check-Out
BKG104062,City Hotel,2023-02-10,2023-03-17,2023-03-19,35,Germany,1,2.0,Family,207.03,Offline Agent,Check-Out
BKG104063,City Hotel,2023-12-04,2024-01-17,2024-01-26,44,India,1,1.0,Standard,217.89,Offline Agent,Canceled
BKG104064,Resort Hotel,2023-02-13,2023-06-22,2023-07-01,129,France,1,0.0,Deluxe,201.04,Corporate,Check-Out
BKG104065,City Hotel,2023-11-20,2024-01-27,2024-02-03,68,,3,2.0,Standard,329.38,Offline Agent,Check-Out
BKG104066,City Hotel,2022-06-10,2022-11-18,2022-11-23,161,Brazil,1,2.0,Family,236.8,Online Travel Agent,Check-Out
BKG104067,Resort Hotel,2022-02-12,2022-07-04,2022-07-05,142,Brazil,2,0.0,Suite,222.04,Corporate,Check-Out
BKG104068,Resort Hotel,2023-06-28,2023-10-22,2023-10-31,116,Germany,1,0.0,Suite,320.24,Offline Agent,Canceled
BKG104069,Resort Hotel,2022-11-22,2023-04-09,2023-04-16,138,USA,4,0.0,Deluxe,172.2,Online Travel Agent,Check-Out
BKG104070,City Hotel,2023-06-01,2023-11-24,2023-11-25,176,France,4,1.0,Standard,276.83,Corporate,Canceled
BKG104071,City Hotel,2023-09-13,2024-02-07,2024-02-15,147,Singapore,3,0.0,Standard,245.7,Direct,Check-Out
BKG104072,City Hotel,2022-06-27,2022-12-08,2022-12-14,164,Singapore,2,1.0,Family,91.01,Online Travel Agent,Check-Out
BKG104073,Resort Hotel,2022-03-24,2022-06-17,2022-06-23,85,,4,2.0,Family,335.63,,Canceled
BKG104074,Resort Hotel,2022-10-18,2022-11-29,2022-12-01,42,France,4,0.0,Family,172.43,Corporate,No-Show
BKG104075,Resort Hotel,2022-09-16,2022-11-18,2022-11-22,63,Canada,1,1.0,Deluxe,343.05,Online Travel Agent,Check-Out
BKG104076,City Hotel,2024-06-03,2024-11-07,2024-11-15,157,India,4,1.0,Family,99.11,Corporate,Canceled
BKG104077,City Hotel,2023-02-15,2023-04-20,2023-04-21,64,Australia,1,0.0,Family,188.24,Direct,Check-Out
BKG104078,Resort Hotel,2023-09-22,2024-03-18,2024-03-26,178,UAE,3,1.0,Suite,159.45,Corporate,Check-Out
BKG104079,Resort Hotel,2022-12-09,2023-05-01,2023-05-08,143,Brazil,4,,Standard,110.61,Offline Agent,Check-Out
BKG104080,Resort Hotel,2024-01-06,2024-04-22,2024-04-30,107,USA,3,0.0,Suite,185.7,Corporate,Check-Out
BKG104081,Resort Hotel,2023-06-14,2023-07-25,2023-08-02,41,Germany,2,2.0,Deluxe,178.07,Direct,Canceled
BKG104082,City Hotel,2023-11-14,2024-04-17,2024-04-26,155,Australia,4,0.0,Family,104.99,Direct,Check-Out
BKG104083,City Hotel,2023-03-18,2023-04-09,2023-04-10,22,France,2,0.0,Standard,176.42,Corporate,Check-Out
BKG104084,Resort Hotel,2023-10-30,2023-11-19,2023-11-24,20,UAE,2,1.0,Standard,102.24,Offline Agent,Check-Out
BKG104085,City Hotel,2024-01-18,2024-02-06,2024-02-09,19,India,4,1.0,Family,309.91,Online Travel Agent,Check-Out
BKG104086,Resort Hotel,2024-03-12,2024-03-21,2024-03-31,9,Australia,1,0.0,Family,73.62,Corporate,Canceled
BKG104087,Resort Hotel,2023-08-31,2023-11-21,2023-11-26,82,India,3,0.0,Standard,331.29,Online Travel Agent,Check-Out
BKG104088,Resort Hotel,2023-06-16,2023-08-23,2023-08-30,68,India,2,1.0,Suite,270.88,Direct,Canceled
BKG104089,Resort Hotel,2022-05-14,2022-08-09,2022-08-18,87,UK,4,0.0,Standard,76.38,Offline Agent,No-Show
BKG104090,Resort Hotel,2023-01-18,2023-04-30,2023-05-10,102,Singapore,1,0.0,Family,277.35,Online Travel Agent,Canceled
BKG104091,Resort Hotel,2024-04-13,2024-08-17,2024-08-19,126,UAE,2,0.0,Standard,60.27,Online Travel Agent,Check-Out
BKG104092,City Hotel,2022-06-30,2022-08-06,2022-08-14,37,Australia,4,0.0,,131.11,Direct,Canceled
BKG104093,City Hotel,2023-11-21,2024-05-14,2024-05-20,175,Canada,1,0.0,Family,342.21,Corporate,Check-Out
BKG104094,Resort Hotel,2023-02-26,2023-03-01,2023-03-04,3,Singapore,3,,Family,314.39,Corporate,Check-Out
BKG104095,Resort Hotel,2023-10-17,2024-03-08,2024-03-16,143,India,3,2.0,Suite,330.28,Online Travel Agent,Check-Out
BKG104096,Resort Hotel,2022-11-27,2023-01-07,2023-01-16,41,Australia,2,0.0,Suite,74.42,Direct,Check-Out
BKG104097,City Hotel,2023-11-06,2024-01-08,2024-01-11,63,,4,1.0,Deluxe,264.42,Direct,Canceled
BKG104098,City Hotel,2022-05-29,2022-10-27,2022-11-01,151,France,3,1.0,Standard,212.34,Corporate,No-Show
BKG104099,City Hotel,2023-04-29,2023-08-23,2023-08-26,116,UK,3,1.0,Deluxe,268.62,Corporate,Check-Out
BKG104100,City Hotel,2024-03-25,2024-03-27,2024-04-03,2,Singapore,4,0.0,Suite,66.32,Corporate,No-Show
BKG104101,City Hotel,2023-09-21,2024-01-29,2024-02-01,130,UK,2,0.0,Standard,169.99,Direct,Check-Out
BKG104102,Resort Hotel,2023-03-10,2023-06-09,2023-06-18,91,UK,3,2.0,Suite,196.25,Online Travel Agent,Check-Out
BKG104103,City Hotel,2023-10-21,2024-01-22,2024-01-30,93,Germany,1,0.0,Suite,282.44,Corporate,Canceled
BKG104104,City Hotel,2022-12-25,2023-01-23,2023-01-26,29,France,2,0.0,Standard,119.33,Offline Agent,Check-Out
BKG104105,Resort Hotel,2023-06-11,2023-06-16,2023-06-23,5,Brazil,2,0.0,Suite,332.6,Corporate,Check-Out
BKG104106,City Hotel,2023-04-06,2023-08-22,2023-08-27,138,Germany,3,2.0,Standard,65.96,Direct,Check-Out
BKG104107,Resort Hotel,2022-03-17,2022-08-27,2022-08-29,163,USA,1,0.0,Standard,174.1,Corporate,Check-Out
BKG104108,City Hotel,2024-02-26,2024-07-01,2024-07-10,126,India,2,1.0,Family,244.34,Online Travel Agent,Check-Out
BKG104109,Resort Hotel,2022-01-29,2022-05-22,2022-05-23,113,Australia,3,0.0,Deluxe,245.15,Direct,Check-Out
BKG104110,Resort Hotel,2022-07-03,2022-09-06,2022-09-10,65,India,2,,Family,157.07,Online Travel Agent,Check-Out
BKG104111,City Hotel,2023-05-18,2023-05-28,2023-06-05,10,Canada,2,1.0,Suite,235.24,,Canceled
BKG104112,Resort Hotel,2023-10-30,2023-12-17,2023-12-27,48,,4,0.0,Suite,172.75,Corporate,Check-Out
BKG104113,City Hotel,2022-04-21,2022-10-11,2022-10-21,173,Brazil,2,2.0,Deluxe,325.2,Direct,Check-Out
BKG104114,City Hotel,2022-05-31,2022-11-01,2022-11-02,154,,1,1.0,Suite,292.95,,Check-Out
BKG104115,City Hotel,2022-10-18,2023-02-09,2023-02-18,114,Germany,4,0.0,Deluxe,164.72,Direct,Check-Out
BKG104116,Resort Hotel,2023-10-26,2024-02-17,2024-02-27,114,France,2,0.0,Family,289.96,Corporate,Canceled
BKG104117,City Hotel,2024-06-19,2024-07-05,2024-07-15,16,UAE,4,0.0,Standard,309.22,Direct,Check-Out
BKG104118,City Hotel,2022-01-21,2022-01-26,2022-01-27,5,Brazil,2,1.0,Suite,213.22,Offline Agent,Check-Out
BKG104119,Resort Hotel,2022-01-06,2022-04-05,2022-04-07,89,Australia,2,0.0,Deluxe,125.92,Online Travel Agent,Check-Out
BKG104120,Resort Hotel,2022-01-03,2022-03-28,2022-04-01,84,UK,4,1.0,Family,346.02,Direct,Canceled
BKG104121,City Hotel,2023-05-25,2023-08-06,2023-08-13,73,UAE,2,0.0,,174.61,Online Travel Agent,Check-Out
BKG104122,Resort Hotel,2022-12-23,2023-02-02,2023-02-07,41,Canada,2,,Suite,202.68,Offline Agent,Check-Out
BKG104123,City Hotel,2024-01-21,2024-02-14,2024-02-19,24,USA,3,0.0,Family,249.7,,Check-Out
BKG104124,City Hotel,2023-11-26,2024-04-21,2024-04-28,147,India,2,0.0,Deluxe,254.05,Offline Agent,Check-Out
BKG104125,City Hotel,2023-11-12,2023-12-01,2023-12-07,19,Singapore,4,0.0,Suite,253.07,Online Travel Agent,Check-Out
BKG104126,Resort Hotel,2022-03-02,2022-05-23,2022-05-25,82,India,2,0.0,Deluxe,85.72,,Check-Out
BKG104127,Resort Hotel,2023-03-21,2023-07-14,2023-07-17,115,France,1,1.0,Suite,162.99,Corporate,Check-Out
BKG104128,Resort Hotel,2022-03-21,2022-08-26,2022-09-02,158,USA,4,1.0,Suite,259.03,Online Travel Agent,Canceled
BKG104129,City Hotel,2022-08-29,2022-11-06,2022-11-07,69,UAE,1,0.0,Suite,346.3,Offline Agent,Check-Out
BKG104130,City Hotel,2022-11-08,2023-03-06,2023-03-12,118,Germany,4,,Deluxe,165.2,Offline Agent,Check-Out
BKG104131,City Hotel,2022-11-05,2022-11-26,2022-11-27,21,,3,0.0,Standard,185.63,Direct,Check-Out
BKG104132,City Hotel,2022-02-25,2022-07-31,2022-08-05,156,,4,0.0,Family,94.01,Online Travel Agent,Canceled
BKG104133,Resort Hotel,2024-05-03,2024-07-27,2024-07-31,85,UAE,4,0.0,Deluxe,302.54,Corporate,Check-Out
BKG104134,Resort Hotel,2023-09-03,2023-09-03,2023-09-11,0,India,1,1.0,,103.19,Online Travel Agent,Check-Out
BKG104135,City Hotel,2022-02-27,2022-06-29,2022-07-01,122,Brazil,1,1.0,Standard,175.44,Direct,Check-Out
BKG104136,Resort Hotel,2024-06-09,2024-10-04,2024-10-05,117,USA,3,2.0,Family,77.0,Offline Agent,Check-Out
BKG104137,City Hotel,2023-03-18,2023-09-06,2023-09-10,172,,1,2.0,Family,226.82,Online Travel Agent,Check-Out
BKG104138,Resort Hotel,2023-09-29,2024-01-06,2024-01-07,99,UK,4,0.0,Deluxe,238.61,Direct,Check-Out
BKG104139,Resort Hotel,2023-11-17,2024-03-21,2024-03-30,125,France,3,1.0,Deluxe,191.17,Offline Agent,Check-Out
BKG104140,City Hotel,2023-02-17,2023-07-02,2023-07-09,135,Singapore,4,0.0,Deluxe,189.63,Direct,Check-Out
BKG104141,City Hotel,2024-03-09,2024-03-18,2024-03-28,9,Canada,4,0.0,Suite,320.82,Corporate,Check-Out
BKG104142,Resort Hotel,2024-04-11,2024-05-30,2024-06-03,49,,4,1.0,Suite,308.79,Offline Agent,Check-Out
BKG104143,Resort Hotel,2024-01-20,2024-06-01,2024-06-03,133,France,3,0.0,Family,215.35,Corporate,Canceled
BKG104144,City Hotel,2023-10-20,2023-11-19,2023-11-23,30,India,4,0.0,Suite,181.84,Direct,Check-Out
BKG104145,Resort Hotel,2024-03-12,2024-05-06,2024-05-08,55,Canada,3,2.0,Standard,178.41,,Check-Out
BKG104146,Resort Hotel,2023-11-01,2024-04-05,2024-04-07,156,Germany,3,0.0,Family,208.67,Online Travel Agent,Check-Out
BKG104147,City Hotel,2023-03-27,2023-08-26,2023-08-27,152,Brazil,3,1.0,Suite,272.76,Online Travel Agent,Canceled
BKG104148,Resort Hotel,2023-11-30,2024-04-17,2024-04-19,139,Brazil,3,0.0,Suite,235.41,Direct,Check-Out
BKG104149,Resort Hotel,2023-08-02,2023-08-25,2023-08-27,23,India,2,1.0,Family,288.99,Online Travel Agent,Check-Out
BKG104150,City Hotel,2024-04-26,2024-09-06,2024-09-08,133,Australia,3,0.0,Family,309.44,Online Travel Agent,Check-Out
BKG104151,City Hotel,2024-02-17,2024-06-15,2024-06-18,119,Canada,3,0.0,Standard,341.4,Online Travel Agent,Check-Out
BKG104152,Resort Hotel,2023-06-16,2023-09-12,2023-09-21,88,France,2,0.0,Family,349.69,Offline Agent,Canceled
BKG104153,Resort Hotel,2023-08-27,2024-02-22,2024-02-28,179,India,4,0.0,Deluxe,142.61,,Check-Out
BKG104154,City Hotel,2023-01-10,2023-01-26,2023-02-04,16,,4,0.0,Deluxe,189.72,Corporate,Check-Out
BKG104155,City Hotel,2023-10-11,2024-02-07,2024-02-14,119,Singapore,3,0.0,Deluxe,236.91,Direct,No-Show
BKG104156,City Hotel,2022-03-19,2022-08-19,2022-08-29,153,Germany,1,0.0,Deluxe,62.91,Corporate,Canceled
BKG104157,City Hotel,2024-05-05,2024-06-08,2024-06-11,34,India,4,1.0,Suite,262.23,Corporate,Canceled
BKG104158,City Hotel,2022-06-19,2022-10-05,2022-10-14,108,UAE,2,0.0,Suite,238.93,Direct,Check-Out
BKG104159,Resort Hotel,2022-09-20,2023-02-04,2023-02-07,137,USA,1,0.0,Standard,211.55,Corporate,Check-Out
BKG104160,City Hotel,2022-12-14,2023-04-15,2023-04-22,122,USA,3,0.0,Deluxe,254.94,Corporate,No-Show
BKG104161,Resort Hotel,2024-04-05,2024-06-07,2024-06-10,63,Brazil,2,1.0,Family,164.87,Direct,Check-Out
BKG104162,Resort Hotel,2022-11-24,2023-01-05,2023-01-11,42,France,2,0.0,,102.69,Online Travel Agent,Canceled
BKG104163,Resort Hotel,2023-08-06,2023-11-03,2023-11-11,89,Singapore,4,0.0,Standard,333.51,Offline Agent,Check-Out
BKG104164,City Hotel,2022-08-17,2022-11-20,2022-11-21,95,UAE,1,,Standard,265.74,Corporate,Canceled
BKG104165,Resort Hotel,2022-06-24,2022-11-27,2022-12-02,156,Singapore,1,1.0,Family,308.8,Direct,Check-Out
BKG104166,City Hotel,2022-12-22,2023-05-04,2023-05-12,133,India,2,2.0,Family,114.89,Direct,Check-Out
BKG104167,Resort Hotel,2023-01-05,2023-05-14,2023-05-22,129,,2,1.0,Suite,65.65,Direct,Canceled
BKG104168,City Hotel,2022-05-20,2022-09-04,2022-09-07,107,UAE,2,0.0,Standard,341.87,Online Travel Agent,Check-Out
BKG104169,Resort Hotel,2022-07-22,2022-08-25,2022-09-02,34,France,1,0.0,Family,302.31,Offline Agent,Canceled
BKG104170,Resort Hotel,2024-02-15,2024-05-22,2024-05-31,97,Germany,4,0.0,Family,273.47,Offline Agent,Check-Out
BKG104171,Resort Hotel,2022-02-01,2022-07-27,2022-08-02,176,UK,2,2.0,Deluxe,113.45,Direct,No-Show
BKG104172,City Hotel,2024-06-08,2024-11-11,2024-11-18,156,Germany,3,1.0,Family,259.5,Offline Agent,Check-Out
BKG104173,Resort Hotel,2022-10-23,2023-01-16,2023-01-18,85,UK,2,0.0,Deluxe,328.76,Online Travel Agent,Check-Out
BKG104174,City Hotel,2024-06-16,2024-12-01,2024-12-05,168,UK,3,1.0,Family,301.03,Online Travel Agent,Check-Out
BKG104175,City Hotel,2022-02-28,2022-06-22,2022-06-24,114,Brazil,4,0.0,Deluxe,325.59,Corporate,Check-Out
BKG104176,Resort Hotel,2022-02-07,2022-05-16,2022-05-25,98,USA,2,2.0,Family,268.93,Direct,No-Show
BKG104177,City Hotel,2023-06-13,2023-09-17,2023-09-18,96,Canada,3,0.0,Standard,200.58,,Check-Out
BKG104178,City Hotel,2023-10-29,2023-12-16,2023-12-17,48,UK,3,1.0,Suite,233.56,Online Travel Agent,Check-Out
BKG104179,Resort Hotel,2023-01-28,2023-07-04,2023-07-09,157,Singapore,1,0.0,Standard,122.13,Offline Agent,Canceled
BKG104180,Resort Hotel,2023-06-22,2023-07-09,2023-07-11,17,Germany,1,1.0,Family,88.84,Online Travel Agent,Check-Out
BKG104181,City Hotel,2023-02-28,2023-07-08,2023-07-09,130,France,3,,Suite,252.08,,Canceled
BKG104182,City Hotel,2023-05-15,2023-06-18,2023-06-20,34,Canada,2,0.0,Family,185.14,Direct,Canceled
BKG104183,City Hotel,2024-03-11,2024-05-07,2024-05-09,57,Germany,1,2.0,Suite,75.9,Direct,Check-Out
BKG104184,City Hotel,2023-08-29,2023-12-27,2024-01-06,120,Singapore,4,0.0,Suite,337.98,Direct,Check-Out
BKG104185,City Hotel,2022-05-05,2022-09-24,2022-09-25,142,France,1,2.0,Family,305.99,,Check-Out
BKG104186,City Hotel,2024-01-01,2024-06-26,2024-06-30,177,UAE,1,0.0,Family,106.25,Corporate,Check-Out
BKG104187,City Hotel,2022-08-11,2022-08-25,2022-08-28,14,Singapore,2,0.0,Standard,98.55,Offline Agent,Canceled
BKG104188,City Hotel,2022-01-18,2022-04-06,2022-04-09,78,Singapore,2,,Standard,203.24,Online Travel Agent,Check-Out
BKG104189,City Hotel,2023-09-18,2023-10-30,2023-10-31,42,USA,4,0.0,Family,67.05,Corporate,Check-Out
BKG104190,Resort Hotel,2023-04-10,2023-05-22,2023-05-29,42,India,1,2.0,Suite,317.58,Direct,Check-Out
BKG104191,Resort Hotel,2022-02-13,2022-02-17,2022-02-19,4,UAE,4,2.0,Standard,251.06,Direct,Check-Out
BKG104192,Resort Hotel,2023-10-15,2023-11-27,2023-11-30,43,Germany,2,2.0,Family,249.18,Online Travel Agent,Check-Out
BKG104193,Resort Hotel,2024-05-20,2024-10-11,2024-10-20,144,France,1,2.0,Family,150.4,Offline Agent,Check-Out
BKG104194,City Hotel,2023-12-23,2024-02-21,2024-02-28,60,,1,1.0,Standard,203.65,Corporate,Check-Out
BKG104195,Resort Hotel,2023-12-14,2024-05-08,2024-05-17,146,UAE,1,1.0,,273.39,Direct,No-Show
BKG104196,City Hotel,2023-01-07,2023-01-13,2023-01-15,6,USA,4,0.0,Standard,182.15,Corporate,Canceled
BKG104197,City Hotel,2023-08-14,2023-10-22,2023-10-29,69,USA,1,1.0,,130.83,Online Travel Agent,Check-Out
BKG104198,Resort Hotel,2023-11-05,2023-12-07,2023-12-08,32,France,4,1.0,Standard,118.87,Offline Agent,Check-Out
BKG104199,Resort Hotel,2023-10-16,2023-12-06,2023-12-12,51,Brazil,4,1.0,Standard,157.86,Direct,Canceled
BKG104200,Resort Hotel,2022-08-19,2023-02-04,2023-02-13,169,Brazil,3,1.0,Standard,140.61,Corporate,Canceled
BKG104201,City Hotel,2022-01-20,2022-07-18,2022-07-19,179,UK,1,2.0,Family,146.55,Offline Agent,Check-Out
BKG104202,City Hotel,2022-04-05,2022-06-23,2022-06-30,79,India,2,0.0,Standard,137.72,Direct,Check-Out
BKG104203,City Hotel,2024-02-26,2024-08-06,2024-08-12,162,Australia,3,2.0,Suite,267.82,Direct,Check-Out
BKG104204,Resort Hotel,2023-05-30,2023-06-26,2023-07-06,27,USA,1,0.0,Family,121.95,Corporate,Check-Out
BKG104205,Resort Hotel,2023-06-19,2023-11-06,2023-11-16,140,Canada,1,1.0,Suite,275.8,,Check-Out
BKG104206,City Hotel,2022-12-18,2023-01-17,2023-01-27,30,Canada,2,1.0,Suite,296.28,Online Travel Agent,Check-Out
BKG104207,City Hotel,2022-04-07,2022-07-16,2022-07-19,100,Germany,2,2.0,Family,241.92,Corporate,Check-Out
BKG104208,Resort Hotel,2024-06-19,2024-11-28,2024-12-07,162,France,4,0.0,Family,62.95,Online Travel Agent,Canceled
BKG104209,City Hotel,2024-04-28,2024-06-25,2024-07-02,58,France,3,0.0,,142.45,Corporate,Check-Out
BKG104210,Resort Hotel,2022-05-27,2022-09-24,2022-09-26,120,France,4,,Suite,157.76,Corporate,Check-Out
BKG104211,City Hotel,2023-07-28,2023-08-10,2023-08-11,13,,2,2.0,Suite,320.34,Corporate,Check-Out
BKG104212,City Hotel,2022-11-19,2023-03-07,2023-03-12,108,Germany,2,1.0,Family,259.5,Online Travel Agent,Check-Out
BKG104213,Resort Hotel,2024-03-13,2024-08-16,2024-08-17,156,France,2,0.0,,153.79,,Check-Out
BKG104214,City Hotel,2022-06-04,2022-07-24,2022-07-31,50,India,1,1.0,Family,145.72,Online Travel Agent,Check-Out
BKG104215,Resort Hotel,2023-01-07,2023-02-19,2023-02-25,43,Germany,3,0.0,Suite,251.62,Online Travel Agent,Check-Out
BKG104216,Resort Hotel,2022-07-10,2022-08-26,2022-09-04,47,Canada,1,2.0,Suite,160.46,Corporate,Check-Out
BKG104217,City Hotel,2022-04-09,2022-07-17,2022-07-21,99,Singapore,4,,Deluxe,70.49,Online Travel Agent,Check-Out
BKG104218,Resort Hotel,2023-09-21,2023-11-12,2023-11-16,52,India,4,2.0,Deluxe,242.87,Offline Agent,Check-Out
BKG104219,City Hotel,2022-12-29,2023-04-19,2023-04-21,111,France,2,0.0,Family,286.62,Corporate,Canceled
BKG104220,City Hotel,2024-05-06,2024-09-05,2024-09-12,122,Australia,3,1.0,Deluxe,220.95,Corporate,Canceled
BKG104221,City Hotel,2023-07-23,2023-09-27,2023-10-03,66,Germany,1,0.0,Deluxe,248.14,,Check-Out
BKG104222,Resort Hotel,2022-01-16,2022-06-13,2022-06-23,148,UK,2,,Suite,185.26,Corporate,Canceled
BKG104223,Resort Hotel,2022-04-20,2022-06-23,2022-06-27,64,India,2,0.0,,258.21,Direct,Canceled
BKG104224,Resort Hotel,2023-11-20,2024-04-06,2024-04-13,138,,3,2.0,Standard,94.17,Corporate,Check-Out
BKG104225,City Hotel,2024-05-26,2024-07-17,2024-07-27,52,Canada,1,0.0,Deluxe,116.48,Online Travel Agent,Canceled
BKG104226,City Hotel,2023-07-09,2023-09-04,2023-09-05,57,India,2,2.0,Standard,321.36,Offline Agent,Check-Out
BKG104227,Resort Hotel,2023-04-21,2023-08-01,2023-08-11,102,India,2,0.0,Suite,228.69,Online Travel Agent,Canceled
BKG104228,City Hotel,2022-04-14,2022-09-09,2022-09-17,148,France,1,2.0,Suite,162.66,Corporate,Canceled
BKG104229,City Hotel,2022-10-12,2022-10-18,2022-10-25,6,Australia,1,0.0,Family,131.7,Direct,Check-Out
BKG104230,City Hotel,2022-11-09,2023-01-10,2023-01-12,62,Brazil,3,0.0,Suite,179.81,Offline Agent,Check-Out
BKG104231,City Hotel,2023-07-31,2023-11-04,2023-11-07,96,Germany,4,0.0,Deluxe,107.58,Corporate,Canceled
BKG104232,Resort Hotel,2023-05-16,2023-05-26,2023-05-30,10,UAE,1,2.0,,253.37,Offline Agent,Canceled
BKG104233,Resort Hotel,2023-12-01,2023-12-28,2024-01-02,27,,1,0.0,Family,149.38,Direct,Check-Out
BKG104234,City Hotel,2023-08-15,2023-12-22,2023-12-30,129,India,4,2.0,Suite,84.9,Online Travel Agent,Check-Out
BKG104235,City Hotel,2023-04-28,2023-04-29,2023-05-02,1,Germany,3,0.0,Family,311.05,Corporate,Canceled
BKG104236,Resort Hotel,2022-08-09,2022-12-05,2022-12-09,118,Singapore,1,0.0,,123.18,Direct,Check-Out
BKG104237,Resort Hotel,2022-07-12,2022-10-08,2022-10-16,88,Australia,1,,Standard,277.39,Online Travel Agent,Check-Out
BKG104238,City Hotel,2022-10-21,2023-02-16,2023-02-23,118,Canada,2,0.0,Family,189.12,,Canceled
BKG104239,City Hotel,2022-11-16,2022-12-16,2022-12-21,30,France,3,0.0,Family,290.12,Direct,Check-Out
BKG104240,City Hotel,2022-04-11,2022-07-21,2022-07-30,101,Germany,3,2.0,Family,111.08,Online Travel Agent,Check-Out
BKG104241,Resort Hotel,2024-06-08,2024-11-20,2024-11-29,165,USA,3,0.0,Suite,219.16,Corporate,Check-Out
BKG104242,Resort Hotel,2024-01-24,2024-02-19,2024-02-26,26,France,3,1.0,,62.83,Online Travel Agent,Canceled
BKG104243,Resort Hotel,2023-11-19,2023-12-22,2023-12-27,33,Singapore,3,1.0,,293.86,Offline Agent,Check-Out
BKG104244,City Hotel,2022-07-30,2022-10-05,2022-10-12,67,Germany,1,2.0,Standard,192.68,Corporate,Check-Out
BKG104245,Resort Hotel,2023-12-08,2023-12-31,2024-01-09,23,UK,1,0.0,Deluxe,190.91,Online Travel Agent,Check-Out
BKG104246,Resort Hotel,2022-01-07,2022-06-22,2022-06-26,166,France,1,2.0,Standard,288.26,Online Travel Agent,Check-Out
BKG104247,City Hotel,2023-05-17,2023-08-30,2023-09-04,105,Singapore,2,1.0,Standard,117.3,Direct,Canceled
BKG104248,Resort Hotel,2024-01-16,2024-05-16,2024-05-19,121,Singapore,2,1.0,Standard,294.85,Corporate,Check-Out
BKG104249,Resort Hotel,2022-08-01,2023-01-16,2023-01-26,168,India,2,0.0,Deluxe,259.63,,Check-Out
BKG104250,City Hotel,2023-05-14,2023-05-30,2023-06-06,16,USA,1,,Family,130.86,Offline Agent,Check-Out
BKG104251,City Hotel,2022-06-08,2022-10-16,2022-10-24,130,UK,3,2.0,,348.29,Corporate,Check-Out
BKG104252,City Hotel,2022-03-14,2022-03-14,2022-03-20,0,,1,0.0,Standard,230.42,Direct,Check-Out
BKG104253,City Hotel,2023-11-17,2024-01-18,2024-01-26,62,Brazil,2,2.0,Deluxe,247.95,Online Travel Agent,Canceled
BKG104254,City Hotel,2022-06-08,2022-07-25,2022-08-02,47,Germany,1,0.0,Suite,183.45,Direct,Canceled
BKG104255,Resort Hotel,2023-03-08,2023-08-06,2023-08-15,151,India,2,,Family,334.46,Direct,Check-Out
BKG104256,Resort Hotel,2024-04-13,2024-08-21,2024-08-28,130,Germany,1,0.0,Standard,158.79,Offline Agent,Check-Out
BKG104257,Resort Hotel,2022-01-31,2022-02-16,2022-02-26,16,France,3,1.0,Standard,202.45,Direct,Check-Out
BKG104258,Resort Hotel,2022-01-01,2022-03-07,2022-03-12,65,India,4,0.0,Deluxe,347.65,Offline Agent,Check-Out
BKG104259,City Hotel,2023-07-16,2023-11-07,2023-11-12,114,,3,1.0,Family,113.89,Online Travel Agent,Check-Out
BKG104260,City Hotel,2022-08-15,2022-09-17,2022-09-25,33,Germany,4,1.0,Suite,67.35,Online Travel Agent,Canceled
BKG104261,City Hotel,2023-02-22,2023-07-14,2023-07-24,142,France,1,1.0,Standard,164.32,Offline Agent,Check-Out
BKG104262,Resort Hotel,2022-09-15,2023-02-26,2023-03-02,164,Germany,4,1.0,Family,330.13,Corporate,Check-Out
BKG104263,City Hotel,2022-03-29,2022-08-05,2022-08-10,129,Canada,3,0.0,Family,159.37,Corporate,Check-Out
BKG104264,Resort Hotel,2023-12-06,2024-05-10,2024-05-15,156,Singapore,3,2.0,Deluxe,127.78,Offline Agent,Check-Out
BKG104265,City Hotel,2023-07-09,2023-11-30,2023-12-03,144,India,2,2.0,Suite,317.14,Direct,Check-Out
BKG104266,Resort Hotel,2022-11-29,2022-11-30,2022-12-03,1,UK,3,1.0,Standard,203.99,Offline Agent,Canceled
BKG104267,Resort Hotel,2022-06-27,2022-12-02,2022-12-08,158,Germany,1,1.0,Family,280.12,Offline Agent,Check-Out
BKG104268,Resort Hotel,2022-06-15,2022-11-12,2022-11-17,150,France,1,0.0,Deluxe,301.87,,Check-Out
BKG104269,City Hotel,2023-10-03,2023-11-12,2023-11-19,40,UAE,1,2.0,Standard,272.03,Online Travel Agent,Check-Out
BKG104270,Resort Hotel,2024-03-06,2024-04-01,2024-04-11,26,,4,,Deluxe,311.32,Online Travel Agent,Check-Out
BKG104271,City Hotel,2023-09-30,2023-12-16,2023-12-17,77,UK,2,,Suite,290.36,Online Travel Agent,Check-Out
BKG104272,City Hotel,2023-02-18,2023-05-24,2023-06-01,95,,3,0.0,Family,152.61,Direct,Check-Out
BKG104273,City Hotel,2023-07-23,2023-08-10,2023-08-11,18,India,4,0.0,Suite,287.42,Corporate,Check-Out
BKG104274,Resort Hotel,2023-06-20,2023-11-27,2023-12-02,160,,1,0.0,Family,225.95,Offline Agent,Canceled
BKG104275,City Hotel,2023-02-22,2023-08-13,2023-08-15,172,Australia,3,0.0,Family,345.19,Online Travel Agent,Canceled
BKG104276,Resort Hotel,2022-06-18,2022-09-01,2022-09-06,75,Singapore,3,1.0,Standard,234.24,Corporate,Check-Out
BKG104277,City Hotel,2024-02-17,2024-08-11,2024-08-18,176,France,4,0.0,Family,192.87,,Check-Out
BKG104278,Resort Hotel,2022-07-15,2022-09-21,2022-09-24,68,Singapore,4,0.0,Deluxe,168.09,Corporate,Check-Out
BKG104279,Resort Hotel,2023-08-26,2023-12-15,2023-12-25,111,Singapore,4,1.0,Family,270.52,Corporate,Check-Out
BKG104280,Resort Hotel,2022-02-07,2022-04-21,2022-04-23,73,France,3,0.0,Family,115.96,Corporate,Check-Out
BKG104281,Resort Hotel,2022-05-22,2022-08-29,2022-08-31,99,UK,2,1.0,Deluxe,237.61,,Check-Out
BKG104282,Resort Hotel,2023-12-06,2024-02-18,2024-02-23,74,Germany,2,0.0,Suite,259.09,Corporate,Check-Out
BKG104283,City Hotel,2023-03-27,2023-08-29,2023-09-08,155,Australia,1,,Family,197.88,Offline Agent,Check-Out
BKG104284,Resort Hotel,2022-09-13,2022-09-27,2022-10-04,14,Canada,2,1.0,Standard,161.05,Corporate,Check-Out
BKG104285,City Hotel,2024-03-17,2024-03-30,2024-04-04,13,Canada,1,0.0,Family,175.69,Offline Agent,Check-Out
BKG104286,City Hotel,2024-04-03,2024-08-29,2024-09-02,148,Canada,2,0.0,Deluxe,138.68,Offline Agent,Check-Out
BKG104287,Resort Hotel,2023-03-08,2023-07-06,2023-07-12,120,UK,3,1.0,Standard,228.96,,Check-Out
BKG104288,Resort Hotel,2023-11-18,2023-11-24,2023-11-27,6,Australia,3,0.0,Family,118.98,Offline Agent,Check-Out
BKG104289,City Hotel,2022-05-04,2022-07-03,2022-07-10,60,Singapore,4,1.0,Family,138.17,Online Travel Agent,Check-Out
BKG104290,City Hotel,2023-05-06,2023-09-15,2023-09-22,132,USA,2,2.0,Deluxe,324.74,Corporate,Check-Out
BKG104291,City Hotel,2024-02-03,2024-07-11,2024-07-16,159,,1,0.0,Suite,289.09,Direct,Check-Out
BKG104292,Resort Hotel,2023-04-09,2023-05-14,2023-05-20,35,Canada,3,0.0,Family,159.64,Online Travel Agent,Check-Out
BKG104293,Resort Hotel,2022-12-09,2023-02-11,2023-02-19,64,Canada,2,2.0,Suite,197.82,Online Travel Agent,Canceled
BKG104294,Resort Hotel,2022-09-09,2023-02-12,2023-02-14,156,Canada,3,1.0,Deluxe,291.38,Online Travel Agent,Check-Out
BKG104295,City Hotel,2023-02-28,2023-07-11,2023-07-21,133,Singapore,1,0.0,Family,222.35,Offline Agent,Check-Out
BKG104296,Resort Hotel,2024-01-07,2024-05-06,2024-05-12,120,Brazil,1,0.0,Deluxe,115.5,Corporate,Check-Out
BKG104297,Resort Hotel,2023-04-08,2023-09-11,2023-09-19,156,Canada,3,1.0,Family,296.2,Online Travel Agent,Check-Out
BKG104298,City Hotel,2022-07-05,2022-10-17,2022-10-24,104,Germany,4,2.0,Deluxe,179.24,Offline Agent,Check-Out
BKG104299,City Hotel,2023-07-01,2023-07-31,2023-08-04,30,UK,1,0.0,Suite,101.3,Offline Agent,Check-Out
BKG104300,City Hotel,2023-09-17,2023-11-20,2023-11-27,64,Brazil,4,0.0,Family,294.66,Offline Agent,Check-Out
BKG104301,Resort Hotel,2022-11-17,2023-01-13,2023-01-20,57,France,3,0.0,Suite,339.5,Corporate,Check-Out
BKG104302,Resort Hotel,2022-04-22,2022-10-06,2022-10-14,167,USA,4,0.0,Deluxe,74.04,Direct,Canceled
BKG104303,Resort Hotel,2023-06-04,2023-07-15,2023-07-24,41,India,1,0.0,Suite,289.06,Direct,Canceled
BKG104304,City Hotel,2022-11-26,2022-12-02,2022-12-07,6,Brazil,3,,Standard,212.14,Online Travel Agent,Canceled
BKG104305,City Hotel,2023-09-08,2023-10-21,2023-10-25,43,UK,2,0.0,Suite,287.83,Online Travel Agent,Canceled
BKG104306,Resort Hotel,2022-05-06,2022-07-25,2022-08-02,80,Canada,3,2.0,Family,259.96,Offline Agent,No-Show
BKG104307,Resort Hotel,2022-04-06,2022-09-19,2022-09-22,166,,4,1.0,Deluxe,296.11,Direct,Canceled
BKG104308,City Hotel,2023-03-23,2023-08-27,2023-09-01,157,France,2,0.0,Suite,87.17,Offline Agent,Check-Out
BKG104309,City Hotel,2023-01-23,2023-02-13,2023-02-20,21,India,2,2.0,Family,303.96,Corporate,Check-Out
BKG104310,City Hotel,2022-08-07,2022-08-26,2022-09-04,19,Germany,3,0.0,Deluxe,244.53,Offline Agent,Check-Out
BKG104311,City Hotel,2022-05-24,2022-07-17,2022-07-22,54,France,4,,Family,263.33,Online Travel Agent,Check-Out
BKG104312,Resort Hotel,2023-11-06,2023-11-21,2023-11-25,15,Australia,3,1.0,,191.94,Corporate,Check-Out
BKG104313,Resort Hotel,2022-03-19,2022-08-20,2022-08-29,154,France,2,2.0,Deluxe,320.47,Corporate,No-Show
BKG104314,City Hotel,2022-12-14,2023-05-26,2023-05-31,163,UK,2,0.0,Family,242.58,Online Travel Agent,Check-Out
BKG104315,Resort Hotel,2023-06-08,2023-06-29,2023-07-03,21,Germany,3,1.0,Suite,290.58,Online Travel Agent,Check-Out
BKG104316,Resort Hotel,2022-10-07,2023-03-14,2023-03-16,158,France,3,0.0,Standard,168.55,Corporate,Check-Out
BKG104317,City Hotel,2022-11-19,2023-01-26,2023-02-02,68,Brazil,3,0.0,Standard,98.03,Offline Agent,Check-Out
BKG104318,Resort Hotel,2023-10-02,2023-12-30,2024-01-09,89,UAE,4,0.0,Deluxe,245.36,Online Travel Agent,Check-Out
BKG104319,City Hotel,2022-11-20,2023-04-05,2023-04-10,136,France,4,0.0,Deluxe,126.09,Online Travel Agent,Check-Out
BKG104320,Resort Hotel,2022-09-18,2023-03-09,2023-03-10,172,USA,1,,Suite,347.05,Online Travel Agent,No-Show
BKG104321,Resort Hotel,2023-07-28,2023-12-02,2023-12-06,127,India,1,0.0,Deluxe,258.52,Corporate,Check-Out
BKG104322,City Hotel,2024-02-21,2024-07-31,2024-08-04,161,,2,2.0,Standard,106.13,Corporate,Check-Out
BKG104323,City Hotel,2024-02-27,2024-05-31,2024-06-06,94,Brazil,4,0.0,Family,317.55,Corporate,Check-Out
BKG104324,City Hotel,2022-12-20,2023-04-12,2023-04-21,113,Germany,2,0.0,Standard,232.35,Online Travel Agent,Check-Out
BKG104325,Resort Hotel,2022-12-26,2023-01-15,2023-01-24,20,Singapore,3,1.0,Standard,218.61,Corporate,Check-Out
BKG104326,Resort Hotel,2024-01-14,2024-05-23,2024-05-27,130,Singapore,4,,Family,117.59,Corporate,Check-Out
BKG104327,Resort Hotel,2023-08-26,2024-02-16,2024-02-25,174,Canada,3,1.0,Suite,279.2,Corporate,Canceled
BKG104328,Resort Hotel,2022-06-11,2022-11-29,2022-12-05,171,UK,4,1.0,Family,61.03,Online Travel Agent,Canceled
BKG104329,City Hotel,2024-04-06,2024-09-16,2024-09-25,163,India,4,0.0,Standard,210.92,,Check-Out
BKG104330,Resort Hotel,2022-12-16,2023-06-03,2023-06-06,169,Canada,1,0.0,Suite,176.11,Direct,Check-Out
BKG104331,Resort Hotel,2023-10-10,2024-01-20,2024-01-25,102,Brazil,3,1.0,Deluxe,348.73,Online Travel Agent,Check-Out
BKG104332,Resort Hotel,2023-10-07,2023-12-11,2023-12-16,65,Brazil,1,1.0,Family,128.3,Online Travel Agent,Canceled
BKG104333,Resort Hotel,2023-10-31,2024-04-07,2024-04-08,159,,1,,Family,112.45,,Check-Out
BKG104334,Resort Hotel,2023-10-27,2023-11-14,2023-11-21,18,Australia,3,,Family,319.03,Offline Agent,Check-Out
BKG104335,City Hotel,2022-03-09,2022-03-16,2022-03-24,7,Australia,2,0.0,,113.06,,No-Show
BKG104336,Resort Hotel,2023-12-26,2024-01-01,2024-01-10,6,India,2,0.0,Standard,336.57,Online Travel Agent,Canceled
BKG104337,Resort Hotel,2022-03-23,2022-09-01,2022-09-10,162,Brazil,2,0.0,Standard,86.27,Online Travel Agent,Canceled
BKG104338,City Hotel,2023-05-20,2023-08-03,2023-08-05,75,Germany,4,1.0,Standard,266.29,Offline Agent,Check-Out
BKG104339,Resort Hotel,2022-10-31,2022-12-07,2022-12-16,37,Germany,2,0.0,Deluxe,175.37,Corporate,Check-Out
BKG104340,Resort Hotel,2024-01-28,2024-04-01,2024-04-06,64,Australia,4,0.0,Standard,71.06,Offline Agent,Check-Out
BKG104341,Resort Hotel,2023-10-22,2023-12-21,2023-12-29,60,USA,4,2.0,Suite,214.17,Online Travel Agent,Check-Out
BKG104342,City Hotel,2022-02-10,2022-02-25,2022-03-05,15,Canada,2,2.0,Standard,67.37,Online Travel Agent,Check-Out
BKG104343,City Hotel,2023-04-13,2023-04-28,2023-05-04,15,UAE,4,0.0,,194.84,Offline Agent,Canceled
BKG104344,City Hotel,2023-04-06,2023-09-04,2023-09-05,151,UAE,2,0.0,Suite,175.55,Offline Agent,Canceled
BKG104345,City Hotel,2022-03-27,2022-04-01,2022-04-11,5,UAE,2,1.0,Deluxe,213.48,Direct,Canceled
BKG104346,Resort Hotel,2023-07-05,2023-07-06,2023-07-11,1,India,3,0.0,Suite,116.14,Direct,Check-Out
BKG104347,City Hotel,2023-04-20,2023-04-28,2023-04-29,8,UAE,1,0.0,,173.87,Corporate,Check-Out
BKG104348,Resort Hotel,2022-07-27,2022-12-31,2023-01-07,157,Singapore,3,0.0,Deluxe,335.06,Corporate,Check-Out
BKG104349,City Hotel,2023-04-28,2023-06-03,2023-06-07,36,Singapore,1,0.0,Deluxe,304.38,Online Travel Agent,Check-Out
BKG104350,Resort Hotel,2022-06-29,2022-10-06,2022-10-10,99,France,2,0.0,Standard,217.78,Offline Agent,Canceled
BKG104351,City Hotel,2022-03-22,2022-04-18,2022-04-21,27,Germany,3,2.0,,66.0,Offline Agent,No-Show
BKG104352,City Hotel,2023-11-29,2024-03-26,2024-04-03,118,USA,2,0.0,Family,88.98,Online Travel Agent,Check-Out
BKG104353,City Hotel,2023-06-28,2023-07-22,2023-07-30,24,UK,4,1.0,Standard,342.51,Corporate,Check-Out
BKG104354,City Hotel,2023-03-05,2023-07-06,2023-07-10,123,India,4,0.0,Family,81.08,Offline Agent,Check-Out
BKG104355,Resort Hotel,2023-03-20,2023-05-29,2023-06-05,70,UAE,3,0.0,Suite,144.34,Offline Agent,Check-Out
BKG104356,City Hotel,2022-12-10,2023-01-28,2023-02-05,49,Canada,3,0.0,Family,159.41,Offline Agent,Check-Out
BKG104357,City Hotel,2024-05-04,2024-09-26,2024-10-04,145,USA,4,0.0,,257.35,Offline Agent,Check-Out
BKG104358,Resort Hotel,2024-01-13,2024-02-23,2024-02-27,41,Brazil,4,0.0,Suite,88.96,Online Travel Agent,Check-Out
BKG104359,City Hotel,2024-03-26,2024-09-07,2024-09-09,165,,3,0.0,Deluxe,240.09,Direct,Check-Out
BKG104360,City Hotel,2022-11-11,2023-03-15,2023-03-23,124,USA,2,0.0,Standard,268.14,Corporate,Check-Out
BKG104361,City Hotel,2023-10-20,2024-03-23,2024-03-29,155,USA,2,0.0,Family,293.26,,Canceled
BKG104362,Resort Hotel,2023-12-01,2024-04-27,2024-04-28,148,UAE,4,0.0,Family,218.79,Offline Agent,Check-Out
BKG104363,Resort Hotel,2024-04-28,2024-06-16,2024-06-17,49,,1,0.0,Deluxe,333.08,Corporate,Canceled
BKG104364,City Hotel,2022-07-29,2022-11-10,2022-11-14,104,Canada,3,1.0,Deluxe,212.96,Corporate,Check-Out
BKG104365,Resort Hotel,2022-10-29,2023-04-26,2023-05-01,179,USA,1,,Family,194.49,Corporate,Check-Out
BKG104366,Resort Hotel,2023-09-25,2024-01-07,2024-01-12,104,UK,4,0.0,Family,97.84,Direct,Canceled
BKG104367,Resort Hotel,2023-06-20,2023-10-21,2023-10-22,123,Australia,2,,Deluxe,306.08,Online Travel Agent,Check-Out
BKG104368,City Hotel,2022-12-23,2023-02-28,2023-03-09,67,Germany,2,1.0,,100.56,Online Travel Agent,Canceled
BKG104369,City Hotel,2022-07-11,2022-10-05,2022-10-14,86,Australia,1,,Family,254.42,Direct,Check-Out
BKG104370,City Hotel,2022-09-20,2022-10-16,2022-10-26,26,Australia,4,,Suite,135.76,Direct,Canceled
BKG104371,Resort Hotel,2022-05-13,2022-07-29,2022-08-05,77,,4,2.0,Deluxe,291.5,Online Travel Agent,Check-Out
BKG104372,Resort Hotel,2022-03-15,2022-07-11,2022-07-13,118,,2,0.0,Suite,259.43,Corporate,Check-Out
BKG104373,City Hotel,2023-04-11,2023-04-18,2023-04-24,7,France,1,0.0,Suite,162.79,Online Travel Agent,Check-Out
BKG104374,Resort Hotel,2023-03-06,2023-05-24,2023-06-02,79,Singapore,4,2.0,Deluxe,146.45,Online Travel Agent,Check-Out
BKG104375,City Hotel,2023-03-23,2023-04-03,2023-04-11,11,Singapore,2,0.0,Deluxe,161.54,Direct,Canceled
BKG104376,Resort Hotel,2023-01-07,2023-02-08,2023-02-13,32,UAE,1,1.0,Deluxe,313.07,Corporate,Check-Out
BKG104377,City Hotel,2023-03-11,2023-09-06,2023-09-12,179,USA,3,1.0,Standard,90.92,,Check-Out
BKG104378,Resort Hotel,2022-04-13,2022-06-26,2022-07-04,74,UK,2,,Deluxe,245.85,Corporate,Check-Out
BKG104379,Resort Hotel,2022-10-16,2023-03-08,2023-03-09,143,UK,1,0.0,Family,193.02,Offline Agent,Check-Out
BKG104380,Resort Hotel,2022-11-26,2023-03-04,2023-03-13,98,Brazil,3,0.0,Standard,300.0,Offline Agent,Check-Out
BKG104381,Resort Hotel,2023-05-15,2023-10-07,2023-10-12,145,India,1,2.0,Deluxe,60.58,Direct,Check-Out
BKG104382,City Hotel,2022-02-15,2022-05-29,2022-06-03,103,,1,2.0,Suite,239.14,Online Travel Agent,Check-Out
BKG104383,City Hotel,2023-08-02,2023-10-03,2023-10-11,62,UAE,4,0.0,,153.37,Direct,Check-Out
BKG104384,City Hotel,2022-06-22,2022-08-21,2022-08-30,60,India,4,0.0,Standard,181.74,Online Travel Agent,Check-Out
BKG104385,Resort Hotel,2023-07-11,2023-07-17,2023-07-19,6,India,1,0.0,,262.71,Direct,Check-Out
BKG104386,Resort Hotel,2022-06-07,2022-10-24,2022-10-31,139,India,4,0.0,Deluxe,287.93,Online Travel Agent,Check-Out
BKG104387,Resort Hotel,2022-03-04,2022-07-20,2022-07-22,138,Germany,4,2.0,Family,274.0,Offline Agent,Canceled
BKG104388,Resort Hotel,2023-02-05,2023-03-19,2023-03-21,42,Brazil,3,,Standard,80.04,Offline Agent,Check-Out
BKG104389,Resort Hotel,2024-03-08,2024-08-28,2024-08-31,173,,4,0.0,,239.7,Direct,Check-Out
BKG104390,City Hotel,2023-02-23,2023-04-19,2023-04-25,55,Germany,2,0.0,Family,229.29,Corporate,Check-Out
BKG104391,Resort Hotel,2022-12-26,2023-05-30,2023-06-01,155,Germany,1,2.0,Suite,100.83,Corporate,Canceled
BKG104392,City Hotel,2023-06-01,2023-08-29,2023-09-06,89,Australia,2,2.0,Deluxe,248.34,Online Travel Agent,Canceled
BKG104393,City Hotel,2022-03-25,2022-09-10,2022-09-20,169,UAE,1,0.0,Deluxe,153.14,Online Travel Agent,Check-Out
BKG104394,Resort Hotel,2022-06-03,2022-10-31,2022-11-07,150,,1,0.0,Suite,268.68,,Check-Out
BKG104395,Resort Hotel,2023-08-03,2023-10-25,2023-10-28,83,France,1,0.0,Suite,194.62,,Canceled
BKG104396,City Hotel,2022-03-24,2022-04-11,2022-04-20,18,UAE,1,1.0,Suite,241.64,Offline Agent,Check-Out
BKG104397,City Hotel,2022-09-21,2022-10-01,2022-10-02,10,UAE,2,1.0,Standard,113.32,Offline Agent,Check-Out
BKG104398,Resort Hotel,2022-01-22,2022-02-05,2022-02-14,14,,1,0.0,Family,192.48,Corporate,Canceled
BKG104399,Resort Hotel,2024-02-20,2024-08-06,2024-08-12,168,,4,0.0,Suite,258.83,Corporate,Canceled
BKG104400,Resort Hotel,2023-03-08,2023-07-14,2023-07-15,128,India,3,,Standard,297.21,Corporate,Check-Out
BKG104401,City Hotel,2023-07-30,2023-08-27,2023-08-30,28,,2,1.0,Suite,308.58,Corporate,Canceled
BKG104402,Resort Hotel,2023-11-26,2023-12-05,2023-12-06,9,Australia,2,0.0,Family,93.67,,Check-Out
BKG104403,Resort Hotel,2022-10-03,2023-01-19,2023-01-20,108,France,3,1.0,Family,259.84,Offline Agent,Check-Out
BKG104404,Resort Hotel,2023-01-31,2023-04-03,2023-04-04,62,,2,0.0,Standard,187.45,Online Travel Agent,Check-Out
BKG104405,Resort Hotel,2023-12-09,2024-03-24,2024-03-28,106,Singapore,3,1.0,Standard,149.14,Corporate,Canceled
BKG104406,City Hotel,2022-05-18,2022-05-29,2022-06-01,11,,2,0.0,Family,64.47,Direct,Check-Out
BKG104407,City Hotel,2024-03-06,2024-06-24,2024-07-03,110,UAE,2,2.0,Family,306.2,Corporate,Canceled
BKG104408,City Hotel,2022-12-22,2023-01-26,2023-02-01,35,Singapore,4,2.0,Suite,153.89,Online Travel Agent,Canceled
BKG104409,City Hotel,2023-03-13,2023-06-19,2023-06-24,98,,4,2.0,Family,108.66,Online Travel Agent,Check-Out
BKG104410,City Hotel,2022-02-22,2022-03-07,2022-03-10,13,UAE,3,0.0,Deluxe,135.75,Direct,Check-Out
BKG104411,City Hotel,2023-09-29,2024-02-06,2024-02-12,130,France,2,2.0,Family,137.0,Online Travel Agent,Check-Out
BKG104412,City Hotel,2022-05-02,2022-10-25,2022-10-30,176,Germany,3,0.0,Deluxe,155.39,Offline Agent,Check-Out
BKG104413,City Hotel,2023-09-10,2023-12-04,2023-12-06,85,USA,1,,Deluxe,90.29,Offline Agent,Canceled
BKG104414,Resort Hotel,2023-01-08,2023-06-24,2023-07-04,167,UK,3,0.0,Standard,223.52,Direct,Check-Out
BKG104415,City Hotel,2023-10-26,2023-12-03,2023-12-08,38,Canada,1,2.0,Standard,253.64,Online Travel Agent,Check-Out
BKG104416,Resort Hotel,2024-05-31,2024-06-27,2024-07-04,27,Australia,4,1.0,Standard,145.41,Corporate,Check-Out
BKG104417,Resort Hotel,2022-01-03,2022-06-03,2022-06-12,151,,3,,Deluxe,105.02,Offline Agent,Check-Out
BKG104418,City Hotel,2022-10-05,2023-02-02,2023-02-07,120,Singapore,2,0.0,Deluxe,284.91,Offline Agent,Check-Out
BKG104419,City Hotel,2023-10-10,2023-11-02,2023-11-11,23,Singapore,4,1.0,Standard,171.1,Corporate,Check-Out
BKG104420,City Hotel,2024-03-19,2024-08-24,2024-08-31,158,Brazil,3,0.0,Standard,270.43,,Canceled
BKG104421,City Hotel,2022-07-18,2023-01-03,2023-01-05,169,Canada,2,1.0,Suite,65.75,Online Travel Agent,Check-Out
BKG104422,City Hotel,2023-10-06,2024-02-19,2024-02-24,136,Australia,3,2.0,Suite,166.53,Corporate,Check-Out
BKG104423,Resort Hotel,2024-05-10,2024-06-03,2024-06-06,24,Canada,4,2.0,Deluxe,86.24,Offline Agent,Canceled
BKG104424,Resort Hotel,2022-04-22,2022-09-02,2022-09-06,133,UK,3,2.0,,326.44,Corporate,Check-Out
BKG104425,Resort Hotel,2024-01-05,2024-02-18,2024-02-22,44,UK,2,0.0,Suite,260.98,Corporate,Check-Out
BKG104426,City Hotel,2023-05-27,2023-06-15,2023-06-17,19,France,4,0.0,Deluxe,295.18,Corporate,Check-Out
BKG104427,Resort Hotel,2024-03-13,2024-05-24,2024-06-03,72,UK,2,2.0,Family,298.27,Online Travel Agent,Check-Out
BKG104428,Resort Hotel,2022-04-13,2022-08-09,2022-08-14,118,India,1,0.0,Family,212.15,Online Travel Agent,Canceled
BKG104429,Resort Hotel,2024-05-23,2024-09-24,2024-10-01,124,France,2,0.0,Family,139.4,Online Travel Agent,Check-Out
BKG104430,Resort Hotel,2024-02-05,2024-05-11,2024-05-15,96,,2,0.0,Deluxe,175.44,Offline Agent,Check-Out
BKG104431,Resort Hotel,2022-06-25,2022-09-17,2022-09-20,84,France,1,0.0,Deluxe,269.12,Corporate,Canceled
BKG104432,City Hotel,2022-04-08,2022-08-07,2022-08-10,121,India,2,1.0,Suite,327.67,,Check-Out
BKG104433,City Hotel,2022-06-23,2022-09-30,2022-10-01,99,UK,2,0.0,Deluxe,156.8,Corporate,Check-Out
BKG104434,Resort Hotel,2022-11-24,2023-02-24,2023-02-28,92,,1,1.0,Standard,319.51,Online Travel Agent,Check-Out
BKG104435,Resort Hotel,2023-11-03,2024-03-17,2024-03-27,135,Germany,2,1.0,Suite,165.5,Online Travel Agent,Check-Out
BKG104436,City Hotel,2022-02-06,2022-05-12,2022-05-19,95,,2,0.0,Deluxe,157.0,Corporate,Check-Out
BKG104437,City Hotel,2022-03-06,2022-07-18,2022-07-21,134,France,3,,Family,237.63,Online Travel Agent,Check-Out
BKG104438,Resort Hotel,2022-12-20,2023-03-22,2023-03-30,92,Canada,2,0.0,,323.16,Offline Agent,Check-Out
BKG104439,City Hotel,2022-01-01,2022-05-28,2022-06-02,147,India,1,0.0,,133.04,Offline Agent,Canceled
BKG104440,Resort Hotel,2022-01-16,2022-04-11,2022-04-18,85,Australia,4,0.0,Suite,286.71,Offline Agent,Canceled
BKG104441,Resort Hotel,2023-05-24,2023-06-27,2023-06-30,34,France,2,0.0,Deluxe,143.95,Online Travel Agent,Check-Out
BKG104442,City Hotel,2022-09-02,2023-02-25,2023-02-27,176,USA,1,0.0,Deluxe,299.72,Offline Agent,Canceled
BKG104443,Resort Hotel,2022-12-15,2023-05-15,2023-05-17,151,India,1,0.0,Deluxe,344.79,Offline Agent,Check-Out
BKG104444,Resort Hotel,2024-04-15,2024-05-21,2024-05-25,36,France,2,2.0,Standard,179.24,Direct,Check-Out
BKG104445,Resort Hotel,2022-12-04,2023-02-18,2023-02-21,76,UK,2,0.0,Suite,274.09,Direct,Check-Out
BKG104446,Resort Hotel,2022-08-25,2023-02-17,2023-02-20,176,UK,1,0.0,Family,67.9,Direct,Check-Out
BKG104447,City Hotel,2023-11-20,2023-12-31,2024-01-05,41,Brazil,2,0.0,Standard,77.8,Direct,Check-Out
BKG104448,City Hotel,2024-02-17,2024-03-29,2024-04-08,41,,3,1.0,Deluxe,93.81,Corporate,Canceled
BKG104449,City Hotel,2023-12-15,2024-04-25,2024-04-30,132,India,4,1.0,Family,291.96,,Check-Out
BKG104450,Resort Hotel,2023-01-07,2023-03-03,2023-03-10,55,India,1,0.0,Family,61.01,Online Travel Agent,Check-Out
BKG104451,Resort Hotel,2023-02-06,2023-04-09,2023-04-13,62,USA,4,0.0,Suite,97.37,Offline Agent,Check-Out
BKG104452,Resort Hotel,2024-01-12,2024-02-22,2024-02-29,41,Australia,1,1.0,Deluxe,276.31,Direct,Check-Out
BKG104453,Resort Hotel,2024-04-11,2024-09-11,2024-09-20,153,Singapore,4,1.0,Deluxe,310.84,Corporate,Check-Out
BKG104454,Resort Hotel,2023-05-30,2023-07-08,2023-07-10,39,UK,3,1.0,Deluxe,108.19,Direct,Canceled
BKG104455,City Hotel,2024-05-24,2024-07-20,2024-07-24,57,UK,1,0.0,Deluxe,205.03,Direct,Check-Out
BKG104456,City Hotel,2022-01-29,2022-05-07,2022-05-10,98,India,4,0.0,Standard,283.71,Corporate,Check-Out
BKG104457,Resort Hotel,2022-06-25,2022-09-12,2022-09-18,79,France,2,0.0,Suite,231.18,Offline Agent,Check-Out
BKG104458,City Hotel,2022-01-27,2022-06-09,2022-06-19,133,India,2,2.0,Suite,264.81,Offline Agent,Canceled
BKG104459,City Hotel,2023-12-12,2024-05-17,2024-05-21,157,Germany,2,,Suite,140.72,Direct,Check-Out
BKG104460,Resort Hotel,2023-06-19,2023-10-11,2023-10-20,114,UAE,3,2.0,Deluxe,83.11,Online Travel Agent,Check-Out
BKG104461,Resort Hotel,2024-02-02,2024-04-10,2024-04-16,68,Singapore,4,0.0,,225.41,Corporate,Canceled
BKG104462,City Hotel,2023-05-04,2023-06-06,2023-06-10,33,India,2,0.0,,64.06,Online Travel Agent,Check-Out
BKG104463,City Hotel,2023-09-10,2023-11-26,2023-12-05,77,Canada,3,1.0,Suite,257.57,Direct,Canceled
BKG104464,City Hotel,2022-04-11,2022-06-18,2022-06-27,68,UAE,2,0.0,,336.7,Offline Agent,Check-Out
BKG104465,Resort Hotel,2023-11-12,2023-12-17,2023-12-25,35,UAE,1,0.0,Suite,156.55,Online Travel Agent,Canceled
BKG104466,Resort Hotel,2024-02-03,2024-07-22,2024-07-23,170,France,3,0.0,Standard,274.27,Direct,Check-Out
BKG104467,Resort Hotel,2023-02-22,2023-06-16,2023-06-23,114,UAE,1,2.0,Family,299.95,Corporate,Check-Out
BKG104468,City Hotel,2022-09-12,2022-11-02,2022-11-09,51,Germany,3,0.0,Deluxe,304.0,Online Travel Agent,Check-Out
BKG104469,Resort Hotel,2022-10-05,2022-12-01,2022-12-04,57,France,4,0.0,Standard,145.53,Direct,Check-Out
BKG104470,Resort Hotel,2022-12-20,2023-01-27,2023-02-01,38,UAE,2,0.0,Family,72.47,Direct,Check-Out
BKG104471,Resort Hotel,2022-01-31,2022-07-08,2022-07-14,158,UK,2,0.0,Suite,276.76,,Canceled
BKG104472,City Hotel,2024-02-29,2024-06-10,2024-06-15,102,India,4,0.0,Family,187.03,Offline Agent,Check-Out
BKG104473,Resort Hotel,2023-11-16,2024-02-21,2024-02-26,97,India,3,0.0,Family,206.82,,Check-Out
BKG104474,City Hotel,2022-03-23,2022-04-02,2022-04-04,10,Singapore,1,0.0,Standard,99.21,Corporate,Check-Out
BKG104475,City Hotel,2023-10-18,2024-01-02,2024-01-05,76,France,1,0.0,Standard,274.28,Online Travel Agent,Check-Out
BKG104476,Resort Hotel,2023-08-22,2023-09-08,2023-09-09,17,USA,1,1.0,Suite,109.17,Direct,No-Show
BKG104477,City Hotel,2022-10-18,2023-03-12,2023-03-22,145,,2,0.0,Standard,266.75,Corporate,Check-Out
BKG104478,Resort Hotel,2022-03-17,2022-04-01,2022-04-09,15,USA,1,0.0,Standard,258.67,Corporate,Check-Out
BKG104479,City Hotel,2022-01-10,2022-03-06,2022-03-08,55,India,3,2.0,Family,208.93,,Check-Out
BKG104480,Resort Hotel,2023-03-17,2023-07-08,2023-07-14,113,UAE,1,0.0,Standard,93.64,Corporate,Check-Out
BKG104481,City Hotel,2023-08-04,2023-11-01,2023-11-03,89,India,3,0.0,Deluxe,330.09,Online Travel Agent,Check-Out
BKG104482,Resort Hotel,2022-08-24,2023-01-09,2023-01-16,138,USA,1,0.0,Standard,339.74,Offline Agent,Check-Out
BKG104483,Resort Hotel,2024-01-13,2024-05-12,2024-05-14,120,France,3,0.0,,277.91,Online Travel Agent,Check-Out
BKG104484,City Hotel,2023-10-25,2024-02-09,2024-02-15,107,UK,1,0.0,,336.6,Corporate,Check-Out
BKG104485,Resort Hotel,2024-05-19,2024-11-13,2024-11-14,178,UK,4,,Deluxe,204.79,,Check-Out
BKG104486,Resort Hotel,2022-11-26,2022-12-04,2022-12-13,8,France,3,0.0,Standard,295.97,Offline Agent,Canceled
BKG104487,Resort Hotel,2022-02-05,2022-07-11,2022-07-18,156,Germany,2,0.0,,282.07,Online Travel Agent,Check-Out
BKG104488,Resort Hotel,2022-01-16,2022-06-14,2022-06-24,149,France,2,0.0,Standard,301.61,Online Travel Agent,Canceled
BKG104489,City Hotel,2023-09-18,2024-03-10,2024-03-19,174,USA,1,0.0,Deluxe,302.04,,Check-Out
BKG104490,City Hotel,2023-04-04,2023-06-21,2023-06-23,78,Brazil,3,2.0,,310.43,Corporate,Check-Out
BKG104491,City Hotel,2022-07-16,2022-09-30,2022-10-06,76,UK,1,0.0,Family,177.5,Direct,Check-Out
BKG104492,Resort Hotel,2023-12-28,2024-04-16,2024-04-26,110,USA,4,1.0,Standard,319.33,Corporate,Check-Out
BKG104493,City Hotel,2024-02-24,2024-04-07,2024-04-17,43,Germany,2,1.0,Standard,103.04,Offline Agent,Check-Out
BKG104494,Resort Hotel,2023-05-25,2023-10-30,2023-11-08,158,,2,1.0,Family,192.1,,Check-Out
BKG104495,Resort Hotel,2022-05-18,2022-07-21,2022-07-22,64,Germany,2,0.0,Standard,84.14,Corporate,Check-Out
BKG104496,City Hotel,2022-07-02,2022-07-16,2022-07-25,14,USA,2,0.0,Family,289.52,Direct,Check-Out
BKG104497,City Hotel,2023-04-02,2023-05-10,2023-05-20,38,Australia,3,0.0,Standard,256.97,Offline Agent,No-Show
BKG104498,Resort Hotel,2023-03-10,2023-04-07,2023-04-09,28,Brazil,1,2.0,Standard,138.55,Direct,Check-Out
BKG104499,Resort Hotel,2023-11-19,2024-03-20,2024-03-27,122,Singapore,4,0.0,Family,279.65,Direct,Canceled
BKG104500,City Hotel,2022-07-31,2022-09-24,2022-10-04,55,Canada,3,0.0,Family,173.43,Online Travel Agent,Canceled
BKG104501,Resort Hotel,2022-12-15,2023-03-15,2023-03-16,90,Brazil,1,0.0,Standard,158.53,Direct,Check-Out
BKG104502,Resort Hotel,2023-10-03,2024-03-10,2024-03-13,159,UAE,3,0.0,Suite,260.63,Offline Agent,Canceled
BKG104503,City Hotel,2022-11-16,2022-12-05,2022-12-15,19,Germany,3,0.0,Family,304.82,Online Travel Agent,Check-Out
BKG104504,Resort Hotel,2023-01-16,2023-01-19,2023-01-22,3,Singapore,1,1.0,Standard,175.69,Corporate,Check-Out
BKG104505,Resort Hotel,2023-07-04,2023-08-26,2023-09-02,53,Germany,4,2.0,Deluxe,136.42,,Check-Out
BKG104506,City Hotel,2022-10-13,2023-03-06,2023-03-08,144,UAE,1,1.0,Standard,186.28,Online Travel Agent,Check-Out
BKG104507,City Hotel,2024-04-25,2024-08-29,2024-09-04,126,UAE,2,0.0,Deluxe,156.4,Direct,Check-Out
BKG104508,Resort Hotel,2022-02-23,2022-07-10,2022-07-14,137,Germany,4,0.0,Family,323.09,,Check-Out
BKG104509,Resort Hotel,2023-03-16,2023-07-07,2023-07-13,113,UAE,4,1.0,Standard,335.94,Corporate,Check-Out
BKG104510,Resort Hotel,2023-11-09,2024-05-05,2024-05-13,178,Canada,3,0.0,Standard,233.55,Online Travel Agent,Check-Out
BKG104511,Resort Hotel,2023-04-15,2023-09-01,2023-09-02,139,India,1,0.0,Standard,202.85,Online Travel Agent,Check-Out
BKG104512,Resort Hotel,2022-05-27,2022-05-28,2022-06-06,1,Australia,2,,Standard,134.55,Online Travel Agent,Check-Out
BKG104513,City Hotel,2022-12-22,2023-04-26,2023-05-05,125,USA,3,0.0,Standard,317.12,Offline Agent,Canceled
BKG104514,City Hotel,2022-09-24,2022-12-12,2022-12-17,79,Australia,1,0.0,Standard,124.78,Offline Agent,No-Show
BKG104515,Resort Hotel,2022-05-25,2022-06-26,2022-06-29,32,India,4,1.0,Suite,98.35,Corporate,Canceled
BKG104516,Resort Hotel,2024-03-21,2024-03-30,2024-04-02,9,Singapore,4,0.0,Suite,276.24,Offline Agent,Check-Out
BKG104517,City Hotel,2022-12-06,2023-05-04,2023-05-07,149,Singapore,1,2.0,Family,230.45,Corporate,Canceled
BKG104518,City Hotel,2023-10-02,2024-02-26,2024-03-01,147,UAE,2,2.0,Deluxe,190.44,Online Travel Agent,Check-Out
BKG104519,Resort Hotel,2022-06-30,2022-08-28,2022-09-06,59,France,3,2.0,Suite,187.86,Corporate,Check-Out
BKG104520,Resort Hotel,2024-01-04,2024-03-01,2024-03-09,57,Brazil,2,1.0,Standard,283.63,Corporate,Check-Out
BKG104521,Resort Hotel,2022-08-17,2022-12-14,2022-12-24,119,USA,3,1.0,Deluxe,173.78,Corporate,Check-Out
BKG104522,Resort Hotel,2023-08-10,2023-08-14,2023-08-15,4,Canada,2,0.0,Suite,330.42,Direct,Canceled
BKG104523,Resort Hotel,2022-10-30,2023-02-09,2023-02-11,102,USA,3,,Family,288.95,Offline Agent,Check-Out
BKG104524,City Hotel,2022-01-05,2022-05-18,2022-05-28,133,Australia,4,0.0,Suite,85.7,Offline Agent,Check-Out
BKG104525,City Hotel,2022-06-13,2022-12-10,2022-12-15,180,Singapore,2,0.0,Deluxe,305.78,Direct,Check-Out
BKG104526,Resort Hotel,2022-12-04,2023-02-06,2023-02-07,64,Germany,3,0.0,Family,241.54,Direct,Check-Out
BKG104527,Resort Hotel,2022-07-23,2022-09-25,2022-10-02,64,France,4,2.0,,279.09,Offline Agent,No-Show
BKG104528,Resort Hotel,2022-05-21,2022-10-22,2022-10-29,154,USA,3,0.0,Suite,113.16,Direct,Check-Out
BKG104529,City Hotel,2022-01-18,2022-05-17,2022-05-27,119,Singapore,1,2.0,Family,72.31,Offline Agent,Canceled
BKG104530,City Hotel,2022-03-19,2022-06-18,2022-06-19,91,UAE,2,,Standard,329.67,Direct,Check-Out
BKG104531,Resort Hotel,2022-06-02,2022-11-03,2022-11-08,154,Germany,3,0.0,Family,278.54,,Check-Out
BKG104532,City Hotel,2023-05-19,2023-08-05,2023-08-08,78,Germany,3,0.0,Deluxe,192.78,Online Travel Agent,Canceled
BKG104533,City Hotel,2023-09-02,2023-12-02,2023-12-03,91,Canada,1,1.0,Suite,207.43,Corporate,Check-Out
BKG104534,City Hotel,2024-03-06,2024-05-27,2024-05-31,82,India,3,1.0,Deluxe,290.67,Offline Agent,Canceled
BKG104535,City Hotel,2022-08-02,2022-09-26,2022-10-03,55,Canada,1,0.0,Suite,112.42,Online Travel Agent,No-Show
BKG104536,City Hotel,2024-02-22,2024-03-16,2024-03-23,23,Australia,2,0.0,Standard,238.59,Corporate,Check-Out
BKG104537,City Hotel,2024-02-27,2024-08-21,2024-08-24,176,USA,3,0.0,Family,180.81,Direct,Check-Out
BKG104538,City Hotel,2023-11-29,2024-02-29,2024-03-08,92,USA,4,0.0,Suite,77.45,Offline Agent,Check-Out
BKG104539,Resort Hotel,2023-05-20,2023-11-07,2023-11-12,171,India,1,2.0,Standard,169.58,Direct,Check-Out
BKG104540,City Hotel,2023-11-24,2024-04-02,2024-04-06,130,UK,3,2.0,Family,249.88,Direct,Check-Out
BKG104541,Resort Hotel,2023-07-25,2023-11-23,2023-12-01,121,,4,1.0,Deluxe,155.26,Corporate,Canceled
BKG104542,City Hotel,2023-04-28,2023-05-29,2023-06-03,31,France,3,0.0,Standard,316.92,Direct,Check-Out
BKG104543,Resort Hotel,2024-03-11,2024-04-21,2024-04-28,41,Brazil,3,1.0,Deluxe,339.59,Offline Agent,Check-Out
BKG104544,City Hotel,2023-02-02,2023-03-19,2023-03-27,45,India,3,0.0,Deluxe,158.9,Corporate,Check-Out
BKG104545,City Hotel,2023-06-07,2023-10-31,2023-11-04,146,Germany,4,,Family,239.85,Corporate,Check-Out
BKG104546,City Hotel,2022-06-23,2022-08-08,2022-08-09,46,France,3,1.0,Family,69.75,Offline Agent,Check-Out
BKG104547,City Hotel,2024-06-16,2024-12-11,2024-12-15,178,Australia,1,0.0,Deluxe,334.01,Offline Agent,Check-Out
BKG104548,City Hotel,2024-05-28,2024-07-28,2024-08-06,61,USA,3,0.0,Suite,311.18,Direct,Check-Out
BKG104549,City Hotel,2023-10-27,2024-01-03,2024-01-07,68,Germany,1,0.0,,298.66,Corporate,Check-Out
BKG104550,City Hotel,2024-05-17,2024-07-01,2024-07-06,45,Singapore,1,0.0,Standard,238.43,Corporate,Check-Out
BKG104551,City Hotel,2023-06-12,2023-10-24,2023-10-31,134,Germany,1,2.0,,266.53,Direct,Check-Out
BKG104552,City Hotel,2022-11-11,2023-03-03,2023-03-11,112,Germany,1,0.0,Family,161.78,Online Travel Agent,Check-Out
BKG104553,Resort Hotel,2023-02-21,2023-03-24,2023-03-31,31,Australia,2,0.0,Family,274.76,Online Travel Agent,Check-Out
BKG104554,Resort Hotel,2023-06-25,2023-10-29,2023-11-02,126,USA,1,0.0,Standard,65.82,Offline Agent,Check-Out
BKG104555,City Hotel,2024-06-06,2024-07-06,2024-07-13,30,Brazil,2,0.0,Family,276.55,Offline Agent,Canceled
BKG104556,Resort Hotel,2023-02-07,2023-03-23,2023-03-25,44,UK,2,0.0,Suite,150.49,Offline Agent,Check-Out
BKG104557,City Hotel,2023-07-20,2023-11-05,2023-11-13,108,USA,1,1.0,Suite,89.73,Corporate,Check-Out
BKG104558,City Hotel,2022-05-25,2022-08-18,2022-08-26,85,UK,3,0.0,Standard,115.76,Online Travel Agent,Canceled
BKG104559,City Hotel,2022-07-13,2022-09-25,2022-09-27,74,,2,1.0,Deluxe,129.36,Corporate,Check-Out
BKG104560,Resort Hotel,2024-06-11,2024-07-05,2024-07-07,24,,3,0.0,Standard,210.19,Online Travel Agent,Canceled
BKG104561,City Hotel,2022-12-08,2022-12-29,2023-01-06,21,India,1,2.0,Family,340.71,Offline Agent,Check-Out
BKG104562,City Hotel,2023-03-14,2023-08-31,2023-09-10,170,France,2,0.0,Suite,120.76,Direct,Check-Out
BKG104563,Resort Hotel,2022-07-17,2022-10-27,2022-11-01,102,Germany,2,0.0,Suite,153.49,Direct,Check-Out
BKG104564,City Hotel,2024-01-26,2024-03-10,2024-03-12,44,,1,0.0,Family,106.54,Corporate,Canceled
BKG104565,City Hotel,2023-09-03,2023-09-20,2023-09-25,17,Canada,3,2.0,Standard,281.26,Direct,Check-Out
BKG104566,Resort Hotel,2024-04-04,2024-08-04,2024-08-05,122,UAE,3,1.0,Deluxe,214.53,Direct,Check-Out
BKG104567,Resort Hotel,2022-09-30,2022-11-24,2022-11-30,55,Australia,3,0.0,,172.62,Direct,Check-Out
BKG104568,Resort Hotel,2023-03-20,2023-05-19,2023-05-26,60,India,3,0.0,Family,268.61,Direct,Canceled
BKG104569,Resort Hotel,2024-03-13,2024-06-26,2024-07-04,105,Australia,2,2.0,Standard,100.49,Corporate,Check-Out
BKG104570,Resort Hotel,2023-08-18,2023-11-01,2023-11-04,75,France,2,0.0,Family,85.98,Corporate,No-Show
BKG104571,City Hotel,2023-10-20,2024-03-29,2024-04-04,161,Singapore,1,,Deluxe,234.59,Online Travel Agent,Check-Out
BKG104572,Resort Hotel,2024-01-26,2024-03-19,2024-03-28,53,UK,4,0.0,,313.71,Direct,Check-Out
BKG104573,Resort Hotel,2024-01-11,2024-06-10,2024-06-20,151,USA,2,2.0,Suite,279.44,Online Travel Agent,Canceled
BKG104574,City Hotel,2024-03-10,2024-08-30,2024-09-05,173,USA,3,0.0,Family,202.12,Online Travel Agent,Canceled
BKG104575,Resort Hotel,2023-02-02,2023-06-13,2023-06-14,131,India,2,0.0,Suite,150.0,Corporate,Canceled
BKG104576,City Hotel,2023-06-18,2023-06-22,2023-06-24,4,Germany,2,0.0,Deluxe,297.83,,Check-Out
BKG104577,Resort Hotel,2023-01-02,2023-05-08,2023-05-13,126,USA,2,0.0,Suite,89.68,Corporate,Check-Out
BKG104578,City Hotel,2023-09-27,2024-03-06,2024-03-16,161,,2,2.0,Standard,83.78,Offline Agent,Canceled
BKG104579,Resort Hotel,2023-09-29,2024-03-15,2024-03-16,168,Canada,1,0.0,Family,169.99,Corporate,No-Show
BKG104580,Resort Hotel,2023-08-06,2023-09-07,2023-09-08,32,,3,2.0,Standard,147.76,Online Travel Agent,Canceled
BKG104581,City Hotel,2022-03-18,2022-07-03,2022-07-12,107,Germany,1,0.0,Family,279.33,Online Travel Agent,Check-Out
BKG104582,Resort Hotel,2022-10-26,2022-12-18,2022-12-28,53,France,3,0.0,Family,243.18,Direct,Check-Out
BKG104583,City Hotel,2022-01-04,2022-06-02,2022-06-09,149,Germany,1,0.0,Standard,167.77,Corporate,Check-Out
BKG104584,Resort Hotel,2024-03-24,2024-06-20,2024-06-27,88,France,2,0.0,Family,256.38,Online Travel Agent,Check-Out
BKG104585,Resort Hotel,2022-10-10,2023-02-28,2023-03-06,141,Australia,3,0.0,Deluxe,344.66,Direct,Canceled
BKG104586,Resort Hotel,2022-02-02,2022-04-28,2022-05-06,85,UAE,3,0.0,Deluxe,83.36,Online Travel Agent,Check-Out
BKG104587,City Hotel,2022-08-29,2023-01-07,2023-01-17,131,Canada,1,,Family,296.15,Online Travel Agent,Check-Out
BKG104588,City Hotel,2023-11-26,2024-02-26,2024-02-29,92,Singapore,1,2.0,Family,325.02,Online Travel Agent,Check-Out
BKG104589,Resort Hotel,2022-07-13,2022-12-15,2022-12-20,155,UAE,2,2.0,,64.06,Offline Agent,Check-Out
BKG104590,Resort Hotel,2022-07-24,2022-12-26,2023-01-04,155,Canada,1,0.0,Family,198.69,,Canceled
BKG104591,City Hotel,2022-06-07,2022-06-20,2022-06-26,13,Singapore,4,2.0,Suite,246.31,Direct,Check-Out
BKG104592,Resort Hotel,2023-04-13,2023-06-16,2023-06-25,64,France,4,2.0,Standard,82.52,Corporate,Check-Out
BKG104593,Resort Hotel,2022-05-01,2022-07-10,2022-07-11,70,Germany,3,,Family,275.65,Online Travel Agent,Check-Out
BKG104594,City Hotel,2022-02-04,2022-02-04,2022-02-05,0,USA,3,2.0,Deluxe,297.73,Direct,Check-Out
BKG104595,City Hotel,2023-06-03,2023-06-29,2023-06-30,26,Germany,3,0.0,Family,107.97,Direct,Check-Out
BKG104596,Resort Hotel,2023-01-05,2023-04-25,2023-04-27,110,Brazil,3,0.0,Family,89.33,Online Travel Agent,Check-Out
BKG104597,Resort Hotel,2024-05-10,2024-05-24,2024-06-03,14,,2,0.0,Suite,95.14,Online Travel Agent,Check-Out
BKG104598,Resort Hotel,2023-03-18,2023-04-15,2023-04-17,28,,1,0.0,Suite,209.38,Online Travel Agent,Check-Out
BKG104599,City Hotel,2024-02-07,2024-05-04,2024-05-07,87,Australia,4,0.0,Suite,98.2,Online Travel Agent,Canceled
BKG104600,Resort Hotel,2024-05-15,2024-10-25,2024-10-26,163,Germany,1,0.0,Standard,78.64,Online Travel Agent,Check-Out
BKG104601,Resort Hotel,2023-08-17,2023-11-22,2023-11-28,97,UK,3,,Deluxe,248.66,Direct,Check-Out
BKG104602,Resort Hotel,2022-11-11,2022-12-06,2022-12-11,25,UK,2,0.0,Standard,141.65,Offline Agent,Check-Out
BKG104603,Resort Hotel,2023-09-10,2024-02-21,2024-02-22,164,UAE,3,0.0,Suite,208.61,,Check-Out
BKG104604,City Hotel,2024-01-17,2024-03-26,2024-03-29,69,UK,1,1.0,Suite,217.59,Offline Agent,Check-Out
BKG104605,Resort Hotel,2022-03-29,2022-04-04,2022-04-13,6,India,4,0.0,Suite,195.39,,Canceled
BKG104606,Resort Hotel,2022-12-25,2023-04-21,2023-05-01,117,Singapore,1,0.0,Suite,158.48,Corporate,Canceled
BKG104607,City Hotel,2024-03-20,2024-06-22,2024-06-25,94,UK,4,0.0,Deluxe,131.58,Online Travel Agent,Check-Out
BKG104608,City Hotel,2022-05-12,2022-09-30,2022-10-05,141,UK,2,0.0,Standard,285.3,Direct,Check-Out
BKG104609,Resort Hotel,2022-06-08,2022-11-13,2022-11-15,158,Germany,4,0.0,Suite,171.35,Direct,Check-Out
BKG104610,City Hotel,2023-10-03,2023-12-27,2024-01-04,85,Australia,1,0.0,Deluxe,90.94,Corporate,Check-Out
BKG104611,Resort Hotel,2022-08-12,2022-08-27,2022-08-30,15,USA,3,0.0,Standard,123.69,Direct,Check-Out
BKG104612,City Hotel,2023-03-11,2023-05-27,2023-06-01,77,Canada,2,0.0,,141.78,Corporate,Check-Out
BKG104613,Resort Hotel,2023-09-24,2023-10-29,2023-11-01,35,Australia,4,1.0,Standard,66.83,Corporate,Check-Out
BKG104614,City Hotel,2023-02-14,2023-07-23,2023-07-31,159,France,4,0.0,Standard,161.95,Online Travel Agent,Check-Out
BKG104615,City Hotel,2022-01-16,2022-05-10,2022-05-17,114,UK,3,2.0,Family,240.54,Offline Agent,Check-Out
BKG104616,Resort Hotel,2023-08-02,2023-11-15,2023-11-24,105,,1,0.0,Suite,188.44,Offline Agent,Check-Out
BKG104617,Resort Hotel,2023-11-05,2024-02-04,2024-02-07,91,Canada,2,0.0,Standard,87.59,Corporate,Check-Out
BKG104618,Resort Hotel,2023-12-18,2024-03-21,2024-03-31,94,Germany,2,0.0,Standard,248.19,Corporate,Check-Out
BKG104619,City Hotel,2022-04-25,2022-08-07,2022-08-09,104,France,4,1.0,Suite,274.21,Offline Agent,Check-Out
BKG104620,City Hotel,2022-02-10,2022-06-14,2022-06-16,124,USA,1,2.0,Standard,348.84,Online Travel Agent,Check-Out
BKG104621,Resort Hotel,2023-07-13,2023-11-06,2023-11-09,116,Canada,2,2.0,Standard,77.41,Corporate,Check-Out
BKG104622,Resort Hotel,2023-06-13,2023-09-23,2023-09-24,102,Australia,2,1.0,Deluxe,147.41,,Check-Out
BKG104623,City Hotel,2023-06-06,2023-10-21,2023-10-26,137,USA,4,2.0,Suite,306.7,Offline Agent,Check-Out
BKG104624,City Hotel,2023-05-24,2023-08-20,2023-08-21,88,USA,1,0.0,Standard,247.38,Offline Agent,Check-Out
BKG104625,City Hotel,2023-10-10,2023-12-27,2024-01-01,78,France,1,0.0,Suite,105.28,Direct,Check-Out
BKG104626,Resort Hotel,2022-08-25,2022-12-16,2022-12-26,113,France,2,,Suite,173.02,Offline Agent,Canceled
BKG104627,City Hotel,2024-01-23,2024-05-19,2024-05-21,117,USA,1,2.0,Deluxe,211.97,Offline Agent,Canceled
BKG104628,City Hotel,2023-10-23,2023-12-18,2023-12-23,56,Canada,4,1.0,,143.58,Corporate,Canceled
BKG104629,Resort Hotel,2023-04-19,2023-06-18,2023-06-22,60,UAE,1,2.0,Family,300.56,Offline Agent,Check-Out
BKG104630,City Hotel,2022-10-19,2022-11-18,2022-11-22,30,UAE,3,0.0,,242.08,Offline Agent,Check-Out
BKG104631,Resort Hotel,2022-01-31,2022-05-28,2022-06-07,117,France,1,1.0,Suite,319.1,Corporate,No-Show
BKG104632,City Hotel,2022-01-28,2022-02-02,2022-02-04,5,USA,4,0.0,Deluxe,90.13,Offline Agent,Check-Out
BKG104633,City Hotel,2022-12-26,2023-05-25,2023-05-28,150,Australia,1,0.0,Family,226.66,Direct,Check-Out
BKG104634,Resort Hotel,2023-01-11,2023-04-14,2023-04-20,93,Canada,2,0.0,Family,306.87,Corporate,Check-Out
BKG104635,Resort Hotel,2022-12-30,2023-04-19,2023-04-25,110,France,2,1.0,Deluxe,149.33,Offline Agent,Check-Out
BKG104636,City Hotel,2023-06-02,2023-07-06,2023-07-09,34,,1,0.0,Standard,96.88,Offline Agent,Check-Out
BKG104637,Resort Hotel,2023-08-08,2023-11-19,2023-11-20,103,India,4,,Standard,169.04,Corporate,Check-Out
BKG104638,City Hotel,2023-03-06,2023-03-18,2023-03-28,12,UK,4,1.0,Suite,335.67,,Check-Out
BKG104639,Resort Hotel,2022-09-02,2022-10-13,2022-10-15,41,UK,3,1.0,,268.99,Corporate,Canceled
BKG104640,Resort Hotel,2023-03-09,2023-06-05,2023-06-06,88,UAE,4,2.0,Suite,172.6,Corporate,Check-Out
BKG104641,Resort Hotel,2022-05-10,2022-07-04,2022-07-11,55,USA,3,2.0,,323.02,Online Travel Agent,Canceled
BKG104642,Resort Hotel,2023-11-25,2024-01-07,2024-01-08,43,France,4,1.0,Standard,177.13,Offline Agent,Check-Out
BKG104643,City Hotel,2022-07-10,2022-08-03,2022-08-09,24,,1,1.0,Deluxe,151.36,Offline Agent,Check-Out
BKG104644,Resort Hotel,2023-06-20,2023-10-08,2023-10-14,110,France,2,0.0,Deluxe,335.3,Direct,Check-Out
BKG104645,Resort Hotel,2024-04-26,2024-05-07,2024-05-12,11,Canada,2,0.0,Family,289.11,Direct,Check-Out
BKG104646,City Hotel,2023-07-29,2023-11-25,2023-11-30,119,Canada,3,2.0,Suite,224.26,Direct,Check-Out
BKG104647,City Hotel,2023-02-12,2023-02-20,2023-02-22,8,Singapore,4,1.0,Family,345.5,Direct,Canceled
BKG104648,Resort Hotel,2024-02-21,2024-07-02,2024-07-03,132,India,1,0.0,,78.48,Direct,Check-Out
BKG104649,Resort Hotel,2023-08-18,2023-09-25,2023-09-29,38,UK,2,0.0,Deluxe,327.91,Offline Agent,Check-Out
BKG104650,Resort Hotel,2022-02-15,2022-04-25,2022-04-30,69,France,1,,Suite,249.37,Offline Agent,Check-Out
BKG104651,City Hotel,2023-02-24,2023-03-04,2023-03-09,8,UAE,1,0.0,Suite,181.26,Corporate,Check-Out
BKG104652,City Hotel,2023-08-23,2023-10-25,2023-10-29,63,Australia,4,0.0,Standard,98.36,Offline Agent,Check-Out
BKG104653,Resort Hotel,2024-02-02,2024-02-10,2024-02-15,8,Brazil,4,1.0,Family,81.13,Corporate,Check-Out
BKG104654,Resort Hotel,2022-03-26,2022-08-23,2022-08-24,150,,3,0.0,Family,201.89,Offline Agent,Canceled
BKG104655,Resort Hotel,2022-02-03,2022-04-28,2022-04-29,84,Germany,2,0.0,Family,179.93,Direct,No-Show
BKG104656,City Hotel,2022-10-08,2023-01-17,2023-01-22,101,USA,3,1.0,Standard,62.79,Online Travel Agent,Canceled
BKG104657,City Hotel,2022-11-24,2023-03-04,2023-03-08,100,Brazil,2,0.0,Standard,255.25,Online Travel Agent,Check-Out
BKG104658,Resort Hotel,2023-05-19,2023-09-26,2023-10-02,130,Canada,1,0.0,Deluxe,160.82,Online Travel Agent,Check-Out
BKG104659,City Hotel,2022-10-26,2022-11-30,2022-12-03,35,Germany,2,2.0,Suite,101.19,Online Travel Agent,Check-Out
BKG104660,City Hotel,2022-12-05,2023-04-06,2023-04-13,122,UK,1,1.0,Deluxe,177.51,,Canceled
BKG104661,City Hotel,2023-01-08,2023-05-21,2023-05-30,133,Brazil,2,1.0,Deluxe,185.54,Direct,No-Show
BKG104662,Resort Hotel,2022-10-17,2022-10-29,2022-11-07,12,Australia,2,,Standard,196.85,,Canceled
BKG104663,Resort Hotel,2023-08-14,2023-09-29,2023-10-06,46,Singapore,4,2.0,Standard,177.69,Offline Agent,Check-Out
BKG104664,Resort Hotel,2023-03-04,2023-05-28,2023-06-01,85,Canada,1,0.0,Suite,74.34,Online Travel Agent,Check-Out
BKG104665,Resort Hotel,2023-12-10,2024-03-23,2024-03-24,104,Singapore,3,1.0,,313.38,Direct,Canceled
BKG104666,City Hotel,2023-04-09,2023-05-01,2023-05-06,22,France,2,0.0,Family,122.62,Direct,Check-Out
BKG104667,City Hotel,2023-08-06,2023-10-03,2023-10-13,58,Brazil,2,0.0,,258.72,Corporate,Check-Out
BKG104668,Resort Hotel,2024-04-22,2024-08-06,2024-08-09,106,UK,2,0.0,Suite,332.57,Online Travel Agent,Check-Out
BKG104669,City Hotel,2022-06-28,2022-11-06,2022-11-08,131,,3,2.0,Standard,205.68,Online Travel Agent,Check-Out
BKG104670,City Hotel,2023-07-29,2023-08-13,2023-08-18,15,UK,1,2.0,Family,120.28,Direct,No-Show
BKG104671,City Hotel,2024-03-07,2024-05-23,2024-05-29,77,UK,2,,Family,200.33,Offline Agent,Check-Out
BKG104672,Resort Hotel,2022-05-18,2022-11-10,2022-11-18,176,UAE,2,0.0,Suite,319.74,Direct,Check-Out
BKG104673,City Hotel,2022-02-21,2022-03-17,2022-03-24,24,France,2,0.0,Suite,224.34,Online Travel Agent,Check-Out
BKG104674,City Hotel,2023-11-13,2024-02-22,2024-02-28,101,UK,1,1.0,Suite,61.22,,Canceled
BKG104675,Resort Hotel,2022-08-19,2022-10-09,2022-10-19,51,UAE,4,1.0,Family,295.87,Corporate,Canceled
BKG104676,City Hotel,2023-10-19,2024-03-14,2024-03-21,147,USA,4,0.0,Standard,322.96,Online Travel Agent,Check-Out
BKG104677,Resort Hotel,2022-05-18,2022-11-02,2022-11-03,168,,4,0.0,Standard,116.06,Corporate,No-Show
BKG104678,City Hotel,2022-12-04,2023-03-07,2023-03-08,93,USA,4,0.0,Family,185.46,Offline Agent,Canceled
BKG104679,Resort Hotel,2024-06-09,2024-09-24,2024-09-30,107,Brazil,3,2.0,Family,239.41,Offline Agent,Check-Out
BKG104680,City Hotel,2023-02-20,2023-03-07,2023-03-10,15,Brazil,2,0.0,,169.69,,Canceled
BKG104681,City Hotel,2022-08-29,2022-12-22,2022-12-23,115,UK,3,0.0,Suite,317.34,Online Travel Agent,Canceled
BKG104682,City Hotel,2022-06-09,2022-09-27,2022-10-01,110,France,1,1.0,Deluxe,195.7,Direct,Check-Out
BKG104683,City Hotel,2024-05-28,2024-07-14,2024-07-19,47,Germany,2,0.0,Standard,294.92,Online Travel Agent,Canceled
BKG104684,Resort Hotel,2022-09-21,2023-01-12,2023-01-16,113,UK,1,1.0,Suite,154.73,Direct,Canceled
BKG104685,Resort Hotel,2022-12-01,2022-12-04,2022-12-13,3,India,2,0.0,Suite,108.8,Corporate,Check-Out
BKG104686,City Hotel,2022-11-27,2022-12-19,2022-12-23,22,Germany,3,,Standard,272.24,Offline Agent,No-Show
BKG104687,Resort Hotel,2023-09-12,2024-03-02,2024-03-04,172,UAE,4,0.0,Suite,329.63,Offline Agent,Check-Out
BKG104688,Resort Hotel,2023-12-20,2024-03-20,2024-03-25,91,UAE,2,0.0,Suite,331.67,,Check-Out
BKG104689,Resort Hotel,2023-02-25,2023-07-14,2023-07-24,139,Brazil,2,0.0,,69.46,,Canceled
BKG104690,City Hotel,2023-12-06,2023-12-16,2023-12-19,10,Brazil,3,0.0,Standard,193.65,Online Travel Agent,Check-Out
BKG104691,City Hotel,2022-06-30,2022-10-02,2022-10-07,94,Germany,2,0.0,Family,326.88,Corporate,Check-Out
BKG104692,City Hotel,2022-08-11,2022-12-21,2022-12-28,132,Australia,1,0.0,Standard,180.14,Offline Agent,Check-Out
BKG104693,Resort Hotel,2024-04-25,2024-04-27,2024-05-03,2,Canada,3,0.0,Deluxe,125.69,Offline Agent,Check-Out
BKG104694,City Hotel,2022-05-11,2022-09-15,2022-09-20,127,Germany,4,0.0,,181.11,Direct,Check-Out
BKG104695,City Hotel,2024-03-19,2024-08-01,2024-08-11,135,Brazil,3,0.0,Family,252.28,Direct,No-Show
BKG104696,City Hotel,2023-03-13,2023-07-05,2023-07-08,114,UK,1,0.0,Deluxe,85.83,Online Travel Agent,Check-Out
BKG104697,City Hotel,2022-04-19,2022-10-01,2022-10-08,165,UAE,4,2.0,Family,328.43,Corporate,Check-Out
BKG104698,Resort Hotel,2022-09-22,2022-09-25,2022-09-27,3,Canada,2,0.0,Suite,159.91,Corporate,Canceled
BKG104699,Resort Hotel,2022-09-24,2023-01-02,2023-01-04,100,Singapore,4,0.0,Suite,145.54,Online Travel Agent,Check-Out
BKG104700,City Hotel,2024-06-12,2024-10-09,2024-10-12,119,Canada,4,1.0,Family,157.53,Online Travel Agent,Check-Out
BKG104701,City Hotel,2022-04-02,2022-06-07,2022-06-10,66,Germany,3,0.0,Family,238.79,Online Travel Agent,Check-Out
BKG104702,Resort Hotel,2022-12-05,2023-05-19,2023-05-25,165,Germany,2,2.0,Standard,279.16,Direct,Check-Out
BKG104703,City Hotel,2023-09-27,2024-01-14,2024-01-22,109,Singapore,2,0.0,Suite,118.78,Online Travel Agent,Canceled
BKG104704,City Hotel,2023-04-20,2023-08-17,2023-08-24,119,Brazil,2,2.0,Deluxe,164.97,Direct,Check-Out
BKG104705,Resort Hotel,2023-10-25,2024-04-20,2024-04-25,178,Australia,2,1.0,Family,260.77,Direct,Check-Out
BKG104706,Resort Hotel,2022-04-10,2022-04-29,2022-05-07,19,UAE,1,1.0,Suite,167.57,Corporate,No-Show
BKG104707,City Hotel,2023-09-13,2023-11-20,2023-11-26,68,Singapore,1,,Deluxe,252.99,Corporate,Check-Out
BKG104708,City Hotel,2022-08-30,2022-09-14,2022-09-24,15,,4,0.0,,210.95,Offline Agent,Check-Out
BKG104709,Resort Hotel,2023-12-19,2024-05-24,2024-05-29,157,France,2,0.0,Deluxe,150.55,Online Travel Agent,Check-Out
BKG104710,Resort Hotel,2022-11-14,2022-11-22,2022-12-02,8,France,4,1.0,Deluxe,304.36,Corporate,Check-Out
BKG104711,City Hotel,2022-02-03,2022-04-23,2022-04-24,79,Canada,3,0.0,Standard,275.93,Direct,Check-Out
BKG104712,City Hotel,2023-04-18,2023-08-06,2023-08-13,110,Brazil,2,0.0,Family,339.77,Corporate,Check-Out
BKG104713,City Hotel,2023-10-23,2023-10-23,2023-11-02,0,USA,1,1.0,Suite,264.16,Online Travel Agent,Check-Out
BKG104714,Resort Hotel,2024-04-26,2024-06-23,2024-06-28,58,France,4,0.0,Standard,165.14,Online Travel Agent,Check-Out
BKG104715,Resort Hotel,2023-06-10,2023-07-19,2023-07-29,39,UAE,2,0.0,Standard,75.27,Direct,Check-Out
BKG104716,Resort Hotel,2022-01-05,2022-02-19,2022-03-01,45,France,3,0.0,Family,78.57,Corporate,Canceled
BKG104717,City Hotel,2024-04-28,2024-08-20,2024-08-23,114,UK,1,0.0,Deluxe,349.77,Offline Agent,Check-Out
BKG104718,City Hotel,2023-12-12,2024-05-18,2024-05-19,158,UAE,3,2.0,Family,338.45,Corporate,Check-Out
BKG104719,Resort Hotel,2023-07-12,2023-09-22,2023-09-27,72,Germany,2,1.0,Suite,127.25,Offline Agent,Check-Out
BKG104720,Resort Hotel,2023-08-08,2023-08-18,2023-08-22,10,Singapore,3,2.0,Deluxe,117.95,Corporate,Check-Out
BKG104721,City Hotel,2022-02-12,2022-03-14,2022-03-21,30,France,1,1.0,Standard,251.93,Direct,Check-Out
BKG104722,City Hotel,2024-02-02,2024-06-25,2024-06-29,144,Germany,3,0.0,,339.91,Corporate,Canceled
BKG104723,Resort Hotel,2023-10-30,2023-12-28,2023-12-29,59,USA,4,0.0,Deluxe,218.64,Online Travel Agent,Canceled
BKG104724,Resort Hotel,2023-11-18,2023-11-22,2023-11-29,4,USA,2,2.0,,107.84,Offline Agent,No-Show
BKG104725,Resort Hotel,2023-11-13,2024-03-25,2024-03-27,133,UK,1,0.0,Deluxe,217.77,Direct,Canceled
BKG104726,City Hotel,2023-08-15,2024-02-05,2024-02-13,174,Canada,1,0.0,Suite,291.35,Direct,Canceled
BKG104727,Resort Hotel,2023-03-10,2023-05-28,2023-06-02,79,UAE,1,0.0,Suite,235.66,Offline Agent,Check-Out
BKG104728,Resort Hotel,2023-06-20,2023-09-28,2023-10-02,100,UK,4,0.0,Deluxe,148.79,Corporate,No-Show
BKG104729,Resort Hotel,2022-05-28,2022-06-11,2022-06-15,14,France,1,1.0,Suite,243.77,Online Travel Agent,Check-Out
BKG104730,City Hotel,2023-09-08,2024-02-19,2024-02-20,164,UK,2,2.0,Family,255.72,Direct,Check-Out
BKG104731,City Hotel,2022-08-30,2023-01-24,2023-01-26,147,Germany,1,1.0,Deluxe,306.54,Direct,Canceled
BKG104732,City Hotel,2022-07-08,2022-10-29,2022-11-05,113,Singapore,3,0.0,Standard,334.93,Direct,Check-Out
BKG104733,City Hotel,2023-08-14,2023-11-21,2023-11-28,99,Singapore,2,0.0,Suite,339.23,Corporate,Canceled
BKG104734,City Hotel,2022-01-28,2022-02-15,2022-02-16,18,France,1,0.0,Suite,256.78,Offline Agent,Check-Out
BKG104735,City Hotel,2022-01-05,2022-04-29,2022-05-04,114,India,1,0.0,Deluxe,90.41,Direct,Check-Out
BKG104736,Resort Hotel,2024-01-10,2024-06-24,2024-07-02,166,UK,4,0.0,Suite,238.45,Corporate,Canceled
BKG104737,Resort Hotel,2023-10-05,2024-03-05,2024-03-14,152,UK,2,2.0,Standard,81.59,Corporate,Check-Out
BKG104738,Resort Hotel,2022-02-23,2022-04-22,2022-04-30,58,UK,2,2.0,Family,280.96,Direct,Check-Out
BKG104739,Resort Hotel,2024-04-17,2024-08-09,2024-08-15,114,Canada,3,0.0,Standard,105.17,Online Travel Agent,Check-Out
BKG104740,Resort Hotel,2023-09-14,2024-01-01,2024-01-05,109,UAE,2,0.0,Standard,291.06,Offline Agent,Check-Out
BKG104741,City Hotel,2023-03-24,2023-08-07,2023-08-17,136,France,2,0.0,Family,322.77,Direct,Check-Out
BKG104742,City Hotel,2022-08-01,2022-09-24,2022-09-29,54,Singapore,3,2.0,Deluxe,318.26,Corporate,No-Show
BKG104743,City Hotel,2022-12-25,2023-04-05,2023-04-08,101,Brazil,1,2.0,Standard,336.77,Corporate,Canceled
BKG104744,City Hotel,2022-03-18,2022-06-02,2022-06-10,76,Germany,3,0.0,Family,280.69,Direct,Check-Out
BKG104745,City Hotel,2023-03-04,2023-05-17,2023-05-26,74,Canada,3,2.0,Family,184.24,Offline Agent,Check-Out
BKG104746,City Hotel,2023-11-11,2024-02-01,2024-02-09,82,UAE,4,0.0,Standard,153.25,Offline Agent,Check-Out
BKG104747,City Hotel,2024-01-18,2024-06-14,2024-06-21,148,Brazil,3,0.0,Standard,79.32,Corporate,Check-Out
BKG104748,Resort Hotel,2024-06-13,2024-09-05,2024-09-12,84,Australia,4,0.0,Suite,150.02,Offline Agent,No-Show
BKG104749,City Hotel,2023-05-27,2023-11-01,2023-11-07,158,Australia,1,2.0,Family,73.66,Online Travel Agent,Check-Out
BKG104750,City Hotel,2023-10-06,2024-01-13,2024-01-17,99,USA,2,2.0,Family,167.67,Direct,Canceled
BKG104751,City Hotel,2022-12-05,2022-12-05,2022-12-08,0,UK,1,2.0,Standard,105.79,,Canceled
BKG104752,City Hotel,2024-04-12,2024-06-08,2024-06-17,57,France,1,0.0,,228.45,Direct,Canceled
BKG104753,City Hotel,2023-01-23,2023-03-26,2023-04-01,62,Brazil,1,0.0,Family,208.33,Online Travel Agent,Check-Out
BKG104754,Resort Hotel,2022-04-10,2022-05-13,2022-05-23,33,Singapore,3,0.0,Suite,167.21,Direct,Canceled
BKG104755,Resort Hotel,2024-06-05,2024-08-02,2024-08-08,58,Australia,3,2.0,,236.64,Direct,Canceled
BKG104756,City Hotel,2024-02-20,2024-08-03,2024-08-13,165,UAE,3,0.0,Standard,98.71,Direct,No-Show
BKG104757,City Hotel,2023-08-09,2024-02-02,2024-02-03,177,Brazil,1,2.0,Family,86.05,Direct,Canceled
BKG104758,Resort Hotel,2022-05-06,2022-05-26,2022-05-31,20,Brazil,4,0.0,Standard,120.89,Online Travel Agent,Check-Out
BKG104759,City Hotel,2022-01-03,2022-03-16,2022-03-22,72,France,4,0.0,Standard,239.35,Online Travel Agent,Canceled
BKG104760,City Hotel,2023-01-06,2023-06-12,2023-06-20,157,,3,2.0,Suite,120.3,Direct,Check-Out
BKG104761,Resort Hotel,2024-01-04,2024-03-20,2024-03-23,76,Singapore,1,2.0,Deluxe,322.4,Offline Agent,Check-Out
BKG104762,Resort Hotel,2023-08-07,2023-08-16,2023-08-24,9,,4,0.0,Suite,154.09,Online Travel Agent,Check-Out
BKG104763,City Hotel,2022-05-04,2022-10-06,2022-10-07,155,Canada,2,1.0,Standard,167.2,Offline Agent,Canceled
BKG104764,City Hotel,2023-08-17,2023-11-22,2023-11-23,97,,4,0.0,Suite,323.37,Online Travel Agent,Check-Out
BKG104765,City Hotel,2023-01-09,2023-02-03,2023-02-06,25,UAE,3,2.0,Suite,119.44,Direct,Check-Out
BKG104766,Resort Hotel,2024-01-25,2024-02-09,2024-02-16,15,UAE,2,0.0,Family,180.6,Corporate,Check-Out
BKG104767,Resort Hotel,2023-03-22,2023-03-27,2023-04-05,5,India,2,1.0,Deluxe,183.17,Direct,Check-Out
BKG104768,City Hotel,2022-03-20,2022-09-04,2022-09-07,168,UAE,1,2.0,Family,281.21,Online Travel Agent,Check-Out
BKG104769,Resort Hotel,2024-03-10,2024-07-08,2024-07-12,120,Singapore,3,2.0,Suite,135.79,Offline Agent,Check-Out
BKG104770,Resort Hotel,2023-05-04,2023-08-03,2023-08-13,91,Singapore,3,2.0,Family,260.89,Offline Agent,Canceled
BKG104771,Resort Hotel,2022-04-26,2022-09-16,2022-09-25,143,Germany,1,0.0,Family,94.8,Corporate,Canceled
BKG104772,City Hotel,2022-06-13,2022-08-05,2022-08-09,53,USA,1,0.0,Family,128.19,Online Travel Agent,Check-Out
BKG104773,City Hotel,2024-06-18,2024-07-13,2024-07-16,25,Germany,4,2.0,Deluxe,200.7,Offline Agent,Canceled
BKG104774,Resort Hotel,2023-09-24,2024-03-07,2024-03-08,165,UK,1,0.0,Standard,255.77,Direct,Check-Out
BKG104775,Resort Hotel,2022-02-25,2022-05-14,2022-05-19,78,Brazil,3,0.0,Family,309.84,Online Travel Agent,Check-Out
BKG104776,Resort Hotel,2022-09-19,2023-02-16,2023-02-22,150,France,4,0.0,Deluxe,292.91,,No-Show
BKG104777,Resort Hotel,2023-08-29,2023-09-02,2023-09-03,4,France,2,2.0,Standard,145.45,,Check-Out
BKG104778,City Hotel,2022-05-08,2022-09-23,2022-09-27,138,Germany,1,0.0,Suite,203.38,Online Travel Agent,Check-Out
BKG104779,Resort Hotel,2022-03-02,2022-05-28,2022-06-05,87,Canada,2,0.0,Deluxe,265.09,Direct,Check-Out
BKG104780,Resort Hotel,2022-12-22,2023-05-04,2023-05-06,133,India,2,1.0,Standard,205.24,,Canceled
BKG104781,City Hotel,2023-09-20,2024-03-14,2024-03-22,176,Australia,4,2.0,Deluxe,166.73,,Check-Out
BKG104782,Resort Hotel,2023-04-08,2023-04-10,2023-04-11,2,USA,4,0.0,Deluxe,72.63,Corporate,Check-Out
BKG104783,City Hotel,2024-05-09,2024-10-24,2024-10-31,168,Germany,4,0.0,,268.52,Direct,Canceled
BKG104784,Resort Hotel,2022-05-11,2022-06-09,2022-06-13,29,USA,3,0.0,Deluxe,243.57,Corporate,Check-Out
BKG104785,Resort Hotel,2023-09-13,2023-12-18,2023-12-27,96,Singapore,3,0.0,Suite,231.07,Corporate,Check-Out
BKG104786,City Hotel,2023-11-16,2024-04-13,2024-04-18,149,UK,4,0.0,Standard,162.02,Corporate,Check-Out
BKG104787,City Hotel,2024-03-16,2024-06-02,2024-06-05,78,,1,1.0,Suite,302.62,Online Travel Agent,Canceled
BKG104788,City Hotel,2024-04-12,2024-07-19,2024-07-25,98,Australia,1,0.0,Suite,147.31,Offline Agent,Check-Out
BKG104789,City Hotel,2022-03-11,2022-05-24,2022-05-30,74,France,2,0.0,Family,99.04,Corporate,Canceled
BKG104790,Resort Hotel,2023-07-28,2023-12-31,2024-01-04,156,Canada,1,0.0,Suite,129.09,Direct,Check-Out
BKG104791,City Hotel,2023-09-03,2023-09-28,2023-10-02,25,UAE,4,2.0,Suite,239.06,Direct,Check-Out
BKG104792,City Hotel,2023-05-15,2023-09-16,2023-09-24,124,France,2,1.0,Deluxe,273.97,Direct,Check-Out
BKG104793,City Hotel,2022-06-18,2022-09-07,2022-09-08,81,USA,2,2.0,,256.45,Corporate,Check-Out
BKG104794,Resort Hotel,2022-07-04,2022-08-31,2022-09-08,58,Brazil,2,0.0,Family,188.92,Corporate,Check-Out
BKG104795,City Hotel,2023-05-04,2023-05-16,2023-05-17,12,Canada,4,0.0,Deluxe,106.75,Direct,No-Show
BKG104796,City Hotel,2022-06-13,2022-07-07,2022-07-08,24,,3,2.0,Suite,114.87,Direct,No-Show
BKG104797,Resort Hotel,2022-08-20,2022-09-29,2022-10-01,40,Singapore,3,,Suite,314.92,,Check-Out
BKG104798,City Hotel,2022-04-13,2022-09-14,2022-09-24,154,Singapore,3,0.0,,222.79,Corporate,Check-Out
BKG104799,City Hotel,2023-10-20,2023-10-20,2023-10-27,0,UAE,3,,Deluxe,118.14,Corporate,Check-Out
BKG104800,Resort Hotel,2022-10-18,2023-03-11,2023-03-19,144,France,1,2.0,Standard,189.0,Direct,Check-Out
BKG104801,Resort Hotel,2022-06-01,2022-08-10,2022-08-14,70,Canada,1,0.0,Deluxe,237.74,Online Travel Agent,Check-Out
BKG104802,City Hotel,2022-08-15,2022-09-18,2022-09-23,34,UK,2,0.0,Suite,250.72,Corporate,Check-Out
BKG104803,Resort Hotel,2022-09-02,2023-01-26,2023-01-27,146,UK,4,0.0,Suite,319.72,Offline Agent,Check-Out
BKG104804,Resort Hotel,2023-07-07,2023-12-04,2023-12-11,150,Brazil,1,0.0,Deluxe,102.48,Offline Agent,Canceled
BKG104805,City Hotel,2022-10-15,2022-12-28,2023-01-07,74,Australia,3,0.0,Standard,349.88,Corporate,Check-Out
BKG104806,City Hotel,2023-07-08,2023-08-30,2023-09-01,53,USA,1,2.0,,194.42,Offline Agent,Check-Out
BKG104807,City Hotel,2022-02-27,2022-03-26,2022-04-04,27,,1,0.0,Deluxe,168.01,Offline Agent,Check-Out
BKG104808,City Hotel,2022-03-02,2022-03-31,2022-04-03,29,Canada,2,0.0,Suite,172.8,Online Travel Agent,Check-Out
BKG104809,City Hotel,2022-02-04,2022-02-08,2022-02-12,4,Canada,4,1.0,Suite,277.62,Direct,Check-Out
BKG104810,Resort Hotel,2023-05-02,2023-10-13,2023-10-17,164,Singapore,3,1.0,Suite,341.74,,Check-Out
BKG104811,Resort Hotel,2024-06-05,2024-09-12,2024-09-16,99,Singapore,1,0.0,Deluxe,91.07,Direct,Check-Out
BKG104812,Resort Hotel,2024-05-23,2024-09-21,2024-09-24,121,Germany,3,0.0,Standard,87.08,Online Travel Agent,Check-Out
BKG104813,City Hotel,2022-06-06,2022-08-04,2022-08-12,59,France,1,0.0,Deluxe,70.75,Corporate,Check-Out
BKG104814,City Hotel,2022-06-06,2022-10-31,2022-11-03,147,UAE,3,0.0,Suite,306.17,Offline Agent,Check-Out
BKG104815,Resort Hotel,2024-04-11,2024-04-30,2024-05-07,19,Germany,1,0.0,,167.47,Corporate,Check-Out
BKG104816,City Hotel,2024-02-05,2024-04-17,2024-04-20,72,Australia,2,1.0,Family,106.17,Offline Agent,Canceled
BKG104817,City Hotel,2024-02-03,2024-03-06,2024-03-09,32,France,4,1.0,Family,173.05,Online Travel Agent,Check-Out
BKG104818,Resort Hotel,2022-12-31,2023-03-26,2023-03-29,85,India,2,0.0,Suite,269.98,,Check-Out
BKG104819,City Hotel,2022-05-31,2022-09-01,2022-09-06,93,Germany,4,2.0,Family,75.25,Online Travel Agent,Check-Out
BKG104820,City Hotel,2023-11-02,2024-02-11,2024-02-12,101,Germany,2,0.0,Standard,306.64,Online Travel Agent,Check-Out
BKG104821,City Hotel,2022-05-06,2022-08-03,2022-08-10,89,UK,3,0.0,Standard,317.52,Online Travel Agent,Canceled
BKG104822,Resort Hotel,2023-10-17,2024-04-08,2024-04-14,174,UAE,3,0.0,Standard,133.97,Corporate,Check-Out
BKG104823,Resort Hotel,2023-10-17,2024-02-13,2024-02-23,119,Singapore,1,,Deluxe,180.61,Corporate,Check-Out
BKG104824,City Hotel,2024-02-06,2024-05-10,2024-05-16,94,Singapore,2,1.0,Family,135.65,Corporate,Canceled
BKG104825,City Hotel,2023-04-05,2023-08-30,2023-09-09,147,UK,4,0.0,,98.57,Corporate,Check-Out
BKG104826,City Hotel,2023-06-27,2023-08-08,2023-08-16,42,Singapore,3,1.0,Suite,209.39,Online Travel Agent,Canceled
BKG104827,Resort Hotel,2023-04-09,2023-08-20,2023-08-27,133,India,4,0.0,Standard,281.26,Corporate,Check-Out
BKG104828,Resort Hotel,2023-07-11,2023-10-22,2023-10-30,103,,3,0.0,Suite,91.41,Offline Agent,Check-Out
BKG104829,Resort Hotel,2023-10-24,2024-04-05,2024-04-15,164,Canada,2,1.0,Standard,157.5,Online Travel Agent,Canceled
BKG104830,Resort Hotel,2024-01-12,2024-02-18,2024-02-28,37,UAE,3,2.0,,245.78,Offline Agent,Check-Out
BKG104831,Resort Hotel,2022-02-26,2022-05-30,2022-06-03,93,Australia,2,0.0,Standard,223.19,Direct,Check-Out
BKG104832,Resort Hotel,2022-01-21,2022-02-06,2022-02-11,16,Brazil,3,1.0,Family,139.34,Direct,Canceled
BKG104833,City Hotel,2024-05-01,2024-10-16,2024-10-21,168,UAE,1,0.0,Standard,121.28,Offline Agent,Check-Out
BKG104834,Resort Hotel,2024-01-08,2024-03-04,2024-03-07,56,Canada,3,0.0,Standard,80.55,Direct,Canceled
BKG104835,City Hotel,2024-02-08,2024-04-11,2024-04-19,63,Australia,1,,,193.37,Online Travel Agent,Check-Out
BKG104836,Resort Hotel,2023-05-03,2023-10-28,2023-11-01,178,Australia,4,0.0,Deluxe,341.62,Offline Agent,Check-Out
BKG104837,Resort Hotel,2022-06-23,2022-10-26,2022-10-31,125,Australia,4,,Family,84.46,Offline Agent,Check-Out
BKG104838,Resort Hotel,2022-01-02,2022-06-03,2022-06-11,152,UAE,1,0.0,Family,208.95,Offline Agent,Canceled
BKG104839,City Hotel,2022-03-15,2022-08-01,2022-08-02,139,Germany,4,0.0,Family,60.94,Online Travel Agent,Check-Out
BKG104840,Resort Hotel,2022-03-05,2022-03-10,2022-03-12,5,USA,1,,,277.59,Offline Agent,Check-Out
BKG104841,Resort Hotel,2022-08-12,2023-01-16,2023-01-17,157,USA,3,0.0,Standard,305.01,Online Travel Agent,Canceled
BKG104842,City Hotel,2023-08-03,2023-09-22,2023-09-27,50,Australia,1,0.0,Family,287.04,Online Travel Agent,Check-Out
BKG104843,City Hotel,2022-04-23,2022-07-04,2022-07-14,72,Germany,3,0.0,Deluxe,83.65,Direct,Canceled
BKG104844,City Hotel,2023-01-07,2023-02-04,2023-02-14,28,Singapore,4,0.0,Family,284.17,Online Travel Agent,Check-Out
BKG104845,Resort Hotel,2022-05-30,2022-06-26,2022-06-28,27,UAE,4,0.0,Suite,311.61,Corporate,Canceled
BKG104846,City Hotel,2023-09-02,2023-12-10,2023-12-16,99,,3,0.0,Standard,341.9,Direct,Canceled
BKG104847,City Hotel,2024-05-03,2024-07-09,2024-07-18,67,,1,0.0,Suite,261.64,Online Travel Agent,No-Show
BKG104848,Resort Hotel,2022-06-24,2022-09-07,2022-09-10,75,UAE,3,0.0,Deluxe,181.49,Direct,Check-Out
BKG104849,Resort Hotel,2023-04-20,2023-09-28,2023-10-04,161,Germany,3,2.0,,188.36,Online Travel Agent,Check-Out
BKG104850,City Hotel,2023-02-15,2023-03-10,2023-03-14,23,Canada,2,0.0,Family,128.18,Offline Agent,Check-Out
BKG104851,Resort Hotel,2023-06-15,2023-07-27,2023-07-30,42,Brazil,4,2.0,Standard,63.15,,Canceled
BKG104852,City Hotel,2022-11-03,2023-04-08,2023-04-15,156,Australia,2,0.0,Family,262.41,Offline Agent,Canceled
BKG104853,City Hotel,2023-03-24,2023-05-07,2023-05-17,44,France,4,0.0,Standard,243.5,Online Travel Agent,Check-Out
BKG104854,City Hotel,2024-01-02,2024-05-07,2024-05-09,126,,4,0.0,Suite,298.3,Corporate,Canceled
BKG104855,City Hotel,2023-02-21,2023-05-20,2023-05-28,88,USA,4,0.0,Suite,131.08,Direct,Check-Out
BKG104856,City Hotel,2023-04-22,2023-08-28,2023-09-07,128,Germany,2,0.0,Deluxe,211.13,Direct,Canceled
BKG104857,City Hotel,2024-02-25,2024-05-31,2024-06-07,96,UK,3,0.0,Family,279.29,Corporate,Canceled
BKG104858,Resort Hotel,2024-02-28,2024-05-12,2024-05-19,74,Germany,3,0.0,Standard,242.12,Online Travel Agent,Check-Out
BKG104859,City Hotel,2022-04-13,2022-06-28,2022-07-02,76,UAE,4,,,154.64,Direct,No-Show
BKG104860,Resort Hotel,2022-08-09,2022-09-12,2022-09-16,34,UAE,3,0.0,Family,269.74,Offline Agent,Check-Out
BKG104861,City Hotel,2022-06-15,2022-07-18,2022-07-27,33,France,4,0.0,Deluxe,283.41,Online Travel Agent,No-Show
BKG104862,City Hotel,2022-08-15,2023-02-10,2023-02-20,179,Australia,1,0.0,,118.53,,Canceled
BKG104863,Resort Hotel,2023-11-20,2024-03-15,2024-03-23,116,USA,1,0.0,Standard,325.13,,Canceled
BKG104864,Resort Hotel,2023-06-26,2023-07-23,2023-07-30,27,Brazil,2,0.0,Suite,80.05,Direct,Check-Out
BKG104865,Resort Hotel,2022-04-26,2022-07-26,2022-08-04,91,Australia,4,1.0,Deluxe,157.98,Offline Agent,Canceled
BKG104866,Resort Hotel,2023-01-09,2023-01-14,2023-01-20,5,USA,4,2.0,Suite,278.43,Online Travel Agent,Check-Out
BKG104867,City Hotel,2023-09-11,2024-01-31,2024-02-02,142,France,1,0.0,Deluxe,246.89,Online Travel Agent,Check-Out
BKG104868,City Hotel,2023-04-16,2023-08-18,2023-08-22,124,Australia,2,0.0,,256.43,Direct,Check-Out
BKG104869,Resort Hotel,2023-02-27,2023-08-06,2023-08-10,160,UK,1,,Family,110.21,Offline Agent,Check-Out
BKG104870,Resort Hotel,2022-08-20,2023-02-13,2023-02-15,177,,1,0.0,Suite,131.48,Direct,Canceled
BKG104871,Resort Hotel,2023-05-31,2023-09-29,2023-10-01,121,Australia,3,0.0,,137.18,Direct,Check-Out
BKG104872,Resort Hotel,2022-02-01,2022-05-08,2022-05-13,96,Singapore,4,0.0,Deluxe,141.57,Online Travel Agent,Check-Out
BKG104873,City Hotel,2022-11-04,2022-12-08,2022-12-17,34,Singapore,3,0.0,Suite,312.9,Offline Agent,Check-Out
BKG104874,City Hotel,2023-07-26,2023-12-22,2023-12-27,149,UK,4,,Suite,98.74,Corporate,Canceled
BKG104875,City Hotel,2023-04-15,2023-09-06,2023-09-15,144,UAE,2,0.0,Suite,328.47,Corporate,Check-Out
BKG104876,City Hotel,2023-10-29,2024-01-08,2024-01-11,71,Brazil,1,0.0,Family,62.73,Online Travel Agent,Check-Out
BKG104877,Resort Hotel,2024-04-29,2024-08-28,2024-09-05,121,UAE,3,0.0,Family,167.81,Offline Agent,Check-Out
BKG104878,City Hotel,2022-05-12,2022-08-30,2022-09-09,110,Germany,2,,Standard,128.71,Online Travel Agent,Canceled
BKG104879,Resort Hotel,2023-10-06,2023-11-07,2023-11-13,32,UAE,3,,Family,232.51,Direct,Check-Out
BKG104880,Resort Hotel,2024-04-22,2024-08-24,2024-08-28,124,France,1,0.0,Suite,296.97,Offline Agent,Canceled
BKG104881,Resort Hotel,2022-05-06,2022-07-01,2022-07-03,56,Canada,1,0.0,Deluxe,189.02,Direct,Check-Out
BKG104882,Resort Hotel,2022-07-20,2022-11-02,2022-11-05,105,UAE,3,2.0,Standard,243.27,Corporate,Check-Out
BKG104883,City Hotel,2022-11-13,2023-01-31,2023-02-04,79,USA,4,2.0,Deluxe,197.92,Corporate,No-Show
BKG104884,City Hotel,2023-09-16,2023-11-10,2023-11-16,55,Singapore,1,0.0,Deluxe,325.05,Corporate,Check-Out
BKG104885,Resort Hotel,2024-01-09,2024-05-11,2024-05-15,123,USA,4,0.0,Family,117.74,,Canceled
BKG104886,City Hotel,2022-01-01,2022-06-14,2022-06-24,164,Singapore,2,2.0,Suite,182.0,Direct,Check-Out
BKG104887,City Hotel,2023-04-29,2023-08-30,2023-09-05,123,UK,1,0.0,Standard,124.45,Offline Agent,Canceled
BKG104888,Resort Hotel,2024-02-06,2024-05-06,2024-05-07,90,UK,4,1.0,Suite,238.63,Offline Agent,Check-Out
BKG104889,Resort Hotel,2023-08-02,2023-10-11,2023-10-16,70,Germany,1,1.0,Standard,142.83,Online Travel Agent,Check-Out
BKG104890,Resort Hotel,2023-01-26,2023-07-08,2023-07-17,163,Australia,3,,Deluxe,339.65,Online Travel Agent,Check-Out
BKG104891,Resort Hotel,2023-02-07,2023-08-03,2023-08-04,177,UAE,2,1.0,Standard,132.45,Corporate,Canceled
BKG104892,Resort Hotel,2022-05-29,2022-10-28,2022-10-30,152,India,4,0.0,Family,175.7,Direct,Canceled
BKG104893,City Hotel,2023-06-12,2023-10-02,2023-10-04,112,France,3,,Suite,143.85,Direct,Check-Out
BKG104894,City Hotel,2023-04-21,2023-10-03,2023-10-08,165,France,3,,Standard,274.05,Corporate,Canceled
BKG104895,Resort Hotel,2024-04-21,2024-07-18,2024-07-20,88,UK,2,0.0,Suite,176.4,Direct,Canceled
BKG104896,City Hotel,2022-09-06,2023-03-05,2023-03-12,180,Canada,2,0.0,Family,156.43,Offline Agent,Canceled
BKG104897,City Hotel,2023-04-10,2023-04-24,2023-04-27,14,Australia,3,0.0,,192.38,Online Travel Agent,Canceled
BKG104898,Resort Hotel,2023-08-13,2024-01-24,2024-01-30,164,Australia,1,2.0,Standard,331.58,Online Travel Agent,Check-Out
BKG104899,City Hotel,2023-09-24,2024-01-06,2024-01-12,104,Canada,3,,Suite,99.42,Online Travel Agent,Check-Out
BKG104900,City Hotel,2022-09-23,2022-10-09,2022-10-12,16,Germany,3,0.0,,255.57,,Check-Out
BKG104901,Resort Hotel,2022-08-04,2022-10-24,2022-11-03,81,Singapore,4,0.0,Deluxe,62.07,Online Travel Agent,Canceled
BKG104902,Resort Hotel,2023-05-15,2023-06-11,2023-06-18,27,Brazil,2,2.0,Deluxe,317.34,Direct,Check-Out
BKG104903,Resort Hotel,2023-08-03,2023-08-27,2023-09-05,24,Brazil,2,2.0,,303.89,Direct,Check-Out
BKG104904,City Hotel,2022-12-07,2022-12-07,2022-12-09,0,Australia,1,1.0,Standard,273.74,Online Travel Agent,Check-Out
BKG104905,Resort Hotel,2023-06-17,2023-10-05,2023-10-13,110,,3,0.0,Standard,96.58,Corporate,Check-Out
BKG104906,City Hotel,2023-06-15,2023-11-19,2023-11-23,157,Australia,2,2.0,Suite,91.13,Online Travel Agent,Check-Out
BKG104907,City Hotel,2023-05-16,2023-07-06,2023-07-08,51,France,2,0.0,Deluxe,305.27,Online Travel Agent,Check-Out
BKG104908,Resort Hotel,2022-05-21,2022-09-23,2022-09-30,125,Canada,2,,Family,159.38,Corporate,Check-Out
BKG104909,City Hotel,2024-06-01,2024-10-11,2024-10-14,132,UAE,3,1.0,Standard,278.5,Offline Agent,Check-Out
BKG104910,City Hotel,2022-04-23,2022-08-17,2022-08-20,116,Singapore,4,0.0,Deluxe,282.51,Offline Agent,Check-Out
BKG104911,Resort Hotel,2022-04-06,2022-05-25,2022-05-30,49,Germany,1,0.0,Deluxe,287.42,Corporate,Check-Out
BKG104912,City Hotel,2024-01-01,2024-05-01,2024-05-06,121,France,4,,Suite,187.88,Offline Agent,Check-Out
BKG104913,City Hotel,2022-11-08,2023-01-11,2023-01-20,64,Germany,2,0.0,Deluxe,209.43,,Canceled
BKG104914,Resort Hotel,2022-12-04,2023-02-25,2023-03-06,83,UAE,4,1.0,Standard,141.05,Direct,Canceled
BKG104915,City Hotel,2022-12-15,2022-12-31,2023-01-04,16,,3,1.0,Family,168.29,Offline Agent,Check-Out
BKG104916,City Hotel,2022-08-13,2022-12-30,2023-01-07,139,USA,3,0.0,Deluxe,199.0,Corporate,Check-Out
BKG104917,Resort Hotel,2022-12-14,2023-02-13,2023-02-22,61,India,2,0.0,Family,310.54,Corporate,Canceled
BKG104918,City Hotel,2024-04-26,2024-05-30,2024-06-09,34,Australia,4,1.0,Deluxe,303.27,Online Travel Agent,Canceled
BKG104919,City Hotel,2024-04-17,2024-08-22,2024-08-23,127,Canada,2,2.0,Family,127.6,Offline Agent,Check-Out
BKG104920,Resort Hotel,2024-05-17,2024-06-10,2024-06-11,24,USA,3,0.0,Deluxe,229.77,Online Travel Agent,Canceled
BKG104921,City Hotel,2022-08-12,2023-01-30,2023-02-04,171,Singapore,1,2.0,Deluxe,273.36,Offline Agent,Canceled
BKG104922,Resort Hotel,2022-04-27,2022-08-29,2022-09-02,124,Australia,2,0.0,Family,121.24,Offline Agent,Check-Out
BKG104923,City Hotel,2023-03-23,2023-09-18,2023-09-24,179,Singapore,1,2.0,Family,330.31,Offline Agent,Check-Out
BKG104924,City Hotel,2023-06-09,2023-08-25,2023-08-31,77,,4,2.0,Family,272.41,Online Travel Agent,Check-Out
BKG104925,City Hotel,2024-06-13,2024-11-13,2024-11-15,153,USA,4,,Standard,304.36,,Check-Out
BKG104926,Resort Hotel,2022-07-01,2022-08-27,2022-09-06,57,UK,3,0.0,Family,66.02,Offline Agent,Check-Out
BKG104927,Resort Hotel,2024-05-27,2024-09-12,2024-09-21,108,UK,3,0.0,Family,65.14,Corporate,Check-Out
BKG104928,City Hotel,2022-08-22,2022-09-03,2022-09-09,12,UK,2,0.0,Standard,87.2,Offline Agent,No-Show
BKG104929,City Hotel,2023-01-18,2023-02-11,2023-02-15,24,,2,0.0,Suite,111.56,Offline Agent,Check-Out
BKG104930,City Hotel,2022-09-12,2023-02-20,2023-03-02,161,Brazil,4,,Deluxe,348.21,,Check-Out
BKG104931,Resort Hotel,2024-03-02,2024-05-22,2024-05-26,81,UK,4,2.0,Family,188.82,Offline Agent,Check-Out
BKG104932,City Hotel,2022-06-05,2022-07-04,2022-07-08,29,USA,3,0.0,Suite,243.0,Direct,No-Show
BKG104933,City Hotel,2022-05-04,2022-07-31,2022-08-04,88,Germany,2,0.0,Standard,221.96,Direct,Canceled
BKG104934,City Hotel,2022-02-21,2022-03-01,2022-03-10,8,India,3,2.0,Standard,327.56,Direct,Check-Out
BKG104935,Resort Hotel,2023-11-25,2024-03-19,2024-03-20,115,Germany,2,1.0,Family,267.75,Direct,Check-Out
BKG104936,City Hotel,2022-07-29,2022-10-13,2022-10-16,76,USA,3,0.0,Family,144.78,Offline Agent,Check-Out
BKG104937,Resort Hotel,2022-03-18,2022-07-18,2022-07-26,122,USA,3,0.0,,338.93,Online Travel Agent,Check-Out
BKG104938,Resort Hotel,2023-05-23,2023-07-30,2023-08-08,68,Canada,2,0.0,Suite,265.48,Online Travel Agent,Canceled
BKG104939,Resort Hotel,2023-05-18,2023-11-09,2023-11-19,175,France,4,0.0,Standard,83.25,Corporate,Check-Out
BKG104940,City Hotel,2024-04-16,2024-05-06,2024-05-16,20,Australia,4,0.0,Deluxe,86.7,Offline Agent,Check-Out
BKG104941,City Hotel,2022-12-26,2023-04-28,2023-04-29,123,Singapore,4,0.0,Family,328.54,Direct,Canceled
BKG104942,City Hotel,2024-05-17,2024-07-10,2024-07-18,54,,3,1.0,Deluxe,194.12,Online Travel Agent,Check-Out
BKG104943,City Hotel,2023-08-08,2023-09-26,2023-10-06,49,India,1,1.0,Family,170.11,Online Travel Agent,Check-Out
BKG104944,City Hotel,2022-06-25,2022-12-07,2022-12-15,165,UAE,4,0.0,Deluxe,273.6,Offline Agent,Check-Out
BKG104945,City Hotel,2024-05-18,2024-07-31,2024-08-04,74,,1,0.0,Standard,123.63,Offline Agent,No-Show
BKG104946,City Hotel,2022-10-21,2023-02-06,2023-02-12,108,Singapore,3,2.0,Suite,85.43,Offline Agent,Check-Out
BKG104947,Resort Hotel,2023-09-09,2023-10-28,2023-10-31,49,UK,1,,Family,269.29,Offline Agent,Check-Out
BKG104948,City Hotel,2022-01-27,2022-07-11,2022-07-15,165,Singapore,4,0.0,Suite,167.93,Corporate,Check-Out
BKG104949,Resort Hotel,2023-12-24,2024-06-18,2024-06-25,177,France,3,0.0,Family,61.23,Corporate,Check-Out
BKG104950,City Hotel,2023-06-02,2023-06-30,2023-07-04,28,,2,0.0,Standard,110.26,Corporate,Check-Out
BKG104951,City Hotel,2022-06-17,2022-10-02,2022-10-09,107,India,3,0.0,Suite,260.74,Corporate,Check-Out
BKG104952,Resort Hotel,2024-01-27,2024-07-10,2024-07-18,165,Australia,2,0.0,Family,143.08,Direct,Check-Out
BKG104953,Resort Hotel,2023-11-05,2024-01-08,2024-01-16,64,Singapore,4,1.0,Standard,60.71,Offline Agent,No-Show
BKG104954,City Hotel,2022-03-04,2022-03-16,2022-03-19,12,France,3,0.0,Standard,212.43,Offline Agent,Check-Out
BKG104955,Resort Hotel,2022-09-03,2023-02-03,2023-02-13,153,Germany,4,2.0,Deluxe,198.72,Direct,Check-Out
BKG104956,Resort Hotel,2024-01-12,2024-03-02,2024-03-11,50,Singapore,4,1.0,Family,220.64,,Check-Out
BKG104957,City Hotel,2022-05-06,2022-08-28,2022-09-01,114,,4,2.0,Deluxe,89.72,Direct,Check-Out
BKG104958,City Hotel,2022-02-08,2022-06-13,2022-06-23,125,Germany,2,1.0,Suite,217.59,Direct,Check-Out
BKG104959,City Hotel,2023-09-11,2024-01-22,2024-01-23,133,India,4,2.0,Deluxe,134.14,Direct,Canceled
BKG104960,City Hotel,2022-06-30,2022-11-29,2022-12-09,152,UK,3,0.0,,216.94,Offline Agent,Check-Out
BKG104961,City Hotel,2023-03-21,2023-05-07,2023-05-16,47,Canada,1,0.0,Family,190.36,Offline Agent,No-Show
BKG104962,Resort Hotel,2023-11-18,2024-01-15,2024-01-25,58,,4,0.0,Standard,214.5,Corporate,Check-Out
BKG104963,Resort Hotel,2023-03-25,2023-05-31,2023-06-07,67,Canada,2,0.0,Suite,69.57,Online Travel Agent,Check-Out
BKG104964,Resort Hotel,2022-06-11,2022-08-15,2022-08-18,65,,4,0.0,Deluxe,76.05,Corporate,No-Show
BKG104965,City Hotel,2023-12-11,2024-04-09,2024-04-17,120,Brazil,2,1.0,Standard,161.55,Offline Agent,Canceled
BKG104966,City Hotel,2022-03-25,2022-05-18,2022-05-21,54,,3,0.0,Deluxe,176.06,Corporate,Check-Out
BKG104967,City Hotel,2024-05-18,2024-07-09,2024-07-19,52,Singapore,3,1.0,Suite,281.99,Online Travel Agent,Check-Out
BKG104968,City Hotel,2022-05-24,2022-10-12,2022-10-17,141,Singapore,2,2.0,Standard,248.02,Online Travel Agent,Check-Out
BKG104969,Resort Hotel,2024-04-11,2024-09-08,2024-09-17,150,France,4,1.0,Suite,320.82,Online Travel Agent,Canceled
BKG104970,City Hotel,2022-03-08,2022-05-15,2022-05-25,68,Germany,1,0.0,Suite,205.93,Offline Agent,Check-Out
BKG104971,City Hotel,2022-08-20,2022-11-01,2022-11-07,73,,2,1.0,Standard,303.85,Offline Agent,Check-Out
BKG104972,Resort Hotel,2023-08-11,2024-01-12,2024-01-20,154,Australia,4,0.0,Suite,103.35,Offline Agent,Canceled
BKG104973,City Hotel,2022-03-28,2022-06-18,2022-06-22,82,India,2,0.0,Deluxe,63.04,Offline Agent,Canceled
BKG104974,City Hotel,2024-01-30,2024-02-14,2024-02-22,15,Brazil,4,2.0,Deluxe,196.41,Online Travel Agent,Canceled
BKG104975,Resort Hotel,2022-04-21,2022-06-24,2022-06-30,64,USA,2,2.0,Family,169.43,Online Travel Agent,Check-Out
BKG104976,Resort Hotel,2022-02-08,2022-06-15,2022-06-21,127,UAE,1,0.0,Suite,67.34,,Canceled
BKG104977,City Hotel,2022-08-13,2023-01-09,2023-01-12,149,Australia,2,0.0,,134.28,Direct,Check-Out
BKG104978,Resort Hotel,2022-05-11,2022-06-04,2022-06-09,24,Brazil,3,0.0,Suite,282.37,Online Travel Agent,Canceled
BKG104979,Resort Hotel,2023-02-16,2023-07-10,2023-07-20,144,Singapore,2,0.0,,331.95,Corporate,Check-Out
BKG104980,City Hotel,2022-12-01,2023-04-30,2023-05-01,150,Brazil,4,0.0,Suite,161.28,Online Travel Agent,Check-Out
BKG104981,City Hotel,2023-03-18,2023-05-10,2023-05-17,53,France,1,0.0,Standard,294.27,Online Travel Agent,Check-Out
BKG104982,Resort Hotel,2024-04-27,2024-06-14,2024-06-15,48,Singapore,4,2.0,Deluxe,290.5,,Check-Out
BKG104983,Resort Hotel,2022-05-16,2022-10-02,2022-10-10,139,,4,0.0,Deluxe,206.54,Corporate,Check-Out
BKG104984,Resort Hotel,2022-05-28,2022-06-16,2022-06-25,19,Singapore,3,0.0,Deluxe,152.92,Online Travel Agent,Check-Out
BKG104985,City Hotel,2022-06-03,2022-11-17,2022-11-24,167,Singapore,1,0.0,Family,263.49,,Check-Out
BKG104986,Resort Hotel,2023-07-19,2023-08-05,2023-08-14,17,Singapore,3,0.0,Family,338.79,,No-Show
BKG104987,Resort Hotel,2023-04-16,2023-05-03,2023-05-13,17,UAE,2,1.0,Suite,246.03,Offline Agent,Check-Out
BKG104988,Resort Hotel,2023-04-29,2023-05-08,2023-05-14,9,India,4,1.0,Suite,104.42,Offline Agent,No-Show
BKG104989,City Hotel,2023-08-22,2024-02-04,2024-02-09,166,India,3,1.0,Standard,312.77,,Canceled
BKG104990,City Hotel,2024-03-09,2024-08-28,2024-09-01,172,Australia,3,0.0,,180.94,Online Travel Agent,Canceled
BKG104991,City Hotel,2024-04-29,2024-07-30,2024-07-31,92,UAE,3,2.0,Family,66.04,Offline Agent,Check-Out
BKG104992,Resort Hotel,2023-07-05,2023-11-29,2023-12-03,147,Brazil,4,2.0,Standard,262.87,Corporate,Check-Out
BKG104993,Resort Hotel,2022-08-20,2022-12-16,2022-12-19,118,USA,1,0.0,Family,154.43,Online Travel Agent,Check-Out
BKG104994,City Hotel,2022-01-28,2022-03-04,2022-03-12,35,UK,4,0.0,Suite,204.16,Direct,Check-Out
BKG104995,City Hotel,2022-04-14,2022-05-03,2022-05-13,19,UK,1,0.0,Deluxe,186.69,Offline Agent,Check-Out
BKG104996,Resort Hotel,2023-10-10,2024-02-28,2024-03-01,141,,2,0.0,Suite,62.16,Corporate,No-Show
BKG104997,Resort Hotel,2022-09-13,2023-01-16,2023-01-25,125,Germany,1,0.0,Deluxe,149.52,,Check-Out
BKG104998,City Hotel,2022-06-07,2022-09-08,2022-09-15,93,Australia,3,1.0,Standard,339.68,,Canceled
BKG104999,City Hotel,2022-02-11,2022-02-19,2022-02-20,8,Germany,3,2.0,Standard,226.97,Corporate,Check-Out
BKG105000,City Hotel,2023-01-17,2023-01-30,2023-02-01,13,Canada,3,0.0,Standard,124.05,Online Travel Agent,No-Show
BKG105001,Resort Hotel,2023-04-10,2023-09-15,2023-09-20,158,,1,0.0,Standard,315.17,,Check-Out
BKG105002,Resort Hotel,2023-02-21,2023-03-16,2023-03-26,23,,3,0.0,Standard,92.05,Offline Agent,Canceled
BKG105003,City Hotel,2023-03-01,2023-04-06,2023-04-13,36,France,4,1.0,Suite,215.54,Corporate,Check-Out
BKG105004,City Hotel,2024-06-13,2024-11-22,2024-11-29,162,Australia,2,1.0,Family,330.04,Corporate,Check-Out
BKG105005,City Hotel,2022-12-27,2023-06-03,2023-06-13,158,France,1,0.0,Deluxe,252.18,Direct,Canceled
BKG105006,City Hotel,2023-07-29,2023-08-24,2023-08-31,26,Singapore,2,0.0,Suite,170.55,Online Travel Agent,Check-Out
BKG105007,Resort Hotel,2023-02-06,2023-03-02,2023-03-07,24,Australia,4,0.0,Deluxe,219.11,Corporate,Check-Out
BKG105008,City Hotel,2022-03-03,2022-08-18,2022-08-24,168,USA,2,0.0,Deluxe,85.14,Online Travel Agent,Check-Out
BKG105009,Resort Hotel,2022-07-21,2022-10-17,2022-10-24,88,UK,1,0.0,Family,334.41,Corporate,Check-Out
BKG105010,Resort Hotel,2022-11-01,2023-01-18,2023-01-26,78,,2,1.0,Standard,109.54,Offline Agent,Canceled
BKG105011,City Hotel,2022-03-19,2022-08-22,2022-08-29,156,Singapore,2,0.0,Suite,160.41,Direct,Check-Out
BKG105012,City Hotel,2023-10-12,2024-04-09,2024-04-15,180,France,4,0.0,Family,64.38,Corporate,Check-Out
BKG105013,City Hotel,2023-04-08,2023-05-27,2023-06-06,49,USA,4,0.0,Family,226.66,Corporate,Check-Out
BKG105014,Resort Hotel,2023-03-26,2023-07-28,2023-08-07,124,France,1,1.0,Suite,96.16,Direct,Check-Out
BKG105015,Resort Hotel,2022-03-30,2022-08-06,2022-08-07,129,Brazil,3,0.0,,156.79,,Check-Out
BKG105016,Resort Hotel,2022-05-13,2022-09-21,2022-09-28,131,USA,2,0.0,Family,218.67,Online Travel Agent,Check-Out
BKG105017,City Hotel,2022-02-19,2022-08-04,2022-08-11,166,,3,2.0,Suite,323.94,Direct,No-Show
BKG105018,City Hotel,2023-05-20,2023-11-12,2023-11-18,176,Australia,2,0.0,Standard,87.95,Corporate,Check-Out
BKG105019,City Hotel,2023-11-21,2023-12-18,2023-12-25,27,Germany,3,0.0,Deluxe,161.7,Offline Agent,Check-Out
BKG105020,City Hotel,2023-06-15,2023-08-23,2023-08-24,69,Singapore,1,0.0,Standard,137.47,,Check-Out
BKG105021,City Hotel,2023-05-14,2023-06-11,2023-06-21,28,UAE,3,1.0,Standard,246.28,Corporate,Check-Out
BKG105022,Resort Hotel,2022-04-12,2022-06-22,2022-07-02,71,Singapore,3,,Family,214.34,Direct,Check-Out
BKG105023,Resort Hotel,2022-02-07,2022-06-06,2022-06-09,119,Singapore,4,1.0,Suite,270.68,Direct,Canceled
BKG105024,City Hotel,2023-06-16,2023-07-03,2023-07-10,17,UK,3,2.0,Deluxe,100.58,Online Travel Agent,Canceled
BKG105025,City Hotel,2023-09-11,2023-09-19,2023-09-27,8,France,1,0.0,Suite,269.8,Corporate,Check-Out
BKG105026,Resort Hotel,2022-01-23,2022-07-11,2022-07-12,169,Brazil,4,0.0,Standard,135.9,Online Travel Agent,Canceled
BKG105027,City Hotel,2023-05-06,2023-07-04,2023-07-08,59,Germany,1,0.0,Deluxe,111.43,Offline Agent,Check-Out
BKG105028,Resort Hotel,2022-07-31,2022-12-05,2022-12-09,127,,4,2.0,Deluxe,308.56,Direct,Canceled
BKG105029,City Hotel,2023-01-31,2023-02-11,2023-02-17,11,Germany,1,0.0,Suite,194.65,Direct,Check-Out
BKG105030,City Hotel,2024-02-15,2024-08-01,2024-08-07,168,Germany,3,2.0,Family,119.75,Direct,Canceled
BKG105031,City Hotel,2024-05-13,2024-08-15,2024-08-17,94,France,2,0.0,Deluxe,294.71,Offline Agent,Check-Out
BKG105032,Resort Hotel,2023-01-24,2023-02-08,2023-02-09,15,UAE,4,0.0,Standard,195.45,Corporate,Check-Out
BKG105033,Resort Hotel,2022-09-06,2022-10-05,2022-10-12,29,Germany,3,0.0,Family,289.43,Corporate,Check-Out
BKG105034,Resort Hotel,2024-01-05,2024-01-17,2024-01-20,12,Australia,3,0.0,,316.71,Online Travel Agent,Check-Out
BKG105035,City Hotel,2023-07-07,2023-12-19,2023-12-29,165,Germany,2,,Suite,114.91,Offline Agent,Check-Out
BKG105036,Resort Hotel,2023-09-23,2023-11-10,2023-11-19,48,,3,,Suite,147.18,Online Travel Agent,Check-Out
BKG105037,City Hotel,2022-10-13,2023-02-14,2023-02-20,124,,2,2.0,Suite,138.53,Offline Agent,Check-Out
BKG105038,Resort Hotel,2022-04-15,2022-05-26,2022-06-04,41,Australia,3,1.0,Family,118.54,Offline Agent,Check-Out
BKG105039,Resort Hotel,2024-03-02,2024-06-26,2024-06-27,116,UK,2,0.0,Deluxe,273.21,Online Travel Agent,Check-Out
BKG105040,City Hotel,2023-10-22,2024-04-18,2024-04-27,179,UK,4,0.0,Standard,287.95,,Check-Out
BKG105041,City Hotel,2023-06-08,2023-08-01,2023-08-07,54,France,3,0.0,Deluxe,278.81,Offline Agent,Canceled
BKG105042,City Hotel,2022-07-25,2022-12-15,2022-12-18,143,Germany,3,0.0,Standard,167.78,Direct,Canceled
BKG105043,City Hotel,2023-12-07,2024-02-08,2024-02-14,63,Germany,2,0.0,Suite,162.07,Offline Agent,Check-Out
BKG105044,City Hotel,2024-05-20,2024-05-25,2024-06-01,5,Canada,2,0.0,Suite,196.36,Offline Agent,Canceled
BKG105045,Resort Hotel,2022-01-18,2022-06-06,2022-06-07,139,UK,1,0.0,Deluxe,292.24,Online Travel Agent,Canceled
BKG105046,City Hotel,2022-08-03,2022-12-30,2023-01-05,149,Brazil,3,,Deluxe,111.87,Direct,Check-Out
BKG105047,Resort Hotel,2023-07-23,2023-10-21,2023-10-26,90,Australia,1,0.0,Deluxe,343.09,Direct,Check-Out
BKG105048,City Hotel,2024-02-04,2024-03-07,2024-03-09,32,USA,3,0.0,,152.63,Online Travel Agent,Check-Out
BKG105049,City Hotel,2022-05-08,2022-10-13,2022-10-20,158,Singapore,4,2.0,Standard,309.94,Online Travel Agent,Check-Out
BKG105050,City Hotel,2023-10-17,2024-01-15,2024-01-25,90,UK,1,0.0,Deluxe,111.8,Direct,Canceled
BKG105051,Resort Hotel,2023-02-07,2023-03-27,2023-04-02,48,Germany,3,0.0,Deluxe,180.21,Offline Agent,Canceled
BKG105052,City Hotel,2023-07-31,2024-01-27,2024-01-31,180,Canada,1,0.0,Standard,314.15,Offline Agent,Check-Out
BKG105053,City Hotel,2022-07-25,2023-01-21,2023-01-30,180,UK,1,0.0,Family,145.05,Offline Agent,Check-Out
BKG105054,City Hotel,2024-03-07,2024-04-17,2024-04-24,41,Australia,1,0.0,Suite,314.86,Online Travel Agent,No-Show
BKG105055,Resort Hotel,2023-08-21,2023-10-19,2023-10-20,59,Brazil,4,,,236.04,,Check-Out
BKG105056,Resort Hotel,2023-07-29,2023-11-17,2023-11-25,111,Singapore,4,2.0,,225.72,Online Travel Agent,Canceled
BKG105057,Resort Hotel,2023-10-05,2024-02-27,2024-03-03,145,Germany,4,0.0,Standard,172.75,Online Travel Agent,Check-Out
BKG105058,City Hotel,2022-10-24,2022-11-16,2022-11-22,23,Singapore,3,0.0,Family,203.39,,Canceled
BKG105059,City Hotel,2023-04-09,2023-06-01,2023-06-07,53,India,2,0.0,Deluxe,108.09,Offline Agent,Check-Out
BKG105060,City Hotel,2023-03-21,2023-07-27,2023-08-03,128,Germany,3,2.0,Standard,301.67,Online Travel Agent,Check-Out
BKG105061,City Hotel,2022-03-10,2022-03-25,2022-04-01,15,Canada,3,0.0,Deluxe,148.36,Offline Agent,Canceled
BKG105062,City Hotel,2023-12-02,2024-02-14,2024-02-18,74,Canada,1,0.0,Standard,158.57,Online Travel Agent,Canceled
BKG105063,Resort Hotel,2023-11-28,2023-12-12,2023-12-15,14,Singapore,4,0.0,Suite,226.25,Offline Agent,Check-Out
BKG105064,Resort Hotel,2023-09-15,2023-11-02,2023-11-08,48,Germany,3,0.0,Standard,134.2,Corporate,Check-Out
BKG105065,City Hotel,2024-02-27,2024-05-22,2024-05-25,85,India,1,0.0,Family,160.23,Direct,Check-Out
BKG105066,City Hotel,2024-02-19,2024-02-20,2024-03-01,1,India,1,2.0,Standard,72.91,Corporate,Check-Out
BKG105067,City Hotel,2022-11-06,2022-12-02,2022-12-07,26,India,1,0.0,Standard,288.39,Direct,Check-Out
BKG105068,Resort Hotel,2023-05-06,2023-10-14,2023-10-19,161,Australia,2,2.0,Suite,259.53,Online Travel Agent,Canceled
BKG105069,City Hotel,2022-06-25,2022-10-08,2022-10-13,105,Germany,4,0.0,Deluxe,152.88,Corporate,Check-Out
BKG105070,Resort Hotel,2023-09-07,2023-12-17,2023-12-18,101,,3,0.0,Suite,133.52,,Check-Out
BKG105071,Resort Hotel,2023-11-20,2024-01-19,2024-01-29,60,Canada,4,2.0,Family,248.89,Direct,Check-Out
BKG105072,City Hotel,2022-04-11,2022-08-29,2022-09-07,140,Australia,1,0.0,Standard,104.2,,Canceled
BKG105073,City Hotel,2024-03-09,2024-07-24,2024-07-25,137,Brazil,4,0.0,,106.81,Offline Agent,Check-Out
BKG105074,Resort Hotel,2023-01-02,2023-01-27,2023-02-02,25,Germany,1,0.0,Standard,196.06,Offline Agent,Check-Out
BKG105075,Resort Hotel,2023-11-18,2024-02-15,2024-02-19,89,Singapore,2,1.0,Family,233.58,Online Travel Agent,Check-Out
BKG105076,Resort Hotel,2023-10-25,2023-12-24,2024-01-01,60,UAE,4,0.0,Deluxe,219.6,,Check-Out
BKG105077,Resort Hotel,2022-05-22,2022-05-31,2022-06-02,9,India,3,,Deluxe,129.64,Direct,Check-Out
BKG105078,Resort Hotel,2023-01-27,2023-06-23,2023-06-30,147,Germany,3,1.0,Deluxe,281.41,Online Travel Agent,Canceled
BKG105079,City Hotel,2023-01-01,2023-01-24,2023-02-03,23,,4,,,125.77,Direct,Check-Out
BKG105080,Resort Hotel,2023-11-03,2024-02-21,2024-02-25,110,India,1,0.0,Standard,147.76,Direct,Check-Out
BKG105081,City Hotel,2023-10-31,2024-01-18,2024-01-28,79,UAE,1,0.0,Deluxe,82.06,Offline Agent,Check-Out
BKG105082,Resort Hotel,2022-04-01,2022-05-24,2022-05-31,53,UAE,3,1.0,Standard,315.68,Corporate,Check-Out
BKG105083,Resort Hotel,2022-07-08,2022-11-16,2022-11-19,131,France,2,0.0,Suite,315.59,Direct,Canceled
BKG105084,City Hotel,2023-09-02,2023-12-25,2024-01-04,114,UAE,2,0.0,Family,232.87,,Check-Out
BKG105085,City Hotel,2022-09-03,2023-02-14,2023-02-18,164,India,3,0.0,Family,94.59,Corporate,Check-Out
BKG105086,Resort Hotel,2023-03-20,2023-06-01,2023-06-03,73,UAE,2,0.0,Suite,329.59,Online Travel Agent,Check-Out
BKG105087,City Hotel,2022-09-25,2023-01-20,2023-01-29,117,UAE,2,0.0,Standard,316.22,Online Travel Agent,Check-Out
BKG105088,City Hotel,2022-05-26,2022-09-30,2022-10-01,127,USA,2,0.0,Standard,225.63,Corporate,Check-Out
BKG105089,Resort Hotel,2023-09-12,2024-02-19,2024-02-26,160,Canada,2,1.0,Deluxe,330.96,Online Travel Agent,Check-Out
BKG105090,City Hotel,2024-06-13,2024-09-24,2024-09-29,103,Australia,3,,Family,118.78,Offline Agent,Check-Out
BKG105091,City Hotel,2022-11-10,2023-02-17,2023-02-25,99,Germany,2,1.0,Standard,232.8,Online Travel Agent,Check-Out
BKG105092,Resort Hotel,2022-07-31,2022-09-25,2022-09-28,56,USA,4,2.0,Family,284.72,Online Travel Agent,Check-Out
BKG105093,Resort Hotel,2023-03-04,2023-08-21,2023-08-29,170,France,1,2.0,Suite,224.34,Online Travel Agent,Canceled
BKG105094,Resort Hotel,2022-12-27,2023-01-26,2023-01-31,30,Australia,4,0.0,Standard,182.52,Direct,Check-Out
BKG105095,Resort Hotel,2023-08-21,2023-11-12,2023-11-15,83,,4,0.0,Family,297.55,Corporate,Canceled
BKG105096,City Hotel,2022-03-15,2022-06-01,2022-06-03,78,USA,1,2.0,Suite,324.94,Direct,Check-Out
BKG105097,City Hotel,2022-07-14,2022-08-23,2022-08-29,40,India,4,2.0,Family,233.74,Online Travel Agent,Check-Out
BKG105098,Resort Hotel,2024-04-13,2024-10-10,2024-10-14,180,USA,3,1.0,Deluxe,273.65,Online Travel Agent,Check-Out
BKG105099,City Hotel,2022-08-06,2022-08-12,2022-08-15,6,Brazil,2,2.0,,241.34,Online Travel Agent,Check-Out
BKG105100,Resort Hotel,2022-05-23,2022-10-21,2022-10-24,151,India,1,1.0,Deluxe,104.21,Direct,Check-Out
BKG105101,City Hotel,2023-07-21,2023-08-28,2023-09-01,38,USA,2,2.0,Standard,216.87,Online Travel Agent,No-Show
BKG105102,Resort Hotel,2023-10-04,2024-03-10,2024-03-20,158,Singapore,4,,Family,326.61,Direct,Check-Out
BKG105103,City Hotel,2023-04-25,2023-08-02,2023-08-10,99,UK,2,0.0,Deluxe,173.54,Offline Agent,Canceled
BKG105104,City Hotel,2024-02-16,2024-05-30,2024-06-05,104,Singapore,1,0.0,Family,134.16,Corporate,Check-Out
BKG105105,Resort Hotel,2022-07-22,2022-07-28,2022-08-04,6,France,2,0.0,Suite,170.82,,Check-Out
BKG105106,Resort Hotel,2023-12-21,2024-04-11,2024-04-14,112,USA,1,0.0,Deluxe,304.46,Online Travel Agent,Canceled
BKG105107,City Hotel,2023-06-15,2023-08-23,2023-08-27,69,USA,2,2.0,Standard,94.7,Online Travel Agent,Canceled
BKG105108,Resort Hotel,2023-10-11,2024-01-31,2024-02-10,112,UAE,4,0.0,Standard,318.92,Offline Agent,Canceled
BKG105109,Resort Hotel,2022-10-14,2023-03-09,2023-03-15,146,Canada,1,0.0,Standard,142.03,Direct,Check-Out
BKG105110,Resort Hotel,2023-10-28,2023-10-29,2023-11-01,1,Australia,3,0.0,,281.03,Offline Agent,Check-Out
BKG105111,City Hotel,2023-12-02,2024-03-15,2024-03-18,104,USA,3,0.0,,210.69,Direct,Check-Out
BKG105112,City Hotel,2023-06-03,2023-06-29,2023-07-03,26,Canada,4,0.0,Suite,343.89,Online Travel Agent,Check-Out
BKG105113,City Hotel,2023-05-03,2023-08-16,2023-08-19,105,Brazil,2,1.0,Suite,307.38,Online Travel Agent,Canceled
BKG105114,City Hotel,2022-05-12,2022-08-12,2022-08-21,92,Germany,2,2.0,Suite,161.48,Offline Agent,Check-Out
BKG105115,City Hotel,2024-03-29,2024-04-28,2024-05-05,30,,3,0.0,Suite,267.22,Offline Agent,Check-Out
BKG105116,Resort Hotel,2022-07-14,2022-08-26,2022-09-05,43,Brazil,1,0.0,Standard,285.05,Corporate,Check-Out
BKG105117,Resort Hotel,2024-05-29,2024-11-17,2024-11-23,172,USA,1,0.0,Standard,219.76,Online Travel Agent,Check-Out
BKG105118,City Hotel,2022-02-16,2022-03-21,2022-03-25,33,Singapore,3,0.0,Deluxe,318.1,,Check-Out
BKG105119,City Hotel,2022-10-05,2022-10-17,2022-10-26,12,Australia,1,0.0,Deluxe,261.04,Online Travel Agent,Check-Out
BKG105120,City Hotel,2024-04-16,2024-07-22,2024-07-29,97,Singapore,1,0.0,Deluxe,191.37,Offline Agent,Check-Out
BKG105121,City Hotel,2023-10-11,2024-03-01,2024-03-10,142,USA,3,1.0,Standard,208.65,Direct,Canceled
BKG105122,City Hotel,2023-06-29,2023-08-26,2023-08-31,58,USA,4,1.0,Standard,276.68,Corporate,Check-Out
BKG105123,Resort Hotel,2022-01-02,2022-06-11,2022-06-20,160,USA,1,0.0,Deluxe,349.38,Online Travel Agent,Canceled
BKG105124,Resort Hotel,2023-12-15,2024-02-29,2024-03-09,76,France,2,0.0,Deluxe,242.43,Online Travel Agent,Check-Out
BKG105125,City Hotel,2022-10-30,2023-01-17,2023-01-24,79,UK,4,2.0,Suite,241.77,Offline Agent,Check-Out
BKG105126,Resort Hotel,2023-08-17,2023-08-21,2023-08-22,4,Germany,1,2.0,Suite,190.96,Corporate,Check-Out
BKG105127,Resort Hotel,2022-09-22,2022-10-18,2022-10-28,26,India,3,0.0,Deluxe,253.32,,Check-Out
BKG105128,Resort Hotel,2023-02-03,2023-05-13,2023-05-15,99,Australia,4,0.0,Family,172.26,Corporate,Canceled
BKG105129,City Hotel,2022-11-15,2023-05-10,2023-05-19,176,UK,2,0.0,Suite,330.03,Online Travel Agent,Check-Out
BKG105130,City Hotel,2023-07-02,2023-10-09,2023-10-19,99,France,4,2.0,Suite,100.51,Online Travel Agent,Check-Out
BKG105131,Resort Hotel,2023-03-27,2023-05-02,2023-05-07,36,Brazil,4,1.0,,109.63,Direct,Check-Out
BKG105132,City Hotel,2023-02-18,2023-03-29,2023-03-30,39,Brazil,1,1.0,Suite,62.21,Online Travel Agent,Check-Out
BKG105133,City Hotel,2023-12-19,2024-01-28,2024-02-01,40,India,1,,Family,68.29,Offline Agent,No-Show
BKG105134,City Hotel,2023-06-24,2023-09-28,2023-10-02,96,,4,0.0,Deluxe,88.96,Corporate,Check-Out
BKG105135,City Hotel,2022-09-14,2023-02-28,2023-03-01,167,Canada,3,1.0,Standard,71.42,Direct,Canceled
BKG105136,City Hotel,2022-11-22,2023-03-01,2023-03-07,99,UAE,4,0.0,Family,89.24,,Check-Out
BKG105137,Resort Hotel,2022-04-08,2022-07-02,2022-07-10,85,India,1,0.0,Family,298.43,Online Travel Agent,Check-Out
BKG105138,Resort Hotel,2023-12-07,2024-05-23,2024-05-24,168,UAE,3,2.0,Family,282.73,Offline Agent,Check-Out
BKG105139,City Hotel,2024-04-07,2024-05-24,2024-05-31,47,UK,2,0.0,Suite,269.22,Offline Agent,Check-Out
BKG105140,City Hotel,2022-12-24,2022-12-31,2023-01-04,7,Singapore,2,0.0,Standard,312.81,Offline Agent,Check-Out
BKG105141,Resort Hotel,2023-03-18,2023-09-06,2023-09-15,172,,2,0.0,Deluxe,297.55,Direct,Check-Out
BKG105142,Resort Hotel,2024-06-14,2024-12-01,2024-12-09,170,India,3,0.0,Standard,97.93,Direct,Check-Out
BKG105143,City Hotel,2023-08-20,2024-01-06,2024-01-16,139,India,2,0.0,Standard,223.88,Direct,Check-Out
BKG105144,Resort Hotel,2024-04-12,2024-07-28,2024-08-03,107,USA,3,2.0,Suite,251.8,Online Travel Agent,Canceled
BKG105145,City Hotel,2023-03-20,2023-06-13,2023-06-14,85,India,2,0.0,Standard,190.53,Corporate,Check-Out
BKG105146,City Hotel,2022-05-27,2022-11-17,2022-11-25,174,Brazil,1,0.0,Standard,173.36,Online Travel Agent,Check-Out
BKG105147,Resort Hotel,2022-07-17,2022-11-27,2022-12-04,133,Australia,3,2.0,Deluxe,278.71,Offline Agent,Check-Out
BKG105148,City Hotel,2023-03-01,2023-03-21,2023-03-28,20,,2,1.0,Family,336.54,Offline Agent,Check-Out
BKG105149,Resort Hotel,2023-09-05,2023-12-19,2023-12-29,105,UAE,3,0.0,Suite,259.79,Offline Agent,Canceled
BKG105150,Resort Hotel,2023-07-12,2023-08-03,2023-08-08,22,Canada,1,0.0,Family,134.77,,Check-Out
BKG105151,City Hotel,2024-03-22,2024-08-05,2024-08-13,136,UK,3,0.0,,71.87,Corporate,Canceled
BKG105152,City Hotel,2023-07-02,2023-07-22,2023-07-31,20,India,4,1.0,Standard,209.81,Direct,Canceled
BKG105153,City Hotel,2022-04-26,2022-09-20,2022-09-24,147,USA,4,,Suite,187.09,Direct,Check-Out
BKG105154,Resort Hotel,2022-09-04,2022-11-13,2022-11-23,70,Singapore,3,0.0,Standard,220.11,Corporate,Check-Out
BKG105155,Resort Hotel,2023-02-04,2023-03-21,2023-03-26,45,,4,2.0,Family,186.86,Direct,Check-Out
BKG105156,Resort Hotel,2023-11-11,2023-12-22,2023-12-30,41,Germany,2,0.0,Suite,73.75,Corporate,Canceled
BKG105157,Resort Hotel,2022-11-14,2023-02-23,2023-03-04,101,USA,3,0.0,Standard,339.62,Corporate,Check-Out
BKG105158,Resort Hotel,2023-09-08,2023-12-16,2023-12-25,99,India,4,0.0,Family,201.28,Online Travel Agent,Check-Out
BKG105159,Resort Hotel,2022-03-19,2022-09-12,2022-09-22,177,Canada,3,,Standard,189.32,Corporate,Check-Out
BKG105160,Resort Hotel,2024-02-10,2024-02-20,2024-02-24,10,UAE,3,1.0,Family,271.43,Offline Agent,Check-Out
BKG105161,City Hotel,2022-02-28,2022-08-07,2022-08-17,160,Canada,1,0.0,,212.74,Corporate,Check-Out
BKG105162,City Hotel,2024-04-03,2024-04-17,2024-04-22,14,Australia,3,0.0,Deluxe,81.37,Online Travel Agent,Canceled
BKG105163,Resort Hotel,2023-01-19,2023-05-13,2023-05-16,114,India,4,0.0,,185.8,Online Travel Agent,Check-Out
BKG105164,City Hotel,2023-07-08,2023-11-30,2023-12-03,145,Germany,2,,Family,263.15,Online Travel Agent,Check-Out
BKG105165,City Hotel,2022-08-21,2023-02-01,2023-02-09,164,UK,4,0.0,Standard,340.32,Direct,Check-Out
BKG105166,City Hotel,2024-01-20,2024-03-31,2024-04-09,71,Canada,2,0.0,Suite,125.95,Offline Agent,Check-Out
BKG105167,Resort Hotel,2023-09-19,2023-11-27,2023-12-04,69,France,4,2.0,Standard,154.3,Corporate,Check-Out
BKG105168,City Hotel,2022-06-09,2022-09-24,2022-10-03,107,France,1,1.0,Family,187.98,Corporate,Check-Out
BKG105169,City Hotel,2023-11-24,2024-03-15,2024-03-24,112,USA,3,1.0,Deluxe,298.26,Corporate,Check-Out
BKG105170,City Hotel,2023-08-05,2023-10-05,2023-10-10,61,USA,4,2.0,Family,257.61,Corporate,Check-Out
BKG105171,City Hotel,2023-11-15,2024-03-27,2024-04-04,133,Canada,2,,Family,91.28,Direct,Check-Out
BKG105172,City Hotel,2023-10-05,2023-10-22,2023-10-27,17,Canada,3,2.0,Suite,321.66,Offline Agent,Canceled
BKG105173,Resort Hotel,2024-03-07,2024-04-26,2024-05-06,50,Germany,4,0.0,Standard,336.67,Offline Agent,Canceled
BKG105174,Resort Hotel,2024-04-20,2024-06-04,2024-06-12,45,Australia,4,2.0,Family,335.2,,Check-Out
BKG105175,Resort Hotel,2024-03-12,2024-05-23,2024-05-26,72,UAE,1,0.0,Family,258.95,Corporate,Check-Out
BKG105176,City Hotel,2022-05-28,2022-06-14,2022-06-21,17,USA,2,0.0,Family,283.77,Corporate,Canceled
BKG105177,Resort Hotel,2022-12-21,2023-02-18,2023-02-20,59,,2,0.0,Deluxe,144.99,,Check-Out
BKG105178,City Hotel,2023-06-29,2023-10-17,2023-10-26,110,Australia,4,0.0,Family,288.47,Online Travel Agent,Canceled
BKG105179,City Hotel,2022-04-15,2022-08-19,2022-08-20,126,Canada,3,2.0,Standard,128.71,Online Travel Agent,No-Show
BKG105180,City Hotel,2024-04-14,2024-10-07,2024-10-13,176,USA,3,0.0,Deluxe,113.35,Corporate,No-Show
BKG105181,Resort Hotel,2023-01-19,2023-04-14,2023-04-17,85,UAE,3,1.0,Standard,222.76,Offline Agent,Check-Out
BKG105182,Resort Hotel,2022-05-23,2022-05-24,2022-05-27,1,Germany,2,1.0,Standard,267.81,,Check-Out
BKG105183,City Hotel,2022-03-26,2022-06-05,2022-06-15,71,Canada,1,0.0,Suite,268.75,Corporate,Check-Out
BKG105184,Resort Hotel,2023-12-02,2024-04-04,2024-04-08,124,Germany,3,0.0,Standard,103.41,Direct,Check-Out
BKG105185,City Hotel,2023-11-10,2024-05-08,2024-05-10,180,Brazil,2,1.0,Deluxe,173.17,,Check-Out
BKG105186,City Hotel,2023-10-19,2023-10-21,2023-10-30,2,Germany,3,1.0,,234.12,Offline Agent,Canceled
BKG105187,Resort Hotel,2023-06-07,2023-08-15,2023-08-21,69,Canada,4,0.0,Standard,197.51,Direct,Check-Out
BKG105188,Resort Hotel,2022-11-03,2023-02-11,2023-02-21,100,Brazil,3,,Standard,223.55,Offline Agent,Check-Out
BKG105189,Resort Hotel,2024-04-12,2024-04-19,2024-04-29,7,Australia,3,1.0,Deluxe,212.09,Offline Agent,Check-Out
BKG105190,City Hotel,2024-01-08,2024-04-01,2024-04-10,84,France,4,0.0,,345.93,Direct,Check-Out
BKG105191,Resort Hotel,2024-01-16,2024-05-30,2024-06-04,135,Canada,2,0.0,Suite,227.97,Direct,Check-Out
BKG105192,Resort Hotel,2024-04-27,2024-05-08,2024-05-18,11,UK,1,0.0,,101.54,Corporate,Check-Out
BKG105193,City Hotel,2022-05-22,2022-11-03,2022-11-12,165,,3,0.0,Suite,120.96,Corporate,Canceled
BKG105194,Resort Hotel,2024-01-03,2024-04-11,2024-04-17,99,Singapore,2,0.0,Family,201.68,,Check-Out
BKG105195,City Hotel,2022-03-21,2022-08-25,2022-08-26,157,India,1,0.0,,111.01,Direct,Check-Out
BKG105196,City Hotel,2024-06-12,2024-10-08,2024-10-17,118,France,3,0.0,,106.62,Offline Agent,Check-Out
BKG105197,Resort Hotel,2023-10-14,2023-12-09,2023-12-11,56,,1,0.0,Suite,100.69,Corporate,Check-Out
BKG105198,City Hotel,2024-01-03,2024-04-23,2024-05-01,111,Singapore,2,0.0,Deluxe,276.63,Online Travel Agent,Check-Out
BKG105199,City Hotel,2024-02-01,2024-04-12,2024-04-18,71,,4,2.0,Standard,103.07,Direct,Check-Out
BKG105200,Resort Hotel,2024-06-19,2024-07-09,2024-07-12,20,Brazil,3,0.0,Deluxe,333.2,,Check-Out
BKG105201,City Hotel,2023-07-11,2023-08-10,2023-08-15,30,Canada,1,0.0,Standard,327.71,Offline Agent,Check-Out
BKG105202,City Hotel,2022-03-01,2022-06-26,2022-07-04,117,France,2,0.0,Family,133.56,Corporate,Check-Out
BKG105203,City Hotel,2023-03-25,2023-04-11,2023-04-13,17,Singapore,2,0.0,Family,168.42,Direct,Check-Out
BKG105204,City Hotel,2022-02-12,2022-03-17,2022-03-22,33,Brazil,2,1.0,Family,293.25,Direct,Check-Out
BKG105205,Resort Hotel,2022-10-14,2023-01-31,2023-02-09,109,India,3,0.0,Standard,208.93,Direct,Canceled
BKG105206,Resort Hotel,2023-07-23,2024-01-12,2024-01-18,173,Canada,4,0.0,,169.62,Online Travel Agent,Canceled
BKG105207,Resort Hotel,2023-05-18,2023-10-27,2023-10-29,162,India,2,1.0,Deluxe,148.65,Direct,Check-Out
BKG105208,City Hotel,2023-03-26,2023-05-06,2023-05-15,41,France,1,1.0,,132.33,Online Travel Agent,Check-Out
BKG105209,City Hotel,2023-10-02,2023-12-21,2023-12-31,80,France,1,0.0,Deluxe,223.33,Direct,Check-Out
BKG105210,Resort Hotel,2022-05-27,2022-07-14,2022-07-24,48,USA,3,,Family,109.93,Online Travel Agent,Check-Out
BKG105211,Resort Hotel,2022-01-05,2022-01-15,2022-01-24,10,UAE,2,0.0,Deluxe,97.07,Direct,Canceled
BKG105212,City Hotel,2022-02-13,2022-07-01,2022-07-11,138,India,2,2.0,,268.37,Corporate,Check-Out
BKG105213,Resort Hotel,2022-03-14,2022-07-06,2022-07-08,114,France,1,0.0,Family,142.94,Corporate,Canceled
BKG105214,City Hotel,2023-09-21,2023-10-16,2023-10-18,25,Australia,4,0.0,Suite,224.64,Online Travel Agent,Canceled
BKG105215,Resort Hotel,2023-06-12,2023-10-25,2023-11-03,135,UK,3,1.0,Family,267.92,Direct,Check-Out
BKG105216,City Hotel,2022-01-21,2022-03-23,2022-03-29,61,India,1,0.0,Family,259.73,Direct,Check-Out
BKG105217,City Hotel,2023-04-20,2023-05-05,2023-05-11,15,Brazil,2,0.0,Suite,325.32,Corporate,Check-Out
BKG105218,City Hotel,2022-11-03,2023-02-08,2023-02-17,97,Australia,4,1.0,Standard,195.37,Corporate,Check-Out
BKG105219,Resort Hotel,2023-06-02,2023-08-19,2023-08-20,78,USA,1,0.0,Deluxe,331.02,Offline Agent,Check-Out
BKG105220,City Hotel,2023-04-04,2023-08-12,2023-08-17,130,Germany,4,,Deluxe,65.0,Direct,No-Show
BKG105221,Resort Hotel,2022-05-31,2022-08-22,2022-08-31,83,UK,2,0.0,Deluxe,199.46,Direct,Check-Out
BKG105222,City Hotel,2022-02-15,2022-03-16,2022-03-22,29,UAE,3,0.0,,196.51,Offline Agent,No-Show
BKG105223,City Hotel,2023-03-24,2023-04-13,2023-04-14,20,Brazil,1,,Standard,65.51,Online Travel Agent,Check-Out
BKG105224,Resort Hotel,2023-01-26,2023-03-08,2023-03-13,41,Germany,4,2.0,Suite,278.13,,Check-Out
BKG105225,City Hotel,2022-05-12,2022-08-21,2022-08-31,101,UAE,4,0.0,,85.0,Online Travel Agent,Check-Out
BKG105226,Resort Hotel,2023-05-31,2023-10-01,2023-10-07,123,Germany,4,,Standard,193.67,Direct,Canceled
BKG105227,City Hotel,2023-07-19,2023-08-22,2023-08-26,34,France,4,0.0,Suite,252.94,Offline Agent,Check-Out
BKG105228,Resort Hotel,2023-10-16,2024-01-05,2024-01-06,81,Germany,1,0.0,Suite,242.99,Corporate,Canceled
BKG105229,City Hotel,2023-07-17,2023-10-04,2023-10-07,79,UAE,2,0.0,,335.82,Online Travel Agent,Check-Out
BKG105230,Resort Hotel,2024-06-01,2024-09-23,2024-09-27,114,India,2,1.0,Family,251.72,Corporate,Check-Out
BKG105231,Resort Hotel,2022-02-15,2022-05-14,2022-05-19,88,USA,4,0.0,Standard,113.31,Direct,Canceled
BKG105232,Resort Hotel,2022-06-18,2022-11-30,2022-12-08,165,Australia,4,,Standard,181.34,Corporate,Check-Out
BKG105233,City Hotel,2023-03-21,2023-08-25,2023-09-01,157,Australia,1,2.0,Standard,341.2,Online Travel Agent,Canceled
BKG105234,City Hotel,2024-05-30,2024-10-19,2024-10-22,142,UAE,2,0.0,,264.78,Corporate,Check-Out
BKG105235,Resort Hotel,2023-07-30,2023-09-28,2023-09-29,60,Australia,4,0.0,Deluxe,124.73,Online Travel Agent,No-Show
BKG105236,City Hotel,2023-08-16,2023-09-19,2023-09-28,34,USA,4,,Family,87.39,Corporate,Check-Out
BKG105237,City Hotel,2023-07-13,2023-10-31,2023-11-04,110,France,3,0.0,Deluxe,251.28,Direct,Check-Out
BKG105238,Resort Hotel,2024-04-08,2024-08-31,2024-09-10,145,India,2,0.0,Standard,284.39,Direct,Canceled
BKG105239,Resort Hotel,2022-12-25,2023-05-10,2023-05-11,136,France,4,0.0,Suite,177.66,Online Travel Agent,Canceled
BKG105240,Resort Hotel,2024-06-01,2024-06-11,2024-06-20,10,USA,3,0.0,Deluxe,144.18,,Canceled
BKG105241,Resort Hotel,2022-06-17,2022-10-10,2022-10-18,115,UK,2,0.0,Standard,73.65,Online Travel Agent,Check-Out
BKG105242,Resort Hotel,2023-05-01,2023-05-23,2023-05-31,22,France,4,0.0,,94.57,Direct,Check-Out
BKG105243,City Hotel,2023-05-19,2023-07-14,2023-07-21,56,France,1,1.0,Standard,150.16,Offline Agent,Check-Out
BKG105244,Resort Hotel,2022-03-09,2022-07-15,2022-07-20,128,India,1,0.0,Standard,289.8,Direct,Check-Out
BKG105245,Resort Hotel,2024-05-03,2024-10-25,2024-10-28,175,France,1,0.0,Standard,299.12,Online Travel Agent,Check-Out
BKG105246,Resort Hotel,2024-04-20,2024-06-22,2024-07-02,63,Brazil,2,0.0,Deluxe,163.02,Offline Agent,Canceled
BKG105247,City Hotel,2022-05-31,2022-08-07,2022-08-12,68,,2,1.0,Family,266.1,Online Travel Agent,Check-Out
BKG105248,Resort Hotel,2024-01-30,2024-04-18,2024-04-25,79,Germany,1,0.0,Family,322.11,Corporate,Check-Out
BKG105249,City Hotel,2023-03-30,2023-06-17,2023-06-25,79,USA,1,2.0,Deluxe,90.24,Online Travel Agent,Canceled
BKG105250,Resort Hotel,2024-03-18,2024-05-14,2024-05-18,57,Brazil,2,1.0,Family,160.79,Offline Agent,Check-Out
BKG105251,Resort Hotel,2022-03-14,2022-04-17,2022-04-24,34,Australia,4,1.0,Deluxe,258.22,Offline Agent,Canceled
BKG105252,City Hotel,2023-11-22,2023-11-28,2023-12-07,6,Singapore,4,1.0,Family,162.98,Corporate,Canceled
BKG105253,Resort Hotel,2023-04-06,2023-07-28,2023-08-03,113,Singapore,4,1.0,,185.77,Online Travel Agent,Canceled
BKG105254,Resort Hotel,2022-11-22,2022-11-30,2022-12-07,8,,2,0.0,Deluxe,250.14,Direct,Check-Out
BKG105255,City Hotel,2022-10-13,2023-02-09,2023-02-14,119,UAE,1,0.0,Family,185.86,Online Travel Agent,Check-Out
BKG105256,City Hotel,2023-10-23,2024-03-10,2024-03-16,139,UK,3,1.0,Standard,60.88,Offline Agent,No-Show
BKG105257,City Hotel,2022-08-04,2022-09-07,2022-09-09,34,Singapore,2,0.0,Family,60.88,Direct,Canceled
BKG105258,City Hotel,2023-06-05,2023-10-17,2023-10-18,134,UAE,2,0.0,,230.64,,Check-Out
BKG105259,Resort Hotel,2022-08-12,2022-08-26,2022-09-04,14,Canada,2,1.0,Standard,296.12,Online Travel Agent,Check-Out
BKG105260,City Hotel,2022-07-12,2023-01-03,2023-01-05,175,France,3,0.0,Standard,125.21,Offline Agent,Check-Out
BKG105261,City Hotel,2024-05-20,2024-09-13,2024-09-14,116,USA,3,2.0,Standard,275.34,Offline Agent,Canceled
BKG105262,City Hotel,2022-06-12,2022-08-26,2022-09-05,75,Germany,3,2.0,Family,169.37,Corporate,Canceled
BKG105263,Resort Hotel,2024-01-12,2024-01-24,2024-02-03,12,Australia,3,0.0,Family,181.09,,Check-Out
BKG105264,Resort Hotel,2023-06-02,2023-11-04,2023-11-11,155,USA,2,2.0,Deluxe,252.77,Direct,Canceled
BKG105265,Resort Hotel,2023-01-17,2023-04-28,2023-05-05,101,Singapore,4,0.0,Family,78.28,Online Travel Agent,Check-Out
BKG105266,Resort Hotel,2022-01-08,2022-03-17,2022-03-23,68,Singapore,2,0.0,Standard,198.13,Direct,Check-Out
BKG105267,Resort Hotel,2022-09-06,2022-10-02,2022-10-11,26,France,4,,Family,150.82,Online Travel Agent,Canceled
BKG105268,City Hotel,2023-10-12,2023-11-04,2023-11-12,23,France,2,0.0,Standard,86.07,Corporate,Check-Out
BKG105269,Resort Hotel,2022-12-20,2023-03-23,2023-03-28,93,Germany,3,0.0,Deluxe,293.91,Corporate,Check-Out
BKG105270,City Hotel,2022-03-18,2022-07-02,2022-07-07,106,Germany,1,0.0,Standard,250.21,Direct,Check-Out
BKG105271,Resort Hotel,2022-08-27,2023-01-05,2023-01-12,131,India,3,2.0,Family,175.89,,Check-Out
BKG105272,Resort Hotel,2022-11-30,2023-01-14,2023-01-20,45,Australia,1,0.0,,344.96,Direct,Check-Out
BKG105273,City Hotel,2023-04-18,2023-04-23,2023-04-30,5,Canada,4,2.0,Standard,183.83,Direct,Check-Out
BKG105274,City Hotel,2022-11-13,2023-02-08,2023-02-11,87,France,3,0.0,,218.79,Corporate,Check-Out
BKG105275,Resort Hotel,2022-01-26,2022-06-21,2022-06-22,146,Singapore,3,0.0,Suite,339.4,Online Travel Agent,Canceled
BKG105276,City Hotel,2023-01-23,2023-03-17,2023-03-27,53,UAE,2,2.0,Standard,266.23,Direct,Check-Out
BKG105277,Resort Hotel,2023-04-12,2023-05-03,2023-05-04,21,UK,1,0.0,Family,239.29,Corporate,No-Show
BKG105278,Resort Hotel,2022-08-30,2023-01-09,2023-01-14,132,Brazil,4,0.0,Deluxe,272.54,Online Travel Agent,Check-Out
BKG105279,Resort Hotel,2023-09-13,2023-10-07,2023-10-14,24,Germany,2,0.0,Family,224.3,,Check-Out
BKG105280,Resort Hotel,2022-08-14,2022-09-17,2022-09-26,34,USA,4,0.0,Deluxe,201.98,Corporate,No-Show
BKG105281,City Hotel,2024-02-01,2024-02-28,2024-03-02,27,UK,2,0.0,Deluxe,316.3,Online Travel Agent,Check-Out
BKG105282,City Hotel,2023-11-03,2024-04-10,2024-04-13,159,Brazil,3,0.0,Standard,93.62,Offline Agent,Check-Out
BKG105283,Resort Hotel,2022-05-06,2022-10-27,2022-11-06,174,USA,4,0.0,Family,202.52,Direct,Check-Out
BKG105284,Resort Hotel,2024-06-06,2024-07-14,2024-07-18,38,Germany,2,0.0,Suite,223.85,Direct,Check-Out
BKG105285,City Hotel,2023-01-18,2023-03-22,2023-03-28,63,UK,4,0.0,Suite,266.44,Corporate,Check-Out
BKG105286,City Hotel,2023-10-11,2023-10-16,2023-10-21,5,Canada,1,2.0,Family,133.57,Online Travel Agent,Canceled
BKG105287,Resort Hotel,2023-03-16,2023-08-03,2023-08-06,140,France,2,0.0,Suite,215.49,Offline Agent,Check-Out
BKG105288,City Hotel,2024-04-12,2024-05-06,2024-05-13,24,India,2,1.0,Deluxe,97.75,Offline Agent,Canceled
BKG105289,Resort Hotel,2022-10-19,2023-04-01,2023-04-09,164,Germany,2,0.0,Deluxe,341.58,Direct,Check-Out
BKG105290,City Hotel,2024-05-26,2024-09-13,2024-09-17,110,Singapore,4,2.0,Standard,270.26,,Check-Out
BKG105291,City Hotel,2022-04-17,2022-07-01,2022-07-07,75,Canada,2,2.0,Suite,285.58,Online Travel Agent,Check-Out
BKG105292,City Hotel,2023-04-22,2023-07-03,2023-07-05,72,France,4,1.0,Standard,150.53,Online Travel Agent,Check-Out
BKG105293,City Hotel,2023-08-24,2023-11-08,2023-11-09,76,Germany,4,0.0,Deluxe,112.93,Direct,Check-Out
BKG105294,Resort Hotel,2022-10-02,2022-12-17,2022-12-22,76,Brazil,2,0.0,Suite,270.79,Corporate,Canceled
BKG105295,City Hotel,2024-02-11,2024-06-30,2024-07-10,140,Canada,4,1.0,Deluxe,152.26,Online Travel Agent,Canceled
BKG105296,Resort Hotel,2023-11-16,2024-03-10,2024-03-11,115,USA,4,1.0,Family,111.6,Direct,Check-Out
BKG105297,City Hotel,2022-11-04,2022-12-23,2022-12-31,49,,4,0.0,Family,135.12,Direct,Check-Out
BKG105298,Resort Hotel,2022-09-14,2023-02-10,2023-02-13,149,India,4,0.0,Suite,161.06,Offline Agent,Check-Out
BKG105299,City Hotel,2024-01-16,2024-01-29,2024-02-07,13,Singapore,1,,Standard,110.92,,Check-Out
BKG105300,Resort Hotel,2022-02-06,2022-07-04,2022-07-07,148,Brazil,3,0.0,Suite,241.57,Direct,Check-Out
BKG105301,Resort Hotel,2022-12-20,2023-06-11,2023-06-16,173,UK,4,,,83.78,Direct,Check-Out
BKG105302,Resort Hotel,2023-08-18,2023-08-20,2023-08-23,2,,3,0.0,Family,66.6,Direct,Canceled
BKG105303,City Hotel,2024-05-07,2024-09-02,2024-09-12,118,Germany,2,0.0,Deluxe,288.76,Offline Agent,Canceled
BKG105304,City Hotel,2022-08-26,2022-10-10,2022-10-13,45,Canada,3,0.0,Standard,219.78,Online Travel Agent,Check-Out
BKG105305,Resort Hotel,2024-03-01,2024-07-15,2024-07-17,136,Australia,4,0.0,Suite,288.22,Direct,Check-Out
BKG105306,Resort Hotel,2022-01-14,2022-05-23,2022-06-01,129,Singapore,3,,Suite,106.88,Online Travel Agent,Canceled
BKG105307,Resort Hotel,2022-03-28,2022-05-14,2022-05-17,47,Brazil,4,1.0,Family,339.08,Corporate,Check-Out
BKG105308,Resort Hotel,2022-04-23,2022-05-19,2022-05-27,26,Germany,1,0.0,Family,347.8,Corporate,Canceled
BKG105309,Resort Hotel,2023-05-28,2023-09-30,2023-10-04,125,USA,4,0.0,Deluxe,262.1,Corporate,Check-Out
BKG105310,Resort Hotel,2023-03-13,2023-07-20,2023-07-25,129,Brazil,2,0.0,Family,280.42,Offline Agent,Check-Out
BKG105311,City Hotel,2022-03-18,2022-06-11,2022-06-16,85,Brazil,2,2.0,Suite,260.07,Offline Agent,Check-Out
BKG105312,Resort Hotel,2023-08-19,2023-11-04,2023-11-12,77,Brazil,4,0.0,Standard,72.9,Online Travel Agent,Check-Out
BKG105313,Resort Hotel,2022-07-13,2022-09-07,2022-09-14,56,Canada,2,0.0,Deluxe,240.98,Direct,Check-Out
BKG105314,City Hotel,2022-12-13,2023-05-23,2023-05-25,161,Australia,3,0.0,Deluxe,214.59,Online Travel Agent,No-Show
BKG105315,Resort Hotel,2023-10-27,2024-01-04,2024-01-08,69,UAE,4,0.0,Suite,168.86,Direct,Canceled
BKG105316,Resort Hotel,2022-04-29,2022-05-27,2022-06-05,28,Brazil,3,2.0,Deluxe,134.47,Offline Agent,Check-Out
BKG105317,City Hotel,2023-08-18,2023-11-11,2023-11-13,85,Australia,4,0.0,Suite,127.51,Online Travel Agent,Check-Out
BKG105318,Resort Hotel,2022-04-01,2022-05-26,2022-06-03,55,USA,3,0.0,Standard,347.45,Online Travel Agent,Canceled
BKG105319,City Hotel,2022-01-05,2022-04-19,2022-04-23,104,Germany,2,0.0,Deluxe,139.37,Offline Agent,Check-Out
BKG105320,Resort Hotel,2022-09-29,2023-02-21,2023-02-27,145,Brazil,1,2.0,Family,236.28,Corporate,Canceled
BKG105321,Resort Hotel,2022-03-08,2022-07-01,2022-07-11,115,Australia,1,0.0,Standard,142.65,Direct,Check-Out
BKG105322,City Hotel,2023-09-09,2023-11-13,2023-11-22,65,Brazil,2,0.0,Suite,342.65,Online Travel Agent,Check-Out
BKG105323,City Hotel,2023-09-15,2023-10-02,2023-10-03,17,Brazil,1,1.0,Standard,230.1,Direct,Check-Out
BKG105324,Resort Hotel,2022-07-15,2022-08-05,2022-08-12,21,,4,2.0,Family,338.24,,Check-Out
BKG105325,City Hotel,2024-05-06,2024-11-01,2024-11-05,179,Brazil,1,1.0,Standard,160.63,Offline Agent,Check-Out
BKG105326,Resort Hotel,2023-06-13,2023-07-12,2023-07-13,29,Canada,4,1.0,Family,91.98,Corporate,Check-Out
BKG105327,City Hotel,2024-04-03,2024-06-25,2024-07-05,83,Germany,2,0.0,Family,216.69,Corporate,Check-Out
BKG105328,City Hotel,2022-12-29,2023-06-23,2023-06-29,176,Australia,2,2.0,Family,114.58,Corporate,Check-Out
BKG105329,Resort Hotel,2023-08-02,2023-10-03,2023-10-08,62,Australia,4,2.0,Standard,90.74,Online Travel Agent,Check-Out
BKG105330,Resort Hotel,2024-03-27,2024-09-04,2024-09-13,161,Brazil,4,0.0,Family,110.99,Online Travel Agent,Check-Out
BKG105331,Resort Hotel,2022-08-12,2022-08-17,2022-08-25,5,Germany,1,1.0,Deluxe,274.19,,Check-Out
BKG105332,Resort Hotel,2023-06-28,2023-11-14,2023-11-16,139,Canada,1,2.0,Family,248.58,,Check-Out
BKG105333,City Hotel,2023-01-07,2023-01-31,2023-02-09,24,France,1,,Deluxe,349.27,Corporate,Check-Out
BKG105334,Resort Hotel,2023-03-22,2023-09-17,2023-09-18,179,UAE,1,0.0,Family,312.25,Offline Agent,Check-Out
BKG105335,City Hotel,2022-04-05,2022-05-22,2022-05-28,47,,3,0.0,Suite,313.61,Online Travel Agent,Check-Out
BKG105336,City Hotel,2022-03-07,2022-05-11,2022-05-21,65,India,1,0.0,Standard,346.04,Corporate,Check-Out
BKG105337,City Hotel,2023-10-23,2024-01-07,2024-01-12,76,UK,4,0.0,,248.26,Offline Agent,Check-Out
BKG105338,Resort Hotel,2023-07-19,2023-12-23,2023-12-31,157,Canada,2,2.0,,343.09,Offline Agent,Canceled
BKG105339,Resort Hotel,2023-05-13,2023-08-12,2023-08-15,91,USA,3,0.0,Suite,112.7,Offline Agent,Check-Out
BKG105340,Resort Hotel,2023-05-21,2023-05-23,2023-05-30,2,France,3,2.0,Suite,79.05,Online Travel Agent,Canceled
BKG105341,City Hotel,2023-03-25,2023-08-12,2023-08-16,140,Singapore,4,0.0,Standard,154.92,Online Travel Agent,Check-Out
BKG105342,Resort Hotel,2022-05-30,2022-09-24,2022-09-26,117,UAE,4,1.0,,109.68,Offline Agent,Check-Out
BKG105343,Resort Hotel,2023-04-18,2023-09-26,2023-10-04,161,Germany,2,1.0,Deluxe,159.56,,Check-Out
BKG105344,Resort Hotel,2022-12-10,2023-05-26,2023-05-31,167,USA,2,1.0,Deluxe,326.92,Direct,Check-Out
BKG105345,Resort Hotel,2024-03-04,2024-04-06,2024-04-07,33,India,1,0.0,Suite,154.05,Offline Agent,Check-Out
BKG105346,City Hotel,2022-11-13,2022-11-17,2022-11-25,4,Germany,1,2.0,Deluxe,327.99,Online Travel Agent,Canceled
BKG105347,Resort Hotel,2022-12-15,2023-03-28,2023-04-02,103,Singapore,2,0.0,Family,306.54,Corporate,Check-Out
BKG105348,Resort Hotel,2022-04-20,2022-08-28,2022-09-02,130,USA,2,0.0,Suite,169.82,Direct,Canceled
BKG105349,City Hotel,2024-06-10,2024-11-07,2024-11-14,150,USA,3,0.0,Family,335.86,Offline Agent,Check-Out
BKG105350,City Hotel,2023-09-19,2023-11-11,2023-11-12,53,Singapore,2,0.0,Standard,106.69,Offline Agent,Check-Out
BKG105351,Resort Hotel,2023-06-09,2023-07-18,2023-07-20,39,UK,3,0.0,Suite,201.91,Online Travel Agent,Check-Out
BKG105352,Resort Hotel,2023-07-12,2023-11-28,2023-12-02,139,Canada,2,,Standard,64.41,Corporate,Check-Out
BKG105353,City Hotel,2023-12-16,2024-03-12,2024-03-18,87,UK,4,1.0,Suite,273.69,Direct,Check-Out
BKG105354,Resort Hotel,2024-05-03,2024-05-29,2024-05-31,26,Germany,4,0.0,Suite,277.44,Corporate,Check-Out
BKG105355,City Hotel,2023-05-07,2023-10-31,2023-11-05,177,,1,1.0,Deluxe,158.83,Direct,No-Show
BKG105356,City Hotel,2022-02-18,2022-03-23,2022-03-26,33,USA,3,0.0,Family,97.43,Offline Agent,Check-Out
BKG105357,City Hotel,2022-08-11,2023-01-27,2023-01-31,169,UK,3,0.0,Standard,295.22,Online Travel Agent,Check-Out
BKG105358,Resort Hotel,2022-05-17,2022-10-21,2022-10-24,157,India,4,0.0,Family,303.15,Offline Agent,Check-Out
BKG105359,Resort Hotel,2022-09-20,2022-10-22,2022-10-23,32,,1,0.0,Standard,204.61,Online Travel Agent,Check-Out
BKG105360,City Hotel,2024-06-08,2024-07-07,2024-07-08,29,UK,3,1.0,Standard,70.4,Corporate,Check-Out
BKG105361,Resort Hotel,2024-04-27,2024-08-04,2024-08-11,99,Singapore,4,0.0,Suite,85.79,Direct,Check-Out
BKG105362,Resort Hotel,2023-10-11,2023-11-26,2023-11-29,46,,4,2.0,Standard,126.73,Direct,Check-Out
BKG105363,Resort Hotel,2022-08-08,2022-09-23,2022-09-28,46,Canada,3,2.0,Family,217.7,Offline Agent,Check-Out
BKG105364,Resort Hotel,2023-04-30,2023-08-10,2023-08-16,102,Singapore,3,0.0,Standard,225.82,,Check-Out
BKG105365,City Hotel,2024-02-20,2024-03-09,2024-03-12,18,Canada,3,0.0,Suite,258.28,Online Travel Agent,Canceled
BKG105366,Resort Hotel,2023-02-20,2023-02-28,2023-03-09,8,Singapore,3,1.0,Deluxe,217.8,Direct,Check-Out
BKG105367,City Hotel,2023-10-21,2023-12-28,2024-01-02,68,Singapore,3,0.0,Suite,191.69,Corporate,Canceled
BKG105368,City Hotel,2023-02-09,2023-07-17,2023-07-22,158,UK,3,0.0,Standard,83.31,Corporate,Check-Out
BKG105369,Resort Hotel,2023-09-28,2024-02-25,2024-02-27,150,,3,,Standard,170.04,Direct,Check-Out
BKG105370,City Hotel,2023-08-17,2023-09-07,2023-09-12,21,France,2,2.0,Family,97.6,Online Travel Agent,Canceled
BKG105371,Resort Hotel,2022-05-16,2022-07-09,2022-07-19,54,UAE,3,0.0,Standard,136.54,Direct,Check-Out
BKG105372,Resort Hotel,2024-05-08,2024-05-10,2024-05-17,2,India,4,1.0,Family,245.18,Online Travel Agent,Check-Out
BKG105373,Resort Hotel,2023-09-19,2024-02-22,2024-02-26,156,India,3,,Family,222.2,Corporate,No-Show
BKG105374,Resort Hotel,2022-08-06,2022-12-28,2022-12-30,144,Singapore,1,2.0,Standard,336.04,Direct,Canceled
BKG105375,City Hotel,2024-01-11,2024-04-02,2024-04-03,82,,4,0.0,Suite,240.5,Corporate,Check-Out
BKG105376,Resort Hotel,2022-02-07,2022-05-18,2022-05-27,100,France,1,0.0,Family,87.24,Direct,Check-Out
BKG105377,City Hotel,2023-05-30,2023-08-23,2023-08-30,85,UK,4,0.0,Family,80.71,Direct,Check-Out
BKG105378,City Hotel,2024-04-17,2024-08-24,2024-08-26,129,UAE,3,0.0,Standard,312.81,Corporate,Check-Out
BKG105379,City Hotel,2023-04-09,2023-07-05,2023-07-09,87,Germany,1,0.0,Deluxe,145.86,Corporate,Check-Out
BKG105380,Resort Hotel,2022-10-18,2023-01-11,2023-01-12,85,USA,1,0.0,Suite,250.08,Online Travel Agent,Check-Out
BKG105381,Resort Hotel,2022-05-12,2022-05-25,2022-05-31,13,India,2,0.0,Deluxe,220.57,Direct,Check-Out
BKG105382,City Hotel,2022-02-10,2022-03-24,2022-03-29,42,India,1,1.0,Family,183.75,Direct,Check-Out
BKG105383,Resort Hotel,2022-06-12,2022-10-31,2022-11-03,141,India,4,1.0,Standard,190.03,Offline Agent,Check-Out
BKG105384,City Hotel,2022-12-02,2023-05-27,2023-06-01,176,Brazil,4,0.0,,165.95,Online Travel Agent,Check-Out
BKG105385,City Hotel,2022-08-11,2022-11-12,2022-11-18,93,Germany,2,0.0,Suite,94.27,Direct,Check-Out
BKG105386,City Hotel,2022-09-22,2022-12-30,2023-01-06,99,UAE,2,1.0,Family,77.85,Corporate,Check-Out
BKG105387,Resort Hotel,2022-08-04,2023-01-12,2023-01-14,161,,3,2.0,Suite,110.89,Corporate,No-Show
BKG105388,City Hotel,2024-02-12,2024-08-08,2024-08-16,178,UAE,2,,Suite,318.02,Direct,Check-Out
BKG105389,Resort Hotel,2023-02-11,2023-07-27,2023-08-05,166,Australia,3,0.0,Suite,151.99,Corporate,Check-Out
BKG105390,City Hotel,2023-06-20,2023-08-12,2023-08-19,53,Brazil,1,1.0,Deluxe,106.1,Direct,Canceled
BKG105391,Resort Hotel,2024-04-26,2024-09-09,2024-09-18,136,,4,1.0,Standard,206.58,Offline Agent,Check-Out
BKG105392,Resort Hotel,2022-12-15,2023-01-30,2023-02-08,46,India,3,0.0,Suite,336.97,Direct,Check-Out
BKG105393,Resort Hotel,2024-02-04,2024-05-22,2024-05-24,108,Canada,3,0.0,Standard,185.33,Offline Agent,Check-Out
BKG105394,City Hotel,2023-05-24,2023-07-29,2023-08-01,66,India,1,0.0,Deluxe,313.74,Corporate,Canceled
BKG105395,City Hotel,2022-01-05,2022-04-28,2022-05-08,113,Singapore,2,2.0,Standard,323.82,Online Travel Agent,Canceled
BKG105396,Resort Hotel,2023-06-05,2023-09-07,2023-09-17,94,UAE,1,0.0,Suite,283.97,Direct,Canceled
BKG105397,City Hotel,2022-10-31,2023-03-22,2023-03-30,142,Canada,3,0.0,Standard,149.41,Corporate,Check-Out
BKG105398,Resort Hotel,2023-06-09,2023-10-19,2023-10-27,132,UAE,4,2.0,Family,280.23,Direct,Check-Out
BKG105399,Resort Hotel,2022-04-28,2022-10-10,2022-10-14,165,Australia,4,2.0,Suite,69.82,Online Travel Agent,Check-Out
BKG105400,City Hotel,2023-05-05,2023-08-16,2023-08-20,103,Canada,2,0.0,Standard,286.4,Corporate,Check-Out
BKG105401,City Hotel,2022-11-18,2023-05-04,2023-05-14,167,Australia,2,2.0,Family,147.57,Offline Agent,Check-Out
BKG105402,City Hotel,2023-03-20,2023-06-14,2023-06-18,86,Canada,4,0.0,Suite,326.11,Offline Agent,Check-Out
BKG105403,Resort Hotel,2023-03-30,2023-04-24,2023-05-01,25,USA,3,0.0,Family,175.15,,Check-Out
BKG105404,City Hotel,2023-01-16,2023-02-20,2023-02-25,35,France,1,1.0,Family,94.12,Direct,Check-Out
BKG105405,Resort Hotel,2023-10-16,2023-12-18,2023-12-23,63,USA,2,0.0,Standard,154.15,Online Travel Agent,Check-Out
BKG105406,Resort Hotel,2024-04-03,2024-08-23,2024-09-01,142,France,2,0.0,Standard,287.63,Online Travel Agent,Check-Out
BKG105407,City Hotel,2024-01-30,2024-03-03,2024-03-04,33,France,1,1.0,Standard,295.55,Corporate,Check-Out
BKG105408,Resort Hotel,2023-08-06,2023-11-25,2023-11-27,111,UK,3,0.0,Standard,114.76,Direct,Check-Out
BKG105409,City Hotel,2024-04-02,2024-09-26,2024-10-05,177,India,2,0.0,Standard,308.19,Offline Agent,Check-Out
BKG105410,Resort Hotel,2022-07-04,2022-10-30,2022-11-08,118,Australia,3,1.0,Suite,138.08,Direct,Check-Out
BKG105411,City Hotel,2022-07-02,2022-12-22,2022-12-27,173,Brazil,4,0.0,Standard,334.72,Corporate,Canceled
BKG105412,Resort Hotel,2023-11-09,2024-01-22,2024-01-29,74,India,4,1.0,Family,235.9,Direct,Check-Out
BKG105413,Resort Hotel,2022-06-02,2022-07-05,2022-07-09,33,Singapore,1,2.0,Family,247.91,Direct,Check-Out
BKG105414,City Hotel,2022-11-06,2023-01-15,2023-01-21,70,India,2,2.0,Deluxe,187.45,Online Travel Agent,Check-Out
BKG105415,City Hotel,2023-06-10,2023-08-31,2023-09-07,82,India,1,0.0,Deluxe,221.57,Offline Agent,Check-Out
BKG105416,City Hotel,2023-03-06,2023-08-30,2023-09-02,177,Brazil,4,2.0,Suite,341.17,,Check-Out
BKG105417,City Hotel,2023-11-26,2024-02-09,2024-02-17,75,USA,1,0.0,Suite,143.04,Direct,Canceled
BKG105418,City Hotel,2023-10-11,2024-03-14,2024-03-17,155,India,4,0.0,Deluxe,302.59,Direct,Check-Out
BKG105419,Resort Hotel,2022-05-31,2022-06-02,2022-06-03,2,Australia,1,0.0,Family,232.28,Direct,Check-Out
BKG105420,Resort Hotel,2023-03-09,2023-05-28,2023-06-03,80,UK,2,0.0,Deluxe,236.79,Online Travel Agent,Check-Out
BKG105421,City Hotel,2023-07-15,2023-08-10,2023-08-17,26,Singapore,1,0.0,Deluxe,290.51,,Canceled
BKG105422,City Hotel,2022-06-03,2022-07-31,2022-08-03,58,UK,4,0.0,Suite,125.4,Online Travel Agent,Canceled
BKG105423,Resort Hotel,2023-02-06,2023-02-20,2023-03-01,14,France,2,2.0,Suite,212.26,Direct,No-Show
BKG105424,City Hotel,2022-06-18,2022-08-11,2022-08-15,54,Australia,2,0.0,Family,205.61,Online Travel Agent,Check-Out
BKG105425,City Hotel,2023-08-04,2023-11-25,2023-11-27,113,Germany,1,2.0,Deluxe,265.09,Online Travel Agent,Check-Out
BKG105426,City Hotel,2022-08-21,2022-12-13,2022-12-19,114,UAE,2,0.0,Suite,285.95,Corporate,Check-Out
BKG105427,City Hotel,2022-06-08,2022-10-08,2022-10-09,122,France,1,0.0,Suite,347.25,Direct,Canceled
BKG105428,City Hotel,2023-11-05,2024-01-31,2024-02-10,87,France,4,0.0,Suite,69.23,Online Travel Agent,Check-Out
BKG105429,Resort Hotel,2024-03-13,2024-07-03,2024-07-08,112,Australia,2,0.0,Standard,272.92,,Check-Out
BKG105430,City Hotel,2023-04-11,2023-08-13,2023-08-17,124,Singapore,4,1.0,Suite,200.07,Offline Agent,Canceled
BKG105431,Resort Hotel,2022-04-06,2022-06-26,2022-07-04,81,Singapore,2,0.0,Deluxe,127.46,Offline Agent,Canceled
BKG105432,City Hotel,2023-08-27,2023-09-05,2023-09-08,9,India,2,2.0,Suite,269.78,Offline Agent,Check-Out
BKG105433,Resort Hotel,2022-10-24,2023-04-15,2023-04-23,173,Canada,4,,Standard,336.06,Direct,Canceled
BKG105434,Resort Hotel,2022-02-14,2022-06-12,2022-06-22,118,Brazil,4,0.0,Suite,141.16,Direct,Check-Out
BKG105435,City Hotel,2023-11-04,2023-12-08,2023-12-16,34,Germany,3,1.0,Family,93.59,Direct,Check-Out
BKG105436,City Hotel,2023-05-03,2023-10-27,2023-10-28,177,UAE,1,0.0,Family,189.4,Offline Agent,Check-Out
BKG105437,City Hotel,2022-10-29,2023-02-28,2023-03-04,122,Canada,3,0.0,Suite,72.51,,Check-Out
BKG105438,City Hotel,2023-09-12,2024-02-14,2024-02-23,155,Canada,1,1.0,Family,335.27,Online Travel Agent,Check-Out
BKG105439,Resort Hotel,2024-04-09,2024-05-21,2024-05-26,42,India,2,0.0,Deluxe,255.61,Direct,Check-Out
BKG105440,Resort Hotel,2023-07-01,2023-10-31,2023-11-02,122,Germany,3,0.0,Deluxe,289.1,Online Travel Agent,Canceled
BKG105441,Resort Hotel,2022-08-24,2023-01-01,2023-01-02,130,,2,0.0,Family,138.15,,Check-Out
BKG105442,Resort Hotel,2023-12-30,2024-05-24,2024-05-30,146,Brazil,1,0.0,Family,219.74,Corporate,Check-Out
BKG105443,Resort Hotel,2023-08-03,2023-11-29,2023-12-03,118,Canada,2,0.0,Standard,246.22,Direct,Canceled
BKG105444,Resort Hotel,2022-08-29,2023-02-24,2023-03-06,179,India,4,,Family,313.52,,Check-Out
BKG105445,Resort Hotel,2023-03-16,2023-07-11,2023-07-20,117,Singapore,4,0.0,Standard,323.26,Offline Agent,Check-Out
BKG105446,City Hotel,2023-08-09,2023-10-13,2023-10-22,65,Brazil,4,1.0,Family,71.33,Corporate,Check-Out
BKG105447,Resort Hotel,2022-10-08,2023-03-07,2023-03-09,150,USA,1,2.0,Suite,161.81,Corporate,Check-Out
BKG105448,Resort Hotel,2023-03-27,2023-05-10,2023-05-16,44,Singapore,3,1.0,Standard,126.28,Offline Agent,Check-Out
BKG105449,City Hotel,2023-05-31,2023-08-16,2023-08-19,77,UK,2,0.0,Family,98.06,Corporate,Check-Out
BKG105450,Resort Hotel,2023-12-05,2024-03-02,2024-03-05,88,France,4,0.0,Deluxe,130.0,Corporate,Check-Out
BKG105451,City Hotel,2023-01-31,2023-05-09,2023-05-13,98,Brazil,2,1.0,Family,193.98,Direct,Check-Out
BKG105452,Resort Hotel,2023-04-23,2023-05-21,2023-05-31,28,France,3,1.0,Family,67.7,Corporate,Check-Out
BKG105453,City Hotel,2023-03-27,2023-06-08,2023-06-09,73,Brazil,4,2.0,Family,127.36,Online Travel Agent,Check-Out
BKG105454,City Hotel,2022-10-25,2023-02-04,2023-02-07,102,Canada,2,,Deluxe,87.07,Offline Agent,Canceled
BKG105455,Resort Hotel,2022-11-30,2023-01-30,2023-02-09,61,India,1,2.0,Standard,323.89,Online Travel Agent,Check-Out
BKG105456,Resort Hotel,2023-12-21,2024-04-19,2024-04-28,120,Australia,2,0.0,Deluxe,347.68,Offline Agent,Check-Out
BKG105457,Resort Hotel,2022-03-14,2022-08-11,2022-08-20,150,UK,4,0.0,Suite,120.26,Online Travel Agent,Canceled
BKG105458,Resort Hotel,2022-04-01,2022-09-07,2022-09-11,159,Canada,2,,Suite,255.48,Corporate,Canceled
BKG105459,Resort Hotel,2022-09-29,2023-03-16,2023-03-22,168,Canada,3,0.0,Family,324.53,Direct,Check-Out
BKG105460,City Hotel,2024-03-27,2024-07-17,2024-07-25,112,Australia,1,1.0,Family,150.43,Offline Agent,Check-Out
BKG105461,City Hotel,2023-08-15,2023-10-20,2023-10-23,66,,1,1.0,Deluxe,94.98,Direct,Check-Out
BKG105462,Resort Hotel,2022-03-29,2022-08-19,2022-08-22,143,India,3,2.0,Family,308.47,Offline Agent,Check-Out
BKG105463,Resort Hotel,2023-09-07,2023-09-24,2023-09-27,17,Australia,1,0.0,Deluxe,334.47,Corporate,Canceled
BKG105464,Resort Hotel,2024-01-02,2024-05-23,2024-05-25,142,UK,3,1.0,Family,198.69,Direct,Check-Out
BKG105465,Resort Hotel,2022-11-29,2022-12-25,2023-01-04,26,Singapore,2,0.0,Suite,151.91,Corporate,Check-Out
BKG105466,Resort Hotel,2023-11-20,2024-01-05,2024-01-14,46,UK,2,2.0,Suite,133.7,Direct,Check-Out
BKG105467,Resort Hotel,2022-09-29,2022-11-30,2022-12-03,62,,1,,Standard,344.27,Direct,Check-Out
BKG105468,Resort Hotel,2023-09-25,2024-01-04,2024-01-11,101,Germany,4,1.0,Standard,208.79,Offline Agent,Check-Out
BKG105469,Resort Hotel,2024-02-03,2024-04-11,2024-04-12,68,Canada,2,1.0,,161.59,Corporate,Check-Out
BKG105470,Resort Hotel,2022-11-07,2023-04-23,2023-04-25,167,Singapore,4,1.0,Suite,223.37,,Check-Out
BKG105471,City Hotel,2022-06-07,2022-06-07,2022-06-16,0,Germany,3,2.0,Suite,277.3,Online Travel Agent,Canceled
BKG105472,City Hotel,2022-09-26,2022-10-06,2022-10-12,10,Brazil,4,2.0,,144.11,Corporate,Check-Out
BKG105473,City Hotel,2024-06-19,2024-07-14,2024-07-15,25,Brazil,4,0.0,Family,310.72,Direct,Check-Out
BKG105474,City Hotel,2022-12-14,2023-04-13,2023-04-19,120,Brazil,1,,Deluxe,323.68,Online Travel Agent,Check-Out
BKG105475,City Hotel,2024-02-23,2024-04-10,2024-04-18,47,Brazil,2,0.0,Suite,138.03,Corporate,Check-Out
BKG105476,Resort Hotel,2022-09-11,2023-03-04,2023-03-05,174,UAE,4,2.0,Suite,151.99,Offline Agent,Check-Out
BKG105477,Resort Hotel,2023-03-27,2023-05-04,2023-05-08,38,Brazil,4,1.0,Standard,253.42,Offline Agent,Check-Out
BKG105478,City Hotel,2022-03-24,2022-07-06,2022-07-10,104,Canada,1,1.0,Suite,183.6,Online Travel Agent,Check-Out
BKG105479,Resort Hotel,2023-08-16,2023-08-25,2023-09-02,9,Brazil,2,1.0,Standard,268.87,Offline Agent,Check-Out
BKG105480,City Hotel,2023-06-30,2023-07-03,2023-07-07,3,France,4,0.0,Suite,142.86,Online Travel Agent,Check-Out
BKG105481,City Hotel,2022-07-06,2022-12-05,2022-12-07,152,Singapore,3,1.0,Suite,156.53,Corporate,Check-Out
BKG105482,City Hotel,2023-10-17,2023-12-25,2024-01-04,69,Australia,2,,Standard,215.95,Direct,Check-Out
BKG105483,City Hotel,2023-08-31,2023-10-29,2023-11-04,59,Singapore,1,0.0,Family,252.32,Direct,Check-Out
BKG105484,Resort Hotel,2022-09-06,2023-01-22,2023-01-23,138,Canada,3,,Standard,133.42,Corporate,Check-Out
BKG105485,Resort Hotel,2023-11-18,2024-05-14,2024-05-16,178,Canada,4,0.0,Deluxe,235.81,Offline Agent,Canceled
BKG105486,Resort Hotel,2022-03-09,2022-03-17,2022-03-26,8,France,3,0.0,Family,175.14,,Check-Out
BKG105487,City Hotel,2022-07-03,2022-10-18,2022-10-24,107,UAE,1,2.0,,215.27,Corporate,Check-Out
BKG105488,Resort Hotel,2023-04-30,2023-09-28,2023-10-08,151,Australia,4,,Family,330.61,Online Travel Agent,Check-Out
BKG105489,City Hotel,2022-12-04,2022-12-23,2022-12-25,19,Germany,4,0.0,Deluxe,246.74,,Check-Out
BKG105490,City Hotel,2023-04-09,2023-08-17,2023-08-23,130,Canada,3,0.0,Standard,193.8,Offline Agent,Check-Out
BKG105491,Resort Hotel,2024-02-28,2024-08-09,2024-08-15,163,,3,2.0,Suite,269.27,Offline Agent,Check-Out
BKG105492,Resort Hotel,2024-01-07,2024-03-06,2024-03-09,59,UAE,4,0.0,Family,149.37,,Check-Out
BKG105493,City Hotel,2023-04-10,2023-04-23,2023-04-25,13,Brazil,3,1.0,Standard,106.94,Online Travel Agent,Canceled
BKG105494,City Hotel,2022-05-09,2022-09-01,2022-09-11,115,,2,0.0,Family,73.08,Direct,Canceled
BKG105495,City Hotel,2023-03-09,2023-05-19,2023-05-26,71,France,1,1.0,Deluxe,342.88,Direct,Check-Out
BKG105496,Resort Hotel,2022-12-09,2023-03-03,2023-03-12,84,Germany,2,,Standard,211.01,Corporate,Check-Out
BKG105497,Resort Hotel,2023-10-29,2023-12-07,2023-12-13,39,Singapore,3,2.0,Deluxe,154.16,Online Travel Agent,Canceled
BKG105498,City Hotel,2024-04-06,2024-07-15,2024-07-22,100,Brazil,4,,Family,120.22,Online Travel Agent,Check-Out
BKG105499,Resort Hotel,2022-01-22,2022-01-27,2022-01-30,5,UK,1,0.0,Family,71.38,Offline Agent,Check-Out
BKG105500,City Hotel,2022-04-03,2022-07-31,2022-08-09,119,France,1,2.0,Suite,268.08,Online Travel Agent,Check-Out
BKG105501,City Hotel,2022-05-28,2022-10-01,2022-10-09,126,UK,4,0.0,Suite,61.02,Online Travel Agent,Canceled
BKG105502,City Hotel,2022-06-07,2022-07-11,2022-07-21,34,Germany,1,0.0,Family,337.42,Corporate,No-Show
BKG105503,Resort Hotel,2022-06-10,2022-10-11,2022-10-13,123,Australia,4,1.0,Deluxe,276.14,Corporate,Check-Out
BKG105504,Resort Hotel,2024-02-10,2024-03-29,2024-04-02,48,Canada,1,0.0,Standard,297.85,Online Travel Agent,Check-Out
BKG105505,City Hotel,2024-02-12,2024-04-27,2024-05-02,75,Singapore,4,0.0,Family,216.38,Corporate,Check-Out
BKG105506,Resort Hotel,2023-05-15,2023-08-05,2023-08-06,82,USA,4,2.0,Deluxe,280.12,Direct,Check-Out
BKG105507,Resort Hotel,2024-05-27,2024-08-16,2024-08-20,81,USA,3,2.0,Family,204.61,,Check-Out
BKG105508,Resort Hotel,2022-01-31,2022-07-13,2022-07-17,163,Australia,4,,Suite,90.33,Offline Agent,Check-Out
BKG105509,City Hotel,2023-06-25,2023-12-17,2023-12-27,175,Germany,2,0.0,Deluxe,236.77,Offline Agent,Check-Out
BKG105510,City Hotel,2022-02-02,2022-03-14,2022-03-23,40,,3,2.0,Suite,332.27,Corporate,Canceled
BKG105511,Resort Hotel,2023-11-03,2024-04-21,2024-04-22,170,,1,0.0,Suite,79.25,Direct,Check-Out
BKG105512,City Hotel,2022-12-11,2023-05-07,2023-05-13,147,,2,0.0,Suite,84.35,Offline Agent,Check-Out
BKG105513,Resort Hotel,2024-03-21,2024-08-27,2024-09-01,159,France,3,0.0,Suite,256.61,Direct,Canceled
BKG105514,City Hotel,2022-03-14,2022-03-15,2022-03-18,1,India,1,,Family,206.27,Online Travel Agent,Check-Out
BKG105515,Resort Hotel,2024-02-03,2024-07-14,2024-07-21,162,UK,1,0.0,Standard,333.31,Online Travel Agent,Check-Out
BKG105516,Resort Hotel,2023-02-22,2023-07-10,2023-07-18,138,India,4,0.0,Suite,101.84,Offline Agent,Check-Out
BKG105517,Resort Hotel,2022-06-29,2022-09-25,2022-10-01,88,UK,4,2.0,Deluxe,171.29,Online Travel Agent,No-Show
BKG105518,Resort Hotel,2023-10-21,2024-01-11,2024-01-16,82,UAE,3,0.0,Family,193.4,Offline Agent,Check-Out
BKG105519,Resort Hotel,2024-01-20,2024-02-25,2024-03-06,36,Canada,2,,Standard,278.68,Offline Agent,Check-Out
BKG105520,Resort Hotel,2023-06-13,2023-11-25,2023-12-03,165,Singapore,2,,Suite,156.98,Online Travel Agent,Check-Out
BKG105521,Resort Hotel,2023-01-09,2023-06-20,2023-06-23,162,India,1,0.0,Suite,194.75,Direct,Check-Out
BKG105522,Resort Hotel,2023-12-05,2024-03-28,2024-04-04,114,UAE,2,1.0,Suite,313.84,Direct,Check-Out
BKG105523,City Hotel,2023-04-17,2023-07-04,2023-07-08,78,UK,2,0.0,Deluxe,262.06,Corporate,Check-Out
BKG105524,Resort Hotel,2024-06-11,2024-08-03,2024-08-08,53,Germany,2,1.0,Standard,128.33,Online Travel Agent,Check-Out
BKG105525,Resort Hotel,2023-02-25,2023-05-01,2023-05-08,65,Germany,4,0.0,,328.96,Corporate,Canceled
BKG105526,City Hotel,2022-03-29,2022-08-14,2022-08-20,138,USA,2,0.0,Standard,121.51,Online Travel Agent,Check-Out
BKG105527,Resort Hotel,2022-01-21,2022-04-01,2022-04-06,70,Brazil,2,0.0,Standard,70.4,,Canceled
BKG105528,City Hotel,2022-02-12,2022-07-31,2022-08-10,169,,4,0.0,Suite,75.9,Offline Agent,Check-Out
BKG105529,City Hotel,2023-06-18,2023-12-06,2023-12-11,171,,2,0.0,Family,161.95,Corporate,Check-Out
BKG105530,Resort Hotel,2023-01-11,2023-07-07,2023-07-14,177,Canada,3,0.0,Family,340.98,Corporate,Check-Out
BKG105531,City Hotel,2023-09-10,2023-11-02,2023-11-05,53,France,3,0.0,Suite,265.32,Direct,Canceled
BKG105532,City Hotel,2024-02-21,2024-04-05,2024-04-07,44,UK,4,1.0,Deluxe,76.83,Online Travel Agent,No-Show
BKG105533,Resort Hotel,2023-09-16,2024-02-03,2024-02-11,140,Germany,1,0.0,Suite,112.67,Offline Agent,Canceled
BKG105534,City Hotel,2023-04-06,2023-09-12,2023-09-16,159,Brazil,1,,Deluxe,133.5,Offline Agent,Canceled
BKG105535,City Hotel,2022-08-07,2022-11-11,2022-11-14,96,UAE,2,0.0,Deluxe,326.76,Direct,Canceled
BKG105536,Resort Hotel,2022-07-24,2023-01-01,2023-01-06,161,India,4,1.0,Family,248.55,Corporate,No-Show
BKG105537,City Hotel,2022-12-31,2023-05-10,2023-05-13,130,Australia,4,1.0,Standard,347.47,Corporate,Check-Out
BKG105538,City Hotel,2023-07-22,2023-12-14,2023-12-22,145,Singapore,2,0.0,Suite,245.67,Online Travel Agent,Canceled
BKG105539,Resort Hotel,2023-11-17,2024-05-08,2024-05-13,173,Australia,2,2.0,Family,211.96,Offline Agent,Check-Out
BKG105540,Resort Hotel,2022-01-22,2022-05-19,2022-05-25,117,UAE,1,0.0,Suite,174.79,Corporate,Canceled
BKG105541,City Hotel,2022-02-14,2022-06-20,2022-06-25,126,USA,1,2.0,,211.15,,Check-Out
BKG105542,City Hotel,2023-09-15,2023-09-22,2023-09-24,7,UK,4,0.0,,272.86,Online Travel Agent,Canceled
BKG105543,City Hotel,2024-01-17,2024-03-04,2024-03-11,47,UK,2,0.0,,163.28,Direct,Check-Out
BKG105544,City Hotel,2022-02-19,2022-05-25,2022-05-27,95,Australia,1,,Standard,241.25,Corporate,Check-Out
BKG105545,City Hotel,2022-12-08,2023-01-15,2023-01-22,38,Canada,2,0.0,,235.34,Online Travel Agent,Check-Out
BKG105546,City Hotel,2023-11-14,2024-01-16,2024-01-19,63,Germany,4,0.0,Deluxe,69.33,Corporate,No-Show
BKG105547,Resort Hotel,2023-01-10,2023-06-18,2023-06-21,159,Germany,1,,Suite,129.63,Online Travel Agent,Check-Out
BKG105548,Resort Hotel,2023-12-31,2024-03-04,2024-03-08,64,India,1,1.0,Suite,99.93,Offline Agent,Check-Out
BKG105549,Resort Hotel,2024-04-12,2024-04-29,2024-05-01,17,Brazil,4,1.0,Family,312.75,Direct,Check-Out
BKG105550,Resort Hotel,2023-11-30,2024-02-19,2024-02-24,81,Singapore,3,0.0,Standard,239.63,Direct,No-Show
BKG105551,City Hotel,2022-06-02,2022-09-01,2022-09-06,91,,4,0.0,Suite,338.1,Online Travel Agent,Check-Out
BKG105552,City Hotel,2023-10-29,2023-11-03,2023-11-09,5,France,3,0.0,,190.38,,Check-Out
BKG105553,City Hotel,2024-05-06,2024-10-27,2024-11-03,174,Singapore,2,2.0,Standard,138.31,Direct,Check-Out
BKG105554,City Hotel,2024-06-17,2024-09-10,2024-09-14,85,UK,3,2.0,Standard,248.52,Offline Agent,Canceled
BKG105555,Resort Hotel,2024-05-20,2024-07-23,2024-07-29,64,UK,3,0.0,Deluxe,215.35,Direct,Check-Out
BKG105556,Resort Hotel,2023-05-11,2023-08-15,2023-08-16,96,Australia,2,0.0,Family,220.66,Offline Agent,Check-Out
BKG105557,City Hotel,2022-07-01,2022-10-23,2022-11-02,114,UAE,2,0.0,Standard,133.79,Online Travel Agent,Check-Out
BKG105558,Resort Hotel,2023-05-16,2023-07-31,2023-08-03,76,India,1,0.0,Family,306.71,Direct,Canceled
BKG105559,City Hotel,2022-10-30,2022-12-20,2022-12-28,51,UK,1,,Suite,258.04,Offline Agent,Canceled
BKG105560,City Hotel,2022-12-21,2023-02-28,2023-03-03,69,Germany,2,1.0,Suite,345.2,Offline Agent,Check-Out
BKG105561,City Hotel,2022-11-15,2023-03-28,2023-04-04,133,Germany,2,0.0,Suite,106.78,Online Travel Agent,Check-Out
BKG105562,Resort Hotel,2022-07-06,2022-10-28,2022-11-05,114,Germany,3,1.0,Deluxe,245.51,Corporate,Check-Out
BKG105563,City Hotel,2022-04-24,2022-06-19,2022-06-27,56,Canada,1,0.0,Suite,213.08,Direct,Check-Out
BKG105564,Resort Hotel,2024-03-18,2024-04-08,2024-04-11,21,UK,1,0.0,Deluxe,272.84,Corporate,Check-Out
BKG105565,City Hotel,2022-02-18,2022-04-07,2022-04-11,48,Germany,4,0.0,Suite,220.38,Online Travel Agent,Canceled
BKG105566,City Hotel,2022-05-09,2022-06-02,2022-06-08,24,Australia,4,0.0,Family,217.48,Corporate,Check-Out
BKG105567,Resort Hotel,2022-07-13,2022-10-25,2022-10-31,104,Brazil,4,,Family,326.88,Corporate,Canceled
BKG105568,Resort Hotel,2022-04-27,2022-06-22,2022-06-27,56,UK,3,0.0,Family,270.47,Offline Agent,Check-Out
BKG105569,Resort Hotel,2023-05-19,2023-08-07,2023-08-17,80,Singapore,3,0.0,Family,217.07,Online Travel Agent,Check-Out
BKG105570,Resort Hotel,2023-03-05,2023-06-15,2023-06-19,102,Brazil,2,0.0,Standard,113.58,Online Travel Agent,Check-Out
BKG105571,City Hotel,2024-01-20,2024-02-17,2024-02-24,28,Canada,2,0.0,Standard,235.62,Corporate,Check-Out
BKG105572,City Hotel,2022-09-23,2023-03-12,2023-03-22,170,India,1,0.0,Family,328.05,,Check-Out
BKG105573,City Hotel,2023-05-21,2023-08-30,2023-09-05,101,Canada,1,0.0,Suite,329.19,Online Travel Agent,Check-Out
BKG105574,City Hotel,2024-04-02,2024-05-29,2024-06-04,57,UAE,1,,Family,208.92,Direct,Canceled
BKG105575,Resort Hotel,2022-08-10,2022-10-05,2022-10-10,56,UAE,3,1.0,Deluxe,305.28,Direct,Canceled
BKG105576,City Hotel,2022-08-07,2022-08-20,2022-08-30,13,Brazil,3,1.0,,176.32,Offline Agent,Check-Out
BKG105577,Resort Hotel,2024-01-28,2024-04-30,2024-05-07,93,Germany,1,0.0,Suite,139.22,Corporate,Check-Out
BKG105578,Resort Hotel,2023-01-27,2023-05-31,2023-06-10,124,Singapore,4,2.0,Deluxe,272.27,Corporate,Check-Out
BKG105579,City Hotel,2024-05-18,2024-10-22,2024-10-24,157,Germany,3,2.0,Suite,124.88,Direct,Check-Out
BKG105580,City Hotel,2023-06-16,2023-08-12,2023-08-14,57,Canada,1,1.0,Suite,259.64,Corporate,Canceled
BKG105581,City Hotel,2023-04-04,2023-08-16,2023-08-23,134,USA,4,0.0,Standard,98.04,Online Travel Agent,Check-Out
BKG105582,City Hotel,2022-09-17,2022-11-20,2022-11-22,64,USA,2,1.0,Family,278.34,Online Travel Agent,Canceled
BKG105583,Resort Hotel,2022-12-18,2023-02-14,2023-02-24,58,UAE,4,0.0,Suite,336.18,Online Travel Agent,Check-Out
BKG105584,City Hotel,2023-08-20,2024-01-16,2024-01-26,149,USA,3,2.0,Standard,214.92,Offline Agent,Check-Out
BKG105585,City Hotel,2023-02-04,2023-02-24,2023-03-01,20,India,2,0.0,Suite,319.26,Corporate,Check-Out
BKG105586,Resort Hotel,2022-06-21,2022-08-02,2022-08-11,42,Canada,3,2.0,Standard,224.06,Online Travel Agent,Check-Out
BKG105587,Resort Hotel,2022-08-30,2022-11-26,2022-12-04,88,India,3,0.0,Standard,323.52,Corporate,Check-Out
BKG105588,Resort Hotel,2023-08-20,2023-10-04,2023-10-09,45,UK,4,0.0,Suite,301.9,Corporate,Check-Out
BKG105589,Resort Hotel,2023-08-07,2024-01-01,2024-01-09,147,USA,2,1.0,Suite,284.65,Online Travel Agent,Check-Out
BKG105590,City Hotel,2022-01-09,2022-05-30,2022-06-06,141,UK,4,1.0,Suite,303.82,Offline Agent,Check-Out
BKG105591,Resort Hotel,2022-08-07,2022-10-28,2022-11-02,82,Germany,1,1.0,Suite,138.55,Corporate,Canceled
BKG105592,City Hotel,2023-05-30,2023-10-01,2023-10-08,124,France,1,2.0,Suite,268.24,Online Travel Agent,No-Show
BKG105593,City Hotel,2022-03-24,2022-05-01,2022-05-05,38,Brazil,3,2.0,,170.08,Offline Agent,Check-Out
BKG105594,City Hotel,2023-02-06,2023-03-15,2023-03-23,37,France,2,0.0,Deluxe,156.88,Offline Agent,Check-Out
BKG105595,City Hotel,2022-09-09,2023-01-19,2023-01-28,132,USA,4,0.0,Family,265.15,Direct,Canceled
BKG105596,Resort Hotel,2023-06-04,2023-08-14,2023-08-22,71,India,3,0.0,Family,206.09,Corporate,Check-Out
BKG105597,City Hotel,2022-10-01,2023-01-05,2023-01-15,96,Australia,3,2.0,Standard,131.0,Online Travel Agent,Check-Out
BKG105598,City Hotel,2023-03-09,2023-07-15,2023-07-21,128,Singapore,4,1.0,,344.08,Direct,Canceled
BKG105599,Resort Hotel,2022-11-11,2023-04-18,2023-04-26,158,,3,0.0,Family,237.82,Online Travel Agent,Canceled
BKG105600,Resort Hotel,2023-08-08,2023-12-30,2024-01-03,144,Singapore,2,1.0,Family,272.14,Online Travel Agent,Check-Out
BKG105601,Resort Hotel,2024-01-09,2024-04-30,2024-05-05,112,Canada,2,0.0,Standard,310.86,Direct,Check-Out
BKG105602,Resort Hotel,2023-04-24,2023-05-12,2023-05-21,18,Canada,4,0.0,Suite,216.06,Offline Agent,Canceled
BKG105603,City Hotel,2023-12-08,2024-01-14,2024-01-15,37,Australia,3,1.0,Suite,157.98,Offline Agent,Check-Out
BKG105604,Resort Hotel,2023-12-08,2024-03-15,2024-03-19,98,Germany,4,0.0,Deluxe,342.85,Direct,Canceled
BKG105605,City Hotel,2022-08-04,2022-08-18,2022-08-23,14,Brazil,2,0.0,Deluxe,76.43,Online Travel Agent,Check-Out
BKG105606,Resort Hotel,2023-07-05,2023-10-27,2023-11-06,114,UK,2,1.0,,269.68,Direct,Check-Out
BKG105607,City Hotel,2023-04-04,2023-09-30,2023-10-10,179,Brazil,2,1.0,,242.64,Online Travel Agent,Check-Out
BKG105608,Resort Hotel,2022-05-13,2022-10-10,2022-10-20,150,USA,2,2.0,Deluxe,104.88,Direct,Check-Out
BKG105609,City Hotel,2024-02-02,2024-04-15,2024-04-21,73,India,4,0.0,Family,266.91,Corporate,Check-Out
BKG105610,City Hotel,2022-03-22,2022-04-11,2022-04-15,20,,2,2.0,Family,99.0,Corporate,Check-Out
BKG105611,Resort Hotel,2023-07-14,2023-08-20,2023-08-27,37,India,2,0.0,Deluxe,129.19,Direct,Check-Out
BKG105612,City Hotel,2024-04-30,2024-06-29,2024-07-06,60,USA,4,,Suite,333.85,Online Travel Agent,Check-Out
BKG105613,City Hotel,2023-11-21,2024-03-05,2024-03-07,105,,3,0.0,Suite,317.74,Online Travel Agent,Check-Out
BKG105614,Resort Hotel,2023-10-23,2023-11-11,2023-11-12,19,Brazil,4,2.0,Deluxe,234.69,Direct,Canceled
BKG105615,Resort Hotel,2022-03-07,2022-08-12,2022-08-20,158,UK,3,2.0,Standard,347.09,Online Travel Agent,Canceled
BKG105616,Resort Hotel,2022-02-09,2022-08-02,2022-08-11,174,UK,1,,Deluxe,199.43,Offline Agent,Check-Out
BKG105617,City Hotel,2024-01-29,2024-05-20,2024-05-29,112,France,2,0.0,Standard,86.29,Online Travel Agent,Check-Out
BKG105618,Resort Hotel,2023-07-03,2023-08-24,2023-08-29,52,Canada,3,0.0,Suite,103.93,Direct,Check-Out
BKG105619,City Hotel,2024-02-16,2024-05-02,2024-05-04,76,Canada,4,2.0,Family,156.15,Online Travel Agent,Check-Out
BKG105620,Resort Hotel,2023-08-21,2023-09-23,2023-10-02,33,UAE,2,0.0,Family,76.03,,Check-Out
BKG105621,Resort Hotel,2022-04-06,2022-04-08,2022-04-13,2,Germany,2,2.0,Suite,188.94,Online Travel Agent,Check-Out
BKG105622,City Hotel,2024-02-05,2024-03-15,2024-03-20,39,Germany,2,0.0,Standard,73.36,Online Travel Agent,Canceled
BKG105623,City Hotel,2024-02-20,2024-03-31,2024-04-07,40,Canada,3,0.0,Family,319.74,Offline Agent,Check-Out
BKG105624,City Hotel,2023-04-26,2023-08-13,2023-08-22,109,UK,4,0.0,Standard,223.27,Corporate,Check-Out
BKG105625,City Hotel,2023-08-24,2023-12-28,2024-01-03,126,USA,1,0.0,Standard,335.27,Online Travel Agent,Check-Out
BKG105626,City Hotel,2022-06-03,2022-08-30,2022-09-09,88,USA,2,0.0,,73.73,Offline Agent,Check-Out
BKG105627,Resort Hotel,2022-06-14,2022-09-05,2022-09-07,83,India,3,0.0,Suite,318.75,Offline Agent,Canceled
BKG105628,Resort Hotel,2024-04-23,2024-07-25,2024-07-30,93,Singapore,4,,Suite,66.98,Corporate,Check-Out
BKG105629,City Hotel,2022-03-31,2022-07-30,2022-07-31,121,Canada,3,0.0,Deluxe,294.12,Online Travel Agent,Canceled
BKG105630,City Hotel,2024-04-28,2024-08-18,2024-08-27,112,Germany,4,,Deluxe,329.31,Direct,Canceled
BKG105631,Resort Hotel,2023-06-19,2023-08-23,2023-08-28,65,UAE,1,0.0,Standard,126.91,Direct,Check-Out
BKG105632,Resort Hotel,2022-03-17,2022-04-01,2022-04-05,15,Germany,4,1.0,Deluxe,64.37,Corporate,Check-Out
BKG105633,Resort Hotel,2022-07-23,2022-10-15,2022-10-16,84,UAE,4,0.0,Family,195.85,Online Travel Agent,Canceled
BKG105634,Resort Hotel,2024-05-28,2024-10-10,2024-10-14,135,France,2,2.0,,348.63,Offline Agent,Check-Out
BKG105635,Resort Hotel,2022-08-19,2022-11-14,2022-11-19,87,Singapore,2,0.0,Deluxe,229.62,Corporate,Canceled
BKG105636,Resort Hotel,2023-11-12,2024-01-31,2024-02-08,80,Germany,3,1.0,Deluxe,241.6,Online Travel Agent,Check-Out
BKG105637,Resort Hotel,2022-01-17,2022-03-13,2022-03-14,55,UAE,3,2.0,Suite,285.46,Direct,Check-Out
BKG105638,Resort Hotel,2024-05-25,2024-09-12,2024-09-15,110,Brazil,2,0.0,Suite,335.8,Online Travel Agent,No-Show
BKG105639,Resort Hotel,2023-11-02,2024-01-05,2024-01-09,64,UK,4,0.0,Deluxe,129.08,,Canceled
BKG105640,Resort Hotel,2024-05-26,2024-08-24,2024-08-30,90,UK,4,2.0,Deluxe,158.89,Online Travel Agent,Check-Out
BKG105641,Resort Hotel,2022-01-19,2022-04-24,2022-04-28,95,,3,1.0,Suite,336.55,Online Travel Agent,Check-Out
BKG105642,City Hotel,2022-07-08,2022-09-17,2022-09-24,71,Brazil,3,0.0,Standard,218.38,,Check-Out
BKG105643,City Hotel,2023-10-07,2023-11-18,2023-11-19,42,Brazil,1,0.0,Deluxe,71.78,Corporate,Check-Out
BKG105644,Resort Hotel,2023-04-06,2023-07-28,2023-07-30,113,Singapore,4,0.0,Deluxe,89.0,Online Travel Agent,Canceled
BKG105645,City Hotel,2023-03-28,2023-05-28,2023-06-02,61,UAE,4,0.0,Deluxe,110.78,Direct,Canceled
BKG105646,City Hotel,2024-03-16,2024-07-12,2024-07-18,118,UK,2,0.0,Family,203.35,Online Travel Agent,Canceled
BKG105647,City Hotel,2023-11-08,2023-12-18,2023-12-23,40,Brazil,1,0.0,Deluxe,69.54,Offline Agent,Canceled
BKG105648,Resort Hotel,2022-12-09,2023-04-26,2023-04-28,138,UK,2,0.0,,71.11,Offline Agent,No-Show
BKG105649,City Hotel,2022-10-01,2022-10-04,2022-10-13,3,Singapore,4,,Suite,344.46,Direct,Canceled
BKG105650,City Hotel,2022-12-21,2023-01-10,2023-01-19,20,UK,1,0.0,Standard,293.33,Corporate,Check-Out
BKG105651,Resort Hotel,2024-06-11,2024-10-25,2024-11-03,136,France,3,0.0,Suite,172.42,Offline Agent,Check-Out
BKG105652,Resort Hotel,2023-08-29,2023-10-15,2023-10-23,47,Brazil,4,2.0,Deluxe,288.13,Online Travel Agent,Check-Out
BKG105653,City Hotel,2024-04-28,2024-05-18,2024-05-24,20,Germany,4,0.0,Deluxe,289.18,Online Travel Agent,Check-Out
BKG105654,Resort Hotel,2022-09-14,2023-02-20,2023-02-25,159,Australia,1,0.0,Family,322.21,Corporate,Check-Out
BKG105655,Resort Hotel,2022-09-02,2023-02-21,2023-03-01,172,UK,2,0.0,Standard,342.65,Direct,No-Show
BKG105656,Resort Hotel,2022-02-21,2022-07-10,2022-07-12,139,USA,1,0.0,Suite,236.09,Online Travel Agent,Check-Out
BKG105657,City Hotel,2023-01-18,2023-06-13,2023-06-21,146,Germany,4,0.0,Suite,80.84,Corporate,Canceled
BKG105658,City Hotel,2022-10-22,2022-12-20,2022-12-21,59,Canada,3,0.0,,147.33,Corporate,Check-Out
BKG105659,Resort Hotel,2023-06-12,2023-07-19,2023-07-23,37,Australia,2,2.0,Standard,244.21,Direct,Canceled
BKG105660,Resort Hotel,2023-10-31,2023-11-21,2023-12-01,21,Canada,3,2.0,Deluxe,215.26,,Canceled
BKG105661,Resort Hotel,2022-05-05,2022-07-22,2022-07-29,78,Singapore,2,0.0,Suite,159.54,Offline Agent,Canceled
BKG105662,Resort Hotel,2024-04-16,2024-07-31,2024-08-04,106,,4,0.0,,75.25,Direct,Canceled
BKG105663,Resort Hotel,2023-05-09,2023-05-24,2023-05-29,15,Canada,3,0.0,Suite,314.22,Online Travel Agent,Check-Out
BKG105664,City Hotel,2022-12-28,2023-03-25,2023-04-03,87,Singapore,3,2.0,Standard,112.36,,Check-Out
BKG105665,City Hotel,2024-01-15,2024-03-18,2024-03-20,63,France,1,2.0,Standard,88.83,Corporate,Canceled
BKG105666,Resort Hotel,2024-03-16,2024-04-08,2024-04-13,23,Canada,2,2.0,Deluxe,211.37,Offline Agent,Check-Out
BKG105667,City Hotel,2024-05-06,2024-07-13,2024-07-23,68,Canada,1,2.0,Standard,226.23,Online Travel Agent,Canceled
BKG105668,Resort Hotel,2024-04-26,2024-06-01,2024-06-06,36,France,1,1.0,Family,103.44,Online Travel Agent,Check-Out
BKG105669,Resort Hotel,2022-12-26,2023-03-02,2023-03-10,66,UAE,2,0.0,Suite,196.91,Corporate,Canceled
BKG105670,Resort Hotel,2024-02-08,2024-08-02,2024-08-09,176,France,2,0.0,Standard,242.8,Corporate,Check-Out
BKG105671,Resort Hotel,2023-04-11,2023-09-28,2023-09-30,170,UK,1,1.0,Deluxe,325.42,Offline Agent,Check-Out
BKG105672,Resort Hotel,2022-05-20,2022-10-03,2022-10-09,136,Singapore,1,0.0,Deluxe,90.84,Offline Agent,Check-Out
BKG105673,Resort Hotel,2023-11-05,2024-02-28,2024-03-04,115,UAE,3,1.0,Standard,161.2,Offline Agent,Check-Out
BKG105674,Resort Hotel,2022-07-14,2022-09-10,2022-09-18,58,UAE,2,1.0,Deluxe,143.66,Offline Agent,Check-Out
BKG105675,Resort Hotel,2022-04-11,2022-06-24,2022-07-01,74,Brazil,2,0.0,Suite,204.72,Direct,Canceled
BKG105676,Resort Hotel,2022-09-21,2022-11-03,2022-11-12,43,India,4,0.0,Deluxe,103.27,Offline Agent,Check-Out
BKG105677,Resort Hotel,2022-11-24,2023-03-31,2023-04-05,127,Australia,4,0.0,Family,258.07,Offline Agent,Check-Out
BKG105678,Resort Hotel,2022-05-28,2022-06-22,2022-06-29,25,UK,1,2.0,Family,131.68,Corporate,Canceled
BKG105679,City Hotel,2023-09-25,2023-11-18,2023-11-28,54,France,2,0.0,Family,323.84,Direct,Check-Out
BKG105680,City Hotel,2023-09-28,2023-12-23,2023-12-30,86,,2,,Family,275.14,Direct,Canceled
BKG105681,Resort Hotel,2023-04-11,2023-05-01,2023-05-10,20,USA,2,1.0,Deluxe,273.04,Offline Agent,Check-Out
BKG105682,Resort Hotel,2022-04-05,2022-07-19,2022-07-26,105,USA,4,0.0,Family,114.05,Offline Agent,No-Show
BKG105683,Resort Hotel,2023-08-27,2023-11-05,2023-11-07,70,India,3,0.0,Suite,201.1,Corporate,Check-Out
BKG105684,City Hotel,2022-08-18,2022-12-09,2022-12-16,113,,4,2.0,Family,89.36,Offline Agent,Check-Out
BKG105685,Resort Hotel,2024-04-12,2024-06-20,2024-06-24,69,India,4,0.0,Standard,278.45,,Check-Out
BKG105686,Resort Hotel,2022-06-27,2022-08-19,2022-08-23,53,UAE,1,1.0,,205.03,Direct,Check-Out
BKG105687,Resort Hotel,2022-03-18,2022-04-14,2022-04-23,27,Australia,4,,Deluxe,320.36,Offline Agent,Check-Out
BKG105688,Resort Hotel,2024-05-31,2024-10-24,2024-11-02,146,India,4,1.0,,123.76,Offline Agent,Check-Out
BKG105689,City Hotel,2022-11-04,2023-02-17,2023-02-26,105,Canada,3,0.0,Suite,70.68,Offline Agent,Canceled
BKG105690,Resort Hotel,2024-02-21,2024-07-21,2024-07-24,151,,2,1.0,Family,284.94,Direct,Canceled
BKG105691,Resort Hotel,2023-12-21,2024-05-25,2024-05-26,156,Brazil,4,2.0,Family,317.34,Offline Agent,Check-Out
BKG105692,City Hotel,2024-04-05,2024-07-23,2024-07-31,109,Australia,4,1.0,Deluxe,126.89,Corporate,Check-Out
BKG105693,Resort Hotel,2022-09-02,2022-12-14,2022-12-15,103,France,1,1.0,Standard,164.76,Corporate,Check-Out
BKG105694,City Hotel,2022-07-20,2022-11-27,2022-12-01,130,UK,1,0.0,Deluxe,79.24,,Canceled
BKG105695,City Hotel,2023-10-20,2024-02-17,2024-02-27,120,USA,1,1.0,Deluxe,200.18,Corporate,Check-Out
BKG105696,Resort Hotel,2022-03-12,2022-06-26,2022-07-03,106,UK,3,0.0,Standard,317.39,Direct,Check-Out
BKG105697,City Hotel,2022-07-03,2022-12-23,2022-12-28,173,,3,1.0,Standard,185.61,Offline Agent,Check-Out
BKG105698,City Hotel,2023-01-04,2023-05-27,2023-06-03,143,UAE,4,,Family,347.92,Online Travel Agent,Check-Out
BKG105699,Resort Hotel,2022-08-12,2022-12-29,2023-01-07,139,Germany,2,0.0,Suite,278.7,Online Travel Agent,Check-Out
BKG105700,City Hotel,2023-12-30,2024-01-29,2024-02-01,30,France,4,2.0,Suite,82.53,Offline Agent,Check-Out
BKG105701,City Hotel,2022-10-31,2022-12-12,2022-12-20,42,India,2,0.0,Family,224.68,Online Travel Agent,Canceled
BKG105702,Resort Hotel,2022-11-26,2023-02-10,2023-02-18,76,Australia,2,0.0,,278.29,Offline Agent,Check-Out
BKG105703,City Hotel,2024-04-05,2024-05-11,2024-05-21,36,Canada,4,1.0,Standard,267.88,Online Travel Agent,Canceled
BKG105704,Resort Hotel,2023-02-24,2023-07-12,2023-07-13,138,India,4,,Standard,315.11,Online Travel Agent,Canceled
BKG105705,Resort Hotel,2023-08-06,2023-12-04,2023-12-12,120,India,4,1.0,Deluxe,333.02,Direct,Check-Out
BKG105706,Resort Hotel,2023-10-26,2023-12-28,2024-01-04,63,UK,3,,,122.98,Corporate,Check-Out
BKG105707,City Hotel,2022-05-25,2022-06-01,2022-06-11,7,,3,0.0,Family,107.91,Direct,Check-Out
BKG105708,Resort Hotel,2022-04-22,2022-05-29,2022-05-30,37,Brazil,2,0.0,Suite,134.77,Online Travel Agent,Check-Out
BKG105709,City Hotel,2022-07-13,2022-12-05,2022-12-12,145,UAE,3,0.0,Standard,160.96,Offline Agent,Canceled
BKG105710,City Hotel,2022-11-24,2023-03-10,2023-03-20,106,India,2,1.0,Deluxe,147.92,Offline Agent,Check-Out
BKG105711,Resort Hotel,2023-09-23,2024-01-24,2024-01-30,123,USA,4,0.0,Suite,77.22,Direct,Canceled
BKG105712,City Hotel,2023-02-20,2023-03-17,2023-03-22,25,Singapore,2,0.0,Suite,207.96,Offline Agent,Check-Out
BKG105713,Resort Hotel,2023-11-06,2024-04-03,2024-04-04,149,Singapore,4,2.0,Deluxe,226.84,Direct,Canceled
BKG105714,City Hotel,2023-04-29,2023-05-17,2023-05-18,18,,3,0.0,Standard,227.76,Direct,Check-Out
BKG105715,City Hotel,2022-09-17,2023-01-03,2023-01-12,108,Singapore,1,,,265.96,Online Travel Agent,Check-Out
BKG105716,City Hotel,2022-04-13,2022-05-19,2022-05-27,36,Germany,4,2.0,Family,288.45,Corporate,Check-Out
BKG105717,City Hotel,2023-12-11,2024-04-18,2024-04-28,129,,3,0.0,Family,271.75,Online Travel Agent,Check-Out
BKG105718,Resort Hotel,2024-02-01,2024-05-29,2024-06-06,118,India,2,0.0,Suite,333.48,Online Travel Agent,Check-Out
BKG105719,City Hotel,2024-04-12,2024-05-31,2024-06-03,49,,4,2.0,Standard,317.18,Corporate,Canceled
BKG105720,City Hotel,2022-07-30,2022-09-04,2022-09-05,36,Singapore,1,2.0,Family,343.85,Direct,Check-Out
BKG105721,Resort Hotel,2023-12-12,2024-01-29,2024-02-02,48,Brazil,3,2.0,Deluxe,200.89,Corporate,Canceled
BKG105722,City Hotel,2022-04-06,2022-04-22,2022-04-27,16,Canada,4,0.0,Deluxe,175.07,,Canceled
BKG105723,Resort Hotel,2022-03-28,2022-09-04,2022-09-09,160,Canada,1,0.0,Deluxe,315.95,Online Travel Agent,Check-Out
BKG105724,City Hotel,2022-08-20,2022-09-27,2022-09-29,38,Canada,4,2.0,Family,337.1,Online Travel Agent,Check-Out
BKG105725,City Hotel,2022-02-19,2022-04-18,2022-04-24,58,Australia,2,0.0,Suite,71.34,Online Travel Agent,Canceled
BKG105726,City Hotel,2022-06-09,2022-10-12,2022-10-16,125,UAE,3,,Suite,173.39,Online Travel Agent,Check-Out
BKG105727,Resort Hotel,2024-03-03,2024-04-18,2024-04-25,46,,2,0.0,Standard,324.69,Direct,Check-Out
BKG105728,Resort Hotel,2023-06-01,2023-07-22,2023-07-23,51,Germany,2,0.0,Family,81.9,Online Travel Agent,Check-Out
BKG105729,Resort Hotel,2022-11-26,2023-05-24,2023-05-25,179,Canada,2,2.0,Deluxe,178.8,,Check-Out
BKG105730,City Hotel,2023-02-25,2023-04-01,2023-04-10,35,USA,4,0.0,Deluxe,283.75,Corporate,Canceled
BKG105731,City Hotel,2023-09-22,2024-01-13,2024-01-16,113,Brazil,3,0.0,Deluxe,217.4,Online Travel Agent,Check-Out
BKG105732,City Hotel,2024-06-14,2024-06-24,2024-06-27,10,Singapore,4,2.0,Family,183.29,Offline Agent,Canceled
BKG105733,City Hotel,2023-01-06,2023-04-16,2023-04-18,100,Brazil,2,2.0,Suite,303.68,Corporate,Canceled
BKG105734,Resort Hotel,2022-06-11,2022-07-12,2022-07-14,31,USA,1,2.0,Family,280.3,Online Travel Agent,Check-Out
BKG105735,Resort Hotel,2024-04-08,2024-07-17,2024-07-25,100,Germany,3,2.0,Suite,188.65,Online Travel Agent,Check-Out
BKG105736,Resort Hotel,2024-04-29,2024-06-01,2024-06-11,33,India,2,2.0,Suite,258.55,Direct,Canceled
BKG105737,City Hotel,2023-07-19,2023-12-27,2024-01-02,161,UAE,2,0.0,Suite,190.78,Corporate,No-Show
BKG105738,City Hotel,2022-02-14,2022-06-22,2022-06-28,128,Brazil,3,0.0,Standard,216.81,Offline Agent,Check-Out
BKG105739,City Hotel,2022-11-10,2023-01-10,2023-01-20,61,Brazil,4,2.0,,213.15,Corporate,Canceled
BKG105740,Resort Hotel,2023-02-10,2023-02-19,2023-02-22,9,Brazil,4,2.0,Suite,279.22,Corporate,Check-Out
BKG105741,Resort Hotel,2023-11-27,2024-05-09,2024-05-12,164,UK,1,2.0,Standard,212.65,Offline Agent,Check-Out
BKG105742,Resort Hotel,2022-07-18,2022-07-31,2022-08-09,13,Brazil,1,0.0,,126.65,Direct,Check-Out
BKG105743,City Hotel,2023-02-01,2023-05-31,2023-06-08,119,Brazil,1,0.0,Deluxe,100.92,Corporate,Check-Out
BKG105744,Resort Hotel,2022-11-11,2022-12-06,2022-12-09,25,UK,4,2.0,Suite,243.31,Direct,Canceled
BKG105745,Resort Hotel,2022-05-24,2022-11-19,2022-11-25,179,Australia,3,0.0,Deluxe,148.11,Offline Agent,Check-Out
BKG105746,City Hotel,2022-05-21,2022-06-14,2022-06-17,24,France,1,0.0,Suite,275.88,,Check-Out
BKG105747,Resort Hotel,2023-06-11,2023-09-08,2023-09-09,89,India,2,0.0,Standard,279.38,Offline Agent,Canceled
BKG105748,City Hotel,2022-04-06,2022-04-06,2022-04-14,0,Brazil,1,0.0,Family,318.11,Direct,Check-Out
BKG105749,City Hotel,2023-09-27,2024-03-07,2024-03-13,162,India,1,0.0,Family,243.94,,Canceled
BKG105750,City Hotel,2022-06-26,2022-07-10,2022-07-15,14,India,1,0.0,Suite,244.1,Corporate,Canceled
BKG105751,City Hotel,2022-04-16,2022-05-26,2022-05-28,40,Germany,4,2.0,Suite,159.31,Direct,Check-Out
BKG105752,Resort Hotel,2022-10-08,2023-01-02,2023-01-08,86,France,1,0.0,Deluxe,105.35,Online Travel Agent,Canceled
BKG105753,City Hotel,2023-06-26,2023-10-15,2023-10-24,111,Australia,4,1.0,Suite,192.59,Offline Agent,Canceled
BKG105754,Resort Hotel,2024-04-08,2024-08-14,2024-08-18,128,India,4,0.0,Suite,119.83,Online Travel Agent,Check-Out
BKG105755,Resort Hotel,2024-05-09,2024-08-07,2024-08-11,90,Singapore,1,2.0,Family,320.6,Online Travel Agent,Check-Out
BKG105756,Resort Hotel,2022-11-08,2023-02-13,2023-02-15,97,Canada,4,0.0,Deluxe,287.37,Direct,Check-Out
BKG105757,City Hotel,2023-02-04,2023-06-02,2023-06-11,118,France,2,,Deluxe,148.4,Corporate,Canceled
BKG105758,Resort Hotel,2023-06-05,2023-10-15,2023-10-18,132,Brazil,2,,Family,284.41,Offline Agent,Canceled
BKG105759,Resort Hotel,2024-01-10,2024-03-28,2024-04-05,78,Canada,4,0.0,Deluxe,335.26,Corporate,Canceled
BKG105760,Resort Hotel,2023-08-29,2023-10-10,2023-10-20,42,France,2,0.0,Standard,131.62,Offline Agent,Check-Out
BKG105761,City Hotel,2023-02-17,2023-08-11,2023-08-21,175,Brazil,3,1.0,Deluxe,65.83,Offline Agent,Check-Out
BKG105762,Resort Hotel,2023-01-15,2023-01-21,2023-01-27,6,Australia,4,2.0,Standard,163.97,Offline Agent,Canceled
BKG105763,Resort Hotel,2022-04-08,2022-05-29,2022-06-03,51,UK,2,2.0,Suite,255.81,Online Travel Agent,Check-Out
BKG105764,City Hotel,2024-06-04,2024-09-12,2024-09-15,100,Australia,1,2.0,Standard,188.31,,Canceled
BKG105765,City Hotel,2022-03-01,2022-05-16,2022-05-19,76,UAE,3,0.0,Family,143.7,Direct,Check-Out
BKG105766,Resort Hotel,2024-06-10,2024-09-19,2024-09-20,101,India,3,1.0,Family,146.1,Direct,Check-Out
BKG105767,Resort Hotel,2023-02-07,2023-05-17,2023-05-18,99,Brazil,3,0.0,Family,80.81,Direct,Check-Out
BKG105768,City Hotel,2023-05-05,2023-08-09,2023-08-16,96,UK,2,1.0,Suite,197.0,Direct,Canceled
BKG105769,City Hotel,2022-06-22,2022-10-23,2022-11-01,123,Australia,3,0.0,Standard,111.09,Direct,Canceled
BKG105770,City Hotel,2023-06-01,2023-07-08,2023-07-15,37,Canada,1,0.0,Suite,141.08,Online Travel Agent,Check-Out
BKG105771,City Hotel,2023-12-11,2023-12-20,2023-12-27,9,Australia,1,0.0,Standard,305.6,,Check-Out
BKG105772,City Hotel,2022-02-07,2022-06-30,2022-07-07,143,Singapore,4,0.0,Suite,101.53,Online Travel Agent,Check-Out
BKG105773,City Hotel,2024-05-21,2024-06-30,2024-07-05,40,UAE,4,0.0,Family,333.24,Direct,Check-Out
BKG105774,Resort Hotel,2024-02-14,2024-08-10,2024-08-19,178,India,4,0.0,Suite,80.17,Corporate,Check-Out
BKG105775,City Hotel,2024-03-21,2024-04-22,2024-05-01,32,Canada,1,1.0,Family,205.34,Online Travel Agent,Check-Out
BKG105776,Resort Hotel,2023-08-19,2023-11-23,2023-11-26,96,Australia,1,0.0,Deluxe,252.39,Offline Agent,No-Show
BKG105777,City Hotel,2023-02-14,2023-05-20,2023-05-24,95,Australia,1,,Deluxe,295.6,Direct,Check-Out
BKG105778,Resort Hotel,2024-06-02,2024-07-29,2024-08-04,57,France,1,0.0,Suite,230.63,Offline Agent,Check-Out
BKG105779,Resort Hotel,2023-07-19,2023-10-17,2023-10-27,90,UAE,3,0.0,Standard,144.14,Online Travel Agent,Check-Out
BKG105780,Resort Hotel,2022-11-20,2022-12-12,2022-12-13,22,,4,1.0,Standard,281.59,Corporate,Check-Out
BKG105781,Resort Hotel,2023-10-19,2023-12-24,2023-12-28,66,UK,1,0.0,Deluxe,348.39,Corporate,Canceled
BKG105782,City Hotel,2022-02-27,2022-04-11,2022-04-13,43,Australia,1,1.0,Standard,217.44,Direct,Canceled
BKG105783,City Hotel,2023-09-16,2024-03-04,2024-03-07,170,UAE,1,,Family,238.22,Online Travel Agent,Canceled
BKG105784,Resort Hotel,2023-05-09,2023-09-27,2023-09-29,141,Australia,3,0.0,Standard,255.97,Online Travel Agent,Check-Out
BKG105785,City Hotel,2023-07-26,2023-09-20,2023-09-24,56,France,4,1.0,Deluxe,280.93,Corporate,Check-Out
BKG105786,City Hotel,2022-10-16,2022-12-13,2022-12-14,58,Canada,2,0.0,Suite,246.46,Corporate,Canceled
BKG105787,Resort Hotel,2023-03-21,2023-04-06,2023-04-08,16,Australia,3,0.0,Standard,175.7,Offline Agent,Check-Out
BKG105788,Resort Hotel,2022-02-28,2022-06-02,2022-06-10,94,Canada,4,1.0,Deluxe,181.08,Offline Agent,Canceled
BKG105789,Resort Hotel,2024-06-05,2024-08-16,2024-08-24,72,UK,2,0.0,,191.22,,Canceled
BKG105790,City Hotel,2023-12-18,2024-01-21,2024-01-29,34,Brazil,2,0.0,Suite,92.43,Offline Agent,Canceled
BKG105791,City Hotel,2024-03-25,2024-05-03,2024-05-05,39,UAE,4,0.0,Suite,313.68,,Canceled
BKG105792,Resort Hotel,2023-03-10,2023-07-31,2023-08-05,143,Australia,3,0.0,Suite,259.69,Online Travel Agent,Canceled
BKG105793,City Hotel,2023-01-18,2023-05-17,2023-05-27,119,Germany,3,0.0,Standard,334.72,Corporate,Check-Out
BKG105794,City Hotel,2024-01-05,2024-04-29,2024-05-09,115,Australia,4,0.0,,213.53,,Check-Out
BKG105795,City Hotel,2022-05-09,2022-10-16,2022-10-20,160,Germany,2,1.0,Standard,313.08,Offline Agent,Canceled
BKG105796,City Hotel,2024-03-06,2024-08-11,2024-08-16,158,,4,0.0,Family,341.88,Offline Agent,Check-Out
BKG105797,Resort Hotel,2023-02-23,2023-05-09,2023-05-17,75,Canada,1,2.0,Suite,289.18,Direct,Check-Out
BKG105798,City Hotel,2023-08-18,2023-12-06,2023-12-08,110,UAE,4,0.0,Family,92.91,Direct,Canceled
BKG105799,Resort Hotel,2022-10-17,2022-12-27,2022-12-28,71,Brazil,4,0.0,Standard,104.19,Offline Agent,Canceled
BKG105800,City Hotel,2024-06-06,2024-07-22,2024-07-29,46,UK,4,2.0,Family,338.81,Direct,Check-Out
BKG105801,City Hotel,2024-04-09,2024-05-24,2024-05-31,45,,2,1.0,Deluxe,117.84,Corporate,Check-Out
BKG105802,City Hotel,2023-08-19,2023-12-25,2023-12-27,128,Singapore,2,0.0,Family,72.96,,Check-Out
BKG105803,City Hotel,2022-05-04,2022-08-06,2022-08-13,94,India,1,0.0,Standard,270.07,Direct,Check-Out
BKG105804,City Hotel,2023-07-11,2023-09-03,2023-09-13,54,France,3,0.0,Family,144.88,Online Travel Agent,Check-Out
BKG105805,City Hotel,2022-04-21,2022-07-19,2022-07-20,89,UAE,1,1.0,Deluxe,245.57,Corporate,Canceled
BKG105806,City Hotel,2022-02-21,2022-03-01,2022-03-06,8,Singapore,3,0.0,Suite,196.14,Direct,Check-Out
BKG105807,City Hotel,2024-06-01,2024-07-03,2024-07-04,32,Brazil,1,1.0,,328.79,Offline Agent,Check-Out
BKG105808,Resort Hotel,2022-04-29,2022-07-14,2022-07-19,76,Germany,2,0.0,Suite,84.06,Direct,Check-Out
BKG105809,Resort Hotel,2023-01-23,2023-06-12,2023-06-20,140,France,2,,Family,328.08,Offline Agent,Check-Out
BKG105810,Resort Hotel,2023-04-29,2023-10-10,2023-10-11,164,,1,1.0,Standard,237.07,Offline Agent,Check-Out
BKG105811,Resort Hotel,2022-05-31,2022-07-30,2022-07-31,60,Australia,3,1.0,Suite,261.98,Online Travel Agent,Canceled
BKG105812,Resort Hotel,2023-11-22,2024-05-01,2024-05-03,161,Germany,4,1.0,Family,163.81,Offline Agent,Canceled
BKG105813,Resort Hotel,2022-06-21,2022-07-30,2022-07-31,39,USA,4,0.0,Deluxe,258.61,Online Travel Agent,Canceled
BKG105814,City Hotel,2023-01-08,2023-01-14,2023-01-24,6,Canada,4,0.0,Deluxe,234.66,Corporate,Check-Out
BKG105815,Resort Hotel,2022-03-15,2022-09-08,2022-09-13,177,France,4,0.0,Family,279.59,Corporate,Check-Out
BKG105816,City Hotel,2024-01-29,2024-05-27,2024-06-06,119,USA,3,0.0,Family,150.12,Corporate,Check-Out
BKG105817,Resort Hotel,2024-05-18,2024-08-24,2024-08-26,98,Germany,4,0.0,,85.39,Corporate,Check-Out
BKG105818,Resort Hotel,2023-11-23,2024-04-21,2024-04-29,150,UK,4,0.0,Standard,71.56,Offline Agent,Check-Out
BKG105819,City Hotel,2024-04-04,2024-08-10,2024-08-11,128,India,4,0.0,Suite,169.76,Online Travel Agent,Canceled
BKG105820,City Hotel,2023-09-27,2023-11-23,2023-12-02,57,,2,0.0,Standard,234.78,,Check-Out
BKG105821,Resort Hotel,2023-04-27,2023-06-13,2023-06-23,47,France,1,2.0,Deluxe,333.17,Online Travel Agent,Check-Out
BKG105822,Resort Hotel,2023-07-29,2023-10-30,2023-11-09,93,USA,1,0.0,Standard,106.42,Offline Agent,Canceled
BKG105823,Resort Hotel,2022-12-26,2023-04-10,2023-04-18,105,Singapore,2,0.0,Family,139.64,Corporate,Canceled
BKG105824,City Hotel,2023-12-18,2024-02-19,2024-02-28,63,,3,0.0,Deluxe,75.84,Direct,Check-Out
BKG105825,City Hotel,2023-08-23,2023-10-07,2023-10-12,45,Australia,3,0.0,Standard,67.94,Corporate,Check-Out
BKG105826,City Hotel,2022-07-01,2022-12-25,2022-12-28,177,Australia,2,0.0,Suite,313.95,Offline Agent,Check-Out
BKG105827,Resort Hotel,2022-07-12,2022-12-02,2022-12-05,143,France,3,0.0,Deluxe,259.71,Direct,Canceled
BKG105828,Resort Hotel,2024-03-25,2024-04-23,2024-05-01,29,UAE,2,0.0,Standard,161.51,Direct,Check-Out
BKG105829,City Hotel,2023-10-16,2023-10-25,2023-11-03,9,,4,0.0,Standard,294.27,Offline Agent,Canceled
BKG105830,Resort Hotel,2022-07-24,2022-10-19,2022-10-23,87,France,3,1.0,Deluxe,310.01,Online Travel Agent,Canceled
BKG105831,City Hotel,2023-12-09,2024-03-09,2024-03-17,91,Brazil,1,0.0,Deluxe,184.93,Corporate,Check-Out
BKG105832,City Hotel,2023-05-20,2023-07-06,2023-07-14,47,Australia,2,2.0,Standard,60.53,Online Travel Agent,Canceled
BKG105833,City Hotel,2022-05-27,2022-06-17,2022-06-21,21,USA,4,0.0,Family,112.51,Offline Agent,Check-Out
BKG105834,City Hotel,2023-12-08,2024-04-07,2024-04-10,121,USA,4,0.0,Standard,103.81,Direct,Check-Out
BKG105835,Resort Hotel,2022-04-10,2022-04-14,2022-04-23,4,India,2,0.0,Standard,219.38,Corporate,Canceled
BKG105836,City Hotel,2023-10-15,2023-11-15,2023-11-25,31,USA,2,2.0,Suite,294.22,Direct,No-Show
BKG105837,Resort Hotel,2023-11-25,2023-12-12,2023-12-21,17,USA,2,0.0,Deluxe,75.57,Offline Agent,Check-Out
BKG105838,City Hotel,2023-07-08,2023-11-17,2023-11-25,132,USA,2,2.0,Deluxe,190.62,Online Travel Agent,Check-Out
BKG105839,Resort Hotel,2024-05-23,2024-07-21,2024-07-30,59,Brazil,4,1.0,Standard,206.25,Online Travel Agent,Canceled
BKG105840,City Hotel,2023-05-11,2023-10-30,2023-11-07,172,,4,,Standard,105.61,Offline Agent,Check-Out
BKG105841,Resort Hotel,2023-01-13,2023-02-20,2023-02-26,38,,2,2.0,Suite,239.14,Corporate,Canceled
BKG105842,City Hotel,2022-08-20,2022-09-20,2022-09-28,31,USA,3,0.0,Suite,215.78,Corporate,Check-Out
BKG105843,Resort Hotel,2022-06-24,2022-12-12,2022-12-16,171,UAE,2,0.0,Suite,134.1,Corporate,Canceled
BKG105844,Resort Hotel,2022-01-10,2022-05-24,2022-06-02,134,Singapore,2,0.0,Family,188.68,Corporate,Check-Out
BKG105845,City Hotel,2022-09-07,2022-09-27,2022-10-03,20,India,4,0.0,Family,255.52,Direct,Canceled
BKG105846,Resort Hotel,2022-12-13,2023-02-15,2023-02-23,64,Canada,4,1.0,Family,155.87,Direct,Check-Out
BKG105847,Resort Hotel,2022-05-13,2022-07-22,2022-07-30,70,Australia,1,0.0,Deluxe,63.35,Online Travel Agent,No-Show
BKG105848,Resort Hotel,2023-06-17,2023-11-09,2023-11-17,145,USA,3,0.0,Family,182.21,Online Travel Agent,Canceled
BKG105849,Resort Hotel,2024-06-11,2024-12-06,2024-12-12,178,Brazil,1,1.0,Standard,143.37,Offline Agent,Check-Out
BKG105850,City Hotel,2022-10-05,2022-12-15,2022-12-21,71,Brazil,1,2.0,Deluxe,260.4,Direct,Canceled
BKG105851,City Hotel,2023-01-25,2023-07-21,2023-07-28,177,France,1,2.0,Suite,63.97,Direct,No-Show
BKG105852,Resort Hotel,2022-06-15,2022-08-22,2022-08-29,68,Australia,4,0.0,Suite,233.85,Offline Agent,Canceled
BKG105853,Resort Hotel,2023-12-06,2024-05-02,2024-05-03,148,UK,4,0.0,Suite,115.86,Direct,Check-Out
BKG105854,City Hotel,2023-09-09,2023-12-10,2023-12-12,92,Brazil,2,0.0,Suite,125.66,Corporate,Check-Out
BKG105855,City Hotel,2022-09-08,2022-10-24,2022-10-29,46,USA,4,,Family,123.62,Offline Agent,Check-Out
BKG105856,Resort Hotel,2024-03-22,2024-05-10,2024-05-18,49,France,4,,Deluxe,291.04,Offline Agent,Canceled
BKG105857,Resort Hotel,2023-05-30,2023-10-08,2023-10-17,131,Australia,3,0.0,Family,194.96,Corporate,Check-Out
BKG105858,Resort Hotel,2022-12-30,2023-04-01,2023-04-05,92,France,2,2.0,Family,135.64,Offline Agent,Canceled
BKG105859,City Hotel,2023-02-16,2023-05-03,2023-05-09,76,Singapore,3,,Suite,60.13,Direct,Check-Out
BKG105860,Resort Hotel,2022-06-15,2022-10-24,2022-10-28,131,USA,4,2.0,Standard,127.34,,Check-Out
BKG105861,Resort Hotel,2023-10-29,2023-12-16,2023-12-26,48,India,2,0.0,Suite,326.87,,Check-Out
BKG105862,Resort Hotel,2022-12-16,2023-04-09,2023-04-12,114,Australia,2,2.0,,184.36,Online Travel Agent,Check-Out
BKG105863,City Hotel,2023-03-16,2023-04-02,2023-04-12,17,France,1,0.0,Standard,333.3,Offline Agent,Check-Out
BKG105864,Resort Hotel,2023-07-08,2023-07-16,2023-07-22,8,France,1,2.0,Family,297.52,Offline Agent,Check-Out
BKG105865,City Hotel,2022-02-06,2022-04-07,2022-04-09,60,USA,3,2.0,Family,193.39,Direct,Check-Out
BKG105866,Resort Hotel,2023-06-24,2023-09-12,2023-09-18,80,Australia,4,0.0,Family,298.24,Online Travel Agent,No-Show
BKG105867,Resort Hotel,2024-06-16,2024-08-02,2024-08-06,47,Canada,3,0.0,Deluxe,312.72,Online Travel Agent,Check-Out
BKG105868,City Hotel,2023-07-26,2023-09-08,2023-09-17,44,USA,1,0.0,Standard,67.93,Direct,Check-Out
BKG105869,City Hotel,2023-09-18,2023-09-22,2023-09-28,4,India,1,0.0,Suite,193.33,Offline Agent,Check-Out
BKG105870,City Hotel,2022-08-11,2022-08-20,2022-08-30,9,Australia,3,,Suite,227.24,Corporate,Check-Out
BKG105871,City Hotel,2024-03-21,2024-09-01,2024-09-08,164,France,3,0.0,Family,206.74,Direct,No-Show
BKG105872,Resort Hotel,2024-05-18,2024-09-17,2024-09-21,122,Germany,2,0.0,Standard,331.77,Corporate,Check-Out
BKG105873,Resort Hotel,2023-01-26,2023-07-15,2023-07-22,170,UAE,2,0.0,Deluxe,142.48,Online Travel Agent,No-Show
BKG105874,Resort Hotel,2022-05-09,2022-10-18,2022-10-27,162,USA,1,2.0,Standard,143.56,Direct,Check-Out
BKG105875,City Hotel,2022-05-18,2022-05-31,2022-06-08,13,,1,2.0,Suite,203.56,,Check-Out
BKG105876,City Hotel,2024-04-26,2024-08-10,2024-08-14,106,Germany,4,0.0,Family,203.14,Direct,Canceled
BKG105877,Resort Hotel,2023-04-12,2023-10-09,2023-10-15,180,UAE,1,0.0,Suite,128.44,Corporate,Check-Out
BKG105878,City Hotel,2022-06-19,2022-07-21,2022-07-24,32,Australia,3,1.0,Standard,281.26,Online Travel Agent,Check-Out
BKG105879,Resort Hotel,2022-11-11,2023-04-07,2023-04-08,147,UAE,1,0.0,,170.37,Corporate,Check-Out
BKG105880,City Hotel,2022-04-09,2022-08-26,2022-09-01,139,UAE,3,0.0,Family,76.73,Online Travel Agent,Check-Out
BKG105881,City Hotel,2023-01-31,2023-06-24,2023-06-30,144,Australia,3,0.0,Family,233.28,Offline Agent,Check-Out
BKG105882,Resort Hotel,2023-03-15,2023-04-01,2023-04-04,17,UAE,2,0.0,Deluxe,65.01,Direct,Check-Out
BKG105883,Resort Hotel,2022-10-28,2022-11-03,2022-11-05,6,Brazil,3,0.0,Suite,199.99,Direct,Check-Out
BKG105884,City Hotel,2022-06-01,2022-06-28,2022-07-06,27,Germany,2,0.0,Suite,72.22,Direct,Check-Out
BKG105885,City Hotel,2023-06-15,2023-07-20,2023-07-25,35,Canada,1,2.0,Family,218.79,Offline Agent,Check-Out
BKG105886,City Hotel,2022-04-24,2022-10-12,2022-10-16,171,Germany,4,0.0,Suite,120.3,Offline Agent,Check-Out
BKG105887,City Hotel,2022-08-06,2022-11-13,2022-11-15,99,Singapore,4,1.0,Suite,133.68,Direct,Canceled
BKG105888,Resort Hotel,2024-06-09,2024-11-30,2024-12-06,174,UAE,2,0.0,Suite,214.72,Corporate,Check-Out
BKG105889,City Hotel,2022-10-04,2022-10-30,2022-11-04,26,Germany,2,1.0,Family,329.58,Direct,Canceled
BKG105890,Resort Hotel,2022-08-29,2022-08-29,2022-09-07,0,Australia,3,2.0,,279.47,Online Travel Agent,Canceled
BKG105891,City Hotel,2022-11-02,2023-01-17,2023-01-20,76,Brazil,3,0.0,Deluxe,224.66,Direct,Canceled
BKG105892,City Hotel,2022-12-06,2023-06-03,2023-06-11,179,India,1,,Standard,154.66,,Check-Out
BKG105893,City Hotel,2022-12-14,2023-04-26,2023-05-01,133,UK,3,0.0,Family,160.69,Corporate,Check-Out
BKG105894,City Hotel,2022-02-17,2022-04-23,2022-05-01,65,Australia,4,2.0,Deluxe,317.11,Corporate,Check-Out
BKG105895,Resort Hotel,2022-04-11,2022-08-23,2022-08-27,134,Canada,3,0.0,Suite,349.72,,Check-Out
BKG105896,City Hotel,2023-05-18,2023-11-07,2023-11-08,173,India,1,0.0,Deluxe,111.45,Direct,Check-Out
BKG105897,Resort Hotel,2022-09-08,2022-12-14,2022-12-23,97,USA,2,0.0,Standard,70.3,Corporate,Check-Out
BKG105898,City Hotel,2024-02-10,2024-07-05,2024-07-14,146,UAE,1,0.0,,172.8,Corporate,Check-Out
BKG105899,Resort Hotel,2022-08-07,2022-08-12,2022-08-22,5,,4,1.0,Standard,311.4,Offline Agent,Check-Out
BKG105900,Resort Hotel,2022-02-25,2022-05-31,2022-06-06,95,France,4,,Suite,339.37,Corporate,Check-Out
BKG105901,Resort Hotel,2022-07-16,2022-10-30,2022-11-02,106,USA,2,0.0,Deluxe,83.38,Online Travel Agent,Canceled
BKG105902,City Hotel,2023-07-23,2023-08-23,2023-08-25,31,Germany,1,0.0,Standard,217.38,Online Travel Agent,Canceled
BKG105903,City Hotel,2024-01-29,2024-06-04,2024-06-13,127,India,1,,Family,260.48,Offline Agent,Canceled
BKG105904,Resort Hotel,2023-06-06,2023-11-22,2023-12-01,169,Australia,3,0.0,,298.62,Online Travel Agent,Check-Out
BKG105905,City Hotel,2022-08-07,2022-10-03,2022-10-12,57,Brazil,1,0.0,Standard,202.21,Online Travel Agent,Canceled
BKG105906,Resort Hotel,2022-10-03,2022-10-16,2022-10-22,13,France,3,0.0,Family,348.77,Corporate,Check-Out
BKG105907,Resort Hotel,2022-09-09,2023-01-18,2023-01-23,131,Canada,2,2.0,Deluxe,151.8,Corporate,Canceled
BKG105908,City Hotel,2022-01-13,2022-02-05,2022-02-11,23,UK,2,0.0,Standard,211.15,Online Travel Agent,Check-Out
BKG105909,Resort Hotel,2024-05-10,2024-07-06,2024-07-07,57,Australia,2,0.0,Family,92.38,Online Travel Agent,Canceled
BKG105910,City Hotel,2023-05-18,2023-07-15,2023-07-24,58,UAE,3,0.0,Standard,260.0,Corporate,Check-Out
BKG105911,City Hotel,2023-07-11,2023-08-03,2023-08-11,23,Australia,4,0.0,Deluxe,147.25,Corporate,Check-Out
BKG105912,Resort Hotel,2023-02-26,2023-07-02,2023-07-10,126,USA,1,0.0,Standard,242.53,Online Travel Agent,Check-Out
BKG105913,City Hotel,2022-07-02,2022-12-13,2022-12-20,164,Brazil,3,2.0,Family,89.9,Corporate,Canceled
BKG105914,Resort Hotel,2023-06-23,2023-11-21,2023-11-27,151,Canada,4,0.0,,100.5,Direct,Check-Out
BKG105915,City Hotel,2023-05-16,2023-10-12,2023-10-14,149,UK,1,0.0,,285.07,Offline Agent,Check-Out
BKG105916,City Hotel,2022-08-18,2022-10-10,2022-10-18,53,Singapore,2,0.0,Standard,115.53,,Check-Out
BKG105917,Resort Hotel,2024-05-01,2024-05-08,2024-05-09,7,UK,2,0.0,Family,111.32,Offline Agent,Check-Out
BKG105918,City Hotel,2022-01-29,2022-05-08,2022-05-15,99,,2,0.0,Family,254.24,Corporate,Check-Out
BKG105919,Resort Hotel,2022-04-10,2022-05-13,2022-05-22,33,,3,,Deluxe,143.24,Offline Agent,Check-Out
BKG105920,City Hotel,2023-10-09,2023-11-16,2023-11-18,38,Canada,3,0.0,,251.22,Direct,Check-Out
BKG105921,Resort Hotel,2022-04-24,2022-08-13,2022-08-15,111,UK,4,2.0,Family,342.27,Direct,Check-Out
BKG105922,City Hotel,2023-12-06,2024-01-07,2024-01-15,32,India,3,0.0,Family,148.88,,Canceled
BKG105923,Resort Hotel,2022-08-05,2022-09-24,2022-09-25,50,France,4,0.0,Deluxe,124.32,Corporate,Canceled
BKG105924,City Hotel,2023-05-24,2023-06-08,2023-06-13,15,Australia,4,0.0,Deluxe,140.53,Corporate,Check-Out
BKG105925,Resort Hotel,2023-05-08,2023-07-12,2023-07-22,65,,4,0.0,Standard,224.62,,Check-Out
BKG105926,Resort Hotel,2024-03-07,2024-06-10,2024-06-13,95,,2,0.0,,343.81,Online Travel Agent,Check-Out
BKG105927,Resort Hotel,2023-03-12,2023-08-02,2023-08-11,143,Germany,4,1.0,Deluxe,69.6,Direct,Canceled
BKG105928,City Hotel,2022-04-14,2022-05-02,2022-05-06,18,Brazil,3,0.0,Suite,110.07,Corporate,Check-Out
BKG105929,Resort Hotel,2022-08-03,2022-08-23,2022-08-31,20,USA,4,2.0,Deluxe,251.13,Direct,Check-Out
BKG105930,Resort Hotel,2022-02-25,2022-06-28,2022-07-02,123,France,1,2.0,Deluxe,88.69,Direct,Check-Out
BKG105931,Resort Hotel,2023-03-25,2023-06-03,2023-06-09,70,Canada,3,0.0,Deluxe,310.35,Direct,Check-Out
BKG105932,Resort Hotel,2023-02-21,2023-05-18,2023-05-23,86,UAE,4,1.0,Standard,166.97,Offline Agent,Check-Out
BKG105933,City Hotel,2024-03-11,2024-06-09,2024-06-15,90,France,1,1.0,Deluxe,102.06,Online Travel Agent,Canceled
BKG105934,City Hotel,2023-03-21,2023-04-03,2023-04-05,13,UK,4,0.0,Deluxe,148.16,Direct,Check-Out
BKG105935,City Hotel,2024-03-25,2024-09-17,2024-09-22,176,UAE,3,0.0,,334.42,Offline Agent,Check-Out
BKG105936,Resort Hotel,2022-10-25,2022-11-19,2022-11-28,25,India,1,0.0,Suite,137.74,Direct,Check-Out
BKG105937,City Hotel,2024-04-07,2024-04-10,2024-04-20,3,Brazil,3,0.0,,65.51,Online Travel Agent,Check-Out
BKG105938,City Hotel,2023-08-29,2023-09-07,2023-09-17,9,UAE,4,2.0,Standard,217.16,,Check-Out
BKG105939,City Hotel,2023-07-24,2023-11-28,2023-11-29,127,Canada,4,2.0,Suite,274.92,Online Travel Agent,Check-Out
BKG105940,City Hotel,2023-05-13,2023-05-30,2023-06-06,17,Australia,3,1.0,Family,196.92,Corporate,Check-Out
BKG105941,City Hotel,2023-03-12,2023-07-30,2023-08-02,140,UK,1,0.0,Suite,339.95,,Check-Out
BKG105942,Resort Hotel,2024-04-07,2024-04-22,2024-04-24,15,UAE,3,0.0,Standard,330.74,Offline Agent,Check-Out
BKG105943,Resort Hotel,2023-08-23,2024-01-12,2024-01-18,142,USA,1,0.0,Family,217.53,Offline Agent,No-Show
BKG105944,City Hotel,2023-07-02,2023-11-04,2023-11-08,125,USA,3,2.0,Suite,346.61,Offline Agent,Canceled
BKG105945,City Hotel,2023-04-09,2023-07-13,2023-07-21,95,India,1,,Deluxe,225.69,Direct,Check-Out
BKG105946,City Hotel,2024-03-11,2024-05-01,2024-05-06,51,Brazil,2,1.0,Suite,222.45,Offline Agent,Check-Out
BKG105947,Resort Hotel,2022-08-14,2023-01-23,2023-02-02,162,Australia,3,1.0,,66.35,,Check-Out
BKG105948,City Hotel,2022-05-30,2022-07-12,2022-07-17,43,Singapore,1,0.0,Deluxe,124.14,,Check-Out
BKG105949,City Hotel,2022-04-29,2022-07-13,2022-07-21,75,UK,4,0.0,Family,139.74,Direct,Canceled
BKG105950,Resort Hotel,2022-06-14,2022-07-22,2022-07-28,38,USA,3,0.0,Standard,188.23,Corporate,Check-Out
BKG105951,Resort Hotel,2024-01-03,2024-04-25,2024-04-28,113,Australia,4,0.0,,291.23,Offline Agent,Check-Out
BKG105952,Resort Hotel,2022-10-08,2023-03-05,2023-03-06,148,Germany,3,2.0,Family,204.35,Corporate,Check-Out
BKG105953,Resort Hotel,2023-04-29,2023-07-03,2023-07-09,65,India,1,2.0,Family,282.71,Direct,Check-Out
BKG105954,City Hotel,2023-06-13,2023-07-14,2023-07-22,31,Canada,1,0.0,Deluxe,333.51,Corporate,Check-Out
BKG105955,Resort Hotel,2024-01-08,2024-06-14,2024-06-16,158,Canada,1,1.0,Standard,323.23,Online Travel Agent,Check-Out
BKG105956,Resort Hotel,2023-04-04,2023-05-11,2023-05-12,37,Germany,2,2.0,Family,331.8,Offline Agent,Check-Out
BKG105957,Resort Hotel,2023-07-29,2023-11-18,2023-11-26,112,France,1,0.0,Deluxe,151.64,Corporate,Check-Out
BKG105958,Resort Hotel,2022-03-31,2022-04-11,2022-04-14,11,,2,0.0,Family,87.45,Corporate,Canceled
BKG105959,Resort Hotel,2022-02-06,2022-07-06,2022-07-09,150,Brazil,3,,Deluxe,102.63,Online Travel Agent,Check-Out
BKG105960,Resort Hotel,2023-06-11,2023-07-12,2023-07-21,31,India,1,0.0,Family,285.15,Online Travel Agent,Check-Out
BKG105961,City Hotel,2023-07-09,2023-11-26,2023-11-30,140,,1,0.0,Standard,276.55,Direct,Canceled
BKG105962,Resort Hotel,2023-10-15,2024-01-14,2024-01-24,91,Brazil,4,2.0,Family,166.94,Corporate,Check-Out
BKG105963,Resort Hotel,2023-11-28,2024-05-25,2024-05-30,179,UK,4,1.0,Deluxe,134.9,Direct,Canceled
BKG105964,City Hotel,2023-02-13,2023-04-19,2023-04-22,65,Canada,3,0.0,Standard,147.8,Offline Agent,Check-Out
BKG105965,City Hotel,2023-02-01,2023-05-04,2023-05-13,92,Australia,3,0.0,Standard,340.63,Direct,Check-Out
BKG105966,Resort Hotel,2022-01-27,2022-02-17,2022-02-19,21,France,4,0.0,Standard,295.04,Online Travel Agent,Check-Out
BKG105967,Resort Hotel,2023-02-24,2023-03-09,2023-03-17,13,Brazil,4,0.0,Family,274.64,Direct,Check-Out
BKG105968,Resort Hotel,2022-07-05,2022-07-28,2022-08-04,23,UK,3,1.0,Standard,112.38,,Check-Out
BKG105969,City Hotel,2024-03-13,2024-05-31,2024-06-02,79,Germany,1,2.0,Deluxe,97.93,Corporate,Canceled
BKG105970,City Hotel,2022-11-01,2022-11-02,2022-11-08,1,UK,4,2.0,Family,263.57,Online Travel Agent,Canceled
BKG105971,Resort Hotel,2023-05-19,2023-07-02,2023-07-07,44,USA,4,0.0,Family,293.1,Online Travel Agent,Check-Out
BKG105972,City Hotel,2022-02-18,2022-05-08,2022-05-13,79,France,4,,,65.03,Corporate,Check-Out
BKG105973,Resort Hotel,2023-08-14,2024-01-20,2024-01-22,159,USA,4,1.0,,117.99,Direct,No-Show
BKG105974,Resort Hotel,2022-04-12,2022-06-22,2022-06-23,71,Australia,4,2.0,Family,284.28,Corporate,Check-Out
BKG105975,Resort Hotel,2024-04-25,2024-09-23,2024-09-24,151,Brazil,4,0.0,Suite,115.58,Direct,Check-Out
BKG105976,City Hotel,2024-05-20,2024-07-15,2024-07-20,56,,2,0.0,Deluxe,201.95,Direct,Canceled
BKG105977,City Hotel,2022-11-19,2023-05-15,2023-05-23,177,India,1,1.0,Standard,270.05,Corporate,Canceled
BKG105978,Resort Hotel,2023-12-24,2024-05-18,2024-05-24,146,France,2,0.0,Suite,93.99,Offline Agent,Check-Out
BKG105979,Resort Hotel,2023-02-09,2023-04-05,2023-04-15,55,USA,4,0.0,Deluxe,296.01,Online Travel Agent,Check-Out
BKG105980,City Hotel,2022-09-04,2022-12-03,2022-12-11,90,Brazil,3,2.0,Suite,237.61,Offline Agent,Check-Out
BKG105981,City Hotel,2023-02-19,2023-06-16,2023-06-22,117,Canada,4,0.0,Family,169.82,Offline Agent,Canceled
BKG105982,Resort Hotel,2024-04-03,2024-06-07,2024-06-17,65,Australia,1,0.0,Suite,147.79,Online Travel Agent,Check-Out
BKG105983,City Hotel,2022-11-05,2022-12-11,2022-12-14,36,UAE,1,,Deluxe,348.17,Direct,Canceled
BKG105984,Resort Hotel,2022-10-18,2022-12-30,2023-01-02,73,India,1,0.0,Suite,175.74,Direct,Check-Out
BKG105985,Resort Hotel,2023-09-28,2023-10-08,2023-10-09,10,Australia,3,2.0,,89.07,Online Travel Agent,Canceled
BKG105986,Resort Hotel,2023-02-14,2023-07-12,2023-07-13,148,Canada,3,2.0,,253.17,,Check-Out
BKG105987,Resort Hotel,2023-04-14,2023-09-08,2023-09-09,147,France,1,0.0,Standard,193.06,Online Travel Agent,Check-Out
BKG105988,Resort Hotel,2023-05-25,2023-08-24,2023-08-25,91,UAE,3,,Suite,250.78,Corporate,Check-Out
BKG105989,Resort Hotel,2023-03-17,2023-05-26,2023-05-27,70,,2,2.0,Standard,318.11,Corporate,Check-Out
BKG105990,City Hotel,2022-01-03,2022-02-20,2022-02-22,48,Brazil,2,0.0,Suite,164.36,Direct,Canceled
BKG105991,City Hotel,2022-03-13,2022-08-15,2022-08-23,155,Germany,1,1.0,Family,173.51,,Check-Out
BKG105992,Resort Hotel,2022-03-30,2022-04-26,2022-05-04,27,Germany,1,0.0,Deluxe,97.65,Corporate,Check-Out
BKG105993,Resort Hotel,2022-07-24,2022-11-02,2022-11-04,101,,3,0.0,Deluxe,342.85,Online Travel Agent,Check-Out
BKG105994,City Hotel,2022-12-13,2022-12-31,2023-01-05,18,Australia,1,0.0,Family,88.86,Direct,Check-Out
BKG105995,City Hotel,2022-05-02,2022-09-05,2022-09-09,126,Germany,4,0.0,Suite,110.17,Corporate,Check-Out
BKG105996,Resort Hotel,2022-07-29,2022-10-29,2022-11-04,92,USA,4,1.0,,124.86,Online Travel Agent,Check-Out
BKG105997,City Hotel,2024-06-01,2024-06-20,2024-06-23,19,Australia,3,0.0,Family,133.99,Direct,Canceled
BKG105998,City Hotel,2022-04-24,2022-06-14,2022-06-21,51,France,2,0.0,Standard,157.04,Offline Agent,Check-Out
BKG105999,City Hotel,2024-05-09,2024-07-22,2024-07-29,74,Brazil,1,0.0,Suite,62.71,,Canceled
